,SID,location,timestamp,error
0,26213d2d-2954-4312-b42a-a6b323764086,Kurpark - Eingang Kurhaus,2025-07-01 00:00:00+00:00,0.019455745232210775
1,26213d2d-2954-4312-b42a-a6b323764086,Kurpark - Eingang Kurhaus,2025-07-01 01:00:00+00:00,0.019258798595093142
2,26213d2d-2954-4312-b42a-a6b323764086,Kurpark - Eingang Kurhaus,2025-07-01 02:00:00+00:00,0.020805649148810012
3,26213d2d-2954-4312-b42a-a6b323764086,Kurpark - Eingang Kurhaus,2025-07-01 03:00:00+00:00,0.01975817851460707
4,26213d2d-2954-4312-b42a-a6b323764086,Kurpark - Eingang Kurhaus,2025-07-01 04:00:00+00:00,0.019956277380178064
5,26213d2d-2954-4312-b42a-a6b323764086,Kurpark - Eingang Kurhaus,2025-07-01 05:00:00+00:00,0.019821341761922927
6,26213d2d-2954-4312-b42a-a6b323764086,Kurpark - Eingang Kurhaus,2025-07-01 06:00:00+00:00,0.02065129469793924
7,26213d2d-2954-4312-b42a-a6b323764086,Kurpark - Eingang Kurhaus,2025-07-01 07:00:00+00:00,0.020625540591907146
8,26213d2d-2954-4312-b42a-a6b323764086,Kurpark - Eingang Kurhaus,2025-07-01 08:00:00+00:00,0.021088742459952788
9,26213d2d-2954-4312-b42a-a6b323764086,Kurpark - Eingang Kurhaus,2025-07-01 09:00:00+00:00,0.01949021275400731
10,26213d2d-2954-4312-b42a-a6b323764086,Kurpark - Eingang Kurhaus,2025-07-01 10:00:00+00:00,0.016346568620385523
11,26213d2d-2954-4312-b42a-a6b323764086,Kurpark - Eingang Kurhaus,2025-07-01 11:00:00+00:00,0.011814758606679484
12,26213d2d-2954-4312-b42a-a6b323764086,Kurpark - Eingang Kurhaus,2025-07-01 12:00:00+00:00,0.012124527769673741
13,26213d2d-2954-4312-b42a-a6b323764086,Kurpark - Eingang Kurhaus,2025-07-01 13:00:00+00:00,0.011095258524580784
14,26213d2d-2954-4312-b42a-a6b323764086,Kurpark - Eingang Kurhaus,2025-07-01 14:00:00+00:00,0.017011788543330384
15,26213d2d-2954-4312-b42a-a6b323764086,Kurpark - Eingang Kurhaus,2025-07-01 15:00:00+00:00,0.016110253069710888
16,26213d2d-2954-4312-b42a-a6b323764086,Kurpark - Eingang Kurhaus,2025-07-01 16:00:00+00:00,0.01433682308816914
17,26213d2d-2954-4312-b42a-a6b323764086,Kurpark - Eingang Kurhaus,2025-07-01 17:00:00+00:00,0.015807692313634877
18,26213d2d-2954-4312-b42a-a6b323764086,Kurpark - Eingang Kurhaus,2025-07-01 18:00:00+00:00,0.016162722431344482
19,26213d2d-2954-4312-b42a-a6b323764086,Kurpark - Eingang Kurhaus,2025-07-01 19:00:00+00:00,0.0149091969363531
20,26213d2d-2954-4312-b42a-a6b323764086,Kurpark - Eingang Kurhaus,2025-07-01 20:00:00+00:00,0.014440771036068755
21,26213d2d-2954-4312-b42a-a6b323764086,Kurpark - Eingang Kurhaus,2025-07-01 21:00:00+00:00,0.013828690857835073
22,26213d2d-2954-4312-b42a-a6b323764086,Kurpark - Eingang Kurhaus,2025-07-01 22:00:00+00:00,0.01383690387571501
23,26213d2d-2954-4312-b42a-a6b323764086,Kurpark - Eingang Kurhaus,2025-07-01 23:00:00+00:00,0.014228737188367075
24,26213d2d-2954-4312-b42a-a6b323764086,Kurpark - Eingang Kurhaus,2025-07-02 00:00:00+00:00,0.014640487833155247
25,26213d2d-2954-4312-b42a-a6b323764086,Kurpark - Eingang Kurhaus,2025-07-02 01:00:00+00:00,0.014931897583148149
26,26213d2d-2954-4312-b42a-a6b323764086,Kurpark - Eingang Kurhaus,2025-07-02 02:00:00+00:00,0.013644323932351215
27,26213d2d-2954-4312-b42a-a6b323764086,Kurpark - Eingang Kurhaus,2025-07-02 03:00:00+00:00,0.01363386852962269
28,26213d2d-2954-4312-b42a-a6b323764086,Kurpark - Eingang Kurhaus,2025-07-02 04:00:00+00:00,0.013524659475812207
29,26213d2d-2954-4312-b42a-a6b323764086,Kurpark - Eingang Kurhaus,2025-07-02 05:00:00+00:00,0.013186851538540184
30,26213d2d-2954-4312-b42a-a6b323764086,Kurpark - Eingang Kurhaus,2025-07-02 06:00:00+00:00,0.010956218886255668
31,26213d2d-2954-4312-b42a-a6b323764086,Kurpark - Eingang Kurhaus,2025-07-02 07:00:00+00:00,0.010934300620670767
32,26213d2d-2954-4312-b42a-a6b323764086,Kurpark - Eingang Kurhaus,2025-07-02 08:00:00+00:00,0.011315463490998913
33,26213d2d-2954-4312-b42a-a6b323764086,Kurpark - Eingang Kurhaus,2025-07-02 09:00:00+00:00,0.010440002622029468
34,26213d2d-2954-4312-b42a-a6b323764086,Kurpark - Eingang Kurhaus,2025-07-02 10:00:00+00:00,0.011010246653436232
35,26213d2d-2954-4312-b42a-a6b323764086,Kurpark - Eingang Kurhaus,2025-07-02 11:00:00+00:00,0.011734015070523459
36,26213d2d-2954-4312-b42a-a6b323764086,Kurpark - Eingang Kurhaus,2025-07-02 12:00:00+00:00,0.013429294383108387
37,26213d2d-2954-4312-b42a-a6b323764086,Kurpark - Eingang Kurhaus,2025-07-02 13:00:00+00:00,0.015070528889519505
38,26213d2d-2954-4312-b42a-a6b323764086,Kurpark - Eingang Kurhaus,2025-07-02 14:00:00+00:00,0.012393838238075001
39,26213d2d-2954-4312-b42a-a6b323764086,Kurpark - Eingang Kurhaus,2025-07-02 15:00:00+00:00,0.012317401103262408
40,26213d2d-2954-4312-b42a-a6b323764086,Kurpark - Eingang Kurhaus,2025-07-02 16:00:00+00:00,0.014266171584952447
41,26213d2d-2954-4312-b42a-a6b323764086,Kurpark - Eingang Kurhaus,2025-07-02 17:00:00+00:00,0.01189046552953924
42,26213d2d-2954-4312-b42a-a6b323764086,Kurpark - Eingang Kurhaus,2025-07-02 18:00:00+00:00,0.010538083324121114
43,26213d2d-2954-4312-b42a-a6b323764086,Kurpark - Eingang Kurhaus,2025-07-02 19:00:00+00:00,0.011370694242556972
44,26213d2d-2954-4312-b42a-a6b323764086,Kurpark - Eingang Kurhaus,2025-07-02 20:00:00+00:00,0.011336721126213827
45,26213d2d-2954-4312-b42a-a6b323764086,Kurpark - Eingang Kurhaus,2025-07-02 21:00:00+00:00,0.011394357424986516
46,26213d2d-2954-4312-b42a-a6b323764086,Kurpark - Eingang Kurhaus,2025-07-02 22:00:00+00:00,0.011341207514289455
47,26213d2d-2954-4312-b42a-a6b323764086,Kurpark - Eingang Kurhaus,2025-07-02 23:00:00+00:00,0.011628641773076024
48,26213d2d-2954-4312-b42a-a6b323764086,Kurpark - Eingang Kurhaus,2025-07-03 00:00:00+00:00,0.012131111589086547
49,26213d2d-2954-4312-b42a-a6b323764086,Kurpark - Eingang Kurhaus,2025-07-03 01:00:00+00:00,0.011585308023483029
50,26213d2d-2954-4312-b42a-a6b323764086,Kurpark - Eingang Kurhaus,2025-07-03 02:00:00+00:00,0.012151967049993604
51,26213d2d-2954-4312-b42a-a6b323764086,Kurpark - Eingang Kurhaus,2025-07-03 03:00:00+00:00,0.012227459797531641
52,26213d2d-2954-4312-b42a-a6b323764086,Kurpark - Eingang Kurhaus,2025-07-03 04:00:00+00:00,0.012063108223410715
53,26213d2d-2954-4312-b42a-a6b323764086,Kurpark - Eingang Kurhaus,2025-07-03 05:00:00+00:00,0.011672629296143185
54,26213d2d-2954-4312-b42a-a6b323764086,Kurpark - Eingang Kurhaus,2025-07-03 06:00:00+00:00,0.01201299751905594
55,26213d2d-2954-4312-b42a-a6b323764086,Kurpark - Eingang Kurhaus,2025-07-03 07:00:00+00:00,0.01028558696971643
56,26213d2d-2954-4312-b42a-a6b323764086,Kurpark - Eingang Kurhaus,2025-07-03 08:00:00+00:00,0.011033555795245975
57,26213d2d-2954-4312-b42a-a6b323764086,Kurpark - Eingang Kurhaus,2025-07-03 09:00:00+00:00,0.012723246452180792
58,26213d2d-2954-4312-b42a-a6b323764086,Kurpark - Eingang Kurhaus,2025-07-03 10:00:00+00:00,0.013444497669634911
59,26213d2d-2954-4312-b42a-a6b323764086,Kurpark - Eingang Kurhaus,2025-07-03 11:00:00+00:00,0.014898346467363462
60,26213d2d-2954-4312-b42a-a6b323764086,Kurpark - Eingang Kurhaus,2025-07-03 12:00:00+00:00,0.014930749364646915
61,26213d2d-2954-4312-b42a-a6b323764086,Kurpark - Eingang Kurhaus,2025-07-03 13:00:00+00:00,0.02063512680341446
62,26213d2d-2954-4312-b42a-a6b323764086,Kurpark - Eingang Kurhaus,2025-07-03 14:00:00+00:00,0.022825897983024184
63,26213d2d-2954-4312-b42a-a6b323764086,Kurpark - Eingang Kurhaus,2025-07-03 15:00:00+00:00,0.027208544193943907
64,26213d2d-2954-4312-b42a-a6b323764086,Kurpark - Eingang Kurhaus,2025-07-03 16:00:00+00:00,0.028579518307508194
65,26213d2d-2954-4312-b42a-a6b323764086,Kurpark - Eingang Kurhaus,2025-07-03 17:00:00+00:00,0.025027014794173963
66,26213d2d-2954-4312-b42a-a6b323764086,Kurpark - Eingang Kurhaus,2025-07-03 18:00:00+00:00,0.023502860801271452
67,26213d2d-2954-4312-b42a-a6b323764086,Kurpark - Eingang Kurhaus,2025-07-03 19:00:00+00:00,0.02167331237865674
68,26213d2d-2954-4312-b42a-a6b323764086,Kurpark - Eingang Kurhaus,2025-07-03 20:00:00+00:00,0.02052983318089535
69,26213d2d-2954-4312-b42a-a6b323764086,Kurpark - Eingang Kurhaus,2025-07-03 21:00:00+00:00,0.0201986199573183
70,26213d2d-2954-4312-b42a-a6b323764086,Kurpark - Eingang Kurhaus,2025-07-03 22:00:00+00:00,0.020118012758856815
71,26213d2d-2954-4312-b42a-a6b323764086,Kurpark - Eingang Kurhaus,2025-07-03 23:00:00+00:00,0.0196549396270999
72,26213d2d-2954-4312-b42a-a6b323764086,Kurpark - Eingang Kurhaus,2025-07-04 00:00:00+00:00,0.019710807640796534
73,26213d2d-2954-4312-b42a-a6b323764086,Kurpark - Eingang Kurhaus,2025-07-04 01:00:00+00:00,0.020439110106530663
74,26213d2d-2954-4312-b42a-a6b323764086,Kurpark - Eingang Kurhaus,2025-07-04 02:00:00+00:00,0.01987860178858638
75,26213d2d-2954-4312-b42a-a6b323764086,Kurpark - Eingang Kurhaus,2025-07-04 03:00:00+00:00,0.01943657463344707
76,26213d2d-2954-4312-b42a-a6b323764086,Kurpark - Eingang Kurhaus,2025-07-04 04:00:00+00:00,0.018651853362283425
77,26213d2d-2954-4312-b42a-a6b323764086,Kurpark - Eingang Kurhaus,2025-07-04 05:00:00+00:00,0.01805984629981007
78,26213d2d-2954-4312-b42a-a6b323764086,Kurpark - Eingang Kurhaus,2025-07-04 06:00:00+00:00,0.017613825127909877
79,26213d2d-2954-4312-b42a-a6b323764086,Kurpark - Eingang Kurhaus,2025-07-04 07:00:00+00:00,0.017588635701600387
80,26213d2d-2954-4312-b42a-a6b323764086,Kurpark - Eingang Kurhaus,2025-07-04 08:00:00+00:00,0.01925540673513306
81,26213d2d-2954-4312-b42a-a6b323764086,Kurpark - Eingang Kurhaus,2025-07-04 09:00:00+00:00,0.018787030525606405
82,26213d2d-2954-4312-b42a-a6b323764086,Kurpark - Eingang Kurhaus,2025-07-04 10:00:00+00:00,0.02068424634329533
83,26213d2d-2954-4312-b42a-a6b323764086,Kurpark - Eingang Kurhaus,2025-07-04 11:00:00+00:00,0.024249323946010932
84,26213d2d-2954-4312-b42a-a6b323764086,Kurpark - Eingang Kurhaus,2025-07-04 12:00:00+00:00,0.02300115627326987
85,26213d2d-2954-4312-b42a-a6b323764086,Kurpark - Eingang Kurhaus,2025-07-04 13:00:00+00:00,0.02895206167943596
86,26213d2d-2954-4312-b42a-a6b323764086,Kurpark - Eingang Kurhaus,2025-07-04 14:00:00+00:00,0.03477690681221059
87,26213d2d-2954-4312-b42a-a6b323764086,Kurpark - Eingang Kurhaus,2025-07-04 15:00:00+00:00,0.04497143992304561
88,26213d2d-2954-4312-b42a-a6b323764086,Kurpark - Eingang Kurhaus,2025-07-04 16:00:00+00:00,0.041903504575039316
89,26213d2d-2954-4312-b42a-a6b323764086,Kurpark - Eingang Kurhaus,2025-07-04 17:00:00+00:00,0.04215507511941219
90,26213d2d-2954-4312-b42a-a6b323764086,Kurpark - Eingang Kurhaus,2025-07-04 18:00:00+00:00,0.04145576046696965
91,26213d2d-2954-4312-b42a-a6b323764086,Kurpark - Eingang Kurhaus,2025-07-04 19:00:00+00:00,0.04003930865645199
92,26213d2d-2954-4312-b42a-a6b323764086,Kurpark - Eingang Kurhaus,2025-07-04 20:00:00+00:00,0.03942596286799433
93,26213d2d-2954-4312-b42a-a6b323764086,Kurpark - Eingang Kurhaus,2025-07-04 21:00:00+00:00,0.03879365025311227
94,26213d2d-2954-4312-b42a-a6b323764086,Kurpark - Eingang Kurhaus,2025-07-04 22:00:00+00:00,0.03829090366446855
95,26213d2d-2954-4312-b42a-a6b323764086,Kurpark - Eingang Kurhaus,2025-07-04 23:00:00+00:00,0.04135489276034505
96,26213d2d-2954-4312-b42a-a6b323764086,Kurpark - Eingang Kurhaus,2025-07-05 00:00:00+00:00,0.041391922231825404
97,26213d2d-2954-4312-b42a-a6b323764086,Kurpark - Eingang Kurhaus,2025-07-05 01:00:00+00:00,0.0410663272431854
98,26213d2d-2954-4312-b42a-a6b323764086,Kurpark - Eingang Kurhaus,2025-07-05 02:00:00+00:00,0.04180774793812813
99,26213d2d-2954-4312-b42a-a6b323764086,Kurpark - Eingang Kurhaus,2025-07-05 03:00:00+00:00,0.04169783998950081
100,26213d2d-2954-4312-b42a-a6b323764086,Kurpark - Eingang Kurhaus,2025-07-05 04:00:00+00:00,0.041598414378828705
101,26213d2d-2954-4312-b42a-a6b323764086,Kurpark - Eingang Kurhaus,2025-07-05 05:00:00+00:00,0.04154604747963587
102,26213d2d-2954-4312-b42a-a6b323764086,Kurpark - Eingang Kurhaus,2025-07-05 06:00:00+00:00,0.04187798039180551
103,26213d2d-2954-4312-b42a-a6b323764086,Kurpark - Eingang Kurhaus,2025-07-05 07:00:00+00:00,0.04132385078228271
104,26213d2d-2954-4312-b42a-a6b323764086,Kurpark - Eingang Kurhaus,2025-07-05 08:00:00+00:00,0.05053619228943351
105,26213d2d-2954-4312-b42a-a6b323764086,Kurpark - Eingang Kurhaus,2025-07-05 09:00:00+00:00,0.049539493201347894
106,26213d2d-2954-4312-b42a-a6b323764086,Kurpark - Eingang Kurhaus,2025-07-05 10:00:00+00:00,0.060344309308984025
107,26213d2d-2954-4312-b42a-a6b323764086,Kurpark - Eingang Kurhaus,2025-07-05 11:00:00+00:00,0.05955946076347251
108,26213d2d-2954-4312-b42a-a6b323764086,Kurpark - Eingang Kurhaus,2025-07-05 12:00:00+00:00,0.05835217865889829
109,26213d2d-2954-4312-b42a-a6b323764086,Kurpark - Eingang Kurhaus,2025-07-05 13:00:00+00:00,0.05106519767067357
110,26213d2d-2954-4312-b42a-a6b323764086,Kurpark - Eingang Kurhaus,2025-07-05 14:00:00+00:00,0.041749498106975855
111,26213d2d-2954-4312-b42a-a6b323764086,Kurpark - Eingang Kurhaus,2025-07-05 15:00:00+00:00,0.03356719177974772
112,26213d2d-2954-4312-b42a-a6b323764086,Kurpark - Eingang Kurhaus,2025-07-05 16:00:00+00:00,0.03216929469796713
113,26213d2d-2954-4312-b42a-a6b323764086,Kurpark - Eingang Kurhaus,2025-07-05 17:00:00+00:00,0.030302360000003678
114,26213d2d-2954-4312-b42a-a6b323764086,Kurpark - Eingang Kurhaus,2025-07-05 18:00:00+00:00,0.03143304547903566
115,26213d2d-2954-4312-b42a-a6b323764086,Kurpark - Eingang Kurhaus,2025-07-05 19:00:00+00:00,0.0310227483453686
116,26213d2d-2954-4312-b42a-a6b323764086,Kurpark - Eingang Kurhaus,2025-07-05 20:00:00+00:00,0.03013090347624669
117,26213d2d-2954-4312-b42a-a6b323764086,Kurpark - Eingang Kurhaus,2025-07-05 21:00:00+00:00,0.028671603804418962
118,26213d2d-2954-4312-b42a-a6b323764086,Kurpark - Eingang Kurhaus,2025-07-05 22:00:00+00:00,0.028380689322957585
119,26213d2d-2954-4312-b42a-a6b323764086,Kurpark - Eingang Kurhaus,2025-07-05 23:00:00+00:00,0.026610654613104724
120,26213d2d-2954-4312-b42a-a6b323764086,Kurpark - Eingang Kurhaus,2025-07-06 00:00:00+00:00,0.026835228929292295
121,26213d2d-2954-4312-b42a-a6b323764086,Kurpark - Eingang Kurhaus,2025-07-06 01:00:00+00:00,0.028989546134408083
122,26213d2d-2954-4312-b42a-a6b323764086,Kurpark - Eingang Kurhaus,2025-07-06 02:00:00+00:00,0.029730787186103832
123,26213d2d-2954-4312-b42a-a6b323764086,Kurpark - Eingang Kurhaus,2025-07-06 03:00:00+00:00,0.030789857784281238
124,26213d2d-2954-4312-b42a-a6b323764086,Kurpark - Eingang Kurhaus,2025-07-06 04:00:00+00:00,0.03125360292714398
125,26213d2d-2954-4312-b42a-a6b323764086,Kurpark - Eingang Kurhaus,2025-07-06 05:00:00+00:00,0.030938605784749162
126,26213d2d-2954-4312-b42a-a6b323764086,Kurpark - Eingang Kurhaus,2025-07-06 06:00:00+00:00,0.030055065783212553
127,26213d2d-2954-4312-b42a-a6b323764086,Kurpark - Eingang Kurhaus,2025-07-06 07:00:00+00:00,0.028119323493438177
128,26213d2d-2954-4312-b42a-a6b323764086,Kurpark - Eingang Kurhaus,2025-07-06 08:00:00+00:00,0.020005573144764484
129,26213d2d-2954-4312-b42a-a6b323764086,Kurpark - Eingang Kurhaus,2025-07-06 09:00:00+00:00,0.05272536348708991
130,26213d2d-2954-4312-b42a-a6b323764086,Kurpark - Eingang Kurhaus,2025-07-06 10:00:00+00:00,0.04617021738535936
131,26213d2d-2954-4312-b42a-a6b323764086,Kurpark - Eingang Kurhaus,2025-07-06 11:00:00+00:00,0.030765168811005723
132,26213d2d-2954-4312-b42a-a6b323764086,Kurpark - Eingang Kurhaus,2025-07-06 12:00:00+00:00,0.029068869218653526
133,26213d2d-2954-4312-b42a-a6b323764086,Kurpark - Eingang Kurhaus,2025-07-06 13:00:00+00:00,0.046527382467664205
134,26213d2d-2954-4312-b42a-a6b323764086,Kurpark - Eingang Kurhaus,2025-07-06 14:00:00+00:00,0.058680543041354415
135,26213d2d-2954-4312-b42a-a6b323764086,Kurpark - Eingang Kurhaus,2025-07-06 15:00:00+00:00,0.056197067368402256
136,26213d2d-2954-4312-b42a-a6b323764086,Kurpark - Eingang Kurhaus,2025-07-06 16:00:00+00:00,0.050988631194811465
137,26213d2d-2954-4312-b42a-a6b323764086,Kurpark - Eingang Kurhaus,2025-07-06 17:00:00+00:00,0.03993503263023805
138,26213d2d-2954-4312-b42a-a6b323764086,Kurpark - Eingang Kurhaus,2025-07-06 18:00:00+00:00,0.027082616632974326
139,26213d2d-2954-4312-b42a-a6b323764086,Kurpark - Eingang Kurhaus,2025-07-06 19:00:00+00:00,0.022867458682657108
140,26213d2d-2954-4312-b42a-a6b323764086,Kurpark - Eingang Kurhaus,2025-07-06 20:00:00+00:00,0.023494180392011052
141,26213d2d-2954-4312-b42a-a6b323764086,Kurpark - Eingang Kurhaus,2025-07-06 21:00:00+00:00,0.024422318393372073
142,26213d2d-2954-4312-b42a-a6b323764086,Kurpark - Eingang Kurhaus,2025-07-06 22:00:00+00:00,0.027868909472078415
143,26213d2d-2954-4312-b42a-a6b323764086,Kurpark - Eingang Kurhaus,2025-07-06 23:00:00+00:00,0.03382774528461347
144,26213d2d-2954-4312-b42a-a6b323764086,Kurpark - Eingang Kurhaus,2025-07-07 00:00:00+00:00,0.03253233542286197
145,26213d2d-2954-4312-b42a-a6b323764086,Kurpark - Eingang Kurhaus,2025-07-07 01:00:00+00:00,0.02879766351504163
146,26213d2d-2954-4312-b42a-a6b323764086,Kurpark - Eingang Kurhaus,2025-07-07 02:00:00+00:00,0.03241308271899406
147,26213d2d-2954-4312-b42a-a6b323764086,Kurpark - Eingang Kurhaus,2025-07-07 03:00:00+00:00,0.03758153654571561
148,26213d2d-2954-4312-b42a-a6b323764086,Kurpark - Eingang Kurhaus,2025-07-07 04:00:00+00:00,0.04702616911854321
149,26213d2d-2954-4312-b42a-a6b323764086,Kurpark - Eingang Kurhaus,2025-07-07 05:00:00+00:00,0.0516610873940428
150,26213d2d-2954-4312-b42a-a6b323764086,Kurpark - Eingang Kurhaus,2025-07-07 06:00:00+00:00,0.05511740681226063
151,26213d2d-2954-4312-b42a-a6b323764086,Kurpark - Eingang Kurhaus,2025-07-07 07:00:00+00:00,0.04502216676082273
152,26213d2d-2954-4312-b42a-a6b323764086,Kurpark - Eingang Kurhaus,2025-07-07 08:00:00+00:00,0.037505986286058175
153,26213d2d-2954-4312-b42a-a6b323764086,Kurpark - Eingang Kurhaus,2025-07-07 09:00:00+00:00,0.05189939778107609
154,26213d2d-2954-4312-b42a-a6b323764086,Kurpark - Eingang Kurhaus,2025-07-07 10:00:00+00:00,0.07520465876957533
155,26213d2d-2954-4312-b42a-a6b323764086,Kurpark - Eingang Kurhaus,2025-07-07 11:00:00+00:00,0.10905125012820814
156,26213d2d-2954-4312-b42a-a6b323764086,Kurpark - Eingang Kurhaus,2025-07-07 12:00:00+00:00,0.1055559742503893
157,26213d2d-2954-4312-b42a-a6b323764086,Kurpark - Eingang Kurhaus,2025-07-07 13:00:00+00:00,0.05603221729028522
158,26213d2d-2954-4312-b42a-a6b323764086,Kurpark - Eingang Kurhaus,2025-07-07 14:00:00+00:00,0.028743885235155357
159,26213d2d-2954-4312-b42a-a6b323764086,Kurpark - Eingang Kurhaus,2025-07-07 15:00:00+00:00,0.030599892515654318
160,26213d2d-2954-4312-b42a-a6b323764086,Kurpark - Eingang Kurhaus,2025-07-07 16:00:00+00:00,0.02757383188791674
161,26213d2d-2954-4312-b42a-a6b323764086,Kurpark - Eingang Kurhaus,2025-07-07 17:00:00+00:00,0.02561463289867445
162,26213d2d-2954-4312-b42a-a6b323764086,Kurpark - Eingang Kurhaus,2025-07-07 18:00:00+00:00,0.02503018367386071
163,26213d2d-2954-4312-b42a-a6b323764086,Kurpark - Eingang Kurhaus,2025-07-07 19:00:00+00:00,0.025070219885040882
164,26213d2d-2954-4312-b42a-a6b323764086,Kurpark - Eingang Kurhaus,2025-07-07 20:00:00+00:00,0.02502866795638687
165,26213d2d-2954-4312-b42a-a6b323764086,Kurpark - Eingang Kurhaus,2025-07-07 21:00:00+00:00,0.025313643454601815
166,26213d2d-2954-4312-b42a-a6b323764086,Kurpark - Eingang Kurhaus,2025-07-07 22:00:00+00:00,0.02558367017817027
167,26213d2d-2954-4312-b42a-a6b323764086,Kurpark - Eingang Kurhaus,2025-07-07 23:00:00+00:00,0.01717116428351395
168,26213d2d-2954-4312-b42a-a6b323764086,Kurpark - Eingang Kurhaus,2025-07-08 00:00:00+00:00,0.015906826198765694
169,26213d2d-2954-4312-b42a-a6b323764086,Kurpark - Eingang Kurhaus,2025-07-08 01:00:00+00:00,0.016166768845584063
170,26213d2d-2954-4312-b42a-a6b323764086,Kurpark - Eingang Kurhaus,2025-07-08 02:00:00+00:00,0.01637736439769164
171,26213d2d-2954-4312-b42a-a6b323764086,Kurpark - Eingang Kurhaus,2025-07-08 03:00:00+00:00,0.01611566347613261
172,26213d2d-2954-4312-b42a-a6b323764086,Kurpark - Eingang Kurhaus,2025-07-08 04:00:00+00:00,0.016643357863049185
173,26213d2d-2954-4312-b42a-a6b323764086,Kurpark - Eingang Kurhaus,2025-07-08 05:00:00+00:00,0.01618056690258264
174,26213d2d-2954-4312-b42a-a6b323764086,Kurpark - Eingang Kurhaus,2025-07-08 06:00:00+00:00,0.015865713921012475
175,26213d2d-2954-4312-b42a-a6b323764086,Kurpark - Eingang Kurhaus,2025-07-08 07:00:00+00:00,0.016205221211663345
176,26213d2d-2954-4312-b42a-a6b323764086,Kurpark - Eingang Kurhaus,2025-07-08 08:00:00+00:00,0.016605659495536117
177,26213d2d-2954-4312-b42a-a6b323764086,Kurpark - Eingang Kurhaus,2025-07-08 09:00:00+00:00,0.017601109425375013
178,26213d2d-2954-4312-b42a-a6b323764086,Kurpark - Eingang Kurhaus,2025-07-08 10:00:00+00:00,0.019110221359688897
179,26213d2d-2954-4312-b42a-a6b323764086,Kurpark - Eingang Kurhaus,2025-07-08 11:00:00+00:00,0.01345419517105064
180,26213d2d-2954-4312-b42a-a6b323764086,Kurpark - Eingang Kurhaus,2025-07-08 12:00:00+00:00,0.01321859636039317
181,26213d2d-2954-4312-b42a-a6b323764086,Kurpark - Eingang Kurhaus,2025-07-08 13:00:00+00:00,0.026775464127521742
182,26213d2d-2954-4312-b42a-a6b323764086,Kurpark - Eingang Kurhaus,2025-07-08 14:00:00+00:00,0.02519143695378413
183,26213d2d-2954-4312-b42a-a6b323764086,Kurpark - Eingang Kurhaus,2025-07-08 15:00:00+00:00,0.02476544721330726
184,26213d2d-2954-4312-b42a-a6b323764086,Kurpark - Eingang Kurhaus,2025-07-08 16:00:00+00:00,0.024201678334026294
185,26213d2d-2954-4312-b42a-a6b323764086,Kurpark - Eingang Kurhaus,2025-07-08 17:00:00+00:00,0.024466189228816205
186,26213d2d-2954-4312-b42a-a6b323764086,Kurpark - Eingang Kurhaus,2025-07-08 18:00:00+00:00,0.024954183658953077
187,26213d2d-2954-4312-b42a-a6b323764086,Kurpark - Eingang Kurhaus,2025-07-08 19:00:00+00:00,0.024965315702209778
188,26213d2d-2954-4312-b42a-a6b323764086,Kurpark - Eingang Kurhaus,2025-07-08 20:00:00+00:00,0.025019551429192717
189,26213d2d-2954-4312-b42a-a6b323764086,Kurpark - Eingang Kurhaus,2025-07-08 21:00:00+00:00,0.02506887661778314
190,26213d2d-2954-4312-b42a-a6b323764086,Kurpark - Eingang Kurhaus,2025-07-08 22:00:00+00:00,0.025210099150326355
191,26213d2d-2954-4312-b42a-a6b323764086,Kurpark - Eingang Kurhaus,2025-07-08 23:00:00+00:00,0.026198655133791337
192,26213d2d-2954-4312-b42a-a6b323764086,Kurpark - Eingang Kurhaus,2025-07-09 00:00:00+00:00,0.026080181734470083
193,26213d2d-2954-4312-b42a-a6b323764086,Kurpark - Eingang Kurhaus,2025-07-09 01:00:00+00:00,0.0261471573015173
194,26213d2d-2954-4312-b42a-a6b323764086,Kurpark - Eingang Kurhaus,2025-07-09 02:00:00+00:00,0.025899807452251615
195,26213d2d-2954-4312-b42a-a6b323764086,Kurpark - Eingang Kurhaus,2025-07-09 03:00:00+00:00,0.024988171667616608
196,26213d2d-2954-4312-b42a-a6b323764086,Kurpark - Eingang Kurhaus,2025-07-09 04:00:00+00:00,0.023620043093594934
197,26213d2d-2954-4312-b42a-a6b323764086,Kurpark - Eingang Kurhaus,2025-07-09 05:00:00+00:00,0.02359372358455926
198,26213d2d-2954-4312-b42a-a6b323764086,Kurpark - Eingang Kurhaus,2025-07-09 06:00:00+00:00,0.022629672259084306
199,26213d2d-2954-4312-b42a-a6b323764086,Kurpark - Eingang Kurhaus,2025-07-09 07:00:00+00:00,0.022409173519386507
200,26213d2d-2954-4312-b42a-a6b323764086,Kurpark - Eingang Kurhaus,2025-07-09 08:00:00+00:00,0.022031081981931176
201,26213d2d-2954-4312-b42a-a6b323764086,Kurpark - Eingang Kurhaus,2025-07-09 09:00:00+00:00,0.022198896850842528
202,26213d2d-2954-4312-b42a-a6b323764086,Kurpark - Eingang Kurhaus,2025-07-09 10:00:00+00:00,0.022209345194112193
203,26213d2d-2954-4312-b42a-a6b323764086,Kurpark - Eingang Kurhaus,2025-07-09 11:00:00+00:00,0.024117270474100356
204,26213d2d-2954-4312-b42a-a6b323764086,Kurpark - Eingang Kurhaus,2025-07-09 12:00:00+00:00,0.029379783725317774
205,26213d2d-2954-4312-b42a-a6b323764086,Kurpark - Eingang Kurhaus,2025-07-09 13:00:00+00:00,0.020832663547565158
206,26213d2d-2954-4312-b42a-a6b323764086,Kurpark - Eingang Kurhaus,2025-07-09 14:00:00+00:00,0.025367055951409232
207,26213d2d-2954-4312-b42a-a6b323764086,Kurpark - Eingang Kurhaus,2025-07-09 15:00:00+00:00,0.028304086217435038
208,26213d2d-2954-4312-b42a-a6b323764086,Kurpark - Eingang Kurhaus,2025-07-09 16:00:00+00:00,0.028302701089117626
209,26213d2d-2954-4312-b42a-a6b323764086,Kurpark - Eingang Kurhaus,2025-07-09 17:00:00+00:00,0.028210363373916105
210,26213d2d-2954-4312-b42a-a6b323764086,Kurpark - Eingang Kurhaus,2025-07-09 18:00:00+00:00,0.028417112162389846
211,26213d2d-2954-4312-b42a-a6b323764086,Kurpark - Eingang Kurhaus,2025-07-09 19:00:00+00:00,0.028438741883933374
212,26213d2d-2954-4312-b42a-a6b323764086,Kurpark - Eingang Kurhaus,2025-07-09 20:00:00+00:00,0.028590534473784568
213,26213d2d-2954-4312-b42a-a6b323764086,Kurpark - Eingang Kurhaus,2025-07-09 21:00:00+00:00,0.02951123452921015
214,26213d2d-2954-4312-b42a-a6b323764086,Kurpark - Eingang Kurhaus,2025-07-09 22:00:00+00:00,0.029786269213678673
215,26213d2d-2954-4312-b42a-a6b323764086,Kurpark - Eingang Kurhaus,2025-07-09 23:00:00+00:00,0.030035480641504946
216,26213d2d-2954-4312-b42a-a6b323764086,Kurpark - Eingang Kurhaus,2025-07-10 00:00:00+00:00,0.03083678027120081
217,26213d2d-2954-4312-b42a-a6b323764086,Kurpark - Eingang Kurhaus,2025-07-10 01:00:00+00:00,0.02992071108378495
218,26213d2d-2954-4312-b42a-a6b323764086,Kurpark - Eingang Kurhaus,2025-07-10 02:00:00+00:00,0.030011685834041235
219,26213d2d-2954-4312-b42a-a6b323764086,Kurpark - Eingang Kurhaus,2025-07-10 03:00:00+00:00,0.029432685331956313
220,26213d2d-2954-4312-b42a-a6b323764086,Kurpark - Eingang Kurhaus,2025-07-10 04:00:00+00:00,0.02862625791209527
221,26213d2d-2954-4312-b42a-a6b323764086,Kurpark - Eingang Kurhaus,2025-07-10 05:00:00+00:00,0.02845771385212487
222,26213d2d-2954-4312-b42a-a6b323764086,Kurpark - Eingang Kurhaus,2025-07-10 06:00:00+00:00,0.028781350869886806
223,26213d2d-2954-4312-b42a-a6b323764086,Kurpark - Eingang Kurhaus,2025-07-10 07:00:00+00:00,0.027431420704203086
224,26213d2d-2954-4312-b42a-a6b323764086,Kurpark - Eingang Kurhaus,2025-07-10 08:00:00+00:00,0.030460068145165404
225,26213d2d-2954-4312-b42a-a6b323764086,Kurpark - Eingang Kurhaus,2025-07-10 09:00:00+00:00,0.030493280305972262
226,26213d2d-2954-4312-b42a-a6b323764086,Kurpark - Eingang Kurhaus,2025-07-10 10:00:00+00:00,0.03065221945416223
227,26213d2d-2954-4312-b42a-a6b323764086,Kurpark - Eingang Kurhaus,2025-07-10 11:00:00+00:00,0.02682532143314932
228,26213d2d-2954-4312-b42a-a6b323764086,Kurpark - Eingang Kurhaus,2025-07-10 12:00:00+00:00,0.017027131248330513
229,26213d2d-2954-4312-b42a-a6b323764086,Kurpark - Eingang Kurhaus,2025-07-10 13:00:00+00:00,0.017503124883003294
230,26213d2d-2954-4312-b42a-a6b323764086,Kurpark - Eingang Kurhaus,2025-07-10 14:00:00+00:00,0.018562809283943212
231,26213d2d-2954-4312-b42a-a6b323764086,Kurpark - Eingang Kurhaus,2025-07-10 15:00:00+00:00,0.015403311275811417
232,26213d2d-2954-4312-b42a-a6b323764086,Kurpark - Eingang Kurhaus,2025-07-10 16:00:00+00:00,0.012558679108106822
233,26213d2d-2954-4312-b42a-a6b323764086,Kurpark - Eingang Kurhaus,2025-07-10 17:00:00+00:00,0.014950630471837817
234,26213d2d-2954-4312-b42a-a6b323764086,Kurpark - Eingang Kurhaus,2025-07-10 18:00:00+00:00,0.014611782449251738
235,26213d2d-2954-4312-b42a-a6b323764086,Kurpark - Eingang Kurhaus,2025-07-10 19:00:00+00:00,0.013962456555237498
236,26213d2d-2954-4312-b42a-a6b323764086,Kurpark - Eingang Kurhaus,2025-07-10 20:00:00+00:00,0.011521328260119201
237,26213d2d-2954-4312-b42a-a6b323764086,Kurpark - Eingang Kurhaus,2025-07-10 21:00:00+00:00,0.01129310961661512
238,26213d2d-2954-4312-b42a-a6b323764086,Kurpark - Eingang Kurhaus,2025-07-10 22:00:00+00:00,0.01118550177583471
239,26213d2d-2954-4312-b42a-a6b323764086,Kurpark - Eingang Kurhaus,2025-07-10 23:00:00+00:00,0.01077616959706849
240,26213d2d-2954-4312-b42a-a6b323764086,Kurpark - Eingang Kurhaus,2025-07-11 00:00:00+00:00,0.01008209407258053
241,26213d2d-2954-4312-b42a-a6b323764086,Kurpark - Eingang Kurhaus,2025-07-11 01:00:00+00:00,0.010930507186374276
242,26213d2d-2954-4312-b42a-a6b323764086,Kurpark - Eingang Kurhaus,2025-07-11 02:00:00+00:00,0.01097035438031461
243,26213d2d-2954-4312-b42a-a6b323764086,Kurpark - Eingang Kurhaus,2025-07-11 03:00:00+00:00,0.010855316180126286
244,26213d2d-2954-4312-b42a-a6b323764086,Kurpark - Eingang Kurhaus,2025-07-11 04:00:00+00:00,0.011126473002377228
245,26213d2d-2954-4312-b42a-a6b323764086,Kurpark - Eingang Kurhaus,2025-07-11 05:00:00+00:00,0.010424372122814633
246,26213d2d-2954-4312-b42a-a6b323764086,Kurpark - Eingang Kurhaus,2025-07-11 06:00:00+00:00,0.009902714035082753
247,26213d2d-2954-4312-b42a-a6b323764086,Kurpark - Eingang Kurhaus,2025-07-11 07:00:00+00:00,0.010855359372448943
248,26213d2d-2954-4312-b42a-a6b323764086,Kurpark - Eingang Kurhaus,2025-07-11 08:00:00+00:00,0.009260175225411537
249,26213d2d-2954-4312-b42a-a6b323764086,Kurpark - Eingang Kurhaus,2025-07-11 09:00:00+00:00,0.00954904754036902
250,26213d2d-2954-4312-b42a-a6b323764086,Kurpark - Eingang Kurhaus,2025-07-11 10:00:00+00:00,0.013318069120322178
251,26213d2d-2954-4312-b42a-a6b323764086,Kurpark - Eingang Kurhaus,2025-07-11 11:00:00+00:00,0.017132385773660705
252,26213d2d-2954-4312-b42a-a6b323764086,Kurpark - Eingang Kurhaus,2025-07-11 12:00:00+00:00,0.021116412062968222
253,26213d2d-2954-4312-b42a-a6b323764086,Kurpark - Eingang Kurhaus,2025-07-11 13:00:00+00:00,0.025855306911791553
254,26213d2d-2954-4312-b42a-a6b323764086,Kurpark - Eingang Kurhaus,2025-07-11 14:00:00+00:00,0.03163839616393148
255,26213d2d-2954-4312-b42a-a6b323764086,Kurpark - Eingang Kurhaus,2025-07-11 15:00:00+00:00,0.044480415753088504
256,26213d2d-2954-4312-b42a-a6b323764086,Kurpark - Eingang Kurhaus,2025-07-11 16:00:00+00:00,0.043286505053576334
257,26213d2d-2954-4312-b42a-a6b323764086,Kurpark - Eingang Kurhaus,2025-07-11 17:00:00+00:00,0.043113460299251415
258,26213d2d-2954-4312-b42a-a6b323764086,Kurpark - Eingang Kurhaus,2025-07-11 18:00:00+00:00,0.042222384026652876
259,26213d2d-2954-4312-b42a-a6b323764086,Kurpark - Eingang Kurhaus,2025-07-11 19:00:00+00:00,0.04055293767505804
260,26213d2d-2954-4312-b42a-a6b323764086,Kurpark - Eingang Kurhaus,2025-07-11 20:00:00+00:00,0.040578578541504276
261,26213d2d-2954-4312-b42a-a6b323764086,Kurpark - Eingang Kurhaus,2025-07-11 21:00:00+00:00,0.03874754266760982
262,26213d2d-2954-4312-b42a-a6b323764086,Kurpark - Eingang Kurhaus,2025-07-11 22:00:00+00:00,0.038112485739206926
263,26213d2d-2954-4312-b42a-a6b323764086,Kurpark - Eingang Kurhaus,2025-07-11 23:00:00+00:00,0.0408230025136894
264,26213d2d-2954-4312-b42a-a6b323764086,Kurpark - Eingang Kurhaus,2025-07-12 00:00:00+00:00,0.04101133130186783
265,26213d2d-2954-4312-b42a-a6b323764086,Kurpark - Eingang Kurhaus,2025-07-12 01:00:00+00:00,0.04103190220220752
266,26213d2d-2954-4312-b42a-a6b323764086,Kurpark - Eingang Kurhaus,2025-07-12 02:00:00+00:00,0.041098070184015
267,26213d2d-2954-4312-b42a-a6b323764086,Kurpark - Eingang Kurhaus,2025-07-12 03:00:00+00:00,0.041028605494774543
268,26213d2d-2954-4312-b42a-a6b323764086,Kurpark - Eingang Kurhaus,2025-07-12 04:00:00+00:00,0.041023330928636664
269,26213d2d-2954-4312-b42a-a6b323764086,Kurpark - Eingang Kurhaus,2025-07-12 05:00:00+00:00,0.04116058916519069
270,26213d2d-2954-4312-b42a-a6b323764086,Kurpark - Eingang Kurhaus,2025-07-12 06:00:00+00:00,0.04150782334673996
271,26213d2d-2954-4312-b42a-a6b323764086,Kurpark - Eingang Kurhaus,2025-07-12 07:00:00+00:00,0.04107252980335316
272,26213d2d-2954-4312-b42a-a6b323764086,Kurpark - Eingang Kurhaus,2025-07-12 08:00:00+00:00,0.050521349799594946
273,26213d2d-2954-4312-b42a-a6b323764086,Kurpark - Eingang Kurhaus,2025-07-12 09:00:00+00:00,0.049233259417464
274,26213d2d-2954-4312-b42a-a6b323764086,Kurpark - Eingang Kurhaus,2025-07-12 10:00:00+00:00,0.05030355333722614
275,26213d2d-2954-4312-b42a-a6b323764086,Kurpark - Eingang Kurhaus,2025-07-12 11:00:00+00:00,0.05104905765381742
276,26213d2d-2954-4312-b42a-a6b323764086,Kurpark - Eingang Kurhaus,2025-07-12 12:00:00+00:00,0.056191723504034626
277,26213d2d-2954-4312-b42a-a6b323764086,Kurpark - Eingang Kurhaus,2025-07-12 13:00:00+00:00,0.06170590516298645
278,26213d2d-2954-4312-b42a-a6b323764086,Kurpark - Eingang Kurhaus,2025-07-12 14:00:00+00:00,0.04981070548135443
279,26213d2d-2954-4312-b42a-a6b323764086,Kurpark - Eingang Kurhaus,2025-07-12 15:00:00+00:00,0.0477909348825265
280,26213d2d-2954-4312-b42a-a6b323764086,Kurpark - Eingang Kurhaus,2025-07-12 16:00:00+00:00,0.04540494275113922
281,26213d2d-2954-4312-b42a-a6b323764086,Kurpark - Eingang Kurhaus,2025-07-12 17:00:00+00:00,0.04714198509370805
282,26213d2d-2954-4312-b42a-a6b323764086,Kurpark - Eingang Kurhaus,2025-07-12 18:00:00+00:00,0.04376925731826151
283,26213d2d-2954-4312-b42a-a6b323764086,Kurpark - Eingang Kurhaus,2025-07-12 19:00:00+00:00,0.042516067151419965
284,26213d2d-2954-4312-b42a-a6b323764086,Kurpark - Eingang Kurhaus,2025-07-12 20:00:00+00:00,0.04153669492330806
285,26213d2d-2954-4312-b42a-a6b323764086,Kurpark - Eingang Kurhaus,2025-07-12 21:00:00+00:00,0.040938918701775434
286,26213d2d-2954-4312-b42a-a6b323764086,Kurpark - Eingang Kurhaus,2025-07-12 22:00:00+00:00,0.04092553722051854
287,26213d2d-2954-4312-b42a-a6b323764086,Kurpark - Eingang Kurhaus,2025-07-12 23:00:00+00:00,0.03743679483761285
288,26213d2d-2954-4312-b42a-a6b323764086,Kurpark - Eingang Kurhaus,2025-07-13 00:00:00+00:00,0.03812656107577127
289,26213d2d-2954-4312-b42a-a6b323764086,Kurpark - Eingang Kurhaus,2025-07-13 01:00:00+00:00,0.040241353381244106
290,26213d2d-2954-4312-b42a-a6b323764086,Kurpark - Eingang Kurhaus,2025-07-13 02:00:00+00:00,0.04229763338214151
291,26213d2d-2954-4312-b42a-a6b323764086,Kurpark - Eingang Kurhaus,2025-07-13 03:00:00+00:00,0.04356843349634299
292,26213d2d-2954-4312-b42a-a6b323764086,Kurpark - Eingang Kurhaus,2025-07-13 04:00:00+00:00,0.04591346717102344
293,26213d2d-2954-4312-b42a-a6b323764086,Kurpark - Eingang Kurhaus,2025-07-13 05:00:00+00:00,0.046888313770365134
294,26213d2d-2954-4312-b42a-a6b323764086,Kurpark - Eingang Kurhaus,2025-07-13 06:00:00+00:00,0.04605709822359096
295,26213d2d-2954-4312-b42a-a6b323764086,Kurpark - Eingang Kurhaus,2025-07-13 07:00:00+00:00,0.04078878692290453
296,26213d2d-2954-4312-b42a-a6b323764086,Kurpark - Eingang Kurhaus,2025-07-13 08:00:00+00:00,0.03753298569472645
297,26213d2d-2954-4312-b42a-a6b323764086,Kurpark - Eingang Kurhaus,2025-07-13 09:00:00+00:00,0.07018852555021202
298,26213d2d-2954-4312-b42a-a6b323764086,Kurpark - Eingang Kurhaus,2025-07-13 10:00:00+00:00,0.05587948927452068
299,26213d2d-2954-4312-b42a-a6b323764086,Kurpark - Eingang Kurhaus,2025-07-13 11:00:00+00:00,0.036941240163248054
300,26213d2d-2954-4312-b42a-a6b323764086,Kurpark - Eingang Kurhaus,2025-07-13 12:00:00+00:00,0.033792452428114274
301,26213d2d-2954-4312-b42a-a6b323764086,Kurpark - Eingang Kurhaus,2025-07-13 13:00:00+00:00,0.03920668206677972
302,26213d2d-2954-4312-b42a-a6b323764086,Kurpark - Eingang Kurhaus,2025-07-13 14:00:00+00:00,0.048518175581782494
303,26213d2d-2954-4312-b42a-a6b323764086,Kurpark - Eingang Kurhaus,2025-07-13 15:00:00+00:00,0.04519977240669306
304,26213d2d-2954-4312-b42a-a6b323764086,Kurpark - Eingang Kurhaus,2025-07-13 16:00:00+00:00,0.04436739124186875
305,26213d2d-2954-4312-b42a-a6b323764086,Kurpark - Eingang Kurhaus,2025-07-13 17:00:00+00:00,0.038576681832103235
306,26213d2d-2954-4312-b42a-a6b323764086,Kurpark - Eingang Kurhaus,2025-07-13 18:00:00+00:00,0.024630250634904628
307,26213d2d-2954-4312-b42a-a6b323764086,Kurpark - Eingang Kurhaus,2025-07-13 19:00:00+00:00,0.021174669647320517
308,26213d2d-2954-4312-b42a-a6b323764086,Kurpark - Eingang Kurhaus,2025-07-13 20:00:00+00:00,0.021989246686798542
309,26213d2d-2954-4312-b42a-a6b323764086,Kurpark - Eingang Kurhaus,2025-07-13 21:00:00+00:00,0.02389781578925587
310,26213d2d-2954-4312-b42a-a6b323764086,Kurpark - Eingang Kurhaus,2025-07-13 22:00:00+00:00,0.02683303555370422
311,26213d2d-2954-4312-b42a-a6b323764086,Kurpark - Eingang Kurhaus,2025-07-13 23:00:00+00:00,0.03558508079751067
312,3cc1e766-97c5-4ed0-92c3-a800b5be8658,Innenstadt,2025-07-01 00:00:00+00:00,0.11838621792289444
313,3cc1e766-97c5-4ed0-92c3-a800b5be8658,Innenstadt,2025-07-01 01:00:00+00:00,0.1177422846810459
314,3cc1e766-97c5-4ed0-92c3-a800b5be8658,Innenstadt,2025-07-01 02:00:00+00:00,0.11482647512227769
315,3cc1e766-97c5-4ed0-92c3-a800b5be8658,Innenstadt,2025-07-01 03:00:00+00:00,0.11683556841330497
316,3cc1e766-97c5-4ed0-92c3-a800b5be8658,Innenstadt,2025-07-01 04:00:00+00:00,0.12638722783276835
317,3cc1e766-97c5-4ed0-92c3-a800b5be8658,Innenstadt,2025-07-01 05:00:00+00:00,0.14377917907756793
318,3cc1e766-97c5-4ed0-92c3-a800b5be8658,Innenstadt,2025-07-01 06:00:00+00:00,0.1659557853545157
319,3cc1e766-97c5-4ed0-92c3-a800b5be8658,Innenstadt,2025-07-01 07:00:00+00:00,0.14120026800332966
320,3cc1e766-97c5-4ed0-92c3-a800b5be8658,Innenstadt,2025-07-01 08:00:00+00:00,0.11727663657834538
321,3cc1e766-97c5-4ed0-92c3-a800b5be8658,Innenstadt,2025-07-01 09:00:00+00:00,0.13532141026118966
322,3cc1e766-97c5-4ed0-92c3-a800b5be8658,Innenstadt,2025-07-01 10:00:00+00:00,0.16987330181961724
323,3cc1e766-97c5-4ed0-92c3-a800b5be8658,Innenstadt,2025-07-01 11:00:00+00:00,0.25357036908509467
324,3cc1e766-97c5-4ed0-92c3-a800b5be8658,Innenstadt,2025-07-01 12:00:00+00:00,0.3690117480097824
325,3cc1e766-97c5-4ed0-92c3-a800b5be8658,Innenstadt,2025-07-01 13:00:00+00:00,0.4862853979002882
326,3cc1e766-97c5-4ed0-92c3-a800b5be8658,Innenstadt,2025-07-01 14:00:00+00:00,0.6475813658178294
327,3cc1e766-97c5-4ed0-92c3-a800b5be8658,Innenstadt,2025-07-01 15:00:00+00:00,0.663386406516342
328,3cc1e766-97c5-4ed0-92c3-a800b5be8658,Innenstadt,2025-07-01 16:00:00+00:00,0.686315233819258
329,3cc1e766-97c5-4ed0-92c3-a800b5be8658,Innenstadt,2025-07-01 17:00:00+00:00,0.7021579989676631
330,3cc1e766-97c5-4ed0-92c3-a800b5be8658,Innenstadt,2025-07-01 18:00:00+00:00,0.5455878519067796
331,3cc1e766-97c5-4ed0-92c3-a800b5be8658,Innenstadt,2025-07-01 19:00:00+00:00,0.3536051555007997
332,3cc1e766-97c5-4ed0-92c3-a800b5be8658,Innenstadt,2025-07-01 20:00:00+00:00,0.3078568556721873
333,3cc1e766-97c5-4ed0-92c3-a800b5be8658,Innenstadt,2025-07-01 21:00:00+00:00,0.23230552361944204
334,3cc1e766-97c5-4ed0-92c3-a800b5be8658,Innenstadt,2025-07-01 22:00:00+00:00,0.2057839195597602
335,3cc1e766-97c5-4ed0-92c3-a800b5be8658,Innenstadt,2025-07-01 23:00:00+00:00,0.1770047558180408
336,3cc1e766-97c5-4ed0-92c3-a800b5be8658,Innenstadt,2025-07-02 00:00:00+00:00,0.1714348189647131
337,3cc1e766-97c5-4ed0-92c3-a800b5be8658,Innenstadt,2025-07-02 01:00:00+00:00,0.16863942513012456
338,3cc1e766-97c5-4ed0-92c3-a800b5be8658,Innenstadt,2025-07-02 02:00:00+00:00,0.15947028282855288
339,3cc1e766-97c5-4ed0-92c3-a800b5be8658,Innenstadt,2025-07-02 03:00:00+00:00,0.18232495828903664
340,3cc1e766-97c5-4ed0-92c3-a800b5be8658,Innenstadt,2025-07-02 04:00:00+00:00,0.24875755488713108
341,3cc1e766-97c5-4ed0-92c3-a800b5be8658,Innenstadt,2025-07-02 05:00:00+00:00,0.2982616775893978
342,3cc1e766-97c5-4ed0-92c3-a800b5be8658,Innenstadt,2025-07-02 06:00:00+00:00,0.31228191290185947
343,3cc1e766-97c5-4ed0-92c3-a800b5be8658,Innenstadt,2025-07-02 07:00:00+00:00,0.23699491221925273
344,3cc1e766-97c5-4ed0-92c3-a800b5be8658,Innenstadt,2025-07-02 08:00:00+00:00,0.1644754666391283
345,3cc1e766-97c5-4ed0-92c3-a800b5be8658,Innenstadt,2025-07-02 09:00:00+00:00,0.16915921361543576
346,3cc1e766-97c5-4ed0-92c3-a800b5be8658,Innenstadt,2025-07-02 10:00:00+00:00,0.17343567282272104
347,3cc1e766-97c5-4ed0-92c3-a800b5be8658,Innenstadt,2025-07-02 11:00:00+00:00,0.3088678973779465
348,3cc1e766-97c5-4ed0-92c3-a800b5be8658,Innenstadt,2025-07-02 12:00:00+00:00,0.4581039915053694
349,3cc1e766-97c5-4ed0-92c3-a800b5be8658,Innenstadt,2025-07-02 13:00:00+00:00,0.414099043577446
350,3cc1e766-97c5-4ed0-92c3-a800b5be8658,Innenstadt,2025-07-02 14:00:00+00:00,0.5374104031534438
351,3cc1e766-97c5-4ed0-92c3-a800b5be8658,Innenstadt,2025-07-02 15:00:00+00:00,0.48912252396891376
352,3cc1e766-97c5-4ed0-92c3-a800b5be8658,Innenstadt,2025-07-02 16:00:00+00:00,0.39656145539986454
353,3cc1e766-97c5-4ed0-92c3-a800b5be8658,Innenstadt,2025-07-02 17:00:00+00:00,0.3526779255730594
354,3cc1e766-97c5-4ed0-92c3-a800b5be8658,Innenstadt,2025-07-02 18:00:00+00:00,0.27581088980438
355,3cc1e766-97c5-4ed0-92c3-a800b5be8658,Innenstadt,2025-07-02 19:00:00+00:00,0.2221191358873225
356,3cc1e766-97c5-4ed0-92c3-a800b5be8658,Innenstadt,2025-07-02 20:00:00+00:00,0.18557826790628157
357,3cc1e766-97c5-4ed0-92c3-a800b5be8658,Innenstadt,2025-07-02 21:00:00+00:00,0.17881729865691412
358,3cc1e766-97c5-4ed0-92c3-a800b5be8658,Innenstadt,2025-07-02 22:00:00+00:00,0.13499668890312888
359,3cc1e766-97c5-4ed0-92c3-a800b5be8658,Innenstadt,2025-07-02 23:00:00+00:00,0.14390589919086652
360,3cc1e766-97c5-4ed0-92c3-a800b5be8658,Innenstadt,2025-07-03 00:00:00+00:00,0.16848197897759618
361,3cc1e766-97c5-4ed0-92c3-a800b5be8658,Innenstadt,2025-07-03 01:00:00+00:00,0.17342875296849403
362,3cc1e766-97c5-4ed0-92c3-a800b5be8658,Innenstadt,2025-07-03 02:00:00+00:00,0.17235107295550153
363,3cc1e766-97c5-4ed0-92c3-a800b5be8658,Innenstadt,2025-07-03 03:00:00+00:00,0.2142491675106512
364,3cc1e766-97c5-4ed0-92c3-a800b5be8658,Innenstadt,2025-07-03 04:00:00+00:00,0.2894707248685613
365,3cc1e766-97c5-4ed0-92c3-a800b5be8658,Innenstadt,2025-07-03 05:00:00+00:00,0.30499959899798323
366,3cc1e766-97c5-4ed0-92c3-a800b5be8658,Innenstadt,2025-07-03 06:00:00+00:00,0.24096922379281838
367,3cc1e766-97c5-4ed0-92c3-a800b5be8658,Innenstadt,2025-07-03 07:00:00+00:00,0.19483587727938365
368,3cc1e766-97c5-4ed0-92c3-a800b5be8658,Innenstadt,2025-07-03 08:00:00+00:00,0.20655721170299626
369,3cc1e766-97c5-4ed0-92c3-a800b5be8658,Innenstadt,2025-07-03 09:00:00+00:00,0.19486617669472708
370,3cc1e766-97c5-4ed0-92c3-a800b5be8658,Innenstadt,2025-07-03 10:00:00+00:00,0.32086954312344507
371,3cc1e766-97c5-4ed0-92c3-a800b5be8658,Innenstadt,2025-07-03 11:00:00+00:00,0.45861816388903054
372,3cc1e766-97c5-4ed0-92c3-a800b5be8658,Innenstadt,2025-07-03 12:00:00+00:00,0.470759543890649
373,3cc1e766-97c5-4ed0-92c3-a800b5be8658,Innenstadt,2025-07-03 13:00:00+00:00,0.49905495910678344
374,3cc1e766-97c5-4ed0-92c3-a800b5be8658,Innenstadt,2025-07-03 14:00:00+00:00,0.44138303616454583
375,3cc1e766-97c5-4ed0-92c3-a800b5be8658,Innenstadt,2025-07-03 15:00:00+00:00,0.6333923397089077
376,3cc1e766-97c5-4ed0-92c3-a800b5be8658,Innenstadt,2025-07-03 16:00:00+00:00,0.8151328247690527
377,3cc1e766-97c5-4ed0-92c3-a800b5be8658,Innenstadt,2025-07-03 17:00:00+00:00,0.6775803509021946
378,3cc1e766-97c5-4ed0-92c3-a800b5be8658,Innenstadt,2025-07-03 18:00:00+00:00,0.48642075964227627
379,3cc1e766-97c5-4ed0-92c3-a800b5be8658,Innenstadt,2025-07-03 19:00:00+00:00,0.29228231662163673
380,3cc1e766-97c5-4ed0-92c3-a800b5be8658,Innenstadt,2025-07-03 20:00:00+00:00,0.13209926779025227
381,3cc1e766-97c5-4ed0-92c3-a800b5be8658,Innenstadt,2025-07-03 21:00:00+00:00,0.1380302195849473
382,3cc1e766-97c5-4ed0-92c3-a800b5be8658,Innenstadt,2025-07-03 22:00:00+00:00,0.12069323520472877
383,3cc1e766-97c5-4ed0-92c3-a800b5be8658,Innenstadt,2025-07-03 23:00:00+00:00,0.12718404326224267
384,3cc1e766-97c5-4ed0-92c3-a800b5be8658,Innenstadt,2025-07-04 00:00:00+00:00,0.14195658156995297
385,3cc1e766-97c5-4ed0-92c3-a800b5be8658,Innenstadt,2025-07-04 01:00:00+00:00,0.17162447081545934
386,3cc1e766-97c5-4ed0-92c3-a800b5be8658,Innenstadt,2025-07-04 02:00:00+00:00,0.17187591170449187
387,3cc1e766-97c5-4ed0-92c3-a800b5be8658,Innenstadt,2025-07-04 03:00:00+00:00,0.16276193021363783
388,3cc1e766-97c5-4ed0-92c3-a800b5be8658,Innenstadt,2025-07-04 04:00:00+00:00,0.15459538682880544
389,3cc1e766-97c5-4ed0-92c3-a800b5be8658,Innenstadt,2025-07-04 05:00:00+00:00,0.17873054055060808
390,3cc1e766-97c5-4ed0-92c3-a800b5be8658,Innenstadt,2025-07-04 06:00:00+00:00,0.18705692590957296
391,3cc1e766-97c5-4ed0-92c3-a800b5be8658,Innenstadt,2025-07-04 07:00:00+00:00,0.18040113550034112
392,3cc1e766-97c5-4ed0-92c3-a800b5be8658,Innenstadt,2025-07-04 08:00:00+00:00,0.33461409102906586
393,3cc1e766-97c5-4ed0-92c3-a800b5be8658,Innenstadt,2025-07-04 09:00:00+00:00,0.4553014699739543
394,3cc1e766-97c5-4ed0-92c3-a800b5be8658,Innenstadt,2025-07-04 10:00:00+00:00,0.6939392919349124
395,3cc1e766-97c5-4ed0-92c3-a800b5be8658,Innenstadt,2025-07-04 11:00:00+00:00,0.7635444277582756
396,3cc1e766-97c5-4ed0-92c3-a800b5be8658,Innenstadt,2025-07-04 12:00:00+00:00,0.6872088075344147
397,3cc1e766-97c5-4ed0-92c3-a800b5be8658,Innenstadt,2025-07-04 13:00:00+00:00,0.9973767732050527
398,3cc1e766-97c5-4ed0-92c3-a800b5be8658,Innenstadt,2025-07-04 14:00:00+00:00,2.034856096761213
399,3cc1e766-97c5-4ed0-92c3-a800b5be8658,Innenstadt,2025-07-04 15:00:00+00:00,1.8944209392677474
400,3cc1e766-97c5-4ed0-92c3-a800b5be8658,Innenstadt,2025-07-04 16:00:00+00:00,1.805757315489104
401,3cc1e766-97c5-4ed0-92c3-a800b5be8658,Innenstadt,2025-07-04 17:00:00+00:00,1.313182273323008
402,3cc1e766-97c5-4ed0-92c3-a800b5be8658,Innenstadt,2025-07-04 18:00:00+00:00,1.0794561700511527
403,3cc1e766-97c5-4ed0-92c3-a800b5be8658,Innenstadt,2025-07-04 19:00:00+00:00,0.8487757200467966
404,3cc1e766-97c5-4ed0-92c3-a800b5be8658,Innenstadt,2025-07-04 20:00:00+00:00,0.7422091864123088
405,3cc1e766-97c5-4ed0-92c3-a800b5be8658,Innenstadt,2025-07-04 21:00:00+00:00,0.5797604521971103
406,3cc1e766-97c5-4ed0-92c3-a800b5be8658,Innenstadt,2025-07-04 22:00:00+00:00,0.5533664470890041
407,3cc1e766-97c5-4ed0-92c3-a800b5be8658,Innenstadt,2025-07-04 23:00:00+00:00,0.5729561746340882
408,3cc1e766-97c5-4ed0-92c3-a800b5be8658,Innenstadt,2025-07-05 00:00:00+00:00,0.5720794600728697
409,3cc1e766-97c5-4ed0-92c3-a800b5be8658,Innenstadt,2025-07-05 01:00:00+00:00,0.5612012991351971
410,3cc1e766-97c5-4ed0-92c3-a800b5be8658,Innenstadt,2025-07-05 02:00:00+00:00,0.6075569501047655
411,3cc1e766-97c5-4ed0-92c3-a800b5be8658,Innenstadt,2025-07-05 03:00:00+00:00,0.6380553612112164
412,3cc1e766-97c5-4ed0-92c3-a800b5be8658,Innenstadt,2025-07-05 04:00:00+00:00,0.6561716213756026
413,3cc1e766-97c5-4ed0-92c3-a800b5be8658,Innenstadt,2025-07-05 05:00:00+00:00,0.6481865914029075
414,3cc1e766-97c5-4ed0-92c3-a800b5be8658,Innenstadt,2025-07-05 06:00:00+00:00,0.870180622871408
415,3cc1e766-97c5-4ed0-92c3-a800b5be8658,Innenstadt,2025-07-05 07:00:00+00:00,1.155630547651206
416,3cc1e766-97c5-4ed0-92c3-a800b5be8658,Innenstadt,2025-07-05 08:00:00+00:00,1.7164601414562763
417,3cc1e766-97c5-4ed0-92c3-a800b5be8658,Innenstadt,2025-07-05 09:00:00+00:00,1.901709323911434
418,3cc1e766-97c5-4ed0-92c3-a800b5be8658,Innenstadt,2025-07-05 10:00:00+00:00,2.5316303401508815
419,3cc1e766-97c5-4ed0-92c3-a800b5be8658,Innenstadt,2025-07-05 11:00:00+00:00,2.2934906423501875
420,3cc1e766-97c5-4ed0-92c3-a800b5be8658,Innenstadt,2025-07-05 12:00:00+00:00,1.9991189851549198
421,3cc1e766-97c5-4ed0-92c3-a800b5be8658,Innenstadt,2025-07-05 13:00:00+00:00,2.075883627522756
422,3cc1e766-97c5-4ed0-92c3-a800b5be8658,Innenstadt,2025-07-05 14:00:00+00:00,2.416977228623512
423,3cc1e766-97c5-4ed0-92c3-a800b5be8658,Innenstadt,2025-07-05 15:00:00+00:00,3.512548363041756
424,3cc1e766-97c5-4ed0-92c3-a800b5be8658,Innenstadt,2025-07-05 16:00:00+00:00,4.502824591005953
425,3cc1e766-97c5-4ed0-92c3-a800b5be8658,Innenstadt,2025-07-05 17:00:00+00:00,4.298595795789561
426,3cc1e766-97c5-4ed0-92c3-a800b5be8658,Innenstadt,2025-07-05 18:00:00+00:00,3.0090397820962456
427,3cc1e766-97c5-4ed0-92c3-a800b5be8658,Innenstadt,2025-07-05 19:00:00+00:00,2.2894600178243603
428,3cc1e766-97c5-4ed0-92c3-a800b5be8658,Innenstadt,2025-07-05 20:00:00+00:00,1.8226449499414605
429,3cc1e766-97c5-4ed0-92c3-a800b5be8658,Innenstadt,2025-07-05 21:00:00+00:00,1.3412265007502484
430,3cc1e766-97c5-4ed0-92c3-a800b5be8658,Innenstadt,2025-07-05 22:00:00+00:00,0.8896986607850178
431,3cc1e766-97c5-4ed0-92c3-a800b5be8658,Innenstadt,2025-07-05 23:00:00+00:00,0.8288347829927692
432,3cc1e766-97c5-4ed0-92c3-a800b5be8658,Innenstadt,2025-07-06 00:00:00+00:00,0.8165165092859514
433,3cc1e766-97c5-4ed0-92c3-a800b5be8658,Innenstadt,2025-07-06 01:00:00+00:00,0.8413738849223921
434,3cc1e766-97c5-4ed0-92c3-a800b5be8658,Innenstadt,2025-07-06 02:00:00+00:00,0.9149140850005857
435,3cc1e766-97c5-4ed0-92c3-a800b5be8658,Innenstadt,2025-07-06 03:00:00+00:00,1.1994584799309915
436,3cc1e766-97c5-4ed0-92c3-a800b5be8658,Innenstadt,2025-07-06 04:00:00+00:00,1.4815135716910364
437,3cc1e766-97c5-4ed0-92c3-a800b5be8658,Innenstadt,2025-07-06 05:00:00+00:00,1.5672879280274263
438,3cc1e766-97c5-4ed0-92c3-a800b5be8658,Innenstadt,2025-07-06 06:00:00+00:00,1.6128839255653087
439,3cc1e766-97c5-4ed0-92c3-a800b5be8658,Innenstadt,2025-07-06 07:00:00+00:00,1.834976921482819
440,3cc1e766-97c5-4ed0-92c3-a800b5be8658,Innenstadt,2025-07-06 08:00:00+00:00,1.2417464357810308
441,3cc1e766-97c5-4ed0-92c3-a800b5be8658,Innenstadt,2025-07-06 09:00:00+00:00,1.9436385852025362
442,3cc1e766-97c5-4ed0-92c3-a800b5be8658,Innenstadt,2025-07-06 10:00:00+00:00,0.8051518936642085
443,3cc1e766-97c5-4ed0-92c3-a800b5be8658,Innenstadt,2025-07-06 11:00:00+00:00,0.880154528580245
444,3cc1e766-97c5-4ed0-92c3-a800b5be8658,Innenstadt,2025-07-06 12:00:00+00:00,0.5433194452016934
445,3cc1e766-97c5-4ed0-92c3-a800b5be8658,Innenstadt,2025-07-06 13:00:00+00:00,0.7921789503644775
446,3cc1e766-97c5-4ed0-92c3-a800b5be8658,Innenstadt,2025-07-06 14:00:00+00:00,1.0657068712156759
447,3cc1e766-97c5-4ed0-92c3-a800b5be8658,Innenstadt,2025-07-06 15:00:00+00:00,1.678553245599268
448,3cc1e766-97c5-4ed0-92c3-a800b5be8658,Innenstadt,2025-07-06 16:00:00+00:00,2.013329995128002
449,3cc1e766-97c5-4ed0-92c3-a800b5be8658,Innenstadt,2025-07-06 17:00:00+00:00,1.9614723753914514
450,3cc1e766-97c5-4ed0-92c3-a800b5be8658,Innenstadt,2025-07-06 18:00:00+00:00,1.4355882179108548
451,3cc1e766-97c5-4ed0-92c3-a800b5be8658,Innenstadt,2025-07-06 19:00:00+00:00,0.9410307282667766
452,3cc1e766-97c5-4ed0-92c3-a800b5be8658,Innenstadt,2025-07-06 20:00:00+00:00,0.6186434913834411
453,3cc1e766-97c5-4ed0-92c3-a800b5be8658,Innenstadt,2025-07-06 21:00:00+00:00,0.3355282756329954
454,3cc1e766-97c5-4ed0-92c3-a800b5be8658,Innenstadt,2025-07-06 22:00:00+00:00,0.3249124947567808
455,3cc1e766-97c5-4ed0-92c3-a800b5be8658,Innenstadt,2025-07-06 23:00:00+00:00,0.35450570190507447
456,3cc1e766-97c5-4ed0-92c3-a800b5be8658,Innenstadt,2025-07-07 00:00:00+00:00,0.3105679486010024
457,3cc1e766-97c5-4ed0-92c3-a800b5be8658,Innenstadt,2025-07-07 01:00:00+00:00,0.27410883414976595
458,3cc1e766-97c5-4ed0-92c3-a800b5be8658,Innenstadt,2025-07-07 02:00:00+00:00,0.2846622659631526
459,3cc1e766-97c5-4ed0-92c3-a800b5be8658,Innenstadt,2025-07-07 03:00:00+00:00,0.17390270282725984
460,3cc1e766-97c5-4ed0-92c3-a800b5be8658,Innenstadt,2025-07-07 04:00:00+00:00,0.15745566997696797
461,3cc1e766-97c5-4ed0-92c3-a800b5be8658,Innenstadt,2025-07-07 05:00:00+00:00,0.2581293690183404
462,3cc1e766-97c5-4ed0-92c3-a800b5be8658,Innenstadt,2025-07-07 06:00:00+00:00,0.4969503742348549
463,3cc1e766-97c5-4ed0-92c3-a800b5be8658,Innenstadt,2025-07-07 07:00:00+00:00,0.9041575957006726
464,3cc1e766-97c5-4ed0-92c3-a800b5be8658,Innenstadt,2025-07-07 08:00:00+00:00,0.5401071490137757
465,3cc1e766-97c5-4ed0-92c3-a800b5be8658,Innenstadt,2025-07-07 09:00:00+00:00,0.4231937161243355
466,3cc1e766-97c5-4ed0-92c3-a800b5be8658,Innenstadt,2025-07-07 10:00:00+00:00,0.43637492890745133
467,3cc1e766-97c5-4ed0-92c3-a800b5be8658,Innenstadt,2025-07-07 11:00:00+00:00,0.4823373766740283
468,3cc1e766-97c5-4ed0-92c3-a800b5be8658,Innenstadt,2025-07-07 12:00:00+00:00,0.5598113487873667
469,3cc1e766-97c5-4ed0-92c3-a800b5be8658,Innenstadt,2025-07-07 13:00:00+00:00,0.3240074386675771
470,3cc1e766-97c5-4ed0-92c3-a800b5be8658,Innenstadt,2025-07-07 14:00:00+00:00,0.4237416817302779
471,3cc1e766-97c5-4ed0-92c3-a800b5be8658,Innenstadt,2025-07-07 15:00:00+00:00,0.5973891274177988
472,3cc1e766-97c5-4ed0-92c3-a800b5be8658,Innenstadt,2025-07-07 16:00:00+00:00,0.5258939207160044
473,3cc1e766-97c5-4ed0-92c3-a800b5be8658,Innenstadt,2025-07-07 17:00:00+00:00,0.4573497650942531
474,3cc1e766-97c5-4ed0-92c3-a800b5be8658,Innenstadt,2025-07-07 18:00:00+00:00,0.3302859326494031
475,3cc1e766-97c5-4ed0-92c3-a800b5be8658,Innenstadt,2025-07-07 19:00:00+00:00,0.1724320834631015
476,3cc1e766-97c5-4ed0-92c3-a800b5be8658,Innenstadt,2025-07-07 20:00:00+00:00,0.1729227566732454
477,3cc1e766-97c5-4ed0-92c3-a800b5be8658,Innenstadt,2025-07-07 21:00:00+00:00,0.16306652131082439
478,3cc1e766-97c5-4ed0-92c3-a800b5be8658,Innenstadt,2025-07-07 22:00:00+00:00,0.18488353898823692
479,3cc1e766-97c5-4ed0-92c3-a800b5be8658,Innenstadt,2025-07-07 23:00:00+00:00,0.18299243427805328
480,3cc1e766-97c5-4ed0-92c3-a800b5be8658,Innenstadt,2025-07-08 00:00:00+00:00,0.19891386059030608
481,3cc1e766-97c5-4ed0-92c3-a800b5be8658,Innenstadt,2025-07-08 01:00:00+00:00,0.19741064175911274
482,3cc1e766-97c5-4ed0-92c3-a800b5be8658,Innenstadt,2025-07-08 02:00:00+00:00,0.18827510272037237
483,3cc1e766-97c5-4ed0-92c3-a800b5be8658,Innenstadt,2025-07-08 03:00:00+00:00,0.1719144626485854
484,3cc1e766-97c5-4ed0-92c3-a800b5be8658,Innenstadt,2025-07-08 04:00:00+00:00,0.16362502940667015
485,3cc1e766-97c5-4ed0-92c3-a800b5be8658,Innenstadt,2025-07-08 05:00:00+00:00,0.16916278858717965
486,3cc1e766-97c5-4ed0-92c3-a800b5be8658,Innenstadt,2025-07-08 06:00:00+00:00,0.20582158294335737
487,3cc1e766-97c5-4ed0-92c3-a800b5be8658,Innenstadt,2025-07-08 07:00:00+00:00,0.20654303593367437
488,3cc1e766-97c5-4ed0-92c3-a800b5be8658,Innenstadt,2025-07-08 08:00:00+00:00,0.17809865501757002
489,3cc1e766-97c5-4ed0-92c3-a800b5be8658,Innenstadt,2025-07-08 09:00:00+00:00,0.16549208772606716
490,3cc1e766-97c5-4ed0-92c3-a800b5be8658,Innenstadt,2025-07-08 10:00:00+00:00,0.17376566949840108
491,3cc1e766-97c5-4ed0-92c3-a800b5be8658,Innenstadt,2025-07-08 11:00:00+00:00,0.2734562345222068
492,3cc1e766-97c5-4ed0-92c3-a800b5be8658,Innenstadt,2025-07-08 12:00:00+00:00,0.37348787679926904
493,3cc1e766-97c5-4ed0-92c3-a800b5be8658,Innenstadt,2025-07-08 13:00:00+00:00,0.4436550018137115
494,3cc1e766-97c5-4ed0-92c3-a800b5be8658,Innenstadt,2025-07-08 14:00:00+00:00,0.5975722266422837
495,3cc1e766-97c5-4ed0-92c3-a800b5be8658,Innenstadt,2025-07-08 15:00:00+00:00,0.7387380876777381
496,3cc1e766-97c5-4ed0-92c3-a800b5be8658,Innenstadt,2025-07-08 16:00:00+00:00,0.8259856855127279
497,3cc1e766-97c5-4ed0-92c3-a800b5be8658,Innenstadt,2025-07-08 17:00:00+00:00,0.7559973077297771
498,3cc1e766-97c5-4ed0-92c3-a800b5be8658,Innenstadt,2025-07-08 18:00:00+00:00,0.6034415975626948
499,3cc1e766-97c5-4ed0-92c3-a800b5be8658,Innenstadt,2025-07-08 19:00:00+00:00,0.3930122311564864
500,3cc1e766-97c5-4ed0-92c3-a800b5be8658,Innenstadt,2025-07-08 20:00:00+00:00,0.36195721951915055
501,3cc1e766-97c5-4ed0-92c3-a800b5be8658,Innenstadt,2025-07-08 21:00:00+00:00,0.3823739668039362
502,3cc1e766-97c5-4ed0-92c3-a800b5be8658,Innenstadt,2025-07-08 22:00:00+00:00,0.31115758327753196
503,3cc1e766-97c5-4ed0-92c3-a800b5be8658,Innenstadt,2025-07-08 23:00:00+00:00,0.3199362819569153
504,3cc1e766-97c5-4ed0-92c3-a800b5be8658,Innenstadt,2025-07-09 00:00:00+00:00,0.3602938790903594
505,3cc1e766-97c5-4ed0-92c3-a800b5be8658,Innenstadt,2025-07-09 01:00:00+00:00,0.39152281093903857
506,3cc1e766-97c5-4ed0-92c3-a800b5be8658,Innenstadt,2025-07-09 02:00:00+00:00,0.3734566994544615
507,3cc1e766-97c5-4ed0-92c3-a800b5be8658,Innenstadt,2025-07-09 03:00:00+00:00,0.3504832738858928
508,3cc1e766-97c5-4ed0-92c3-a800b5be8658,Innenstadt,2025-07-09 04:00:00+00:00,0.3329591039822783
509,3cc1e766-97c5-4ed0-92c3-a800b5be8658,Innenstadt,2025-07-09 05:00:00+00:00,0.3383623276709953
510,3cc1e766-97c5-4ed0-92c3-a800b5be8658,Innenstadt,2025-07-09 06:00:00+00:00,0.33290176313457553
511,3cc1e766-97c5-4ed0-92c3-a800b5be8658,Innenstadt,2025-07-09 07:00:00+00:00,0.32605555729385893
512,3cc1e766-97c5-4ed0-92c3-a800b5be8658,Innenstadt,2025-07-09 08:00:00+00:00,0.3114354167577716
513,3cc1e766-97c5-4ed0-92c3-a800b5be8658,Innenstadt,2025-07-09 09:00:00+00:00,0.3093220703253438
514,3cc1e766-97c5-4ed0-92c3-a800b5be8658,Innenstadt,2025-07-09 10:00:00+00:00,0.34567493765617396
515,3cc1e766-97c5-4ed0-92c3-a800b5be8658,Innenstadt,2025-07-09 11:00:00+00:00,0.33856572958438597
516,3cc1e766-97c5-4ed0-92c3-a800b5be8658,Innenstadt,2025-07-09 12:00:00+00:00,0.3083207203524768
517,3cc1e766-97c5-4ed0-92c3-a800b5be8658,Innenstadt,2025-07-09 13:00:00+00:00,0.32606173674176175
518,3cc1e766-97c5-4ed0-92c3-a800b5be8658,Innenstadt,2025-07-09 14:00:00+00:00,0.37042600726973907
519,3cc1e766-97c5-4ed0-92c3-a800b5be8658,Innenstadt,2025-07-09 15:00:00+00:00,0.47307523796953377
520,3cc1e766-97c5-4ed0-92c3-a800b5be8658,Innenstadt,2025-07-09 16:00:00+00:00,0.558672909388429
521,3cc1e766-97c5-4ed0-92c3-a800b5be8658,Innenstadt,2025-07-09 17:00:00+00:00,0.5051924502251589
522,3cc1e766-97c5-4ed0-92c3-a800b5be8658,Innenstadt,2025-07-09 18:00:00+00:00,0.3801134516013363
523,3cc1e766-97c5-4ed0-92c3-a800b5be8658,Innenstadt,2025-07-09 19:00:00+00:00,0.19421440362366926
524,3cc1e766-97c5-4ed0-92c3-a800b5be8658,Innenstadt,2025-07-09 20:00:00+00:00,0.12936934317359758
525,3cc1e766-97c5-4ed0-92c3-a800b5be8658,Innenstadt,2025-07-09 21:00:00+00:00,0.13074348140574274
526,3cc1e766-97c5-4ed0-92c3-a800b5be8658,Innenstadt,2025-07-09 22:00:00+00:00,0.10372702331002363
527,3cc1e766-97c5-4ed0-92c3-a800b5be8658,Innenstadt,2025-07-09 23:00:00+00:00,0.10889825320527484
528,3cc1e766-97c5-4ed0-92c3-a800b5be8658,Innenstadt,2025-07-10 00:00:00+00:00,0.10287594676037216
529,3cc1e766-97c5-4ed0-92c3-a800b5be8658,Innenstadt,2025-07-10 01:00:00+00:00,0.10840178717905917
530,3cc1e766-97c5-4ed0-92c3-a800b5be8658,Innenstadt,2025-07-10 02:00:00+00:00,0.09221752321276784
531,3cc1e766-97c5-4ed0-92c3-a800b5be8658,Innenstadt,2025-07-10 03:00:00+00:00,0.09940186090246454
532,3cc1e766-97c5-4ed0-92c3-a800b5be8658,Innenstadt,2025-07-10 04:00:00+00:00,0.11685425941314712
533,3cc1e766-97c5-4ed0-92c3-a800b5be8658,Innenstadt,2025-07-10 05:00:00+00:00,0.09581749563540333
534,3cc1e766-97c5-4ed0-92c3-a800b5be8658,Innenstadt,2025-07-10 06:00:00+00:00,0.056992600877706065
535,3cc1e766-97c5-4ed0-92c3-a800b5be8658,Innenstadt,2025-07-10 07:00:00+00:00,0.08319017826267348
536,3cc1e766-97c5-4ed0-92c3-a800b5be8658,Innenstadt,2025-07-10 08:00:00+00:00,0.13064837691174003
537,3cc1e766-97c5-4ed0-92c3-a800b5be8658,Innenstadt,2025-07-10 09:00:00+00:00,0.1473803997891767
538,3cc1e766-97c5-4ed0-92c3-a800b5be8658,Innenstadt,2025-07-10 10:00:00+00:00,0.2440253277682952
539,3cc1e766-97c5-4ed0-92c3-a800b5be8658,Innenstadt,2025-07-10 11:00:00+00:00,0.2815035924534796
540,3cc1e766-97c5-4ed0-92c3-a800b5be8658,Innenstadt,2025-07-10 12:00:00+00:00,0.39055014589835757
541,3cc1e766-97c5-4ed0-92c3-a800b5be8658,Innenstadt,2025-07-10 13:00:00+00:00,0.8749077524885406
542,3cc1e766-97c5-4ed0-92c3-a800b5be8658,Innenstadt,2025-07-10 14:00:00+00:00,1.1102527113330476
543,3cc1e766-97c5-4ed0-92c3-a800b5be8658,Innenstadt,2025-07-10 15:00:00+00:00,1.439713368524437
544,3cc1e766-97c5-4ed0-92c3-a800b5be8658,Innenstadt,2025-07-10 16:00:00+00:00,1.7283600230091196
545,3cc1e766-97c5-4ed0-92c3-a800b5be8658,Innenstadt,2025-07-10 17:00:00+00:00,1.5913200915393764
546,3cc1e766-97c5-4ed0-92c3-a800b5be8658,Innenstadt,2025-07-10 18:00:00+00:00,1.3876432398582281
547,3cc1e766-97c5-4ed0-92c3-a800b5be8658,Innenstadt,2025-07-10 19:00:00+00:00,1.1656910650521426
548,3cc1e766-97c5-4ed0-92c3-a800b5be8658,Innenstadt,2025-07-10 20:00:00+00:00,0.8643169626355353
549,3cc1e766-97c5-4ed0-92c3-a800b5be8658,Innenstadt,2025-07-10 21:00:00+00:00,0.49711030029580183
550,3cc1e766-97c5-4ed0-92c3-a800b5be8658,Innenstadt,2025-07-10 22:00:00+00:00,0.44649279185310947
551,3cc1e766-97c5-4ed0-92c3-a800b5be8658,Innenstadt,2025-07-10 23:00:00+00:00,0.43799432223653295
552,3cc1e766-97c5-4ed0-92c3-a800b5be8658,Innenstadt,2025-07-11 00:00:00+00:00,0.46232062366695104
553,3cc1e766-97c5-4ed0-92c3-a800b5be8658,Innenstadt,2025-07-11 01:00:00+00:00,0.47704874574230227
554,3cc1e766-97c5-4ed0-92c3-a800b5be8658,Innenstadt,2025-07-11 02:00:00+00:00,0.47132955206468286
555,3cc1e766-97c5-4ed0-92c3-a800b5be8658,Innenstadt,2025-07-11 03:00:00+00:00,0.4512375670919119
556,3cc1e766-97c5-4ed0-92c3-a800b5be8658,Innenstadt,2025-07-11 04:00:00+00:00,0.4797977699570638
557,3cc1e766-97c5-4ed0-92c3-a800b5be8658,Innenstadt,2025-07-11 05:00:00+00:00,0.5286494194033392
558,3cc1e766-97c5-4ed0-92c3-a800b5be8658,Innenstadt,2025-07-11 06:00:00+00:00,0.5963335474046629
559,3cc1e766-97c5-4ed0-92c3-a800b5be8658,Innenstadt,2025-07-11 07:00:00+00:00,0.6772976366689816
560,3cc1e766-97c5-4ed0-92c3-a800b5be8658,Innenstadt,2025-07-11 08:00:00+00:00,0.5359386477014823
561,3cc1e766-97c5-4ed0-92c3-a800b5be8658,Innenstadt,2025-07-11 09:00:00+00:00,0.7053641017791904
562,3cc1e766-97c5-4ed0-92c3-a800b5be8658,Innenstadt,2025-07-11 10:00:00+00:00,0.754762515643223
563,3cc1e766-97c5-4ed0-92c3-a800b5be8658,Innenstadt,2025-07-11 11:00:00+00:00,0.7284161859384864
564,3cc1e766-97c5-4ed0-92c3-a800b5be8658,Innenstadt,2025-07-11 12:00:00+00:00,0.5581387518702615
565,3cc1e766-97c5-4ed0-92c3-a800b5be8658,Innenstadt,2025-07-11 13:00:00+00:00,0.8631348831423356
566,3cc1e766-97c5-4ed0-92c3-a800b5be8658,Innenstadt,2025-07-11 14:00:00+00:00,1.2207196997547725
567,3cc1e766-97c5-4ed0-92c3-a800b5be8658,Innenstadt,2025-07-11 15:00:00+00:00,1.4068051291076211
568,3cc1e766-97c5-4ed0-92c3-a800b5be8658,Innenstadt,2025-07-11 16:00:00+00:00,1.4743796383651293
569,3cc1e766-97c5-4ed0-92c3-a800b5be8658,Innenstadt,2025-07-11 17:00:00+00:00,1.3173106905446454
570,3cc1e766-97c5-4ed0-92c3-a800b5be8658,Innenstadt,2025-07-11 18:00:00+00:00,1.099301222321426
571,3cc1e766-97c5-4ed0-92c3-a800b5be8658,Innenstadt,2025-07-11 19:00:00+00:00,0.8583564777307975
572,3cc1e766-97c5-4ed0-92c3-a800b5be8658,Innenstadt,2025-07-11 20:00:00+00:00,0.8869020722185642
573,3cc1e766-97c5-4ed0-92c3-a800b5be8658,Innenstadt,2025-07-11 21:00:00+00:00,0.7072063611394321
574,3cc1e766-97c5-4ed0-92c3-a800b5be8658,Innenstadt,2025-07-11 22:00:00+00:00,0.6748469232156445
575,3cc1e766-97c5-4ed0-92c3-a800b5be8658,Innenstadt,2025-07-11 23:00:00+00:00,0.7003918042086401
576,3cc1e766-97c5-4ed0-92c3-a800b5be8658,Innenstadt,2025-07-12 00:00:00+00:00,0.6928391442172549
577,3cc1e766-97c5-4ed0-92c3-a800b5be8658,Innenstadt,2025-07-12 01:00:00+00:00,0.6415122516045598
578,3cc1e766-97c5-4ed0-92c3-a800b5be8658,Innenstadt,2025-07-12 02:00:00+00:00,0.6433651730176604
579,3cc1e766-97c5-4ed0-92c3-a800b5be8658,Innenstadt,2025-07-12 03:00:00+00:00,0.6595769960699087
580,3cc1e766-97c5-4ed0-92c3-a800b5be8658,Innenstadt,2025-07-12 04:00:00+00:00,0.6302186464607024
581,3cc1e766-97c5-4ed0-92c3-a800b5be8658,Innenstadt,2025-07-12 05:00:00+00:00,0.6530790725432344
582,3cc1e766-97c5-4ed0-92c3-a800b5be8658,Innenstadt,2025-07-12 06:00:00+00:00,0.7780046087155535
583,3cc1e766-97c5-4ed0-92c3-a800b5be8658,Innenstadt,2025-07-12 07:00:00+00:00,1.1380329465207526
584,3cc1e766-97c5-4ed0-92c3-a800b5be8658,Innenstadt,2025-07-12 08:00:00+00:00,1.4986246423729128
585,3cc1e766-97c5-4ed0-92c3-a800b5be8658,Innenstadt,2025-07-12 09:00:00+00:00,1.7303067453893113
586,3cc1e766-97c5-4ed0-92c3-a800b5be8658,Innenstadt,2025-07-12 10:00:00+00:00,1.6660897321424883
587,3cc1e766-97c5-4ed0-92c3-a800b5be8658,Innenstadt,2025-07-12 11:00:00+00:00,1.6688614641099722
588,3cc1e766-97c5-4ed0-92c3-a800b5be8658,Innenstadt,2025-07-12 12:00:00+00:00,1.623056037351015
589,3cc1e766-97c5-4ed0-92c3-a800b5be8658,Innenstadt,2025-07-12 13:00:00+00:00,1.3848420838107103
590,3cc1e766-97c5-4ed0-92c3-a800b5be8658,Innenstadt,2025-07-12 14:00:00+00:00,1.6440387903901643
591,3cc1e766-97c5-4ed0-92c3-a800b5be8658,Innenstadt,2025-07-12 15:00:00+00:00,2.436982274775656
592,3cc1e766-97c5-4ed0-92c3-a800b5be8658,Innenstadt,2025-07-12 16:00:00+00:00,3.183360783165043
593,3cc1e766-97c5-4ed0-92c3-a800b5be8658,Innenstadt,2025-07-12 17:00:00+00:00,3.4716676495112324
594,3cc1e766-97c5-4ed0-92c3-a800b5be8658,Innenstadt,2025-07-12 18:00:00+00:00,2.8297452519286943
595,3cc1e766-97c5-4ed0-92c3-a800b5be8658,Innenstadt,2025-07-12 19:00:00+00:00,2.189234431646503
596,3cc1e766-97c5-4ed0-92c3-a800b5be8658,Innenstadt,2025-07-12 20:00:00+00:00,1.723841324483641
597,3cc1e766-97c5-4ed0-92c3-a800b5be8658,Innenstadt,2025-07-12 21:00:00+00:00,1.1782943024785733
598,3cc1e766-97c5-4ed0-92c3-a800b5be8658,Innenstadt,2025-07-12 22:00:00+00:00,0.7952588162248643
599,3cc1e766-97c5-4ed0-92c3-a800b5be8658,Innenstadt,2025-07-12 23:00:00+00:00,0.7453155217583947
600,3cc1e766-97c5-4ed0-92c3-a800b5be8658,Innenstadt,2025-07-13 00:00:00+00:00,0.7460061803834442
601,3cc1e766-97c5-4ed0-92c3-a800b5be8658,Innenstadt,2025-07-13 01:00:00+00:00,0.751700957947301
602,3cc1e766-97c5-4ed0-92c3-a800b5be8658,Innenstadt,2025-07-13 02:00:00+00:00,0.8095586864352442
603,3cc1e766-97c5-4ed0-92c3-a800b5be8658,Innenstadt,2025-07-13 03:00:00+00:00,0.922610295525004
604,3cc1e766-97c5-4ed0-92c3-a800b5be8658,Innenstadt,2025-07-13 04:00:00+00:00,0.9356923190330867
605,3cc1e766-97c5-4ed0-92c3-a800b5be8658,Innenstadt,2025-07-13 05:00:00+00:00,0.9109593812018739
606,3cc1e766-97c5-4ed0-92c3-a800b5be8658,Innenstadt,2025-07-13 06:00:00+00:00,0.9053178117070918
607,3cc1e766-97c5-4ed0-92c3-a800b5be8658,Innenstadt,2025-07-13 07:00:00+00:00,1.1399287617735596
608,3cc1e766-97c5-4ed0-92c3-a800b5be8658,Innenstadt,2025-07-13 08:00:00+00:00,0.8068294420416809
609,3cc1e766-97c5-4ed0-92c3-a800b5be8658,Innenstadt,2025-07-13 09:00:00+00:00,0.7946833430251197
610,3cc1e766-97c5-4ed0-92c3-a800b5be8658,Innenstadt,2025-07-13 10:00:00+00:00,0.43826098495772675
611,3cc1e766-97c5-4ed0-92c3-a800b5be8658,Innenstadt,2025-07-13 11:00:00+00:00,0.5453970366673441
612,3cc1e766-97c5-4ed0-92c3-a800b5be8658,Innenstadt,2025-07-13 12:00:00+00:00,0.688563063320206
613,3cc1e766-97c5-4ed0-92c3-a800b5be8658,Innenstadt,2025-07-13 13:00:00+00:00,0.7911962219740599
614,3cc1e766-97c5-4ed0-92c3-a800b5be8658,Innenstadt,2025-07-13 14:00:00+00:00,1.1186662480622005
615,3cc1e766-97c5-4ed0-92c3-a800b5be8658,Innenstadt,2025-07-13 15:00:00+00:00,1.6816616180668083
616,3cc1e766-97c5-4ed0-92c3-a800b5be8658,Innenstadt,2025-07-13 16:00:00+00:00,2.1758109238392307
617,3cc1e766-97c5-4ed0-92c3-a800b5be8658,Innenstadt,2025-07-13 17:00:00+00:00,1.9656421962628299
618,3cc1e766-97c5-4ed0-92c3-a800b5be8658,Innenstadt,2025-07-13 18:00:00+00:00,1.4220059071036757
619,3cc1e766-97c5-4ed0-92c3-a800b5be8658,Innenstadt,2025-07-13 19:00:00+00:00,0.9385788647843898
620,3cc1e766-97c5-4ed0-92c3-a800b5be8658,Innenstadt,2025-07-13 20:00:00+00:00,0.6069527644218592
621,3cc1e766-97c5-4ed0-92c3-a800b5be8658,Innenstadt,2025-07-13 21:00:00+00:00,0.3429810957475889
622,3cc1e766-97c5-4ed0-92c3-a800b5be8658,Innenstadt,2025-07-13 22:00:00+00:00,0.33545800391355424
623,3cc1e766-97c5-4ed0-92c3-a800b5be8658,Innenstadt,2025-07-13 23:00:00+00:00,0.36687616100580045
624,4275b813-3d57-4b01-93a2-7d8271130792,Stresemannstraße 38,2025-07-01 00:00:00+00:00,0.012093322146678036
625,4275b813-3d57-4b01-93a2-7d8271130792,Stresemannstraße 38,2025-07-01 01:00:00+00:00,0.012462348217896258
626,4275b813-3d57-4b01-93a2-7d8271130792,Stresemannstraße 38,2025-07-01 02:00:00+00:00,0.01247704694049403
627,4275b813-3d57-4b01-93a2-7d8271130792,Stresemannstraße 38,2025-07-01 03:00:00+00:00,0.01048914495615255
628,4275b813-3d57-4b01-93a2-7d8271130792,Stresemannstraße 38,2025-07-01 04:00:00+00:00,0.009808130091097867
629,4275b813-3d57-4b01-93a2-7d8271130792,Stresemannstraße 38,2025-07-01 05:00:00+00:00,0.009427949961997247
630,4275b813-3d57-4b01-93a2-7d8271130792,Stresemannstraße 38,2025-07-01 06:00:00+00:00,0.00897641360372029
631,4275b813-3d57-4b01-93a2-7d8271130792,Stresemannstraße 38,2025-07-01 07:00:00+00:00,0.00855850031422164
632,4275b813-3d57-4b01-93a2-7d8271130792,Stresemannstraße 38,2025-07-01 08:00:00+00:00,0.009050621858262331
633,4275b813-3d57-4b01-93a2-7d8271130792,Stresemannstraße 38,2025-07-01 09:00:00+00:00,0.009134983013910199
634,4275b813-3d57-4b01-93a2-7d8271130792,Stresemannstraße 38,2025-07-01 10:00:00+00:00,0.00965544108380719
635,4275b813-3d57-4b01-93a2-7d8271130792,Stresemannstraße 38,2025-07-01 11:00:00+00:00,0.010495604825687382
636,4275b813-3d57-4b01-93a2-7d8271130792,Stresemannstraße 38,2025-07-01 12:00:00+00:00,0.009719105267759192
637,4275b813-3d57-4b01-93a2-7d8271130792,Stresemannstraße 38,2025-07-01 13:00:00+00:00,0.008897970420684014
638,4275b813-3d57-4b01-93a2-7d8271130792,Stresemannstraße 38,2025-07-01 14:00:00+00:00,0.008574067904222344
639,4275b813-3d57-4b01-93a2-7d8271130792,Stresemannstraße 38,2025-07-01 15:00:00+00:00,0.00985969059394807
640,4275b813-3d57-4b01-93a2-7d8271130792,Stresemannstraße 38,2025-07-01 16:00:00+00:00,0.011335332215522919
641,4275b813-3d57-4b01-93a2-7d8271130792,Stresemannstraße 38,2025-07-01 17:00:00+00:00,0.011266593513144855
642,4275b813-3d57-4b01-93a2-7d8271130792,Stresemannstraße 38,2025-07-01 18:00:00+00:00,0.011327457003024488
643,4275b813-3d57-4b01-93a2-7d8271130792,Stresemannstraße 38,2025-07-01 19:00:00+00:00,0.011708918278208082
644,4275b813-3d57-4b01-93a2-7d8271130792,Stresemannstraße 38,2025-07-01 20:00:00+00:00,0.012095357023932
645,4275b813-3d57-4b01-93a2-7d8271130792,Stresemannstraße 38,2025-07-01 21:00:00+00:00,0.011912819153779423
646,4275b813-3d57-4b01-93a2-7d8271130792,Stresemannstraße 38,2025-07-01 22:00:00+00:00,0.012062408340086364
647,4275b813-3d57-4b01-93a2-7d8271130792,Stresemannstraße 38,2025-07-01 23:00:00+00:00,0.02385767763868895
648,4275b813-3d57-4b01-93a2-7d8271130792,Stresemannstraße 38,2025-07-02 00:00:00+00:00,0.028978488088303188
649,4275b813-3d57-4b01-93a2-7d8271130792,Stresemannstraße 38,2025-07-02 01:00:00+00:00,0.028911411088846605
650,4275b813-3d57-4b01-93a2-7d8271130792,Stresemannstraße 38,2025-07-02 02:00:00+00:00,0.027933161406566667
651,4275b813-3d57-4b01-93a2-7d8271130792,Stresemannstraße 38,2025-07-02 03:00:00+00:00,0.027661747029033183
652,4275b813-3d57-4b01-93a2-7d8271130792,Stresemannstraße 38,2025-07-02 04:00:00+00:00,0.027422905443429003
653,4275b813-3d57-4b01-93a2-7d8271130792,Stresemannstraße 38,2025-07-02 05:00:00+00:00,0.027332031310524516
654,4275b813-3d57-4b01-93a2-7d8271130792,Stresemannstraße 38,2025-07-02 06:00:00+00:00,0.02692417844308107
655,4275b813-3d57-4b01-93a2-7d8271130792,Stresemannstraße 38,2025-07-02 07:00:00+00:00,0.026666060057556045
656,4275b813-3d57-4b01-93a2-7d8271130792,Stresemannstraße 38,2025-07-02 08:00:00+00:00,0.026603959613227146
657,4275b813-3d57-4b01-93a2-7d8271130792,Stresemannstraße 38,2025-07-02 09:00:00+00:00,0.026968315652624104
658,4275b813-3d57-4b01-93a2-7d8271130792,Stresemannstraße 38,2025-07-02 10:00:00+00:00,0.02738103748586845
659,4275b813-3d57-4b01-93a2-7d8271130792,Stresemannstraße 38,2025-07-02 11:00:00+00:00,0.027831835915901885
660,4275b813-3d57-4b01-93a2-7d8271130792,Stresemannstraße 38,2025-07-02 12:00:00+00:00,0.028165032778166336
661,4275b813-3d57-4b01-93a2-7d8271130792,Stresemannstraße 38,2025-07-02 13:00:00+00:00,0.02839915357271199
662,4275b813-3d57-4b01-93a2-7d8271130792,Stresemannstraße 38,2025-07-02 14:00:00+00:00,0.02780625511819168
663,4275b813-3d57-4b01-93a2-7d8271130792,Stresemannstraße 38,2025-07-02 15:00:00+00:00,0.026488181342564032
664,4275b813-3d57-4b01-93a2-7d8271130792,Stresemannstraße 38,2025-07-02 16:00:00+00:00,0.02582516046015122
665,4275b813-3d57-4b01-93a2-7d8271130792,Stresemannstraße 38,2025-07-02 17:00:00+00:00,0.025329611363107785
666,4275b813-3d57-4b01-93a2-7d8271130792,Stresemannstraße 38,2025-07-02 18:00:00+00:00,0.02535057152366292
667,4275b813-3d57-4b01-93a2-7d8271130792,Stresemannstraße 38,2025-07-02 19:00:00+00:00,0.025248896101930655
668,4275b813-3d57-4b01-93a2-7d8271130792,Stresemannstraße 38,2025-07-02 20:00:00+00:00,0.02478098048567146
669,4275b813-3d57-4b01-93a2-7d8271130792,Stresemannstraße 38,2025-07-02 21:00:00+00:00,0.02423185860910774
670,4275b813-3d57-4b01-93a2-7d8271130792,Stresemannstraße 38,2025-07-02 22:00:00+00:00,0.024348458270805184
671,4275b813-3d57-4b01-93a2-7d8271130792,Stresemannstraße 38,2025-07-02 23:00:00+00:00,0.009891135919606239
672,4275b813-3d57-4b01-93a2-7d8271130792,Stresemannstraße 38,2025-07-03 00:00:00+00:00,0.0049349003639587085
673,4275b813-3d57-4b01-93a2-7d8271130792,Stresemannstraße 38,2025-07-03 01:00:00+00:00,0.005049783975763915
674,4275b813-3d57-4b01-93a2-7d8271130792,Stresemannstraße 38,2025-07-03 02:00:00+00:00,0.006180271445001653
675,4275b813-3d57-4b01-93a2-7d8271130792,Stresemannstraße 38,2025-07-03 03:00:00+00:00,0.006129443032867345
676,4275b813-3d57-4b01-93a2-7d8271130792,Stresemannstraße 38,2025-07-03 04:00:00+00:00,0.005987028694638932
677,4275b813-3d57-4b01-93a2-7d8271130792,Stresemannstraße 38,2025-07-03 05:00:00+00:00,0.005455747613608441
678,4275b813-3d57-4b01-93a2-7d8271130792,Stresemannstraße 38,2025-07-03 06:00:00+00:00,0.005286077424285301
679,4275b813-3d57-4b01-93a2-7d8271130792,Stresemannstraße 38,2025-07-03 07:00:00+00:00,0.0050428146166134535
680,4275b813-3d57-4b01-93a2-7d8271130792,Stresemannstraße 38,2025-07-03 08:00:00+00:00,0.004511341954000549
681,4275b813-3d57-4b01-93a2-7d8271130792,Stresemannstraße 38,2025-07-03 09:00:00+00:00,0.004677381235111566
682,4275b813-3d57-4b01-93a2-7d8271130792,Stresemannstraße 38,2025-07-03 10:00:00+00:00,0.005335933722116735
683,4275b813-3d57-4b01-93a2-7d8271130792,Stresemannstraße 38,2025-07-03 11:00:00+00:00,0.005800644008478633
684,4275b813-3d57-4b01-93a2-7d8271130792,Stresemannstraße 38,2025-07-03 12:00:00+00:00,0.006055259908714849
685,4275b813-3d57-4b01-93a2-7d8271130792,Stresemannstraße 38,2025-07-03 13:00:00+00:00,0.005763189509285571
686,4275b813-3d57-4b01-93a2-7d8271130792,Stresemannstraße 38,2025-07-03 14:00:00+00:00,0.006155334919042294
687,4275b813-3d57-4b01-93a2-7d8271130792,Stresemannstraße 38,2025-07-03 15:00:00+00:00,0.006247097766292938
688,4275b813-3d57-4b01-93a2-7d8271130792,Stresemannstraße 38,2025-07-03 16:00:00+00:00,0.006413679101184424
689,4275b813-3d57-4b01-93a2-7d8271130792,Stresemannstraße 38,2025-07-03 17:00:00+00:00,0.006114569064494322
690,4275b813-3d57-4b01-93a2-7d8271130792,Stresemannstraße 38,2025-07-03 18:00:00+00:00,0.006096936662172258
691,4275b813-3d57-4b01-93a2-7d8271130792,Stresemannstraße 38,2025-07-03 19:00:00+00:00,0.007947754778838577
692,4275b813-3d57-4b01-93a2-7d8271130792,Stresemannstraße 38,2025-07-03 20:00:00+00:00,0.0075385930471674875
693,4275b813-3d57-4b01-93a2-7d8271130792,Stresemannstraße 38,2025-07-03 21:00:00+00:00,0.007450905553929515
694,4275b813-3d57-4b01-93a2-7d8271130792,Stresemannstraße 38,2025-07-03 22:00:00+00:00,0.007639529811229292
695,4275b813-3d57-4b01-93a2-7d8271130792,Stresemannstraße 38,2025-07-03 23:00:00+00:00,0.007704948517011594
696,4275b813-3d57-4b01-93a2-7d8271130792,Stresemannstraße 38,2025-07-04 00:00:00+00:00,0.008531224794071158
697,4275b813-3d57-4b01-93a2-7d8271130792,Stresemannstraße 38,2025-07-04 01:00:00+00:00,0.008786212408796986
698,4275b813-3d57-4b01-93a2-7d8271130792,Stresemannstraße 38,2025-07-04 02:00:00+00:00,0.007540749141867943
699,4275b813-3d57-4b01-93a2-7d8271130792,Stresemannstraße 38,2025-07-04 03:00:00+00:00,0.007485125615183787
700,4275b813-3d57-4b01-93a2-7d8271130792,Stresemannstraße 38,2025-07-04 04:00:00+00:00,0.01214571100806207
701,4275b813-3d57-4b01-93a2-7d8271130792,Stresemannstraße 38,2025-07-04 05:00:00+00:00,0.011702046271775512
702,4275b813-3d57-4b01-93a2-7d8271130792,Stresemannstraße 38,2025-07-04 06:00:00+00:00,0.01154786975453209
703,4275b813-3d57-4b01-93a2-7d8271130792,Stresemannstraße 38,2025-07-04 07:00:00+00:00,0.01157648337148948
704,4275b813-3d57-4b01-93a2-7d8271130792,Stresemannstraße 38,2025-07-04 08:00:00+00:00,0.012681243465239554
705,4275b813-3d57-4b01-93a2-7d8271130792,Stresemannstraße 38,2025-07-04 09:00:00+00:00,0.013000919836537101
706,4275b813-3d57-4b01-93a2-7d8271130792,Stresemannstraße 38,2025-07-04 10:00:00+00:00,0.012914403401479708
707,4275b813-3d57-4b01-93a2-7d8271130792,Stresemannstraße 38,2025-07-04 11:00:00+00:00,0.01366050754427587
708,4275b813-3d57-4b01-93a2-7d8271130792,Stresemannstraße 38,2025-07-04 12:00:00+00:00,0.014137980652881367
709,4275b813-3d57-4b01-93a2-7d8271130792,Stresemannstraße 38,2025-07-04 13:00:00+00:00,0.01570212176742963
710,4275b813-3d57-4b01-93a2-7d8271130792,Stresemannstraße 38,2025-07-04 14:00:00+00:00,0.015584485255422498
711,4275b813-3d57-4b01-93a2-7d8271130792,Stresemannstraße 38,2025-07-04 15:00:00+00:00,0.017452415649362462
712,4275b813-3d57-4b01-93a2-7d8271130792,Stresemannstraße 38,2025-07-04 16:00:00+00:00,0.019771295887278145
713,4275b813-3d57-4b01-93a2-7d8271130792,Stresemannstraße 38,2025-07-04 17:00:00+00:00,0.020123924712867725
714,4275b813-3d57-4b01-93a2-7d8271130792,Stresemannstraße 38,2025-07-04 18:00:00+00:00,0.021093735919441754
715,4275b813-3d57-4b01-93a2-7d8271130792,Stresemannstraße 38,2025-07-04 19:00:00+00:00,0.019676119007732695
716,4275b813-3d57-4b01-93a2-7d8271130792,Stresemannstraße 38,2025-07-04 20:00:00+00:00,0.019217980593247815
717,4275b813-3d57-4b01-93a2-7d8271130792,Stresemannstraße 38,2025-07-04 21:00:00+00:00,0.01873278180546337
718,4275b813-3d57-4b01-93a2-7d8271130792,Stresemannstraße 38,2025-07-04 22:00:00+00:00,0.018385000858486888
719,4275b813-3d57-4b01-93a2-7d8271130792,Stresemannstraße 38,2025-07-04 23:00:00+00:00,0.01856184195476051
720,4275b813-3d57-4b01-93a2-7d8271130792,Stresemannstraße 38,2025-07-05 00:00:00+00:00,0.018363914261439355
721,4275b813-3d57-4b01-93a2-7d8271130792,Stresemannstraße 38,2025-07-05 01:00:00+00:00,0.02077879156525925
722,4275b813-3d57-4b01-93a2-7d8271130792,Stresemannstraße 38,2025-07-05 02:00:00+00:00,0.024039685905880317
723,4275b813-3d57-4b01-93a2-7d8271130792,Stresemannstraße 38,2025-07-05 03:00:00+00:00,0.026962586744159557
724,4275b813-3d57-4b01-93a2-7d8271130792,Stresemannstraße 38,2025-07-05 04:00:00+00:00,0.022193996841322634
725,4275b813-3d57-4b01-93a2-7d8271130792,Stresemannstraße 38,2025-07-05 05:00:00+00:00,0.021904593747433466
726,4275b813-3d57-4b01-93a2-7d8271130792,Stresemannstraße 38,2025-07-05 06:00:00+00:00,0.022524449904118695
727,4275b813-3d57-4b01-93a2-7d8271130792,Stresemannstraße 38,2025-07-05 07:00:00+00:00,0.02158789307835851
728,4275b813-3d57-4b01-93a2-7d8271130792,Stresemannstraße 38,2025-07-05 08:00:00+00:00,0.021098016618462022
729,4275b813-3d57-4b01-93a2-7d8271130792,Stresemannstraße 38,2025-07-05 09:00:00+00:00,0.021503876450129626
730,4275b813-3d57-4b01-93a2-7d8271130792,Stresemannstraße 38,2025-07-05 10:00:00+00:00,0.028436469219900982
731,4275b813-3d57-4b01-93a2-7d8271130792,Stresemannstraße 38,2025-07-05 11:00:00+00:00,0.02933710119503705
732,4275b813-3d57-4b01-93a2-7d8271130792,Stresemannstraße 38,2025-07-05 12:00:00+00:00,0.030569545133556177
733,4275b813-3d57-4b01-93a2-7d8271130792,Stresemannstraße 38,2025-07-05 13:00:00+00:00,0.027335190012329973
734,4275b813-3d57-4b01-93a2-7d8271130792,Stresemannstraße 38,2025-07-05 14:00:00+00:00,0.025102782659460997
735,4275b813-3d57-4b01-93a2-7d8271130792,Stresemannstraße 38,2025-07-05 15:00:00+00:00,0.024587674247280904
736,4275b813-3d57-4b01-93a2-7d8271130792,Stresemannstraße 38,2025-07-05 16:00:00+00:00,0.023261483700226182
737,4275b813-3d57-4b01-93a2-7d8271130792,Stresemannstraße 38,2025-07-05 17:00:00+00:00,0.02235695778970332
738,4275b813-3d57-4b01-93a2-7d8271130792,Stresemannstraße 38,2025-07-05 18:00:00+00:00,0.02135595987624124
739,4275b813-3d57-4b01-93a2-7d8271130792,Stresemannstraße 38,2025-07-05 19:00:00+00:00,0.02049779139828668
740,4275b813-3d57-4b01-93a2-7d8271130792,Stresemannstraße 38,2025-07-05 20:00:00+00:00,0.020727438165412768
741,4275b813-3d57-4b01-93a2-7d8271130792,Stresemannstraße 38,2025-07-05 21:00:00+00:00,0.02084300984663468
742,4275b813-3d57-4b01-93a2-7d8271130792,Stresemannstraße 38,2025-07-05 22:00:00+00:00,0.021404852875594037
743,4275b813-3d57-4b01-93a2-7d8271130792,Stresemannstraße 38,2025-07-05 23:00:00+00:00,0.02262253651541084
744,4275b813-3d57-4b01-93a2-7d8271130792,Stresemannstraße 38,2025-07-06 00:00:00+00:00,0.026747080913936613
745,4275b813-3d57-4b01-93a2-7d8271130792,Stresemannstraße 38,2025-07-06 01:00:00+00:00,0.02524357064720147
746,4275b813-3d57-4b01-93a2-7d8271130792,Stresemannstraße 38,2025-07-06 02:00:00+00:00,0.03521289066208167
747,4275b813-3d57-4b01-93a2-7d8271130792,Stresemannstraße 38,2025-07-06 03:00:00+00:00,0.031836323659681774
748,4275b813-3d57-4b01-93a2-7d8271130792,Stresemannstraße 38,2025-07-06 04:00:00+00:00,0.031952697200645856
749,4275b813-3d57-4b01-93a2-7d8271130792,Stresemannstraße 38,2025-07-06 05:00:00+00:00,0.03181710297983353
750,4275b813-3d57-4b01-93a2-7d8271130792,Stresemannstraße 38,2025-07-06 06:00:00+00:00,0.03148628080502253
751,4275b813-3d57-4b01-93a2-7d8271130792,Stresemannstraße 38,2025-07-06 07:00:00+00:00,0.032326651083363495
752,4275b813-3d57-4b01-93a2-7d8271130792,Stresemannstraße 38,2025-07-06 08:00:00+00:00,0.030060605238202698
753,4275b813-3d57-4b01-93a2-7d8271130792,Stresemannstraße 38,2025-07-06 09:00:00+00:00,0.030192270386551295
754,4275b813-3d57-4b01-93a2-7d8271130792,Stresemannstraße 38,2025-07-06 10:00:00+00:00,0.027479944720587193
755,4275b813-3d57-4b01-93a2-7d8271130792,Stresemannstraße 38,2025-07-06 11:00:00+00:00,0.026998154933419408
756,4275b813-3d57-4b01-93a2-7d8271130792,Stresemannstraße 38,2025-07-06 12:00:00+00:00,0.026165815797400783
757,4275b813-3d57-4b01-93a2-7d8271130792,Stresemannstraße 38,2025-07-06 13:00:00+00:00,0.02662613872072072
758,4275b813-3d57-4b01-93a2-7d8271130792,Stresemannstraße 38,2025-07-06 14:00:00+00:00,0.02780819300563513
759,4275b813-3d57-4b01-93a2-7d8271130792,Stresemannstraße 38,2025-07-06 15:00:00+00:00,0.028063105081049824
760,4275b813-3d57-4b01-93a2-7d8271130792,Stresemannstraße 38,2025-07-06 16:00:00+00:00,0.02796176015622771
761,4275b813-3d57-4b01-93a2-7d8271130792,Stresemannstraße 38,2025-07-06 17:00:00+00:00,0.02726809864558973
762,4275b813-3d57-4b01-93a2-7d8271130792,Stresemannstraße 38,2025-07-06 18:00:00+00:00,0.026497703772031703
763,4275b813-3d57-4b01-93a2-7d8271130792,Stresemannstraße 38,2025-07-06 19:00:00+00:00,0.026757322324435458
764,4275b813-3d57-4b01-93a2-7d8271130792,Stresemannstraße 38,2025-07-06 20:00:00+00:00,0.026994913021005616
765,4275b813-3d57-4b01-93a2-7d8271130792,Stresemannstraße 38,2025-07-06 21:00:00+00:00,0.02613422881056399
766,4275b813-3d57-4b01-93a2-7d8271130792,Stresemannstraße 38,2025-07-06 22:00:00+00:00,0.02608266443805716
767,4275b813-3d57-4b01-93a2-7d8271130792,Stresemannstraße 38,2025-07-06 23:00:00+00:00,0.025353516813855996
768,4275b813-3d57-4b01-93a2-7d8271130792,Stresemannstraße 38,2025-07-07 00:00:00+00:00,0.02388618792996851
769,4275b813-3d57-4b01-93a2-7d8271130792,Stresemannstraße 38,2025-07-07 01:00:00+00:00,0.028518465696984307
770,4275b813-3d57-4b01-93a2-7d8271130792,Stresemannstraße 38,2025-07-07 02:00:00+00:00,0.01672545038013292
771,4275b813-3d57-4b01-93a2-7d8271130792,Stresemannstraße 38,2025-07-07 03:00:00+00:00,0.0176648431708546
772,4275b813-3d57-4b01-93a2-7d8271130792,Stresemannstraße 38,2025-07-07 04:00:00+00:00,0.017968997041383074
773,4275b813-3d57-4b01-93a2-7d8271130792,Stresemannstraße 38,2025-07-07 05:00:00+00:00,0.017720642066363274
774,4275b813-3d57-4b01-93a2-7d8271130792,Stresemannstraße 38,2025-07-07 06:00:00+00:00,0.016989096622733246
775,4275b813-3d57-4b01-93a2-7d8271130792,Stresemannstraße 38,2025-07-07 07:00:00+00:00,0.016601726402103296
776,4275b813-3d57-4b01-93a2-7d8271130792,Stresemannstraße 38,2025-07-07 08:00:00+00:00,0.015417285131305828
777,4275b813-3d57-4b01-93a2-7d8271130792,Stresemannstraße 38,2025-07-07 09:00:00+00:00,0.014555899778748153
778,4275b813-3d57-4b01-93a2-7d8271130792,Stresemannstraße 38,2025-07-07 10:00:00+00:00,0.013726004573749112
779,4275b813-3d57-4b01-93a2-7d8271130792,Stresemannstraße 38,2025-07-07 11:00:00+00:00,0.01280566072593273
780,4275b813-3d57-4b01-93a2-7d8271130792,Stresemannstraße 38,2025-07-07 12:00:00+00:00,0.013177721478312561
781,4275b813-3d57-4b01-93a2-7d8271130792,Stresemannstraße 38,2025-07-07 13:00:00+00:00,0.013397222201373333
782,4275b813-3d57-4b01-93a2-7d8271130792,Stresemannstraße 38,2025-07-07 14:00:00+00:00,0.014700095420419576
783,4275b813-3d57-4b01-93a2-7d8271130792,Stresemannstraße 38,2025-07-07 15:00:00+00:00,0.014484965288575069
784,4275b813-3d57-4b01-93a2-7d8271130792,Stresemannstraße 38,2025-07-07 16:00:00+00:00,0.01398712417614013
785,4275b813-3d57-4b01-93a2-7d8271130792,Stresemannstraße 38,2025-07-07 17:00:00+00:00,0.013480396349841047
786,4275b813-3d57-4b01-93a2-7d8271130792,Stresemannstraße 38,2025-07-07 18:00:00+00:00,0.013343582015175279
787,4275b813-3d57-4b01-93a2-7d8271130792,Stresemannstraße 38,2025-07-07 19:00:00+00:00,0.013102153347366271
788,4275b813-3d57-4b01-93a2-7d8271130792,Stresemannstraße 38,2025-07-07 20:00:00+00:00,0.012577362525252897
789,4275b813-3d57-4b01-93a2-7d8271130792,Stresemannstraße 38,2025-07-07 21:00:00+00:00,0.012415102653493998
790,4275b813-3d57-4b01-93a2-7d8271130792,Stresemannstraße 38,2025-07-07 22:00:00+00:00,0.011610273358451429
791,4275b813-3d57-4b01-93a2-7d8271130792,Stresemannstraße 38,2025-07-07 23:00:00+00:00,0.011739123157162119
792,4275b813-3d57-4b01-93a2-7d8271130792,Stresemannstraße 38,2025-07-08 00:00:00+00:00,0.01225537378782509
793,4275b813-3d57-4b01-93a2-7d8271130792,Stresemannstraße 38,2025-07-08 01:00:00+00:00,0.008272387624231057
794,4275b813-3d57-4b01-93a2-7d8271130792,Stresemannstraße 38,2025-07-08 02:00:00+00:00,0.008822764617504707
795,4275b813-3d57-4b01-93a2-7d8271130792,Stresemannstraße 38,2025-07-08 03:00:00+00:00,0.008107750895868985
796,4275b813-3d57-4b01-93a2-7d8271130792,Stresemannstraße 38,2025-07-08 04:00:00+00:00,0.007969687699067352
797,4275b813-3d57-4b01-93a2-7d8271130792,Stresemannstraße 38,2025-07-08 05:00:00+00:00,0.007745609128412667
798,4275b813-3d57-4b01-93a2-7d8271130792,Stresemannstraße 38,2025-07-08 06:00:00+00:00,0.00814190284135623
799,4275b813-3d57-4b01-93a2-7d8271130792,Stresemannstraße 38,2025-07-08 07:00:00+00:00,0.007858441635598575
800,4275b813-3d57-4b01-93a2-7d8271130792,Stresemannstraße 38,2025-07-08 08:00:00+00:00,0.007899508786439817
801,4275b813-3d57-4b01-93a2-7d8271130792,Stresemannstraße 38,2025-07-08 09:00:00+00:00,0.008050528936722284
802,4275b813-3d57-4b01-93a2-7d8271130792,Stresemannstraße 38,2025-07-08 10:00:00+00:00,0.008363127075544008
803,4275b813-3d57-4b01-93a2-7d8271130792,Stresemannstraße 38,2025-07-08 11:00:00+00:00,0.008675204934373737
804,4275b813-3d57-4b01-93a2-7d8271130792,Stresemannstraße 38,2025-07-08 12:00:00+00:00,0.008583593651754488
805,4275b813-3d57-4b01-93a2-7d8271130792,Stresemannstraße 38,2025-07-08 13:00:00+00:00,0.008850804833463167
806,4275b813-3d57-4b01-93a2-7d8271130792,Stresemannstraße 38,2025-07-08 14:00:00+00:00,0.008809407870197818
807,4275b813-3d57-4b01-93a2-7d8271130792,Stresemannstraße 38,2025-07-08 15:00:00+00:00,0.009471170989378141
808,4275b813-3d57-4b01-93a2-7d8271130792,Stresemannstraße 38,2025-07-08 16:00:00+00:00,0.010317677760895294
809,4275b813-3d57-4b01-93a2-7d8271130792,Stresemannstraße 38,2025-07-08 17:00:00+00:00,0.0101650636410246
810,4275b813-3d57-4b01-93a2-7d8271130792,Stresemannstraße 38,2025-07-08 18:00:00+00:00,0.010006421281057453
811,4275b813-3d57-4b01-93a2-7d8271130792,Stresemannstraße 38,2025-07-08 19:00:00+00:00,0.009996271545225735
812,4275b813-3d57-4b01-93a2-7d8271130792,Stresemannstraße 38,2025-07-08 20:00:00+00:00,0.010396530444970138
813,4275b813-3d57-4b01-93a2-7d8271130792,Stresemannstraße 38,2025-07-08 21:00:00+00:00,0.009953945513691439
814,4275b813-3d57-4b01-93a2-7d8271130792,Stresemannstraße 38,2025-07-08 22:00:00+00:00,0.010122994760086055
815,4275b813-3d57-4b01-93a2-7d8271130792,Stresemannstraße 38,2025-07-08 23:00:00+00:00,0.02445786643967207
816,4275b813-3d57-4b01-93a2-7d8271130792,Stresemannstraße 38,2025-07-09 00:00:00+00:00,0.02808593665434572
817,4275b813-3d57-4b01-93a2-7d8271130792,Stresemannstraße 38,2025-07-09 01:00:00+00:00,0.02776234751980257
818,4275b813-3d57-4b01-93a2-7d8271130792,Stresemannstraße 38,2025-07-09 02:00:00+00:00,0.026906255163699665
819,4275b813-3d57-4b01-93a2-7d8271130792,Stresemannstraße 38,2025-07-09 03:00:00+00:00,0.026711515372079928
820,4275b813-3d57-4b01-93a2-7d8271130792,Stresemannstraße 38,2025-07-09 04:00:00+00:00,0.02633487470703777
821,4275b813-3d57-4b01-93a2-7d8271130792,Stresemannstraße 38,2025-07-09 05:00:00+00:00,0.026490026794456913
822,4275b813-3d57-4b01-93a2-7d8271130792,Stresemannstraße 38,2025-07-09 06:00:00+00:00,0.025799722447030587
823,4275b813-3d57-4b01-93a2-7d8271130792,Stresemannstraße 38,2025-07-09 07:00:00+00:00,0.02609243342698664
824,4275b813-3d57-4b01-93a2-7d8271130792,Stresemannstraße 38,2025-07-09 08:00:00+00:00,0.026262188508827243
825,4275b813-3d57-4b01-93a2-7d8271130792,Stresemannstraße 38,2025-07-09 09:00:00+00:00,0.026408561262174005
826,4275b813-3d57-4b01-93a2-7d8271130792,Stresemannstraße 38,2025-07-09 10:00:00+00:00,0.026516321510525645
827,4275b813-3d57-4b01-93a2-7d8271130792,Stresemannstraße 38,2025-07-09 11:00:00+00:00,0.026715023549762188
828,4275b813-3d57-4b01-93a2-7d8271130792,Stresemannstraße 38,2025-07-09 12:00:00+00:00,0.027253789617326094
829,4275b813-3d57-4b01-93a2-7d8271130792,Stresemannstraße 38,2025-07-09 13:00:00+00:00,0.028172019318305444
830,4275b813-3d57-4b01-93a2-7d8271130792,Stresemannstraße 38,2025-07-09 14:00:00+00:00,0.028965253371463252
831,4275b813-3d57-4b01-93a2-7d8271130792,Stresemannstraße 38,2025-07-09 15:00:00+00:00,0.02850973703741329
832,4275b813-3d57-4b01-93a2-7d8271130792,Stresemannstraße 38,2025-07-09 16:00:00+00:00,0.028152861892245085
833,4275b813-3d57-4b01-93a2-7d8271130792,Stresemannstraße 38,2025-07-09 17:00:00+00:00,0.027050681725461163
834,4275b813-3d57-4b01-93a2-7d8271130792,Stresemannstraße 38,2025-07-09 18:00:00+00:00,0.026447412430458117
835,4275b813-3d57-4b01-93a2-7d8271130792,Stresemannstraße 38,2025-07-09 19:00:00+00:00,0.025967266490833932
836,4275b813-3d57-4b01-93a2-7d8271130792,Stresemannstraße 38,2025-07-09 20:00:00+00:00,0.025553873430708182
837,4275b813-3d57-4b01-93a2-7d8271130792,Stresemannstraße 38,2025-07-09 21:00:00+00:00,0.025015527772661948
838,4275b813-3d57-4b01-93a2-7d8271130792,Stresemannstraße 38,2025-07-09 22:00:00+00:00,0.025168870142173852
839,4275b813-3d57-4b01-93a2-7d8271130792,Stresemannstraße 38,2025-07-09 23:00:00+00:00,0.010727014374299636
840,4275b813-3d57-4b01-93a2-7d8271130792,Stresemannstraße 38,2025-07-10 00:00:00+00:00,0.0057174070613734435
841,4275b813-3d57-4b01-93a2-7d8271130792,Stresemannstraße 38,2025-07-10 01:00:00+00:00,0.0057495201622915215
842,4275b813-3d57-4b01-93a2-7d8271130792,Stresemannstraße 38,2025-07-10 02:00:00+00:00,0.006777048583074397
843,4275b813-3d57-4b01-93a2-7d8271130792,Stresemannstraße 38,2025-07-10 03:00:00+00:00,0.006702894715554209
844,4275b813-3d57-4b01-93a2-7d8271130792,Stresemannstraße 38,2025-07-10 04:00:00+00:00,0.006704795529633466
845,4275b813-3d57-4b01-93a2-7d8271130792,Stresemannstraße 38,2025-07-10 05:00:00+00:00,0.006409537002741588
846,4275b813-3d57-4b01-93a2-7d8271130792,Stresemannstraße 38,2025-07-10 06:00:00+00:00,0.0066264423868427885
847,4275b813-3d57-4b01-93a2-7d8271130792,Stresemannstraße 38,2025-07-10 07:00:00+00:00,0.006454547015982193
848,4275b813-3d57-4b01-93a2-7d8271130792,Stresemannstraße 38,2025-07-10 08:00:00+00:00,0.006049577963050299
849,4275b813-3d57-4b01-93a2-7d8271130792,Stresemannstraße 38,2025-07-10 09:00:00+00:00,0.006464684222234314
850,4275b813-3d57-4b01-93a2-7d8271130792,Stresemannstraße 38,2025-07-10 10:00:00+00:00,0.007556278591681185
851,4275b813-3d57-4b01-93a2-7d8271130792,Stresemannstraße 38,2025-07-10 11:00:00+00:00,0.008645432904003353
852,4275b813-3d57-4b01-93a2-7d8271130792,Stresemannstraße 38,2025-07-10 12:00:00+00:00,0.009587055920351448
853,4275b813-3d57-4b01-93a2-7d8271130792,Stresemannstraße 38,2025-07-10 13:00:00+00:00,0.00884314263480735
854,4275b813-3d57-4b01-93a2-7d8271130792,Stresemannstraße 38,2025-07-10 14:00:00+00:00,0.008402789988867562
855,4275b813-3d57-4b01-93a2-7d8271130792,Stresemannstraße 38,2025-07-10 15:00:00+00:00,0.007943162637427895
856,4275b813-3d57-4b01-93a2-7d8271130792,Stresemannstraße 38,2025-07-10 16:00:00+00:00,0.008634272184686475
857,4275b813-3d57-4b01-93a2-7d8271130792,Stresemannstraße 38,2025-07-10 17:00:00+00:00,0.009259001491143016
858,4275b813-3d57-4b01-93a2-7d8271130792,Stresemannstraße 38,2025-07-10 18:00:00+00:00,0.008951581938811381
859,4275b813-3d57-4b01-93a2-7d8271130792,Stresemannstraße 38,2025-07-10 19:00:00+00:00,0.009089433940248434
860,4275b813-3d57-4b01-93a2-7d8271130792,Stresemannstraße 38,2025-07-10 20:00:00+00:00,0.00885106377387805
861,4275b813-3d57-4b01-93a2-7d8271130792,Stresemannstraße 38,2025-07-10 21:00:00+00:00,0.008917165481208321
862,4275b813-3d57-4b01-93a2-7d8271130792,Stresemannstraße 38,2025-07-10 22:00:00+00:00,0.009240898310054707
863,4275b813-3d57-4b01-93a2-7d8271130792,Stresemannstraße 38,2025-07-10 23:00:00+00:00,0.009547462483315668
864,4275b813-3d57-4b01-93a2-7d8271130792,Stresemannstraße 38,2025-07-11 00:00:00+00:00,0.010345235122807968
865,4275b813-3d57-4b01-93a2-7d8271130792,Stresemannstraße 38,2025-07-11 01:00:00+00:00,0.010210443071825592
866,4275b813-3d57-4b01-93a2-7d8271130792,Stresemannstraße 38,2025-07-11 02:00:00+00:00,0.009135272536372092
867,4275b813-3d57-4b01-93a2-7d8271130792,Stresemannstraße 38,2025-07-11 03:00:00+00:00,0.010967702963129407
868,4275b813-3d57-4b01-93a2-7d8271130792,Stresemannstraße 38,2025-07-11 04:00:00+00:00,0.01082068964257253
869,4275b813-3d57-4b01-93a2-7d8271130792,Stresemannstraße 38,2025-07-11 05:00:00+00:00,0.010528378953469062
870,4275b813-3d57-4b01-93a2-7d8271130792,Stresemannstraße 38,2025-07-11 06:00:00+00:00,0.010325390007859585
871,4275b813-3d57-4b01-93a2-7d8271130792,Stresemannstraße 38,2025-07-11 07:00:00+00:00,0.010053720923596259
872,4275b813-3d57-4b01-93a2-7d8271130792,Stresemannstraße 38,2025-07-11 08:00:00+00:00,0.010505960779590437
873,4275b813-3d57-4b01-93a2-7d8271130792,Stresemannstraße 38,2025-07-11 09:00:00+00:00,0.010430396782620482
874,4275b813-3d57-4b01-93a2-7d8271130792,Stresemannstraße 38,2025-07-11 10:00:00+00:00,0.009656501796890555
875,4275b813-3d57-4b01-93a2-7d8271130792,Stresemannstraße 38,2025-07-11 11:00:00+00:00,0.010728641952009444
876,4275b813-3d57-4b01-93a2-7d8271130792,Stresemannstraße 38,2025-07-11 12:00:00+00:00,0.011042558562841991
877,4275b813-3d57-4b01-93a2-7d8271130792,Stresemannstraße 38,2025-07-11 13:00:00+00:00,0.012548799561263712
878,4275b813-3d57-4b01-93a2-7d8271130792,Stresemannstraße 38,2025-07-11 14:00:00+00:00,0.01221927984134682
879,4275b813-3d57-4b01-93a2-7d8271130792,Stresemannstraße 38,2025-07-11 15:00:00+00:00,0.013844790434679713
880,4275b813-3d57-4b01-93a2-7d8271130792,Stresemannstraße 38,2025-07-11 16:00:00+00:00,0.015494948244534571
881,4275b813-3d57-4b01-93a2-7d8271130792,Stresemannstraße 38,2025-07-11 17:00:00+00:00,0.01508592457415512
882,4275b813-3d57-4b01-93a2-7d8271130792,Stresemannstraße 38,2025-07-11 18:00:00+00:00,0.016118253907089552
883,4275b813-3d57-4b01-93a2-7d8271130792,Stresemannstraße 38,2025-07-11 19:00:00+00:00,0.01600942433226179
884,4275b813-3d57-4b01-93a2-7d8271130792,Stresemannstraße 38,2025-07-11 20:00:00+00:00,0.015934789242110163
885,4275b813-3d57-4b01-93a2-7d8271130792,Stresemannstraße 38,2025-07-11 21:00:00+00:00,0.015584579548049123
886,4275b813-3d57-4b01-93a2-7d8271130792,Stresemannstraße 38,2025-07-11 22:00:00+00:00,0.015338317207890563
887,4275b813-3d57-4b01-93a2-7d8271130792,Stresemannstraße 38,2025-07-11 23:00:00+00:00,0.015348683822155615
888,4275b813-3d57-4b01-93a2-7d8271130792,Stresemannstraße 38,2025-07-12 00:00:00+00:00,0.015163954281942494
889,4275b813-3d57-4b01-93a2-7d8271130792,Stresemannstraße 38,2025-07-12 01:00:00+00:00,0.017673912453536108
890,4275b813-3d57-4b01-93a2-7d8271130792,Stresemannstraße 38,2025-07-12 02:00:00+00:00,0.020871555770401028
891,4275b813-3d57-4b01-93a2-7d8271130792,Stresemannstraße 38,2025-07-12 03:00:00+00:00,0.02267910465111719
892,4275b813-3d57-4b01-93a2-7d8271130792,Stresemannstraße 38,2025-07-12 04:00:00+00:00,0.022024800138997137
893,4275b813-3d57-4b01-93a2-7d8271130792,Stresemannstraße 38,2025-07-12 05:00:00+00:00,0.021775423754582076
894,4275b813-3d57-4b01-93a2-7d8271130792,Stresemannstraße 38,2025-07-12 06:00:00+00:00,0.02141065778146921
895,4275b813-3d57-4b01-93a2-7d8271130792,Stresemannstraße 38,2025-07-12 07:00:00+00:00,0.020675454722013892
896,4275b813-3d57-4b01-93a2-7d8271130792,Stresemannstraße 38,2025-07-12 08:00:00+00:00,0.020760035986152277
897,4275b813-3d57-4b01-93a2-7d8271130792,Stresemannstraße 38,2025-07-12 09:00:00+00:00,0.021115575397572348
898,4275b813-3d57-4b01-93a2-7d8271130792,Stresemannstraße 38,2025-07-12 10:00:00+00:00,0.02023372933280878
899,4275b813-3d57-4b01-93a2-7d8271130792,Stresemannstraße 38,2025-07-12 11:00:00+00:00,0.020619644254924404
900,4275b813-3d57-4b01-93a2-7d8271130792,Stresemannstraße 38,2025-07-12 12:00:00+00:00,0.021383930065637925
901,4275b813-3d57-4b01-93a2-7d8271130792,Stresemannstraße 38,2025-07-12 13:00:00+00:00,0.019781357642973785
902,4275b813-3d57-4b01-93a2-7d8271130792,Stresemannstraße 38,2025-07-12 14:00:00+00:00,0.018541273366123438
903,4275b813-3d57-4b01-93a2-7d8271130792,Stresemannstraße 38,2025-07-12 15:00:00+00:00,0.01830384024802468
904,4275b813-3d57-4b01-93a2-7d8271130792,Stresemannstraße 38,2025-07-12 16:00:00+00:00,0.017531509175133797
905,4275b813-3d57-4b01-93a2-7d8271130792,Stresemannstraße 38,2025-07-12 17:00:00+00:00,0.01735641782477597
906,4275b813-3d57-4b01-93a2-7d8271130792,Stresemannstraße 38,2025-07-12 18:00:00+00:00,0.016684604507020764
907,4275b813-3d57-4b01-93a2-7d8271130792,Stresemannstraße 38,2025-07-12 19:00:00+00:00,0.016161012756940613
908,4275b813-3d57-4b01-93a2-7d8271130792,Stresemannstraße 38,2025-07-12 20:00:00+00:00,0.016240125291777943
909,4275b813-3d57-4b01-93a2-7d8271130792,Stresemannstraße 38,2025-07-12 21:00:00+00:00,0.015852016785915725
910,4275b813-3d57-4b01-93a2-7d8271130792,Stresemannstraße 38,2025-07-12 22:00:00+00:00,0.015755520011129072
911,4275b813-3d57-4b01-93a2-7d8271130792,Stresemannstraße 38,2025-07-12 23:00:00+00:00,0.015387956684875232
912,4275b813-3d57-4b01-93a2-7d8271130792,Stresemannstraße 38,2025-07-13 00:00:00+00:00,0.015094166324274601
913,4275b813-3d57-4b01-93a2-7d8271130792,Stresemannstraße 38,2025-07-13 01:00:00+00:00,0.013362846191733007
914,4275b813-3d57-4b01-93a2-7d8271130792,Stresemannstraße 38,2025-07-13 02:00:00+00:00,0.01068418081316986
915,4275b813-3d57-4b01-93a2-7d8271130792,Stresemannstraße 38,2025-07-13 03:00:00+00:00,0.00730132568676383
916,4275b813-3d57-4b01-93a2-7d8271130792,Stresemannstraße 38,2025-07-13 04:00:00+00:00,0.0073527412246478215
917,4275b813-3d57-4b01-93a2-7d8271130792,Stresemannstraße 38,2025-07-13 05:00:00+00:00,0.007012405904957378
918,4275b813-3d57-4b01-93a2-7d8271130792,Stresemannstraße 38,2025-07-13 06:00:00+00:00,0.007294502081958367
919,4275b813-3d57-4b01-93a2-7d8271130792,Stresemannstraße 38,2025-07-13 07:00:00+00:00,0.008135333234202215
920,4275b813-3d57-4b01-93a2-7d8271130792,Stresemannstraße 38,2025-07-13 08:00:00+00:00,0.006515551288884159
921,4275b813-3d57-4b01-93a2-7d8271130792,Stresemannstraße 38,2025-07-13 09:00:00+00:00,0.006939070272065834
922,4275b813-3d57-4b01-93a2-7d8271130792,Stresemannstraße 38,2025-07-13 10:00:00+00:00,0.008066242449277393
923,4275b813-3d57-4b01-93a2-7d8271130792,Stresemannstraße 38,2025-07-13 11:00:00+00:00,0.008390370082248022
924,4275b813-3d57-4b01-93a2-7d8271130792,Stresemannstraße 38,2025-07-13 12:00:00+00:00,0.009022414335236038
925,4275b813-3d57-4b01-93a2-7d8271130792,Stresemannstraße 38,2025-07-13 13:00:00+00:00,0.009911231523035254
926,4275b813-3d57-4b01-93a2-7d8271130792,Stresemannstraße 38,2025-07-13 14:00:00+00:00,0.01064254445811
927,4275b813-3d57-4b01-93a2-7d8271130792,Stresemannstraße 38,2025-07-13 15:00:00+00:00,0.010352019309859213
928,4275b813-3d57-4b01-93a2-7d8271130792,Stresemannstraße 38,2025-07-13 16:00:00+00:00,0.009725331472852065
929,4275b813-3d57-4b01-93a2-7d8271130792,Stresemannstraße 38,2025-07-13 17:00:00+00:00,0.008677290059595385
930,4275b813-3d57-4b01-93a2-7d8271130792,Stresemannstraße 38,2025-07-13 18:00:00+00:00,0.007860583145280087
931,4275b813-3d57-4b01-93a2-7d8271130792,Stresemannstraße 38,2025-07-13 19:00:00+00:00,0.008476642986072813
932,4275b813-3d57-4b01-93a2-7d8271130792,Stresemannstraße 38,2025-07-13 20:00:00+00:00,0.00898676208249283
933,4275b813-3d57-4b01-93a2-7d8271130792,Stresemannstraße 38,2025-07-13 21:00:00+00:00,0.008285829491325187
934,4275b813-3d57-4b01-93a2-7d8271130792,Stresemannstraße 38,2025-07-13 22:00:00+00:00,0.008593802367050473
935,4275b813-3d57-4b01-93a2-7d8271130792,Stresemannstraße 38,2025-07-13 23:00:00+00:00,0.009258040860270338
936,444377cc-f3b9-45ed-984c-4a8bb6586feb,Kurpark - Großer Teich Süd Ost,2025-07-01 00:00:00+00:00,0.01508934898006223
937,444377cc-f3b9-45ed-984c-4a8bb6586feb,Kurpark - Großer Teich Süd Ost,2025-07-01 01:00:00+00:00,0.014854931083868598
938,444377cc-f3b9-45ed-984c-4a8bb6586feb,Kurpark - Großer Teich Süd Ost,2025-07-01 02:00:00+00:00,0.013887408365421124
939,444377cc-f3b9-45ed-984c-4a8bb6586feb,Kurpark - Großer Teich Süd Ost,2025-07-01 03:00:00+00:00,0.01354864023093281
940,444377cc-f3b9-45ed-984c-4a8bb6586feb,Kurpark - Großer Teich Süd Ost,2025-07-01 04:00:00+00:00,0.01325619505809311
941,444377cc-f3b9-45ed-984c-4a8bb6586feb,Kurpark - Großer Teich Süd Ost,2025-07-01 05:00:00+00:00,0.012130655768232643
942,444377cc-f3b9-45ed-984c-4a8bb6586feb,Kurpark - Großer Teich Süd Ost,2025-07-01 06:00:00+00:00,0.011915450784301607
943,444377cc-f3b9-45ed-984c-4a8bb6586feb,Kurpark - Großer Teich Süd Ost,2025-07-01 07:00:00+00:00,0.011665009246374222
944,444377cc-f3b9-45ed-984c-4a8bb6586feb,Kurpark - Großer Teich Süd Ost,2025-07-01 08:00:00+00:00,0.012466127032466105
945,444377cc-f3b9-45ed-984c-4a8bb6586feb,Kurpark - Großer Teich Süd Ost,2025-07-01 09:00:00+00:00,0.012981735994782329
946,444377cc-f3b9-45ed-984c-4a8bb6586feb,Kurpark - Großer Teich Süd Ost,2025-07-01 10:00:00+00:00,0.01377308746406992
947,444377cc-f3b9-45ed-984c-4a8bb6586feb,Kurpark - Großer Teich Süd Ost,2025-07-01 11:00:00+00:00,0.013864931006207686
948,444377cc-f3b9-45ed-984c-4a8bb6586feb,Kurpark - Großer Teich Süd Ost,2025-07-01 12:00:00+00:00,0.014030990077620192
949,444377cc-f3b9-45ed-984c-4a8bb6586feb,Kurpark - Großer Teich Süd Ost,2025-07-01 13:00:00+00:00,0.013434421436732524
950,444377cc-f3b9-45ed-984c-4a8bb6586feb,Kurpark - Großer Teich Süd Ost,2025-07-01 14:00:00+00:00,0.01336362737087244
951,444377cc-f3b9-45ed-984c-4a8bb6586feb,Kurpark - Großer Teich Süd Ost,2025-07-01 15:00:00+00:00,0.012774008070980265
952,444377cc-f3b9-45ed-984c-4a8bb6586feb,Kurpark - Großer Teich Süd Ost,2025-07-01 16:00:00+00:00,0.01226228674663247
953,444377cc-f3b9-45ed-984c-4a8bb6586feb,Kurpark - Großer Teich Süd Ost,2025-07-01 17:00:00+00:00,0.01072720387291065
954,444377cc-f3b9-45ed-984c-4a8bb6586feb,Kurpark - Großer Teich Süd Ost,2025-07-01 18:00:00+00:00,0.006745818245317244
955,444377cc-f3b9-45ed-984c-4a8bb6586feb,Kurpark - Großer Teich Süd Ost,2025-07-01 19:00:00+00:00,0.00723862000860848
956,444377cc-f3b9-45ed-984c-4a8bb6586feb,Kurpark - Großer Teich Süd Ost,2025-07-01 20:00:00+00:00,0.007952461461754051
957,444377cc-f3b9-45ed-984c-4a8bb6586feb,Kurpark - Großer Teich Süd Ost,2025-07-01 21:00:00+00:00,0.007609210712649537
958,444377cc-f3b9-45ed-984c-4a8bb6586feb,Kurpark - Großer Teich Süd Ost,2025-07-01 22:00:00+00:00,0.007722850088110815
959,444377cc-f3b9-45ed-984c-4a8bb6586feb,Kurpark - Großer Teich Süd Ost,2025-07-01 23:00:00+00:00,0.007770511229362424
960,444377cc-f3b9-45ed-984c-4a8bb6586feb,Kurpark - Großer Teich Süd Ost,2025-07-02 00:00:00+00:00,0.008468874201875346
961,444377cc-f3b9-45ed-984c-4a8bb6586feb,Kurpark - Großer Teich Süd Ost,2025-07-02 01:00:00+00:00,0.008240179632082185
962,444377cc-f3b9-45ed-984c-4a8bb6586feb,Kurpark - Großer Teich Süd Ost,2025-07-02 02:00:00+00:00,0.008051321597574733
963,444377cc-f3b9-45ed-984c-4a8bb6586feb,Kurpark - Großer Teich Süd Ost,2025-07-02 03:00:00+00:00,0.007514838775649973
964,444377cc-f3b9-45ed-984c-4a8bb6586feb,Kurpark - Großer Teich Süd Ost,2025-07-02 04:00:00+00:00,0.006994781619215745
965,444377cc-f3b9-45ed-984c-4a8bb6586feb,Kurpark - Großer Teich Süd Ost,2025-07-02 05:00:00+00:00,0.008362597802422515
966,444377cc-f3b9-45ed-984c-4a8bb6586feb,Kurpark - Großer Teich Süd Ost,2025-07-02 06:00:00+00:00,0.007277670572872213
967,444377cc-f3b9-45ed-984c-4a8bb6586feb,Kurpark - Großer Teich Süd Ost,2025-07-02 07:00:00+00:00,0.007651222142609223
968,444377cc-f3b9-45ed-984c-4a8bb6586feb,Kurpark - Großer Teich Süd Ost,2025-07-02 08:00:00+00:00,0.007740247062472098
969,444377cc-f3b9-45ed-984c-4a8bb6586feb,Kurpark - Großer Teich Süd Ost,2025-07-02 09:00:00+00:00,0.007981497951988818
970,444377cc-f3b9-45ed-984c-4a8bb6586feb,Kurpark - Großer Teich Süd Ost,2025-07-02 10:00:00+00:00,0.008598717811494684
971,444377cc-f3b9-45ed-984c-4a8bb6586feb,Kurpark - Großer Teich Süd Ost,2025-07-02 11:00:00+00:00,0.00897165928443375
972,444377cc-f3b9-45ed-984c-4a8bb6586feb,Kurpark - Großer Teich Süd Ost,2025-07-02 12:00:00+00:00,0.008827300893712586
973,444377cc-f3b9-45ed-984c-4a8bb6586feb,Kurpark - Großer Teich Süd Ost,2025-07-02 13:00:00+00:00,0.008818854320398535
974,444377cc-f3b9-45ed-984c-4a8bb6586feb,Kurpark - Großer Teich Süd Ost,2025-07-02 14:00:00+00:00,0.00868764310282644
975,444377cc-f3b9-45ed-984c-4a8bb6586feb,Kurpark - Großer Teich Süd Ost,2025-07-02 15:00:00+00:00,0.0085601282025945
976,444377cc-f3b9-45ed-984c-4a8bb6586feb,Kurpark - Großer Teich Süd Ost,2025-07-02 16:00:00+00:00,0.011860113249335011
977,444377cc-f3b9-45ed-984c-4a8bb6586feb,Kurpark - Großer Teich Süd Ost,2025-07-02 17:00:00+00:00,0.011676178832595252
978,444377cc-f3b9-45ed-984c-4a8bb6586feb,Kurpark - Großer Teich Süd Ost,2025-07-02 18:00:00+00:00,0.01176929684021531
979,444377cc-f3b9-45ed-984c-4a8bb6586feb,Kurpark - Großer Teich Süd Ost,2025-07-02 19:00:00+00:00,0.012577725643424988
980,444377cc-f3b9-45ed-984c-4a8bb6586feb,Kurpark - Großer Teich Süd Ost,2025-07-02 20:00:00+00:00,0.012503257457608623
981,444377cc-f3b9-45ed-984c-4a8bb6586feb,Kurpark - Großer Teich Süd Ost,2025-07-02 21:00:00+00:00,0.012233915025221245
982,444377cc-f3b9-45ed-984c-4a8bb6586feb,Kurpark - Großer Teich Süd Ost,2025-07-02 22:00:00+00:00,0.012020542605241982
983,444377cc-f3b9-45ed-984c-4a8bb6586feb,Kurpark - Großer Teich Süd Ost,2025-07-02 23:00:00+00:00,0.01180081842622164
984,444377cc-f3b9-45ed-984c-4a8bb6586feb,Kurpark - Großer Teich Süd Ost,2025-07-03 00:00:00+00:00,0.011661432068648796
985,444377cc-f3b9-45ed-984c-4a8bb6586feb,Kurpark - Großer Teich Süd Ost,2025-07-03 01:00:00+00:00,0.011628427580142582
986,444377cc-f3b9-45ed-984c-4a8bb6586feb,Kurpark - Großer Teich Süd Ost,2025-07-03 02:00:00+00:00,0.011364629706025744
987,444377cc-f3b9-45ed-984c-4a8bb6586feb,Kurpark - Großer Teich Süd Ost,2025-07-03 03:00:00+00:00,0.010953840005709085
988,444377cc-f3b9-45ed-984c-4a8bb6586feb,Kurpark - Großer Teich Süd Ost,2025-07-03 04:00:00+00:00,0.010075673051940463
989,444377cc-f3b9-45ed-984c-4a8bb6586feb,Kurpark - Großer Teich Süd Ost,2025-07-03 05:00:00+00:00,0.0071674794121693005
990,444377cc-f3b9-45ed-984c-4a8bb6586feb,Kurpark - Großer Teich Süd Ost,2025-07-03 06:00:00+00:00,0.006553886210225742
991,444377cc-f3b9-45ed-984c-4a8bb6586feb,Kurpark - Großer Teich Süd Ost,2025-07-03 07:00:00+00:00,0.006434955737833448
992,444377cc-f3b9-45ed-984c-4a8bb6586feb,Kurpark - Großer Teich Süd Ost,2025-07-03 08:00:00+00:00,0.00649744241965207
993,444377cc-f3b9-45ed-984c-4a8bb6586feb,Kurpark - Großer Teich Süd Ost,2025-07-03 09:00:00+00:00,0.006938439302328434
994,444377cc-f3b9-45ed-984c-4a8bb6586feb,Kurpark - Großer Teich Süd Ost,2025-07-03 10:00:00+00:00,0.0075483843818405305
995,444377cc-f3b9-45ed-984c-4a8bb6586feb,Kurpark - Großer Teich Süd Ost,2025-07-03 11:00:00+00:00,0.008315710899979196
996,444377cc-f3b9-45ed-984c-4a8bb6586feb,Kurpark - Großer Teich Süd Ost,2025-07-03 12:00:00+00:00,0.00899813362222612
997,444377cc-f3b9-45ed-984c-4a8bb6586feb,Kurpark - Großer Teich Süd Ost,2025-07-03 13:00:00+00:00,0.008118087404565853
998,444377cc-f3b9-45ed-984c-4a8bb6586feb,Kurpark - Großer Teich Süd Ost,2025-07-03 14:00:00+00:00,0.008234816873447586
999,444377cc-f3b9-45ed-984c-4a8bb6586feb,Kurpark - Großer Teich Süd Ost,2025-07-03 15:00:00+00:00,0.007477024323327267
1000,444377cc-f3b9-45ed-984c-4a8bb6586feb,Kurpark - Großer Teich Süd Ost,2025-07-03 16:00:00+00:00,0.007209655309225364
1001,444377cc-f3b9-45ed-984c-4a8bb6586feb,Kurpark - Großer Teich Süd Ost,2025-07-03 17:00:00+00:00,0.007241611963974345
1002,444377cc-f3b9-45ed-984c-4a8bb6586feb,Kurpark - Großer Teich Süd Ost,2025-07-03 18:00:00+00:00,0.007120845166823731
1003,444377cc-f3b9-45ed-984c-4a8bb6586feb,Kurpark - Großer Teich Süd Ost,2025-07-03 19:00:00+00:00,0.006973945665497411
1004,444377cc-f3b9-45ed-984c-4a8bb6586feb,Kurpark - Großer Teich Süd Ost,2025-07-03 20:00:00+00:00,0.006918109463194283
1005,444377cc-f3b9-45ed-984c-4a8bb6586feb,Kurpark - Großer Teich Süd Ost,2025-07-03 21:00:00+00:00,0.007096653230759261
1006,444377cc-f3b9-45ed-984c-4a8bb6586feb,Kurpark - Großer Teich Süd Ost,2025-07-03 22:00:00+00:00,0.007339726644547227
1007,444377cc-f3b9-45ed-984c-4a8bb6586feb,Kurpark - Großer Teich Süd Ost,2025-07-03 23:00:00+00:00,0.0071854168387503305
1008,444377cc-f3b9-45ed-984c-4a8bb6586feb,Kurpark - Großer Teich Süd Ost,2025-07-04 00:00:00+00:00,0.007066146200223747
1009,444377cc-f3b9-45ed-984c-4a8bb6586feb,Kurpark - Großer Teich Süd Ost,2025-07-04 01:00:00+00:00,0.007200519017609915
1010,444377cc-f3b9-45ed-984c-4a8bb6586feb,Kurpark - Großer Teich Süd Ost,2025-07-04 02:00:00+00:00,0.006950637726114428
1011,444377cc-f3b9-45ed-984c-4a8bb6586feb,Kurpark - Großer Teich Süd Ost,2025-07-04 03:00:00+00:00,0.006787969812690782
1012,444377cc-f3b9-45ed-984c-4a8bb6586feb,Kurpark - Großer Teich Süd Ost,2025-07-04 04:00:00+00:00,0.006181638621607834
1013,444377cc-f3b9-45ed-984c-4a8bb6586feb,Kurpark - Großer Teich Süd Ost,2025-07-04 05:00:00+00:00,0.0067141195684765525
1014,444377cc-f3b9-45ed-984c-4a8bb6586feb,Kurpark - Großer Teich Süd Ost,2025-07-04 06:00:00+00:00,0.00713028992001557
1015,444377cc-f3b9-45ed-984c-4a8bb6586feb,Kurpark - Großer Teich Süd Ost,2025-07-04 07:00:00+00:00,0.007521773260001185
1016,444377cc-f3b9-45ed-984c-4a8bb6586feb,Kurpark - Großer Teich Süd Ost,2025-07-04 08:00:00+00:00,0.008438384636448833
1017,444377cc-f3b9-45ed-984c-4a8bb6586feb,Kurpark - Großer Teich Süd Ost,2025-07-04 09:00:00+00:00,0.00944133012841709
1018,444377cc-f3b9-45ed-984c-4a8bb6586feb,Kurpark - Großer Teich Süd Ost,2025-07-04 10:00:00+00:00,0.00909230290032053
1019,444377cc-f3b9-45ed-984c-4a8bb6586feb,Kurpark - Großer Teich Süd Ost,2025-07-04 11:00:00+00:00,0.009264005511684272
1020,444377cc-f3b9-45ed-984c-4a8bb6586feb,Kurpark - Großer Teich Süd Ost,2025-07-04 12:00:00+00:00,0.010101441616751578
1021,444377cc-f3b9-45ed-984c-4a8bb6586feb,Kurpark - Großer Teich Süd Ost,2025-07-04 13:00:00+00:00,0.01077571676304155
1022,444377cc-f3b9-45ed-984c-4a8bb6586feb,Kurpark - Großer Teich Süd Ost,2025-07-04 14:00:00+00:00,0.01319679579762161
1023,444377cc-f3b9-45ed-984c-4a8bb6586feb,Kurpark - Großer Teich Süd Ost,2025-07-04 15:00:00+00:00,0.019512418093815057
1024,444377cc-f3b9-45ed-984c-4a8bb6586feb,Kurpark - Großer Teich Süd Ost,2025-07-04 16:00:00+00:00,0.01879816255341834
1025,444377cc-f3b9-45ed-984c-4a8bb6586feb,Kurpark - Großer Teich Süd Ost,2025-07-04 17:00:00+00:00,0.018809644254995466
1026,444377cc-f3b9-45ed-984c-4a8bb6586feb,Kurpark - Großer Teich Süd Ost,2025-07-04 18:00:00+00:00,0.018862896085706172
1027,444377cc-f3b9-45ed-984c-4a8bb6586feb,Kurpark - Großer Teich Süd Ost,2025-07-04 19:00:00+00:00,0.018803029295286242
1028,444377cc-f3b9-45ed-984c-4a8bb6586feb,Kurpark - Großer Teich Süd Ost,2025-07-04 20:00:00+00:00,0.018676220456642807
1029,444377cc-f3b9-45ed-984c-4a8bb6586feb,Kurpark - Großer Teich Süd Ost,2025-07-04 21:00:00+00:00,0.018672482883356805
1030,444377cc-f3b9-45ed-984c-4a8bb6586feb,Kurpark - Großer Teich Süd Ost,2025-07-04 22:00:00+00:00,0.018353793438522014
1031,444377cc-f3b9-45ed-984c-4a8bb6586feb,Kurpark - Großer Teich Süd Ost,2025-07-04 23:00:00+00:00,0.01843991953291789
1032,444377cc-f3b9-45ed-984c-4a8bb6586feb,Kurpark - Großer Teich Süd Ost,2025-07-05 00:00:00+00:00,0.018131741810657086
1033,444377cc-f3b9-45ed-984c-4a8bb6586feb,Kurpark - Großer Teich Süd Ost,2025-07-05 01:00:00+00:00,0.018048001860160326
1034,444377cc-f3b9-45ed-984c-4a8bb6586feb,Kurpark - Großer Teich Süd Ost,2025-07-05 02:00:00+00:00,0.017756768788574604
1035,444377cc-f3b9-45ed-984c-4a8bb6586feb,Kurpark - Großer Teich Süd Ost,2025-07-05 03:00:00+00:00,0.017752066856134983
1036,444377cc-f3b9-45ed-984c-4a8bb6586feb,Kurpark - Großer Teich Süd Ost,2025-07-05 04:00:00+00:00,0.0172617936249122
1037,444377cc-f3b9-45ed-984c-4a8bb6586feb,Kurpark - Großer Teich Süd Ost,2025-07-05 05:00:00+00:00,0.01646724008899931
1038,444377cc-f3b9-45ed-984c-4a8bb6586feb,Kurpark - Großer Teich Süd Ost,2025-07-05 06:00:00+00:00,0.016171144979465167
1039,444377cc-f3b9-45ed-984c-4a8bb6586feb,Kurpark - Großer Teich Süd Ost,2025-07-05 07:00:00+00:00,0.01651661507083146
1040,444377cc-f3b9-45ed-984c-4a8bb6586feb,Kurpark - Großer Teich Süd Ost,2025-07-05 08:00:00+00:00,0.02024449261670789
1041,444377cc-f3b9-45ed-984c-4a8bb6586feb,Kurpark - Großer Teich Süd Ost,2025-07-05 09:00:00+00:00,0.017301778867224768
1042,444377cc-f3b9-45ed-984c-4a8bb6586feb,Kurpark - Großer Teich Süd Ost,2025-07-05 10:00:00+00:00,0.022274193775749622
1043,444377cc-f3b9-45ed-984c-4a8bb6586feb,Kurpark - Großer Teich Süd Ost,2025-07-05 11:00:00+00:00,0.0272743363120623
1044,444377cc-f3b9-45ed-984c-4a8bb6586feb,Kurpark - Großer Teich Süd Ost,2025-07-05 12:00:00+00:00,0.029055026976011568
1045,444377cc-f3b9-45ed-984c-4a8bb6586feb,Kurpark - Großer Teich Süd Ost,2025-07-05 13:00:00+00:00,0.030888902461188406
1046,444377cc-f3b9-45ed-984c-4a8bb6586feb,Kurpark - Großer Teich Süd Ost,2025-07-05 14:00:00+00:00,0.02263487963795845
1047,444377cc-f3b9-45ed-984c-4a8bb6586feb,Kurpark - Großer Teich Süd Ost,2025-07-05 15:00:00+00:00,0.021164911405123877
1048,444377cc-f3b9-45ed-984c-4a8bb6586feb,Kurpark - Großer Teich Süd Ost,2025-07-05 16:00:00+00:00,0.01862340074742543
1049,444377cc-f3b9-45ed-984c-4a8bb6586feb,Kurpark - Großer Teich Süd Ost,2025-07-05 17:00:00+00:00,0.019469117078490344
1050,444377cc-f3b9-45ed-984c-4a8bb6586feb,Kurpark - Großer Teich Süd Ost,2025-07-05 18:00:00+00:00,0.01904416714228781
1051,444377cc-f3b9-45ed-984c-4a8bb6586feb,Kurpark - Großer Teich Süd Ost,2025-07-05 19:00:00+00:00,0.018969525073744595
1052,444377cc-f3b9-45ed-984c-4a8bb6586feb,Kurpark - Großer Teich Süd Ost,2025-07-05 20:00:00+00:00,0.018021996767432866
1053,444377cc-f3b9-45ed-984c-4a8bb6586feb,Kurpark - Großer Teich Süd Ost,2025-07-05 21:00:00+00:00,0.016828044559915163
1054,444377cc-f3b9-45ed-984c-4a8bb6586feb,Kurpark - Großer Teich Süd Ost,2025-07-05 22:00:00+00:00,0.01676710530008295
1055,444377cc-f3b9-45ed-984c-4a8bb6586feb,Kurpark - Großer Teich Süd Ost,2025-07-05 23:00:00+00:00,0.016382511699948126
1056,444377cc-f3b9-45ed-984c-4a8bb6586feb,Kurpark - Großer Teich Süd Ost,2025-07-06 00:00:00+00:00,0.017150130602106396
1057,444377cc-f3b9-45ed-984c-4a8bb6586feb,Kurpark - Großer Teich Süd Ost,2025-07-06 01:00:00+00:00,0.01785972225370758
1058,444377cc-f3b9-45ed-984c-4a8bb6586feb,Kurpark - Großer Teich Süd Ost,2025-07-06 02:00:00+00:00,0.01785804797339423
1059,444377cc-f3b9-45ed-984c-4a8bb6586feb,Kurpark - Großer Teich Süd Ost,2025-07-06 03:00:00+00:00,0.017298074012335452
1060,444377cc-f3b9-45ed-984c-4a8bb6586feb,Kurpark - Großer Teich Süd Ost,2025-07-06 04:00:00+00:00,0.017034499738238704
1061,444377cc-f3b9-45ed-984c-4a8bb6586feb,Kurpark - Großer Teich Süd Ost,2025-07-06 05:00:00+00:00,0.016506986200653145
1062,444377cc-f3b9-45ed-984c-4a8bb6586feb,Kurpark - Großer Teich Süd Ost,2025-07-06 06:00:00+00:00,0.01730158069893551
1063,444377cc-f3b9-45ed-984c-4a8bb6586feb,Kurpark - Großer Teich Süd Ost,2025-07-06 07:00:00+00:00,0.018239919339301303
1064,444377cc-f3b9-45ed-984c-4a8bb6586feb,Kurpark - Großer Teich Süd Ost,2025-07-06 08:00:00+00:00,0.015161759303077971
1065,444377cc-f3b9-45ed-984c-4a8bb6586feb,Kurpark - Großer Teich Süd Ost,2025-07-06 09:00:00+00:00,0.013366543660915732
1066,444377cc-f3b9-45ed-984c-4a8bb6586feb,Kurpark - Großer Teich Süd Ost,2025-07-06 10:00:00+00:00,0.013362470436373763
1067,444377cc-f3b9-45ed-984c-4a8bb6586feb,Kurpark - Großer Teich Süd Ost,2025-07-06 11:00:00+00:00,0.014857330306849522
1068,444377cc-f3b9-45ed-984c-4a8bb6586feb,Kurpark - Großer Teich Süd Ost,2025-07-06 12:00:00+00:00,0.01615429444410715
1069,444377cc-f3b9-45ed-984c-4a8bb6586feb,Kurpark - Großer Teich Süd Ost,2025-07-06 13:00:00+00:00,0.01774571916700808
1070,444377cc-f3b9-45ed-984c-4a8bb6586feb,Kurpark - Großer Teich Süd Ost,2025-07-06 14:00:00+00:00,0.017979200125433917
1071,444377cc-f3b9-45ed-984c-4a8bb6586feb,Kurpark - Großer Teich Süd Ost,2025-07-06 15:00:00+00:00,0.017287564390672198
1072,444377cc-f3b9-45ed-984c-4a8bb6586feb,Kurpark - Großer Teich Süd Ost,2025-07-06 16:00:00+00:00,0.01674100817023782
1073,444377cc-f3b9-45ed-984c-4a8bb6586feb,Kurpark - Großer Teich Süd Ost,2025-07-06 17:00:00+00:00,0.016128567342301257
1074,444377cc-f3b9-45ed-984c-4a8bb6586feb,Kurpark - Großer Teich Süd Ost,2025-07-06 18:00:00+00:00,0.016306797279173665
1075,444377cc-f3b9-45ed-984c-4a8bb6586feb,Kurpark - Großer Teich Süd Ost,2025-07-06 19:00:00+00:00,0.01554302815685777
1076,444377cc-f3b9-45ed-984c-4a8bb6586feb,Kurpark - Großer Teich Süd Ost,2025-07-06 20:00:00+00:00,0.014553656784029886
1077,444377cc-f3b9-45ed-984c-4a8bb6586feb,Kurpark - Großer Teich Süd Ost,2025-07-06 21:00:00+00:00,0.01393933228237098
1078,444377cc-f3b9-45ed-984c-4a8bb6586feb,Kurpark - Großer Teich Süd Ost,2025-07-06 22:00:00+00:00,0.01347408310493086
1079,444377cc-f3b9-45ed-984c-4a8bb6586feb,Kurpark - Großer Teich Süd Ost,2025-07-06 23:00:00+00:00,0.014220312585202004
1080,444377cc-f3b9-45ed-984c-4a8bb6586feb,Kurpark - Großer Teich Süd Ost,2025-07-07 00:00:00+00:00,0.014291518472470295
1081,444377cc-f3b9-45ed-984c-4a8bb6586feb,Kurpark - Großer Teich Süd Ost,2025-07-07 01:00:00+00:00,0.013966954466129177
1082,444377cc-f3b9-45ed-984c-4a8bb6586feb,Kurpark - Großer Teich Süd Ost,2025-07-07 02:00:00+00:00,0.01333799928282895
1083,444377cc-f3b9-45ed-984c-4a8bb6586feb,Kurpark - Großer Teich Süd Ost,2025-07-07 03:00:00+00:00,0.01481413498981577
1084,444377cc-f3b9-45ed-984c-4a8bb6586feb,Kurpark - Großer Teich Süd Ost,2025-07-07 04:00:00+00:00,0.01576447222013173
1085,444377cc-f3b9-45ed-984c-4a8bb6586feb,Kurpark - Großer Teich Süd Ost,2025-07-07 05:00:00+00:00,0.015723481941392663
1086,444377cc-f3b9-45ed-984c-4a8bb6586feb,Kurpark - Großer Teich Süd Ost,2025-07-07 06:00:00+00:00,0.01640878896399733
1087,444377cc-f3b9-45ed-984c-4a8bb6586feb,Kurpark - Großer Teich Süd Ost,2025-07-07 07:00:00+00:00,0.01752985875477834
1088,444377cc-f3b9-45ed-984c-4a8bb6586feb,Kurpark - Großer Teich Süd Ost,2025-07-07 08:00:00+00:00,0.01975879763833608
1089,444377cc-f3b9-45ed-984c-4a8bb6586feb,Kurpark - Großer Teich Süd Ost,2025-07-07 09:00:00+00:00,0.026329973155993548
1090,444377cc-f3b9-45ed-984c-4a8bb6586feb,Kurpark - Großer Teich Süd Ost,2025-07-07 10:00:00+00:00,0.02732551431436762
1091,444377cc-f3b9-45ed-984c-4a8bb6586feb,Kurpark - Großer Teich Süd Ost,2025-07-07 11:00:00+00:00,0.030213766607641954
1092,444377cc-f3b9-45ed-984c-4a8bb6586feb,Kurpark - Großer Teich Süd Ost,2025-07-07 12:00:00+00:00,0.01998135142768327
1093,444377cc-f3b9-45ed-984c-4a8bb6586feb,Kurpark - Großer Teich Süd Ost,2025-07-07 13:00:00+00:00,0.010714751219560035
1094,444377cc-f3b9-45ed-984c-4a8bb6586feb,Kurpark - Großer Teich Süd Ost,2025-07-07 14:00:00+00:00,0.009373042884906297
1095,444377cc-f3b9-45ed-984c-4a8bb6586feb,Kurpark - Großer Teich Süd Ost,2025-07-07 15:00:00+00:00,0.008446806670674057
1096,444377cc-f3b9-45ed-984c-4a8bb6586feb,Kurpark - Großer Teich Süd Ost,2025-07-07 16:00:00+00:00,0.007766658643711631
1097,444377cc-f3b9-45ed-984c-4a8bb6586feb,Kurpark - Großer Teich Süd Ost,2025-07-07 17:00:00+00:00,0.007852819034070866
1098,444377cc-f3b9-45ed-984c-4a8bb6586feb,Kurpark - Großer Teich Süd Ost,2025-07-07 18:00:00+00:00,0.00802203215327291
1099,444377cc-f3b9-45ed-984c-4a8bb6586feb,Kurpark - Großer Teich Süd Ost,2025-07-07 19:00:00+00:00,0.010587561112124855
1100,444377cc-f3b9-45ed-984c-4a8bb6586feb,Kurpark - Großer Teich Süd Ost,2025-07-07 20:00:00+00:00,0.010940003649565518
1101,444377cc-f3b9-45ed-984c-4a8bb6586feb,Kurpark - Großer Teich Süd Ost,2025-07-07 21:00:00+00:00,0.01083907532394033
1102,444377cc-f3b9-45ed-984c-4a8bb6586feb,Kurpark - Großer Teich Süd Ost,2025-07-07 22:00:00+00:00,0.010911975776613115
1103,444377cc-f3b9-45ed-984c-4a8bb6586feb,Kurpark - Großer Teich Süd Ost,2025-07-07 23:00:00+00:00,0.011109945827637783
1104,444377cc-f3b9-45ed-984c-4a8bb6586feb,Kurpark - Großer Teich Süd Ost,2025-07-08 00:00:00+00:00,0.010923282153477192
1105,444377cc-f3b9-45ed-984c-4a8bb6586feb,Kurpark - Großer Teich Süd Ost,2025-07-08 01:00:00+00:00,0.010844099316001492
1106,444377cc-f3b9-45ed-984c-4a8bb6586feb,Kurpark - Großer Teich Süd Ost,2025-07-08 02:00:00+00:00,0.009725367419158434
1107,444377cc-f3b9-45ed-984c-4a8bb6586feb,Kurpark - Großer Teich Süd Ost,2025-07-08 03:00:00+00:00,0.009504240607511207
1108,444377cc-f3b9-45ed-984c-4a8bb6586feb,Kurpark - Großer Teich Süd Ost,2025-07-08 04:00:00+00:00,0.009891478908736063
1109,444377cc-f3b9-45ed-984c-4a8bb6586feb,Kurpark - Großer Teich Süd Ost,2025-07-08 05:00:00+00:00,0.011088463280677726
1110,444377cc-f3b9-45ed-984c-4a8bb6586feb,Kurpark - Großer Teich Süd Ost,2025-07-08 06:00:00+00:00,0.010839217385676279
1111,444377cc-f3b9-45ed-984c-4a8bb6586feb,Kurpark - Großer Teich Süd Ost,2025-07-08 07:00:00+00:00,0.0109800076348947
1112,444377cc-f3b9-45ed-984c-4a8bb6586feb,Kurpark - Großer Teich Süd Ost,2025-07-08 08:00:00+00:00,0.011738597822781156
1113,444377cc-f3b9-45ed-984c-4a8bb6586feb,Kurpark - Großer Teich Süd Ost,2025-07-08 09:00:00+00:00,0.011858679969637116
1114,444377cc-f3b9-45ed-984c-4a8bb6586feb,Kurpark - Großer Teich Süd Ost,2025-07-08 10:00:00+00:00,0.011882396460870723
1115,444377cc-f3b9-45ed-984c-4a8bb6586feb,Kurpark - Großer Teich Süd Ost,2025-07-08 11:00:00+00:00,0.011764339038938986
1116,444377cc-f3b9-45ed-984c-4a8bb6586feb,Kurpark - Großer Teich Süd Ost,2025-07-08 12:00:00+00:00,0.011829115742360912
1117,444377cc-f3b9-45ed-984c-4a8bb6586feb,Kurpark - Großer Teich Süd Ost,2025-07-08 13:00:00+00:00,0.013643583554661522
1118,444377cc-f3b9-45ed-984c-4a8bb6586feb,Kurpark - Großer Teich Süd Ost,2025-07-08 14:00:00+00:00,0.013083931937669767
1119,444377cc-f3b9-45ed-984c-4a8bb6586feb,Kurpark - Großer Teich Süd Ost,2025-07-08 15:00:00+00:00,0.01286630840188252
1120,444377cc-f3b9-45ed-984c-4a8bb6586feb,Kurpark - Großer Teich Süd Ost,2025-07-08 16:00:00+00:00,0.013266816688854153
1121,444377cc-f3b9-45ed-984c-4a8bb6586feb,Kurpark - Großer Teich Süd Ost,2025-07-08 17:00:00+00:00,0.012182796769832149
1122,444377cc-f3b9-45ed-984c-4a8bb6586feb,Kurpark - Großer Teich Süd Ost,2025-07-08 18:00:00+00:00,0.01255346767264186
1123,444377cc-f3b9-45ed-984c-4a8bb6586feb,Kurpark - Großer Teich Süd Ost,2025-07-08 19:00:00+00:00,0.010093358123243705
1124,444377cc-f3b9-45ed-984c-4a8bb6586feb,Kurpark - Großer Teich Süd Ost,2025-07-08 20:00:00+00:00,0.010799398567903466
1125,444377cc-f3b9-45ed-984c-4a8bb6586feb,Kurpark - Großer Teich Süd Ost,2025-07-08 21:00:00+00:00,0.010351666139160812
1126,444377cc-f3b9-45ed-984c-4a8bb6586feb,Kurpark - Großer Teich Süd Ost,2025-07-08 22:00:00+00:00,0.010612274074951437
1127,444377cc-f3b9-45ed-984c-4a8bb6586feb,Kurpark - Großer Teich Süd Ost,2025-07-08 23:00:00+00:00,0.010294615800481662
1128,444377cc-f3b9-45ed-984c-4a8bb6586feb,Kurpark - Großer Teich Süd Ost,2025-07-09 00:00:00+00:00,0.010913316290501874
1129,444377cc-f3b9-45ed-984c-4a8bb6586feb,Kurpark - Großer Teich Süd Ost,2025-07-09 01:00:00+00:00,0.01073806928670738
1130,444377cc-f3b9-45ed-984c-4a8bb6586feb,Kurpark - Großer Teich Süd Ost,2025-07-09 02:00:00+00:00,0.010515466777630504
1131,444377cc-f3b9-45ed-984c-4a8bb6586feb,Kurpark - Großer Teich Süd Ost,2025-07-09 03:00:00+00:00,0.009798538796277631
1132,444377cc-f3b9-45ed-984c-4a8bb6586feb,Kurpark - Großer Teich Süd Ost,2025-07-09 04:00:00+00:00,0.009071567318991204
1133,444377cc-f3b9-45ed-984c-4a8bb6586feb,Kurpark - Großer Teich Süd Ost,2025-07-09 05:00:00+00:00,0.010266513435066115
1134,444377cc-f3b9-45ed-984c-4a8bb6586feb,Kurpark - Großer Teich Süd Ost,2025-07-09 06:00:00+00:00,0.009904857032763562
1135,444377cc-f3b9-45ed-984c-4a8bb6586feb,Kurpark - Großer Teich Süd Ost,2025-07-09 07:00:00+00:00,0.01039497833057454
1136,444377cc-f3b9-45ed-984c-4a8bb6586feb,Kurpark - Großer Teich Süd Ost,2025-07-09 08:00:00+00:00,0.010078132088776826
1137,444377cc-f3b9-45ed-984c-4a8bb6586feb,Kurpark - Großer Teich Süd Ost,2025-07-09 09:00:00+00:00,0.0094627277676106
1138,444377cc-f3b9-45ed-984c-4a8bb6586feb,Kurpark - Großer Teich Süd Ost,2025-07-09 10:00:00+00:00,0.00983833937189352
1139,444377cc-f3b9-45ed-984c-4a8bb6586feb,Kurpark - Großer Teich Süd Ost,2025-07-09 11:00:00+00:00,0.010576918305717572
1140,444377cc-f3b9-45ed-984c-4a8bb6586feb,Kurpark - Großer Teich Süd Ost,2025-07-09 12:00:00+00:00,0.010878023549185722
1141,444377cc-f3b9-45ed-984c-4a8bb6586feb,Kurpark - Großer Teich Süd Ost,2025-07-09 13:00:00+00:00,0.009792969239323985
1142,444377cc-f3b9-45ed-984c-4a8bb6586feb,Kurpark - Großer Teich Süd Ost,2025-07-09 14:00:00+00:00,0.01295583638494567
1143,444377cc-f3b9-45ed-984c-4a8bb6586feb,Kurpark - Großer Teich Süd Ost,2025-07-09 15:00:00+00:00,0.01437227010029393
1144,444377cc-f3b9-45ed-984c-4a8bb6586feb,Kurpark - Großer Teich Süd Ost,2025-07-09 16:00:00+00:00,0.014661965351797698
1145,444377cc-f3b9-45ed-984c-4a8bb6586feb,Kurpark - Großer Teich Süd Ost,2025-07-09 17:00:00+00:00,0.014003930160470133
1146,444377cc-f3b9-45ed-984c-4a8bb6586feb,Kurpark - Großer Teich Süd Ost,2025-07-09 18:00:00+00:00,0.013348216348280147
1147,444377cc-f3b9-45ed-984c-4a8bb6586feb,Kurpark - Großer Teich Süd Ost,2025-07-09 19:00:00+00:00,0.013175010251645407
1148,444377cc-f3b9-45ed-984c-4a8bb6586feb,Kurpark - Großer Teich Süd Ost,2025-07-09 20:00:00+00:00,0.01254306688254031
1149,444377cc-f3b9-45ed-984c-4a8bb6586feb,Kurpark - Großer Teich Süd Ost,2025-07-09 21:00:00+00:00,0.011913107927483613
1150,444377cc-f3b9-45ed-984c-4a8bb6586feb,Kurpark - Großer Teich Süd Ost,2025-07-09 22:00:00+00:00,0.011497639104146687
1151,444377cc-f3b9-45ed-984c-4a8bb6586feb,Kurpark - Großer Teich Süd Ost,2025-07-09 23:00:00+00:00,0.01120736844139288
1152,444377cc-f3b9-45ed-984c-4a8bb6586feb,Kurpark - Großer Teich Süd Ost,2025-07-10 00:00:00+00:00,0.011212075170583485
1153,444377cc-f3b9-45ed-984c-4a8bb6586feb,Kurpark - Großer Teich Süd Ost,2025-07-10 01:00:00+00:00,0.0112967063062397
1154,444377cc-f3b9-45ed-984c-4a8bb6586feb,Kurpark - Großer Teich Süd Ost,2025-07-10 02:00:00+00:00,0.01131466107770886
1155,444377cc-f3b9-45ed-984c-4a8bb6586feb,Kurpark - Großer Teich Süd Ost,2025-07-10 03:00:00+00:00,0.011250788848744404
1156,444377cc-f3b9-45ed-984c-4a8bb6586feb,Kurpark - Großer Teich Süd Ost,2025-07-10 04:00:00+00:00,0.010849356341020012
1157,444377cc-f3b9-45ed-984c-4a8bb6586feb,Kurpark - Großer Teich Süd Ost,2025-07-10 05:00:00+00:00,0.008324672204847209
1158,444377cc-f3b9-45ed-984c-4a8bb6586feb,Kurpark - Großer Teich Süd Ost,2025-07-10 06:00:00+00:00,0.007985946691238921
1159,444377cc-f3b9-45ed-984c-4a8bb6586feb,Kurpark - Großer Teich Süd Ost,2025-07-10 07:00:00+00:00,0.008580313655537696
1160,444377cc-f3b9-45ed-984c-4a8bb6586feb,Kurpark - Großer Teich Süd Ost,2025-07-10 08:00:00+00:00,0.008803247878253286
1161,444377cc-f3b9-45ed-984c-4a8bb6586feb,Kurpark - Großer Teich Süd Ost,2025-07-10 09:00:00+00:00,0.009186069979890889
1162,444377cc-f3b9-45ed-984c-4a8bb6586feb,Kurpark - Großer Teich Süd Ost,2025-07-10 10:00:00+00:00,0.00965926050952337
1163,444377cc-f3b9-45ed-984c-4a8bb6586feb,Kurpark - Großer Teich Süd Ost,2025-07-10 11:00:00+00:00,0.009433702662953554
1164,444377cc-f3b9-45ed-984c-4a8bb6586feb,Kurpark - Großer Teich Süd Ost,2025-07-10 12:00:00+00:00,0.010005150565654885
1165,444377cc-f3b9-45ed-984c-4a8bb6586feb,Kurpark - Großer Teich Süd Ost,2025-07-10 13:00:00+00:00,0.0067755826113116025
1166,444377cc-f3b9-45ed-984c-4a8bb6586feb,Kurpark - Großer Teich Süd Ost,2025-07-10 14:00:00+00:00,0.008655765249605202
1167,444377cc-f3b9-45ed-984c-4a8bb6586feb,Kurpark - Großer Teich Süd Ost,2025-07-10 15:00:00+00:00,0.008374591363122463
1168,444377cc-f3b9-45ed-984c-4a8bb6586feb,Kurpark - Großer Teich Süd Ost,2025-07-10 16:00:00+00:00,0.008367136826741263
1169,444377cc-f3b9-45ed-984c-4a8bb6586feb,Kurpark - Großer Teich Süd Ost,2025-07-10 17:00:00+00:00,0.008898094735345117
1170,444377cc-f3b9-45ed-984c-4a8bb6586feb,Kurpark - Großer Teich Süd Ost,2025-07-10 18:00:00+00:00,0.008658505075498184
1171,444377cc-f3b9-45ed-984c-4a8bb6586feb,Kurpark - Großer Teich Süd Ost,2025-07-10 19:00:00+00:00,0.008305762191916068
1172,444377cc-f3b9-45ed-984c-4a8bb6586feb,Kurpark - Großer Teich Süd Ost,2025-07-10 20:00:00+00:00,0.008145217716211437
1173,444377cc-f3b9-45ed-984c-4a8bb6586feb,Kurpark - Großer Teich Süd Ost,2025-07-10 21:00:00+00:00,0.00831854839571444
1174,444377cc-f3b9-45ed-984c-4a8bb6586feb,Kurpark - Großer Teich Süd Ost,2025-07-10 22:00:00+00:00,0.008684165773522056
1175,444377cc-f3b9-45ed-984c-4a8bb6586feb,Kurpark - Großer Teich Süd Ost,2025-07-10 23:00:00+00:00,0.008535330098345235
1176,444377cc-f3b9-45ed-984c-4a8bb6586feb,Kurpark - Großer Teich Süd Ost,2025-07-11 00:00:00+00:00,0.008599034937700608
1177,444377cc-f3b9-45ed-984c-4a8bb6586feb,Kurpark - Großer Teich Süd Ost,2025-07-11 01:00:00+00:00,0.00879143275378169
1178,444377cc-f3b9-45ed-984c-4a8bb6586feb,Kurpark - Großer Teich Süd Ost,2025-07-11 02:00:00+00:00,0.00947602020284072
1179,444377cc-f3b9-45ed-984c-4a8bb6586feb,Kurpark - Großer Teich Süd Ost,2025-07-11 03:00:00+00:00,0.009337692245848775
1180,444377cc-f3b9-45ed-984c-4a8bb6586feb,Kurpark - Großer Teich Süd Ost,2025-07-11 04:00:00+00:00,0.009764995842037296
1181,444377cc-f3b9-45ed-984c-4a8bb6586feb,Kurpark - Großer Teich Süd Ost,2025-07-11 05:00:00+00:00,0.0093154855147817
1182,444377cc-f3b9-45ed-984c-4a8bb6586feb,Kurpark - Großer Teich Süd Ost,2025-07-11 06:00:00+00:00,0.009333495937128051
1183,444377cc-f3b9-45ed-984c-4a8bb6586feb,Kurpark - Großer Teich Süd Ost,2025-07-11 07:00:00+00:00,0.0092686993750802
1184,444377cc-f3b9-45ed-984c-4a8bb6586feb,Kurpark - Großer Teich Süd Ost,2025-07-11 08:00:00+00:00,0.010927655561422408
1185,444377cc-f3b9-45ed-984c-4a8bb6586feb,Kurpark - Großer Teich Süd Ost,2025-07-11 09:00:00+00:00,0.01165376917754839
1186,444377cc-f3b9-45ed-984c-4a8bb6586feb,Kurpark - Großer Teich Süd Ost,2025-07-11 10:00:00+00:00,0.012343295342930249
1187,444377cc-f3b9-45ed-984c-4a8bb6586feb,Kurpark - Großer Teich Süd Ost,2025-07-11 11:00:00+00:00,0.012655927627941864
1188,444377cc-f3b9-45ed-984c-4a8bb6586feb,Kurpark - Großer Teich Süd Ost,2025-07-11 12:00:00+00:00,0.013151296360021754
1189,444377cc-f3b9-45ed-984c-4a8bb6586feb,Kurpark - Großer Teich Süd Ost,2025-07-11 13:00:00+00:00,0.014616078256439036
1190,444377cc-f3b9-45ed-984c-4a8bb6586feb,Kurpark - Großer Teich Süd Ost,2025-07-11 14:00:00+00:00,0.015433661359414977
1191,444377cc-f3b9-45ed-984c-4a8bb6586feb,Kurpark - Großer Teich Süd Ost,2025-07-11 15:00:00+00:00,0.020773542112760283
1192,444377cc-f3b9-45ed-984c-4a8bb6586feb,Kurpark - Großer Teich Süd Ost,2025-07-11 16:00:00+00:00,0.019891533974128853
1193,444377cc-f3b9-45ed-984c-4a8bb6586feb,Kurpark - Großer Teich Süd Ost,2025-07-11 17:00:00+00:00,0.0199540831988213
1194,444377cc-f3b9-45ed-984c-4a8bb6586feb,Kurpark - Großer Teich Süd Ost,2025-07-11 18:00:00+00:00,0.019868257796501927
1195,444377cc-f3b9-45ed-984c-4a8bb6586feb,Kurpark - Großer Teich Süd Ost,2025-07-11 19:00:00+00:00,0.019636478505311503
1196,444377cc-f3b9-45ed-984c-4a8bb6586feb,Kurpark - Großer Teich Süd Ost,2025-07-11 20:00:00+00:00,0.019312411061085277
1197,444377cc-f3b9-45ed-984c-4a8bb6586feb,Kurpark - Großer Teich Süd Ost,2025-07-11 21:00:00+00:00,0.019221690437060783
1198,444377cc-f3b9-45ed-984c-4a8bb6586feb,Kurpark - Großer Teich Süd Ost,2025-07-11 22:00:00+00:00,0.018703648336275462
1199,444377cc-f3b9-45ed-984c-4a8bb6586feb,Kurpark - Großer Teich Süd Ost,2025-07-11 23:00:00+00:00,0.018894668553615174
1200,444377cc-f3b9-45ed-984c-4a8bb6586feb,Kurpark - Großer Teich Süd Ost,2025-07-12 00:00:00+00:00,0.01867225890912545
1201,444377cc-f3b9-45ed-984c-4a8bb6586feb,Kurpark - Großer Teich Süd Ost,2025-07-12 01:00:00+00:00,0.018647069962500613
1202,444377cc-f3b9-45ed-984c-4a8bb6586feb,Kurpark - Großer Teich Süd Ost,2025-07-12 02:00:00+00:00,0.01795805359376793
1203,444377cc-f3b9-45ed-984c-4a8bb6586feb,Kurpark - Großer Teich Süd Ost,2025-07-12 03:00:00+00:00,0.017526508482251034
1204,444377cc-f3b9-45ed-984c-4a8bb6586feb,Kurpark - Großer Teich Süd Ost,2025-07-12 04:00:00+00:00,0.016816384298975064
1205,444377cc-f3b9-45ed-984c-4a8bb6586feb,Kurpark - Großer Teich Süd Ost,2025-07-12 05:00:00+00:00,0.016541163397511834
1206,444377cc-f3b9-45ed-984c-4a8bb6586feb,Kurpark - Großer Teich Süd Ost,2025-07-12 06:00:00+00:00,0.016427865698157428
1207,444377cc-f3b9-45ed-984c-4a8bb6586feb,Kurpark - Großer Teich Süd Ost,2025-07-12 07:00:00+00:00,0.016731388334083164
1208,444377cc-f3b9-45ed-984c-4a8bb6586feb,Kurpark - Großer Teich Süd Ost,2025-07-12 08:00:00+00:00,0.02051511516371064
1209,444377cc-f3b9-45ed-984c-4a8bb6586feb,Kurpark - Großer Teich Süd Ost,2025-07-12 09:00:00+00:00,0.01770982224082023
1210,444377cc-f3b9-45ed-984c-4a8bb6586feb,Kurpark - Großer Teich Süd Ost,2025-07-12 10:00:00+00:00,0.018688414969687185
1211,444377cc-f3b9-45ed-984c-4a8bb6586feb,Kurpark - Großer Teich Süd Ost,2025-07-12 11:00:00+00:00,0.02094710895157247
1212,444377cc-f3b9-45ed-984c-4a8bb6586feb,Kurpark - Großer Teich Süd Ost,2025-07-12 12:00:00+00:00,0.02296757659879698
1213,444377cc-f3b9-45ed-984c-4a8bb6586feb,Kurpark - Großer Teich Süd Ost,2025-07-12 13:00:00+00:00,0.025914929468999183
1214,444377cc-f3b9-45ed-984c-4a8bb6586feb,Kurpark - Großer Teich Süd Ost,2025-07-12 14:00:00+00:00,0.017445279308284177
1215,444377cc-f3b9-45ed-984c-4a8bb6586feb,Kurpark - Großer Teich Süd Ost,2025-07-12 15:00:00+00:00,0.015452076576596498
1216,444377cc-f3b9-45ed-984c-4a8bb6586feb,Kurpark - Großer Teich Süd Ost,2025-07-12 16:00:00+00:00,0.01162335647945852
1217,444377cc-f3b9-45ed-984c-4a8bb6586feb,Kurpark - Großer Teich Süd Ost,2025-07-12 17:00:00+00:00,0.010253987336105148
1218,444377cc-f3b9-45ed-984c-4a8bb6586feb,Kurpark - Großer Teich Süd Ost,2025-07-12 18:00:00+00:00,0.008749796976763282
1219,444377cc-f3b9-45ed-984c-4a8bb6586feb,Kurpark - Großer Teich Süd Ost,2025-07-12 19:00:00+00:00,0.008835129941995949
1220,444377cc-f3b9-45ed-984c-4a8bb6586feb,Kurpark - Großer Teich Süd Ost,2025-07-12 20:00:00+00:00,0.008550726288598914
1221,444377cc-f3b9-45ed-984c-4a8bb6586feb,Kurpark - Großer Teich Süd Ost,2025-07-12 21:00:00+00:00,0.007531395956464755
1222,444377cc-f3b9-45ed-984c-4a8bb6586feb,Kurpark - Großer Teich Süd Ost,2025-07-12 22:00:00+00:00,0.007604858894130785
1223,444377cc-f3b9-45ed-984c-4a8bb6586feb,Kurpark - Großer Teich Süd Ost,2025-07-12 23:00:00+00:00,0.007925903191168244
1224,444377cc-f3b9-45ed-984c-4a8bb6586feb,Kurpark - Großer Teich Süd Ost,2025-07-13 00:00:00+00:00,0.009116905886583013
1225,444377cc-f3b9-45ed-984c-4a8bb6586feb,Kurpark - Großer Teich Süd Ost,2025-07-13 01:00:00+00:00,0.009977922038379954
1226,444377cc-f3b9-45ed-984c-4a8bb6586feb,Kurpark - Großer Teich Süd Ost,2025-07-13 02:00:00+00:00,0.01027080367776662
1227,444377cc-f3b9-45ed-984c-4a8bb6586feb,Kurpark - Großer Teich Süd Ost,2025-07-13 03:00:00+00:00,0.010220808336166457
1228,444377cc-f3b9-45ed-984c-4a8bb6586feb,Kurpark - Großer Teich Süd Ost,2025-07-13 04:00:00+00:00,0.01077786812930371
1229,444377cc-f3b9-45ed-984c-4a8bb6586feb,Kurpark - Großer Teich Süd Ost,2025-07-13 05:00:00+00:00,0.010953429726680928
1230,444377cc-f3b9-45ed-984c-4a8bb6586feb,Kurpark - Großer Teich Süd Ost,2025-07-13 06:00:00+00:00,0.011884641844941212
1231,444377cc-f3b9-45ed-984c-4a8bb6586feb,Kurpark - Großer Teich Süd Ost,2025-07-13 07:00:00+00:00,0.013123158946175991
1232,444377cc-f3b9-45ed-984c-4a8bb6586feb,Kurpark - Großer Teich Süd Ost,2025-07-13 08:00:00+00:00,0.01052450150129068
1233,444377cc-f3b9-45ed-984c-4a8bb6586feb,Kurpark - Großer Teich Süd Ost,2025-07-13 09:00:00+00:00,0.0087154361459443
1234,444377cc-f3b9-45ed-984c-4a8bb6586feb,Kurpark - Großer Teich Süd Ost,2025-07-13 10:00:00+00:00,0.009269495597909445
1235,444377cc-f3b9-45ed-984c-4a8bb6586feb,Kurpark - Großer Teich Süd Ost,2025-07-13 11:00:00+00:00,0.013148559702184214
1236,444377cc-f3b9-45ed-984c-4a8bb6586feb,Kurpark - Großer Teich Süd Ost,2025-07-13 12:00:00+00:00,0.01737863879476096
1237,444377cc-f3b9-45ed-984c-4a8bb6586feb,Kurpark - Großer Teich Süd Ost,2025-07-13 13:00:00+00:00,0.0185268962465284
1238,444377cc-f3b9-45ed-984c-4a8bb6586feb,Kurpark - Großer Teich Süd Ost,2025-07-13 14:00:00+00:00,0.017714813051535598
1239,444377cc-f3b9-45ed-984c-4a8bb6586feb,Kurpark - Großer Teich Süd Ost,2025-07-13 15:00:00+00:00,0.01658134173301843
1240,444377cc-f3b9-45ed-984c-4a8bb6586feb,Kurpark - Großer Teich Süd Ost,2025-07-13 16:00:00+00:00,0.016303994451355403
1241,444377cc-f3b9-45ed-984c-4a8bb6586feb,Kurpark - Großer Teich Süd Ost,2025-07-13 17:00:00+00:00,0.016602719314766833
1242,444377cc-f3b9-45ed-984c-4a8bb6586feb,Kurpark - Großer Teich Süd Ost,2025-07-13 18:00:00+00:00,0.016442534307315574
1243,444377cc-f3b9-45ed-984c-4a8bb6586feb,Kurpark - Großer Teich Süd Ost,2025-07-13 19:00:00+00:00,0.01575331347548024
1244,444377cc-f3b9-45ed-984c-4a8bb6586feb,Kurpark - Großer Teich Süd Ost,2025-07-13 20:00:00+00:00,0.014173095064562631
1245,444377cc-f3b9-45ed-984c-4a8bb6586feb,Kurpark - Großer Teich Süd Ost,2025-07-13 21:00:00+00:00,0.013899891143200008
1246,444377cc-f3b9-45ed-984c-4a8bb6586feb,Kurpark - Großer Teich Süd Ost,2025-07-13 22:00:00+00:00,0.013817747171982567
1247,444377cc-f3b9-45ed-984c-4a8bb6586feb,Kurpark - Großer Teich Süd Ost,2025-07-13 23:00:00+00:00,0.014502002173068141
1248,481da5b9-afd5-44c5-b29b-6c3e23a59bcb,Hauptstraße 8,2025-07-01 00:00:00+00:00,0.017407322223940487
1249,481da5b9-afd5-44c5-b29b-6c3e23a59bcb,Hauptstraße 8,2025-07-01 01:00:00+00:00,0.018127834959097363
1250,481da5b9-afd5-44c5-b29b-6c3e23a59bcb,Hauptstraße 8,2025-07-01 02:00:00+00:00,0.01787080600688184
1251,481da5b9-afd5-44c5-b29b-6c3e23a59bcb,Hauptstraße 8,2025-07-01 03:00:00+00:00,0.017343999421946518
1252,481da5b9-afd5-44c5-b29b-6c3e23a59bcb,Hauptstraße 8,2025-07-01 04:00:00+00:00,0.01821804688092498
1253,481da5b9-afd5-44c5-b29b-6c3e23a59bcb,Hauptstraße 8,2025-07-01 05:00:00+00:00,0.020565089483455316
1254,481da5b9-afd5-44c5-b29b-6c3e23a59bcb,Hauptstraße 8,2025-07-01 06:00:00+00:00,0.021610642440194484
1255,481da5b9-afd5-44c5-b29b-6c3e23a59bcb,Hauptstraße 8,2025-07-01 07:00:00+00:00,0.023244159163807104
1256,481da5b9-afd5-44c5-b29b-6c3e23a59bcb,Hauptstraße 8,2025-07-01 08:00:00+00:00,0.024078132611391124
1257,481da5b9-afd5-44c5-b29b-6c3e23a59bcb,Hauptstraße 8,2025-07-01 09:00:00+00:00,0.022642491843284374
1258,481da5b9-afd5-44c5-b29b-6c3e23a59bcb,Hauptstraße 8,2025-07-01 10:00:00+00:00,0.02186766478093649
1259,481da5b9-afd5-44c5-b29b-6c3e23a59bcb,Hauptstraße 8,2025-07-01 11:00:00+00:00,0.021528307136801025
1260,481da5b9-afd5-44c5-b29b-6c3e23a59bcb,Hauptstraße 8,2025-07-01 12:00:00+00:00,0.027967701111475736
1261,481da5b9-afd5-44c5-b29b-6c3e23a59bcb,Hauptstraße 8,2025-07-01 13:00:00+00:00,0.036364051783473274
1262,481da5b9-afd5-44c5-b29b-6c3e23a59bcb,Hauptstraße 8,2025-07-01 14:00:00+00:00,0.043586287004646986
1263,481da5b9-afd5-44c5-b29b-6c3e23a59bcb,Hauptstraße 8,2025-07-01 15:00:00+00:00,0.04486030132072278
1264,481da5b9-afd5-44c5-b29b-6c3e23a59bcb,Hauptstraße 8,2025-07-01 16:00:00+00:00,0.04236000257672412
1265,481da5b9-afd5-44c5-b29b-6c3e23a59bcb,Hauptstraße 8,2025-07-01 17:00:00+00:00,0.03806227204180671
1266,481da5b9-afd5-44c5-b29b-6c3e23a59bcb,Hauptstraße 8,2025-07-01 18:00:00+00:00,0.032235274872119794
1267,481da5b9-afd5-44c5-b29b-6c3e23a59bcb,Hauptstraße 8,2025-07-01 19:00:00+00:00,0.029397946491160423
1268,481da5b9-afd5-44c5-b29b-6c3e23a59bcb,Hauptstraße 8,2025-07-01 20:00:00+00:00,0.0316552336082928
1269,481da5b9-afd5-44c5-b29b-6c3e23a59bcb,Hauptstraße 8,2025-07-01 21:00:00+00:00,0.031171850458900308
1270,481da5b9-afd5-44c5-b29b-6c3e23a59bcb,Hauptstraße 8,2025-07-01 22:00:00+00:00,0.031410443181701206
1271,481da5b9-afd5-44c5-b29b-6c3e23a59bcb,Hauptstraße 8,2025-07-01 23:00:00+00:00,0.029168034312066157
1272,481da5b9-afd5-44c5-b29b-6c3e23a59bcb,Hauptstraße 8,2025-07-02 00:00:00+00:00,0.030772301868106245
1273,481da5b9-afd5-44c5-b29b-6c3e23a59bcb,Hauptstraße 8,2025-07-02 01:00:00+00:00,0.03080574193557086
1274,481da5b9-afd5-44c5-b29b-6c3e23a59bcb,Hauptstraße 8,2025-07-02 02:00:00+00:00,0.030741988681754706
1275,481da5b9-afd5-44c5-b29b-6c3e23a59bcb,Hauptstraße 8,2025-07-02 03:00:00+00:00,0.02978473987079994
1276,481da5b9-afd5-44c5-b29b-6c3e23a59bcb,Hauptstraße 8,2025-07-02 04:00:00+00:00,0.02790537801390053
1277,481da5b9-afd5-44c5-b29b-6c3e23a59bcb,Hauptstraße 8,2025-07-02 05:00:00+00:00,0.02643881401357857
1278,481da5b9-afd5-44c5-b29b-6c3e23a59bcb,Hauptstraße 8,2025-07-02 06:00:00+00:00,0.025581864621095626
1279,481da5b9-afd5-44c5-b29b-6c3e23a59bcb,Hauptstraße 8,2025-07-02 07:00:00+00:00,0.027724107666666265
1280,481da5b9-afd5-44c5-b29b-6c3e23a59bcb,Hauptstraße 8,2025-07-02 08:00:00+00:00,0.018126418015021118
1281,481da5b9-afd5-44c5-b29b-6c3e23a59bcb,Hauptstraße 8,2025-07-02 09:00:00+00:00,0.019512964109461784
1282,481da5b9-afd5-44c5-b29b-6c3e23a59bcb,Hauptstraße 8,2025-07-02 10:00:00+00:00,0.01707095100999256
1283,481da5b9-afd5-44c5-b29b-6c3e23a59bcb,Hauptstraße 8,2025-07-02 11:00:00+00:00,0.017260021383838177
1284,481da5b9-afd5-44c5-b29b-6c3e23a59bcb,Hauptstraße 8,2025-07-02 12:00:00+00:00,0.02201154369927099
1285,481da5b9-afd5-44c5-b29b-6c3e23a59bcb,Hauptstraße 8,2025-07-02 13:00:00+00:00,0.023016597163045893
1286,481da5b9-afd5-44c5-b29b-6c3e23a59bcb,Hauptstraße 8,2025-07-02 14:00:00+00:00,0.02384996551171212
1287,481da5b9-afd5-44c5-b29b-6c3e23a59bcb,Hauptstraße 8,2025-07-02 15:00:00+00:00,0.02164165049457593
1288,481da5b9-afd5-44c5-b29b-6c3e23a59bcb,Hauptstraße 8,2025-07-02 16:00:00+00:00,0.020712388268723105
1289,481da5b9-afd5-44c5-b29b-6c3e23a59bcb,Hauptstraße 8,2025-07-02 17:00:00+00:00,0.01965611708741953
1290,481da5b9-afd5-44c5-b29b-6c3e23a59bcb,Hauptstraße 8,2025-07-02 18:00:00+00:00,0.02018662088508815
1291,481da5b9-afd5-44c5-b29b-6c3e23a59bcb,Hauptstraße 8,2025-07-02 19:00:00+00:00,0.02376540690483662
1292,481da5b9-afd5-44c5-b29b-6c3e23a59bcb,Hauptstraße 8,2025-07-02 20:00:00+00:00,0.02135128587927023
1293,481da5b9-afd5-44c5-b29b-6c3e23a59bcb,Hauptstraße 8,2025-07-02 21:00:00+00:00,0.021757882874442587
1294,481da5b9-afd5-44c5-b29b-6c3e23a59bcb,Hauptstraße 8,2025-07-02 22:00:00+00:00,0.019057401366775632
1295,481da5b9-afd5-44c5-b29b-6c3e23a59bcb,Hauptstraße 8,2025-07-02 23:00:00+00:00,0.020303529474843412
1296,481da5b9-afd5-44c5-b29b-6c3e23a59bcb,Hauptstraße 8,2025-07-03 00:00:00+00:00,0.019869828205208016
1297,481da5b9-afd5-44c5-b29b-6c3e23a59bcb,Hauptstraße 8,2025-07-03 01:00:00+00:00,0.02330198008306305
1298,481da5b9-afd5-44c5-b29b-6c3e23a59bcb,Hauptstraße 8,2025-07-03 02:00:00+00:00,0.022917624797884905
1299,481da5b9-afd5-44c5-b29b-6c3e23a59bcb,Hauptstraße 8,2025-07-03 03:00:00+00:00,0.02337864267174578
1300,481da5b9-afd5-44c5-b29b-6c3e23a59bcb,Hauptstraße 8,2025-07-03 04:00:00+00:00,0.023895667609585784
1301,481da5b9-afd5-44c5-b29b-6c3e23a59bcb,Hauptstraße 8,2025-07-03 05:00:00+00:00,0.02393140742871993
1302,481da5b9-afd5-44c5-b29b-6c3e23a59bcb,Hauptstraße 8,2025-07-03 06:00:00+00:00,0.02156812255380564
1303,481da5b9-afd5-44c5-b29b-6c3e23a59bcb,Hauptstraße 8,2025-07-03 07:00:00+00:00,0.021891129184166337
1304,481da5b9-afd5-44c5-b29b-6c3e23a59bcb,Hauptstraße 8,2025-07-03 08:00:00+00:00,0.018319672056302003
1305,481da5b9-afd5-44c5-b29b-6c3e23a59bcb,Hauptstraße 8,2025-07-03 09:00:00+00:00,0.018318219286536905
1306,481da5b9-afd5-44c5-b29b-6c3e23a59bcb,Hauptstraße 8,2025-07-03 10:00:00+00:00,0.021399276058623285
1307,481da5b9-afd5-44c5-b29b-6c3e23a59bcb,Hauptstraße 8,2025-07-03 11:00:00+00:00,0.020682792480418658
1308,481da5b9-afd5-44c5-b29b-6c3e23a59bcb,Hauptstraße 8,2025-07-03 12:00:00+00:00,0.020013982481565464
1309,481da5b9-afd5-44c5-b29b-6c3e23a59bcb,Hauptstraße 8,2025-07-03 13:00:00+00:00,0.020645288834127046
1310,481da5b9-afd5-44c5-b29b-6c3e23a59bcb,Hauptstraße 8,2025-07-03 14:00:00+00:00,0.01997869042384957
1311,481da5b9-afd5-44c5-b29b-6c3e23a59bcb,Hauptstraße 8,2025-07-03 15:00:00+00:00,0.01870533649695701
1312,481da5b9-afd5-44c5-b29b-6c3e23a59bcb,Hauptstraße 8,2025-07-03 16:00:00+00:00,0.01863301377910335
1313,481da5b9-afd5-44c5-b29b-6c3e23a59bcb,Hauptstraße 8,2025-07-03 17:00:00+00:00,0.01662552889431166
1314,481da5b9-afd5-44c5-b29b-6c3e23a59bcb,Hauptstraße 8,2025-07-03 18:00:00+00:00,0.015697021025252864
1315,481da5b9-afd5-44c5-b29b-6c3e23a59bcb,Hauptstraße 8,2025-07-03 19:00:00+00:00,0.015328696425406584
1316,481da5b9-afd5-44c5-b29b-6c3e23a59bcb,Hauptstraße 8,2025-07-03 20:00:00+00:00,0.014929544035566103
1317,481da5b9-afd5-44c5-b29b-6c3e23a59bcb,Hauptstraße 8,2025-07-03 21:00:00+00:00,0.01563276114070436
1318,481da5b9-afd5-44c5-b29b-6c3e23a59bcb,Hauptstraße 8,2025-07-03 22:00:00+00:00,0.016022805031166508
1319,481da5b9-afd5-44c5-b29b-6c3e23a59bcb,Hauptstraße 8,2025-07-03 23:00:00+00:00,0.015050816845888297
1320,481da5b9-afd5-44c5-b29b-6c3e23a59bcb,Hauptstraße 8,2025-07-04 00:00:00+00:00,0.014769023992847713
1321,481da5b9-afd5-44c5-b29b-6c3e23a59bcb,Hauptstraße 8,2025-07-04 01:00:00+00:00,0.01215256067770451
1322,481da5b9-afd5-44c5-b29b-6c3e23a59bcb,Hauptstraße 8,2025-07-04 02:00:00+00:00,0.012869789950591671
1323,481da5b9-afd5-44c5-b29b-6c3e23a59bcb,Hauptstraße 8,2025-07-04 03:00:00+00:00,0.01312494072270052
1324,481da5b9-afd5-44c5-b29b-6c3e23a59bcb,Hauptstraße 8,2025-07-04 04:00:00+00:00,0.013322263309337223
1325,481da5b9-afd5-44c5-b29b-6c3e23a59bcb,Hauptstraße 8,2025-07-04 05:00:00+00:00,0.013149111256382696
1326,481da5b9-afd5-44c5-b29b-6c3e23a59bcb,Hauptstraße 8,2025-07-04 06:00:00+00:00,0.014065145347379572
1327,481da5b9-afd5-44c5-b29b-6c3e23a59bcb,Hauptstraße 8,2025-07-04 07:00:00+00:00,0.014960007884100455
1328,481da5b9-afd5-44c5-b29b-6c3e23a59bcb,Hauptstraße 8,2025-07-04 08:00:00+00:00,0.02093752001354887
1329,481da5b9-afd5-44c5-b29b-6c3e23a59bcb,Hauptstraße 8,2025-07-04 09:00:00+00:00,0.02443615346055652
1330,481da5b9-afd5-44c5-b29b-6c3e23a59bcb,Hauptstraße 8,2025-07-04 10:00:00+00:00,0.026448418668228373
1331,481da5b9-afd5-44c5-b29b-6c3e23a59bcb,Hauptstraße 8,2025-07-04 11:00:00+00:00,0.033427591086919395
1332,481da5b9-afd5-44c5-b29b-6c3e23a59bcb,Hauptstraße 8,2025-07-04 12:00:00+00:00,0.037924856972199605
1333,481da5b9-afd5-44c5-b29b-6c3e23a59bcb,Hauptstraße 8,2025-07-04 13:00:00+00:00,0.04529789047545148
1334,481da5b9-afd5-44c5-b29b-6c3e23a59bcb,Hauptstraße 8,2025-07-04 14:00:00+00:00,0.04421873900500059
1335,481da5b9-afd5-44c5-b29b-6c3e23a59bcb,Hauptstraße 8,2025-07-04 15:00:00+00:00,0.05824944269376433
1336,481da5b9-afd5-44c5-b29b-6c3e23a59bcb,Hauptstraße 8,2025-07-04 16:00:00+00:00,0.06173557503583134
1337,481da5b9-afd5-44c5-b29b-6c3e23a59bcb,Hauptstraße 8,2025-07-04 17:00:00+00:00,0.06343774230305768
1338,481da5b9-afd5-44c5-b29b-6c3e23a59bcb,Hauptstraße 8,2025-07-04 18:00:00+00:00,0.05914644814881916
1339,481da5b9-afd5-44c5-b29b-6c3e23a59bcb,Hauptstraße 8,2025-07-04 19:00:00+00:00,0.056189403550992244
1340,481da5b9-afd5-44c5-b29b-6c3e23a59bcb,Hauptstraße 8,2025-07-04 20:00:00+00:00,0.05397306023963135
1341,481da5b9-afd5-44c5-b29b-6c3e23a59bcb,Hauptstraße 8,2025-07-04 21:00:00+00:00,0.05122377558316601
1342,481da5b9-afd5-44c5-b29b-6c3e23a59bcb,Hauptstraße 8,2025-07-04 22:00:00+00:00,0.04930340956126667
1343,481da5b9-afd5-44c5-b29b-6c3e23a59bcb,Hauptstraße 8,2025-07-04 23:00:00+00:00,0.046624362837122166
1344,481da5b9-afd5-44c5-b29b-6c3e23a59bcb,Hauptstraße 8,2025-07-05 00:00:00+00:00,0.04889544756084934
1345,481da5b9-afd5-44c5-b29b-6c3e23a59bcb,Hauptstraße 8,2025-07-05 01:00:00+00:00,0.050015597330933706
1346,481da5b9-afd5-44c5-b29b-6c3e23a59bcb,Hauptstraße 8,2025-07-05 02:00:00+00:00,0.05017623664626621
1347,481da5b9-afd5-44c5-b29b-6c3e23a59bcb,Hauptstraße 8,2025-07-05 03:00:00+00:00,0.05123691207249394
1348,481da5b9-afd5-44c5-b29b-6c3e23a59bcb,Hauptstraße 8,2025-07-05 04:00:00+00:00,0.05221214767224917
1349,481da5b9-afd5-44c5-b29b-6c3e23a59bcb,Hauptstraße 8,2025-07-05 05:00:00+00:00,0.05309739849486134
1350,481da5b9-afd5-44c5-b29b-6c3e23a59bcb,Hauptstraße 8,2025-07-05 06:00:00+00:00,0.054946230558427595
1351,481da5b9-afd5-44c5-b29b-6c3e23a59bcb,Hauptstraße 8,2025-07-05 07:00:00+00:00,0.05619039635485332
1352,481da5b9-afd5-44c5-b29b-6c3e23a59bcb,Hauptstraße 8,2025-07-05 08:00:00+00:00,0.05582953038009893
1353,481da5b9-afd5-44c5-b29b-6c3e23a59bcb,Hauptstraße 8,2025-07-05 09:00:00+00:00,0.03723814021890511
1354,481da5b9-afd5-44c5-b29b-6c3e23a59bcb,Hauptstraße 8,2025-07-05 10:00:00+00:00,0.03777399632331854
1355,481da5b9-afd5-44c5-b29b-6c3e23a59bcb,Hauptstraße 8,2025-07-05 11:00:00+00:00,0.03805416231331087
1356,481da5b9-afd5-44c5-b29b-6c3e23a59bcb,Hauptstraße 8,2025-07-05 12:00:00+00:00,0.038005362479775935
1357,481da5b9-afd5-44c5-b29b-6c3e23a59bcb,Hauptstraße 8,2025-07-05 13:00:00+00:00,0.034539920667934904
1358,481da5b9-afd5-44c5-b29b-6c3e23a59bcb,Hauptstraße 8,2025-07-05 14:00:00+00:00,0.03510461283923897
1359,481da5b9-afd5-44c5-b29b-6c3e23a59bcb,Hauptstraße 8,2025-07-05 15:00:00+00:00,0.034156703430486414
1360,481da5b9-afd5-44c5-b29b-6c3e23a59bcb,Hauptstraße 8,2025-07-05 16:00:00+00:00,0.03205791646729984
1361,481da5b9-afd5-44c5-b29b-6c3e23a59bcb,Hauptstraße 8,2025-07-05 17:00:00+00:00,0.03096719581224855
1362,481da5b9-afd5-44c5-b29b-6c3e23a59bcb,Hauptstraße 8,2025-07-05 18:00:00+00:00,0.02766577332783907
1363,481da5b9-afd5-44c5-b29b-6c3e23a59bcb,Hauptstraße 8,2025-07-05 19:00:00+00:00,0.027522863446896726
1364,481da5b9-afd5-44c5-b29b-6c3e23a59bcb,Hauptstraße 8,2025-07-05 20:00:00+00:00,0.025193489711698124
1365,481da5b9-afd5-44c5-b29b-6c3e23a59bcb,Hauptstraße 8,2025-07-05 21:00:00+00:00,0.024523453937886464
1366,481da5b9-afd5-44c5-b29b-6c3e23a59bcb,Hauptstraße 8,2025-07-05 22:00:00+00:00,0.029863718080261274
1367,481da5b9-afd5-44c5-b29b-6c3e23a59bcb,Hauptstraße 8,2025-07-05 23:00:00+00:00,0.03146570101978567
1368,481da5b9-afd5-44c5-b29b-6c3e23a59bcb,Hauptstraße 8,2025-07-06 00:00:00+00:00,0.03220411308665152
1369,481da5b9-afd5-44c5-b29b-6c3e23a59bcb,Hauptstraße 8,2025-07-06 01:00:00+00:00,0.03386675709265126
1370,481da5b9-afd5-44c5-b29b-6c3e23a59bcb,Hauptstraße 8,2025-07-06 02:00:00+00:00,0.03585703723182745
1371,481da5b9-afd5-44c5-b29b-6c3e23a59bcb,Hauptstraße 8,2025-07-06 03:00:00+00:00,0.0356226559871
1372,481da5b9-afd5-44c5-b29b-6c3e23a59bcb,Hauptstraße 8,2025-07-06 04:00:00+00:00,0.036154219534545645
1373,481da5b9-afd5-44c5-b29b-6c3e23a59bcb,Hauptstraße 8,2025-07-06 05:00:00+00:00,0.03526597844158698
1374,481da5b9-afd5-44c5-b29b-6c3e23a59bcb,Hauptstraße 8,2025-07-06 06:00:00+00:00,0.03420467742453706
1375,481da5b9-afd5-44c5-b29b-6c3e23a59bcb,Hauptstraße 8,2025-07-06 07:00:00+00:00,0.02928140446539325
1376,481da5b9-afd5-44c5-b29b-6c3e23a59bcb,Hauptstraße 8,2025-07-06 08:00:00+00:00,0.025452047009906168
1377,481da5b9-afd5-44c5-b29b-6c3e23a59bcb,Hauptstraße 8,2025-07-06 09:00:00+00:00,0.024955348074322817
1378,481da5b9-afd5-44c5-b29b-6c3e23a59bcb,Hauptstraße 8,2025-07-06 10:00:00+00:00,0.021777925401286223
1379,481da5b9-afd5-44c5-b29b-6c3e23a59bcb,Hauptstraße 8,2025-07-06 11:00:00+00:00,0.02358023424688985
1380,481da5b9-afd5-44c5-b29b-6c3e23a59bcb,Hauptstraße 8,2025-07-06 12:00:00+00:00,0.02792561053840756
1381,481da5b9-afd5-44c5-b29b-6c3e23a59bcb,Hauptstraße 8,2025-07-06 13:00:00+00:00,0.02806816806066616
1382,481da5b9-afd5-44c5-b29b-6c3e23a59bcb,Hauptstraße 8,2025-07-06 14:00:00+00:00,0.025297328821673584
1383,481da5b9-afd5-44c5-b29b-6c3e23a59bcb,Hauptstraße 8,2025-07-06 15:00:00+00:00,0.022870255137192694
1384,481da5b9-afd5-44c5-b29b-6c3e23a59bcb,Hauptstraße 8,2025-07-06 16:00:00+00:00,0.022898614599042952
1385,481da5b9-afd5-44c5-b29b-6c3e23a59bcb,Hauptstraße 8,2025-07-06 17:00:00+00:00,0.021243569809390333
1386,481da5b9-afd5-44c5-b29b-6c3e23a59bcb,Hauptstraße 8,2025-07-06 18:00:00+00:00,0.0203003349596738
1387,481da5b9-afd5-44c5-b29b-6c3e23a59bcb,Hauptstraße 8,2025-07-06 19:00:00+00:00,0.019921393191660034
1388,481da5b9-afd5-44c5-b29b-6c3e23a59bcb,Hauptstraße 8,2025-07-06 20:00:00+00:00,0.02026393893954779
1389,481da5b9-afd5-44c5-b29b-6c3e23a59bcb,Hauptstraße 8,2025-07-06 21:00:00+00:00,0.018902234332001815
1390,481da5b9-afd5-44c5-b29b-6c3e23a59bcb,Hauptstraße 8,2025-07-06 22:00:00+00:00,0.013676986949136405
1391,481da5b9-afd5-44c5-b29b-6c3e23a59bcb,Hauptstraße 8,2025-07-06 23:00:00+00:00,0.012192301451412566
1392,481da5b9-afd5-44c5-b29b-6c3e23a59bcb,Hauptstraße 8,2025-07-07 00:00:00+00:00,0.013117894999482516
1393,481da5b9-afd5-44c5-b29b-6c3e23a59bcb,Hauptstraße 8,2025-07-07 01:00:00+00:00,0.013366083647762268
1394,481da5b9-afd5-44c5-b29b-6c3e23a59bcb,Hauptstraße 8,2025-07-07 02:00:00+00:00,0.013756954788641803
1395,481da5b9-afd5-44c5-b29b-6c3e23a59bcb,Hauptstraße 8,2025-07-07 03:00:00+00:00,0.01403866650463194
1396,481da5b9-afd5-44c5-b29b-6c3e23a59bcb,Hauptstraße 8,2025-07-07 04:00:00+00:00,0.0137095900698738
1397,481da5b9-afd5-44c5-b29b-6c3e23a59bcb,Hauptstraße 8,2025-07-07 05:00:00+00:00,0.014807558615624166
1398,481da5b9-afd5-44c5-b29b-6c3e23a59bcb,Hauptstraße 8,2025-07-07 06:00:00+00:00,0.014141070560891976
1399,481da5b9-afd5-44c5-b29b-6c3e23a59bcb,Hauptstraße 8,2025-07-07 07:00:00+00:00,0.015335226759093674
1400,481da5b9-afd5-44c5-b29b-6c3e23a59bcb,Hauptstraße 8,2025-07-07 08:00:00+00:00,0.01691702515555192
1401,481da5b9-afd5-44c5-b29b-6c3e23a59bcb,Hauptstraße 8,2025-07-07 09:00:00+00:00,0.017614316496909713
1402,481da5b9-afd5-44c5-b29b-6c3e23a59bcb,Hauptstraße 8,2025-07-07 10:00:00+00:00,0.019444435783005934
1403,481da5b9-afd5-44c5-b29b-6c3e23a59bcb,Hauptstraße 8,2025-07-07 11:00:00+00:00,0.02277174840649685
1404,481da5b9-afd5-44c5-b29b-6c3e23a59bcb,Hauptstraße 8,2025-07-07 12:00:00+00:00,0.022021274698515468
1405,481da5b9-afd5-44c5-b29b-6c3e23a59bcb,Hauptstraße 8,2025-07-07 13:00:00+00:00,0.022020369414888233
1406,481da5b9-afd5-44c5-b29b-6c3e23a59bcb,Hauptstraße 8,2025-07-07 14:00:00+00:00,0.018120418261213734
1407,481da5b9-afd5-44c5-b29b-6c3e23a59bcb,Hauptstraße 8,2025-07-07 15:00:00+00:00,0.016613989486574676
1408,481da5b9-afd5-44c5-b29b-6c3e23a59bcb,Hauptstraße 8,2025-07-07 16:00:00+00:00,0.018717760818628013
1409,481da5b9-afd5-44c5-b29b-6c3e23a59bcb,Hauptstraße 8,2025-07-07 17:00:00+00:00,0.01683933890097816
1410,481da5b9-afd5-44c5-b29b-6c3e23a59bcb,Hauptstraße 8,2025-07-07 18:00:00+00:00,0.016553922584767018
1411,481da5b9-afd5-44c5-b29b-6c3e23a59bcb,Hauptstraße 8,2025-07-07 19:00:00+00:00,0.015548400550096386
1412,481da5b9-afd5-44c5-b29b-6c3e23a59bcb,Hauptstraße 8,2025-07-07 20:00:00+00:00,0.015542963020115702
1413,481da5b9-afd5-44c5-b29b-6c3e23a59bcb,Hauptstraße 8,2025-07-07 21:00:00+00:00,0.01568832272339131
1414,481da5b9-afd5-44c5-b29b-6c3e23a59bcb,Hauptstraße 8,2025-07-07 22:00:00+00:00,0.016641973641464056
1415,481da5b9-afd5-44c5-b29b-6c3e23a59bcb,Hauptstraße 8,2025-07-07 23:00:00+00:00,0.016996390683854095
1416,481da5b9-afd5-44c5-b29b-6c3e23a59bcb,Hauptstraße 8,2025-07-08 00:00:00+00:00,0.015522620487096092
1417,481da5b9-afd5-44c5-b29b-6c3e23a59bcb,Hauptstraße 8,2025-07-08 01:00:00+00:00,0.01635210358853725
1418,481da5b9-afd5-44c5-b29b-6c3e23a59bcb,Hauptstraße 8,2025-07-08 02:00:00+00:00,0.016157213664319235
1419,481da5b9-afd5-44c5-b29b-6c3e23a59bcb,Hauptstraße 8,2025-07-08 03:00:00+00:00,0.015932113139860135
1420,481da5b9-afd5-44c5-b29b-6c3e23a59bcb,Hauptstraße 8,2025-07-08 04:00:00+00:00,0.01619789318302896
1421,481da5b9-afd5-44c5-b29b-6c3e23a59bcb,Hauptstraße 8,2025-07-08 05:00:00+00:00,0.016772371424007674
1422,481da5b9-afd5-44c5-b29b-6c3e23a59bcb,Hauptstraße 8,2025-07-08 06:00:00+00:00,0.018496923481201702
1423,481da5b9-afd5-44c5-b29b-6c3e23a59bcb,Hauptstraße 8,2025-07-08 07:00:00+00:00,0.01870841590594614
1424,481da5b9-afd5-44c5-b29b-6c3e23a59bcb,Hauptstraße 8,2025-07-08 08:00:00+00:00,0.019022380795871992
1425,481da5b9-afd5-44c5-b29b-6c3e23a59bcb,Hauptstraße 8,2025-07-08 09:00:00+00:00,0.018967258527218363
1426,481da5b9-afd5-44c5-b29b-6c3e23a59bcb,Hauptstraße 8,2025-07-08 10:00:00+00:00,0.018995922322329422
1427,481da5b9-afd5-44c5-b29b-6c3e23a59bcb,Hauptstraße 8,2025-07-08 11:00:00+00:00,0.019178941949985158
1428,481da5b9-afd5-44c5-b29b-6c3e23a59bcb,Hauptstraße 8,2025-07-08 12:00:00+00:00,0.031611331527461074
1429,481da5b9-afd5-44c5-b29b-6c3e23a59bcb,Hauptstraße 8,2025-07-08 13:00:00+00:00,0.038367924790818096
1430,481da5b9-afd5-44c5-b29b-6c3e23a59bcb,Hauptstraße 8,2025-07-08 14:00:00+00:00,0.050997069979664904
1431,481da5b9-afd5-44c5-b29b-6c3e23a59bcb,Hauptstraße 8,2025-07-08 15:00:00+00:00,0.05393416639955769
1432,481da5b9-afd5-44c5-b29b-6c3e23a59bcb,Hauptstraße 8,2025-07-08 16:00:00+00:00,0.04398214684348497
1433,481da5b9-afd5-44c5-b29b-6c3e23a59bcb,Hauptstraße 8,2025-07-08 17:00:00+00:00,0.03923358180381273
1434,481da5b9-afd5-44c5-b29b-6c3e23a59bcb,Hauptstraße 8,2025-07-08 18:00:00+00:00,0.03196105049353289
1435,481da5b9-afd5-44c5-b29b-6c3e23a59bcb,Hauptstraße 8,2025-07-08 19:00:00+00:00,0.030491061804600497
1436,481da5b9-afd5-44c5-b29b-6c3e23a59bcb,Hauptstraße 8,2025-07-08 20:00:00+00:00,0.029528753060239013
1437,481da5b9-afd5-44c5-b29b-6c3e23a59bcb,Hauptstraße 8,2025-07-08 21:00:00+00:00,0.030786887693931304
1438,481da5b9-afd5-44c5-b29b-6c3e23a59bcb,Hauptstraße 8,2025-07-08 22:00:00+00:00,0.03147220733328401
1439,481da5b9-afd5-44c5-b29b-6c3e23a59bcb,Hauptstraße 8,2025-07-08 23:00:00+00:00,0.028943617441792382
1440,481da5b9-afd5-44c5-b29b-6c3e23a59bcb,Hauptstraße 8,2025-07-09 00:00:00+00:00,0.02876917055264496
1441,481da5b9-afd5-44c5-b29b-6c3e23a59bcb,Hauptstraße 8,2025-07-09 01:00:00+00:00,0.029542663781241905
1442,481da5b9-afd5-44c5-b29b-6c3e23a59bcb,Hauptstraße 8,2025-07-09 02:00:00+00:00,0.03244574861359895
1443,481da5b9-afd5-44c5-b29b-6c3e23a59bcb,Hauptstraße 8,2025-07-09 03:00:00+00:00,0.032684535594693934
1444,481da5b9-afd5-44c5-b29b-6c3e23a59bcb,Hauptstraße 8,2025-07-09 04:00:00+00:00,0.031165361411464535
1445,481da5b9-afd5-44c5-b29b-6c3e23a59bcb,Hauptstraße 8,2025-07-09 05:00:00+00:00,0.02904661251819851
1446,481da5b9-afd5-44c5-b29b-6c3e23a59bcb,Hauptstraße 8,2025-07-09 06:00:00+00:00,0.026397786338913827
1447,481da5b9-afd5-44c5-b29b-6c3e23a59bcb,Hauptstraße 8,2025-07-09 07:00:00+00:00,0.0288210123743348
1448,481da5b9-afd5-44c5-b29b-6c3e23a59bcb,Hauptstraße 8,2025-07-09 08:00:00+00:00,0.027826231160955447
1449,481da5b9-afd5-44c5-b29b-6c3e23a59bcb,Hauptstraße 8,2025-07-09 09:00:00+00:00,0.03083871892469432
1450,481da5b9-afd5-44c5-b29b-6c3e23a59bcb,Hauptstraße 8,2025-07-09 10:00:00+00:00,0.03181485622887114
1451,481da5b9-afd5-44c5-b29b-6c3e23a59bcb,Hauptstraße 8,2025-07-09 11:00:00+00:00,0.02661993818152113
1452,481da5b9-afd5-44c5-b29b-6c3e23a59bcb,Hauptstraße 8,2025-07-09 12:00:00+00:00,0.03565537481899867
1453,481da5b9-afd5-44c5-b29b-6c3e23a59bcb,Hauptstraße 8,2025-07-09 13:00:00+00:00,0.03316723505760796
1454,481da5b9-afd5-44c5-b29b-6c3e23a59bcb,Hauptstraße 8,2025-07-09 14:00:00+00:00,0.03510369447696587
1455,481da5b9-afd5-44c5-b29b-6c3e23a59bcb,Hauptstraße 8,2025-07-09 15:00:00+00:00,0.034440993773870915
1456,481da5b9-afd5-44c5-b29b-6c3e23a59bcb,Hauptstraße 8,2025-07-09 16:00:00+00:00,0.033559294671713306
1457,481da5b9-afd5-44c5-b29b-6c3e23a59bcb,Hauptstraße 8,2025-07-09 17:00:00+00:00,0.033328294674785285
1458,481da5b9-afd5-44c5-b29b-6c3e23a59bcb,Hauptstraße 8,2025-07-09 18:00:00+00:00,0.0313545675311676
1459,481da5b9-afd5-44c5-b29b-6c3e23a59bcb,Hauptstraße 8,2025-07-09 19:00:00+00:00,0.029497402271787387
1460,481da5b9-afd5-44c5-b29b-6c3e23a59bcb,Hauptstraße 8,2025-07-09 20:00:00+00:00,0.024446182616760587
1461,481da5b9-afd5-44c5-b29b-6c3e23a59bcb,Hauptstraße 8,2025-07-09 21:00:00+00:00,0.02344948073521609
1462,481da5b9-afd5-44c5-b29b-6c3e23a59bcb,Hauptstraße 8,2025-07-09 22:00:00+00:00,0.021870174164134608
1463,481da5b9-afd5-44c5-b29b-6c3e23a59bcb,Hauptstraße 8,2025-07-09 23:00:00+00:00,0.021496482977024854
1464,481da5b9-afd5-44c5-b29b-6c3e23a59bcb,Hauptstraße 8,2025-07-10 00:00:00+00:00,0.020712691292808512
1465,481da5b9-afd5-44c5-b29b-6c3e23a59bcb,Hauptstraße 8,2025-07-10 01:00:00+00:00,0.023809578660560254
1466,481da5b9-afd5-44c5-b29b-6c3e23a59bcb,Hauptstraße 8,2025-07-10 02:00:00+00:00,0.023911009385817684
1467,481da5b9-afd5-44c5-b29b-6c3e23a59bcb,Hauptstraße 8,2025-07-10 03:00:00+00:00,0.02440083216545773
1468,481da5b9-afd5-44c5-b29b-6c3e23a59bcb,Hauptstraße 8,2025-07-10 04:00:00+00:00,0.024985207763735733
1469,481da5b9-afd5-44c5-b29b-6c3e23a59bcb,Hauptstraße 8,2025-07-10 05:00:00+00:00,0.02550369933458468
1470,481da5b9-afd5-44c5-b29b-6c3e23a59bcb,Hauptstraße 8,2025-07-10 06:00:00+00:00,0.024531627243039398
1471,481da5b9-afd5-44c5-b29b-6c3e23a59bcb,Hauptstraße 8,2025-07-10 07:00:00+00:00,0.025878147681798525
1472,481da5b9-afd5-44c5-b29b-6c3e23a59bcb,Hauptstraße 8,2025-07-10 08:00:00+00:00,0.028198949600740052
1473,481da5b9-afd5-44c5-b29b-6c3e23a59bcb,Hauptstraße 8,2025-07-10 09:00:00+00:00,0.023896989034480114
1474,481da5b9-afd5-44c5-b29b-6c3e23a59bcb,Hauptstraße 8,2025-07-10 10:00:00+00:00,0.027970570169537246
1475,481da5b9-afd5-44c5-b29b-6c3e23a59bcb,Hauptstraße 8,2025-07-10 11:00:00+00:00,0.03049032888284812
1476,481da5b9-afd5-44c5-b29b-6c3e23a59bcb,Hauptstraße 8,2025-07-10 12:00:00+00:00,0.03028885735047886
1477,481da5b9-afd5-44c5-b29b-6c3e23a59bcb,Hauptstraße 8,2025-07-10 13:00:00+00:00,0.03526686554341305
1478,481da5b9-afd5-44c5-b29b-6c3e23a59bcb,Hauptstraße 8,2025-07-10 14:00:00+00:00,0.03665383986022248
1479,481da5b9-afd5-44c5-b29b-6c3e23a59bcb,Hauptstraße 8,2025-07-10 15:00:00+00:00,0.03553550992544086
1480,481da5b9-afd5-44c5-b29b-6c3e23a59bcb,Hauptstraße 8,2025-07-10 16:00:00+00:00,0.03842665133704945
1481,481da5b9-afd5-44c5-b29b-6c3e23a59bcb,Hauptstraße 8,2025-07-10 17:00:00+00:00,0.03881945225009427
1482,481da5b9-afd5-44c5-b29b-6c3e23a59bcb,Hauptstraße 8,2025-07-10 18:00:00+00:00,0.04056460795745518
1483,481da5b9-afd5-44c5-b29b-6c3e23a59bcb,Hauptstraße 8,2025-07-10 19:00:00+00:00,0.0397310956471515
1484,481da5b9-afd5-44c5-b29b-6c3e23a59bcb,Hauptstraße 8,2025-07-10 20:00:00+00:00,0.036452601431565486
1485,481da5b9-afd5-44c5-b29b-6c3e23a59bcb,Hauptstraße 8,2025-07-10 21:00:00+00:00,0.03569128513967071
1486,481da5b9-afd5-44c5-b29b-6c3e23a59bcb,Hauptstraße 8,2025-07-10 22:00:00+00:00,0.035551149429834734
1487,481da5b9-afd5-44c5-b29b-6c3e23a59bcb,Hauptstraße 8,2025-07-10 23:00:00+00:00,0.03234387800358918
1488,481da5b9-afd5-44c5-b29b-6c3e23a59bcb,Hauptstraße 8,2025-07-11 00:00:00+00:00,0.03185608936589517
1489,481da5b9-afd5-44c5-b29b-6c3e23a59bcb,Hauptstraße 8,2025-07-11 01:00:00+00:00,0.030835215738140534
1490,481da5b9-afd5-44c5-b29b-6c3e23a59bcb,Hauptstraße 8,2025-07-11 02:00:00+00:00,0.03237850294101649
1491,481da5b9-afd5-44c5-b29b-6c3e23a59bcb,Hauptstraße 8,2025-07-11 03:00:00+00:00,0.03354714449438697
1492,481da5b9-afd5-44c5-b29b-6c3e23a59bcb,Hauptstraße 8,2025-07-11 04:00:00+00:00,0.03378131799569018
1493,481da5b9-afd5-44c5-b29b-6c3e23a59bcb,Hauptstraße 8,2025-07-11 05:00:00+00:00,0.03343977643783171
1494,481da5b9-afd5-44c5-b29b-6c3e23a59bcb,Hauptstraße 8,2025-07-11 06:00:00+00:00,0.03339429077297089
1495,481da5b9-afd5-44c5-b29b-6c3e23a59bcb,Hauptstraße 8,2025-07-11 07:00:00+00:00,0.0334183341296304
1496,481da5b9-afd5-44c5-b29b-6c3e23a59bcb,Hauptstraße 8,2025-07-11 08:00:00+00:00,0.037069510333129066
1497,481da5b9-afd5-44c5-b29b-6c3e23a59bcb,Hauptstraße 8,2025-07-11 09:00:00+00:00,0.03434829759831035
1498,481da5b9-afd5-44c5-b29b-6c3e23a59bcb,Hauptstraße 8,2025-07-11 10:00:00+00:00,0.031640768707529174
1499,481da5b9-afd5-44c5-b29b-6c3e23a59bcb,Hauptstraße 8,2025-07-11 11:00:00+00:00,0.039162333663342354
1500,481da5b9-afd5-44c5-b29b-6c3e23a59bcb,Hauptstraße 8,2025-07-11 12:00:00+00:00,0.04598114755097797
1501,481da5b9-afd5-44c5-b29b-6c3e23a59bcb,Hauptstraße 8,2025-07-11 13:00:00+00:00,0.05544433602764266
1502,481da5b9-afd5-44c5-b29b-6c3e23a59bcb,Hauptstraße 8,2025-07-11 14:00:00+00:00,0.061486152580999535
1503,481da5b9-afd5-44c5-b29b-6c3e23a59bcb,Hauptstraße 8,2025-07-11 15:00:00+00:00,0.06727203471149122
1504,481da5b9-afd5-44c5-b29b-6c3e23a59bcb,Hauptstraße 8,2025-07-11 16:00:00+00:00,0.0659861213378651
1505,481da5b9-afd5-44c5-b29b-6c3e23a59bcb,Hauptstraße 8,2025-07-11 17:00:00+00:00,0.06994516965989969
1506,481da5b9-afd5-44c5-b29b-6c3e23a59bcb,Hauptstraße 8,2025-07-11 18:00:00+00:00,0.06517133420457238
1507,481da5b9-afd5-44c5-b29b-6c3e23a59bcb,Hauptstraße 8,2025-07-11 19:00:00+00:00,0.061984075509295876
1508,481da5b9-afd5-44c5-b29b-6c3e23a59bcb,Hauptstraße 8,2025-07-11 20:00:00+00:00,0.06075865145339671
1509,481da5b9-afd5-44c5-b29b-6c3e23a59bcb,Hauptstraße 8,2025-07-11 21:00:00+00:00,0.05737768536492826
1510,481da5b9-afd5-44c5-b29b-6c3e23a59bcb,Hauptstraße 8,2025-07-11 22:00:00+00:00,0.05461462685049526
1511,481da5b9-afd5-44c5-b29b-6c3e23a59bcb,Hauptstraße 8,2025-07-11 23:00:00+00:00,0.053292158091262344
1512,481da5b9-afd5-44c5-b29b-6c3e23a59bcb,Hauptstraße 8,2025-07-12 00:00:00+00:00,0.050727649181999325
1513,481da5b9-afd5-44c5-b29b-6c3e23a59bcb,Hauptstraße 8,2025-07-12 01:00:00+00:00,0.05254647756797763
1514,481da5b9-afd5-44c5-b29b-6c3e23a59bcb,Hauptstraße 8,2025-07-12 02:00:00+00:00,0.05331018453006549
1515,481da5b9-afd5-44c5-b29b-6c3e23a59bcb,Hauptstraße 8,2025-07-12 03:00:00+00:00,0.055125405265098654
1516,481da5b9-afd5-44c5-b29b-6c3e23a59bcb,Hauptstraße 8,2025-07-12 04:00:00+00:00,0.05764065525133462
1517,481da5b9-afd5-44c5-b29b-6c3e23a59bcb,Hauptstraße 8,2025-07-12 05:00:00+00:00,0.059818256645767905
1518,481da5b9-afd5-44c5-b29b-6c3e23a59bcb,Hauptstraße 8,2025-07-12 06:00:00+00:00,0.05833122527247014
1519,481da5b9-afd5-44c5-b29b-6c3e23a59bcb,Hauptstraße 8,2025-07-12 07:00:00+00:00,0.059571646708407394
1520,481da5b9-afd5-44c5-b29b-6c3e23a59bcb,Hauptstraße 8,2025-07-12 08:00:00+00:00,0.05951844134906694
1521,481da5b9-afd5-44c5-b29b-6c3e23a59bcb,Hauptstraße 8,2025-07-12 09:00:00+00:00,0.04161992754466521
1522,481da5b9-afd5-44c5-b29b-6c3e23a59bcb,Hauptstraße 8,2025-07-12 10:00:00+00:00,0.04422273986458636
1523,481da5b9-afd5-44c5-b29b-6c3e23a59bcb,Hauptstraße 8,2025-07-12 11:00:00+00:00,0.051618007660580924
1524,481da5b9-afd5-44c5-b29b-6c3e23a59bcb,Hauptstraße 8,2025-07-12 12:00:00+00:00,0.05302243510328393
1525,481da5b9-afd5-44c5-b29b-6c3e23a59bcb,Hauptstraße 8,2025-07-12 13:00:00+00:00,0.04670449368329022
1526,481da5b9-afd5-44c5-b29b-6c3e23a59bcb,Hauptstraße 8,2025-07-12 14:00:00+00:00,0.037790954299228754
1527,481da5b9-afd5-44c5-b29b-6c3e23a59bcb,Hauptstraße 8,2025-07-12 15:00:00+00:00,0.03608740856356628
1528,481da5b9-afd5-44c5-b29b-6c3e23a59bcb,Hauptstraße 8,2025-07-12 16:00:00+00:00,0.03357493507533243
1529,481da5b9-afd5-44c5-b29b-6c3e23a59bcb,Hauptstraße 8,2025-07-12 17:00:00+00:00,0.03035208195107266
1530,481da5b9-afd5-44c5-b29b-6c3e23a59bcb,Hauptstraße 8,2025-07-12 18:00:00+00:00,0.024723973346118935
1531,481da5b9-afd5-44c5-b29b-6c3e23a59bcb,Hauptstraße 8,2025-07-12 19:00:00+00:00,0.024688139823946784
1532,481da5b9-afd5-44c5-b29b-6c3e23a59bcb,Hauptstraße 8,2025-07-12 20:00:00+00:00,0.024952337260177062
1533,481da5b9-afd5-44c5-b29b-6c3e23a59bcb,Hauptstraße 8,2025-07-12 21:00:00+00:00,0.02364986990080447
1534,481da5b9-afd5-44c5-b29b-6c3e23a59bcb,Hauptstraße 8,2025-07-12 22:00:00+00:00,0.031342920251706714
1535,481da5b9-afd5-44c5-b29b-6c3e23a59bcb,Hauptstraße 8,2025-07-12 23:00:00+00:00,0.03118725171375917
1536,481da5b9-afd5-44c5-b29b-6c3e23a59bcb,Hauptstraße 8,2025-07-13 00:00:00+00:00,0.032428484981393425
1537,481da5b9-afd5-44c5-b29b-6c3e23a59bcb,Hauptstraße 8,2025-07-13 01:00:00+00:00,0.03589283541030405
1538,481da5b9-afd5-44c5-b29b-6c3e23a59bcb,Hauptstraße 8,2025-07-13 02:00:00+00:00,0.04470517684506261
1539,481da5b9-afd5-44c5-b29b-6c3e23a59bcb,Hauptstraße 8,2025-07-13 03:00:00+00:00,0.04420998335788159
1540,481da5b9-afd5-44c5-b29b-6c3e23a59bcb,Hauptstraße 8,2025-07-13 04:00:00+00:00,0.04631435097753353
1541,481da5b9-afd5-44c5-b29b-6c3e23a59bcb,Hauptstraße 8,2025-07-13 05:00:00+00:00,0.04615359331230081
1542,481da5b9-afd5-44c5-b29b-6c3e23a59bcb,Hauptstraße 8,2025-07-13 06:00:00+00:00,0.04370318775282242
1543,481da5b9-afd5-44c5-b29b-6c3e23a59bcb,Hauptstraße 8,2025-07-13 07:00:00+00:00,0.03741966512824043
1544,481da5b9-afd5-44c5-b29b-6c3e23a59bcb,Hauptstraße 8,2025-07-13 08:00:00+00:00,0.03188962158317132
1545,481da5b9-afd5-44c5-b29b-6c3e23a59bcb,Hauptstraße 8,2025-07-13 09:00:00+00:00,0.029883226887001724
1546,481da5b9-afd5-44c5-b29b-6c3e23a59bcb,Hauptstraße 8,2025-07-13 10:00:00+00:00,0.03131912156467295
1547,481da5b9-afd5-44c5-b29b-6c3e23a59bcb,Hauptstraße 8,2025-07-13 11:00:00+00:00,0.03330700999028028
1548,481da5b9-afd5-44c5-b29b-6c3e23a59bcb,Hauptstraße 8,2025-07-13 12:00:00+00:00,0.03753741843954977
1549,481da5b9-afd5-44c5-b29b-6c3e23a59bcb,Hauptstraße 8,2025-07-13 13:00:00+00:00,0.035908009283210765
1550,481da5b9-afd5-44c5-b29b-6c3e23a59bcb,Hauptstraße 8,2025-07-13 14:00:00+00:00,0.033269510078998886
1551,481da5b9-afd5-44c5-b29b-6c3e23a59bcb,Hauptstraße 8,2025-07-13 15:00:00+00:00,0.03004718949650662
1552,481da5b9-afd5-44c5-b29b-6c3e23a59bcb,Hauptstraße 8,2025-07-13 16:00:00+00:00,0.02812965142925912
1553,481da5b9-afd5-44c5-b29b-6c3e23a59bcb,Hauptstraße 8,2025-07-13 17:00:00+00:00,0.027994622627494928
1554,481da5b9-afd5-44c5-b29b-6c3e23a59bcb,Hauptstraße 8,2025-07-13 18:00:00+00:00,0.027439686581400835
1555,481da5b9-afd5-44c5-b29b-6c3e23a59bcb,Hauptstraße 8,2025-07-13 19:00:00+00:00,0.027105562660887428
1556,481da5b9-afd5-44c5-b29b-6c3e23a59bcb,Hauptstraße 8,2025-07-13 20:00:00+00:00,0.02724092966683321
1557,481da5b9-afd5-44c5-b29b-6c3e23a59bcb,Hauptstraße 8,2025-07-13 21:00:00+00:00,0.025634124336119505
1558,481da5b9-afd5-44c5-b29b-6c3e23a59bcb,Hauptstraße 8,2025-07-13 22:00:00+00:00,0.021284490526132994
1559,481da5b9-afd5-44c5-b29b-6c3e23a59bcb,Hauptstraße 8,2025-07-13 23:00:00+00:00,0.0198673527249833
1560,4e3bbfd4-bb31-424b-99d7-b67ec0a4e026,Kurpark - Großer Teich Nord Ost,2025-07-01 00:00:00+00:00,0.01338923947417883
1561,4e3bbfd4-bb31-424b-99d7-b67ec0a4e026,Kurpark - Großer Teich Nord Ost,2025-07-01 01:00:00+00:00,0.013196867952683301
1562,4e3bbfd4-bb31-424b-99d7-b67ec0a4e026,Kurpark - Großer Teich Nord Ost,2025-07-01 02:00:00+00:00,0.019982390163917643
1563,4e3bbfd4-bb31-424b-99d7-b67ec0a4e026,Kurpark - Großer Teich Nord Ost,2025-07-01 03:00:00+00:00,0.019271534550528005
1564,4e3bbfd4-bb31-424b-99d7-b67ec0a4e026,Kurpark - Großer Teich Nord Ost,2025-07-01 04:00:00+00:00,0.01825121514830077
1565,4e3bbfd4-bb31-424b-99d7-b67ec0a4e026,Kurpark - Großer Teich Nord Ost,2025-07-01 05:00:00+00:00,0.016967345024776332
1566,4e3bbfd4-bb31-424b-99d7-b67ec0a4e026,Kurpark - Großer Teich Nord Ost,2025-07-01 06:00:00+00:00,0.01683572437781227
1567,4e3bbfd4-bb31-424b-99d7-b67ec0a4e026,Kurpark - Großer Teich Nord Ost,2025-07-01 07:00:00+00:00,0.018269955379230367
1568,4e3bbfd4-bb31-424b-99d7-b67ec0a4e026,Kurpark - Großer Teich Nord Ost,2025-07-01 08:00:00+00:00,0.018401228110181682
1569,4e3bbfd4-bb31-424b-99d7-b67ec0a4e026,Kurpark - Großer Teich Nord Ost,2025-07-01 09:00:00+00:00,0.019417745581579104
1570,4e3bbfd4-bb31-424b-99d7-b67ec0a4e026,Kurpark - Großer Teich Nord Ost,2025-07-01 10:00:00+00:00,0.020069869046366526
1571,4e3bbfd4-bb31-424b-99d7-b67ec0a4e026,Kurpark - Großer Teich Nord Ost,2025-07-01 11:00:00+00:00,0.02061558448424031
1572,4e3bbfd4-bb31-424b-99d7-b67ec0a4e026,Kurpark - Großer Teich Nord Ost,2025-07-01 12:00:00+00:00,0.02046512630737087
1573,4e3bbfd4-bb31-424b-99d7-b67ec0a4e026,Kurpark - Großer Teich Nord Ost,2025-07-01 13:00:00+00:00,0.019042914287320863
1574,4e3bbfd4-bb31-424b-99d7-b67ec0a4e026,Kurpark - Großer Teich Nord Ost,2025-07-01 14:00:00+00:00,0.019571478546394138
1575,4e3bbfd4-bb31-424b-99d7-b67ec0a4e026,Kurpark - Großer Teich Nord Ost,2025-07-01 15:00:00+00:00,0.01851144535602761
1576,4e3bbfd4-bb31-424b-99d7-b67ec0a4e026,Kurpark - Großer Teich Nord Ost,2025-07-01 16:00:00+00:00,0.017682336918110837
1577,4e3bbfd4-bb31-424b-99d7-b67ec0a4e026,Kurpark - Großer Teich Nord Ost,2025-07-01 17:00:00+00:00,0.015868483485723985
1578,4e3bbfd4-bb31-424b-99d7-b67ec0a4e026,Kurpark - Großer Teich Nord Ost,2025-07-01 18:00:00+00:00,0.01588739421112367
1579,4e3bbfd4-bb31-424b-99d7-b67ec0a4e026,Kurpark - Großer Teich Nord Ost,2025-07-01 19:00:00+00:00,0.01625950060577794
1580,4e3bbfd4-bb31-424b-99d7-b67ec0a4e026,Kurpark - Großer Teich Nord Ost,2025-07-01 20:00:00+00:00,0.01658533199151656
1581,4e3bbfd4-bb31-424b-99d7-b67ec0a4e026,Kurpark - Großer Teich Nord Ost,2025-07-01 21:00:00+00:00,0.016860046381228358
1582,4e3bbfd4-bb31-424b-99d7-b67ec0a4e026,Kurpark - Großer Teich Nord Ost,2025-07-01 22:00:00+00:00,0.016748775424619885
1583,4e3bbfd4-bb31-424b-99d7-b67ec0a4e026,Kurpark - Großer Teich Nord Ost,2025-07-01 23:00:00+00:00,0.01717927323722891
1584,4e3bbfd4-bb31-424b-99d7-b67ec0a4e026,Kurpark - Großer Teich Nord Ost,2025-07-02 00:00:00+00:00,0.017196610182700398
1585,4e3bbfd4-bb31-424b-99d7-b67ec0a4e026,Kurpark - Großer Teich Nord Ost,2025-07-02 01:00:00+00:00,0.017178141060264496
1586,4e3bbfd4-bb31-424b-99d7-b67ec0a4e026,Kurpark - Großer Teich Nord Ost,2025-07-02 02:00:00+00:00,0.009749623673711464
1587,4e3bbfd4-bb31-424b-99d7-b67ec0a4e026,Kurpark - Großer Teich Nord Ost,2025-07-02 03:00:00+00:00,0.009518506946157808
1588,4e3bbfd4-bb31-424b-99d7-b67ec0a4e026,Kurpark - Großer Teich Nord Ost,2025-07-02 04:00:00+00:00,0.00931604402421719
1589,4e3bbfd4-bb31-424b-99d7-b67ec0a4e026,Kurpark - Großer Teich Nord Ost,2025-07-02 05:00:00+00:00,0.008790750789985733
1590,4e3bbfd4-bb31-424b-99d7-b67ec0a4e026,Kurpark - Großer Teich Nord Ost,2025-07-02 06:00:00+00:00,0.008589696104826924
1591,4e3bbfd4-bb31-424b-99d7-b67ec0a4e026,Kurpark - Großer Teich Nord Ost,2025-07-02 07:00:00+00:00,0.00838227886584501
1592,4e3bbfd4-bb31-424b-99d7-b67ec0a4e026,Kurpark - Großer Teich Nord Ost,2025-07-02 08:00:00+00:00,0.008263504148664237
1593,4e3bbfd4-bb31-424b-99d7-b67ec0a4e026,Kurpark - Großer Teich Nord Ost,2025-07-02 09:00:00+00:00,0.00761318644216924
1594,4e3bbfd4-bb31-424b-99d7-b67ec0a4e026,Kurpark - Großer Teich Nord Ost,2025-07-02 10:00:00+00:00,0.0076946384849801465
1595,4e3bbfd4-bb31-424b-99d7-b67ec0a4e026,Kurpark - Großer Teich Nord Ost,2025-07-02 11:00:00+00:00,0.008564938681348186
1596,4e3bbfd4-bb31-424b-99d7-b67ec0a4e026,Kurpark - Großer Teich Nord Ost,2025-07-02 12:00:00+00:00,0.008285634726134517
1597,4e3bbfd4-bb31-424b-99d7-b67ec0a4e026,Kurpark - Großer Teich Nord Ost,2025-07-02 13:00:00+00:00,0.008121055149136705
1598,4e3bbfd4-bb31-424b-99d7-b67ec0a4e026,Kurpark - Großer Teich Nord Ost,2025-07-02 14:00:00+00:00,0.007879473458475585
1599,4e3bbfd4-bb31-424b-99d7-b67ec0a4e026,Kurpark - Großer Teich Nord Ost,2025-07-02 15:00:00+00:00,0.007716603289478942
1600,4e3bbfd4-bb31-424b-99d7-b67ec0a4e026,Kurpark - Großer Teich Nord Ost,2025-07-02 16:00:00+00:00,0.007488547894692376
1601,4e3bbfd4-bb31-424b-99d7-b67ec0a4e026,Kurpark - Großer Teich Nord Ost,2025-07-02 17:00:00+00:00,0.007439299325315059
1602,4e3bbfd4-bb31-424b-99d7-b67ec0a4e026,Kurpark - Großer Teich Nord Ost,2025-07-02 18:00:00+00:00,0.007662142820593262
1603,4e3bbfd4-bb31-424b-99d7-b67ec0a4e026,Kurpark - Großer Teich Nord Ost,2025-07-02 19:00:00+00:00,0.008230932237096557
1604,4e3bbfd4-bb31-424b-99d7-b67ec0a4e026,Kurpark - Großer Teich Nord Ost,2025-07-02 20:00:00+00:00,0.008658459172938468
1605,4e3bbfd4-bb31-424b-99d7-b67ec0a4e026,Kurpark - Großer Teich Nord Ost,2025-07-02 21:00:00+00:00,0.008914805691649074
1606,4e3bbfd4-bb31-424b-99d7-b67ec0a4e026,Kurpark - Großer Teich Nord Ost,2025-07-02 22:00:00+00:00,0.00879576355055137
1607,4e3bbfd4-bb31-424b-99d7-b67ec0a4e026,Kurpark - Großer Teich Nord Ost,2025-07-02 23:00:00+00:00,0.00875732465128853
1608,4e3bbfd4-bb31-424b-99d7-b67ec0a4e026,Kurpark - Großer Teich Nord Ost,2025-07-03 00:00:00+00:00,0.008610694626816974
1609,4e3bbfd4-bb31-424b-99d7-b67ec0a4e026,Kurpark - Großer Teich Nord Ost,2025-07-03 01:00:00+00:00,0.008260925348898811
1610,4e3bbfd4-bb31-424b-99d7-b67ec0a4e026,Kurpark - Großer Teich Nord Ost,2025-07-03 02:00:00+00:00,0.007994098092807054
1611,4e3bbfd4-bb31-424b-99d7-b67ec0a4e026,Kurpark - Großer Teich Nord Ost,2025-07-03 03:00:00+00:00,0.00795108710099602
1612,4e3bbfd4-bb31-424b-99d7-b67ec0a4e026,Kurpark - Großer Teich Nord Ost,2025-07-03 04:00:00+00:00,0.007327298420409314
1613,4e3bbfd4-bb31-424b-99d7-b67ec0a4e026,Kurpark - Großer Teich Nord Ost,2025-07-03 05:00:00+00:00,0.006533761158892385
1614,4e3bbfd4-bb31-424b-99d7-b67ec0a4e026,Kurpark - Großer Teich Nord Ost,2025-07-03 06:00:00+00:00,0.006280218739978026
1615,4e3bbfd4-bb31-424b-99d7-b67ec0a4e026,Kurpark - Großer Teich Nord Ost,2025-07-03 07:00:00+00:00,0.0064480287787471
1616,4e3bbfd4-bb31-424b-99d7-b67ec0a4e026,Kurpark - Großer Teich Nord Ost,2025-07-03 08:00:00+00:00,0.0066354518785867785
1617,4e3bbfd4-bb31-424b-99d7-b67ec0a4e026,Kurpark - Großer Teich Nord Ost,2025-07-03 09:00:00+00:00,0.006388303691083826
1618,4e3bbfd4-bb31-424b-99d7-b67ec0a4e026,Kurpark - Großer Teich Nord Ost,2025-07-03 10:00:00+00:00,0.008334183304714955
1619,4e3bbfd4-bb31-424b-99d7-b67ec0a4e026,Kurpark - Großer Teich Nord Ost,2025-07-03 11:00:00+00:00,0.007066526852108217
1620,4e3bbfd4-bb31-424b-99d7-b67ec0a4e026,Kurpark - Großer Teich Nord Ost,2025-07-03 12:00:00+00:00,0.007030324930062556
1621,4e3bbfd4-bb31-424b-99d7-b67ec0a4e026,Kurpark - Großer Teich Nord Ost,2025-07-03 13:00:00+00:00,0.005872819262166594
1622,4e3bbfd4-bb31-424b-99d7-b67ec0a4e026,Kurpark - Großer Teich Nord Ost,2025-07-03 14:00:00+00:00,0.005507946524402467
1623,4e3bbfd4-bb31-424b-99d7-b67ec0a4e026,Kurpark - Großer Teich Nord Ost,2025-07-03 15:00:00+00:00,0.00514400864562005
1624,4e3bbfd4-bb31-424b-99d7-b67ec0a4e026,Kurpark - Großer Teich Nord Ost,2025-07-03 16:00:00+00:00,0.005103708894229006
1625,4e3bbfd4-bb31-424b-99d7-b67ec0a4e026,Kurpark - Großer Teich Nord Ost,2025-07-03 17:00:00+00:00,0.004830674258355894
1626,4e3bbfd4-bb31-424b-99d7-b67ec0a4e026,Kurpark - Großer Teich Nord Ost,2025-07-03 18:00:00+00:00,0.0046689089683990955
1627,4e3bbfd4-bb31-424b-99d7-b67ec0a4e026,Kurpark - Großer Teich Nord Ost,2025-07-03 19:00:00+00:00,0.0049830466796922475
1628,4e3bbfd4-bb31-424b-99d7-b67ec0a4e026,Kurpark - Großer Teich Nord Ost,2025-07-03 20:00:00+00:00,0.004760054005750794
1629,4e3bbfd4-bb31-424b-99d7-b67ec0a4e026,Kurpark - Großer Teich Nord Ost,2025-07-03 21:00:00+00:00,0.004993507483217584
1630,4e3bbfd4-bb31-424b-99d7-b67ec0a4e026,Kurpark - Großer Teich Nord Ost,2025-07-03 22:00:00+00:00,0.004981628580232414
1631,4e3bbfd4-bb31-424b-99d7-b67ec0a4e026,Kurpark - Großer Teich Nord Ost,2025-07-03 23:00:00+00:00,0.004939568243159903
1632,4e3bbfd4-bb31-424b-99d7-b67ec0a4e026,Kurpark - Großer Teich Nord Ost,2025-07-04 00:00:00+00:00,0.004982138637205998
1633,4e3bbfd4-bb31-424b-99d7-b67ec0a4e026,Kurpark - Großer Teich Nord Ost,2025-07-04 01:00:00+00:00,0.005137892092859323
1634,4e3bbfd4-bb31-424b-99d7-b67ec0a4e026,Kurpark - Großer Teich Nord Ost,2025-07-04 02:00:00+00:00,0.004543701956084143
1635,4e3bbfd4-bb31-424b-99d7-b67ec0a4e026,Kurpark - Großer Teich Nord Ost,2025-07-04 03:00:00+00:00,0.004242431491898043
1636,4e3bbfd4-bb31-424b-99d7-b67ec0a4e026,Kurpark - Großer Teich Nord Ost,2025-07-04 04:00:00+00:00,0.004490947999165658
1637,4e3bbfd4-bb31-424b-99d7-b67ec0a4e026,Kurpark - Großer Teich Nord Ost,2025-07-04 05:00:00+00:00,0.004642982532325526
1638,4e3bbfd4-bb31-424b-99d7-b67ec0a4e026,Kurpark - Großer Teich Nord Ost,2025-07-04 06:00:00+00:00,0.004143057201381304
1639,4e3bbfd4-bb31-424b-99d7-b67ec0a4e026,Kurpark - Großer Teich Nord Ost,2025-07-04 07:00:00+00:00,0.004412908583200337
1640,4e3bbfd4-bb31-424b-99d7-b67ec0a4e026,Kurpark - Großer Teich Nord Ost,2025-07-04 08:00:00+00:00,0.0044047269852820455
1641,4e3bbfd4-bb31-424b-99d7-b67ec0a4e026,Kurpark - Großer Teich Nord Ost,2025-07-04 09:00:00+00:00,0.0037682826499224526
1642,4e3bbfd4-bb31-424b-99d7-b67ec0a4e026,Kurpark - Großer Teich Nord Ost,2025-07-04 10:00:00+00:00,0.003801169605233062
1643,4e3bbfd4-bb31-424b-99d7-b67ec0a4e026,Kurpark - Großer Teich Nord Ost,2025-07-04 11:00:00+00:00,0.0032623116439465787
1644,4e3bbfd4-bb31-424b-99d7-b67ec0a4e026,Kurpark - Großer Teich Nord Ost,2025-07-04 12:00:00+00:00,0.003189161900505934
1645,4e3bbfd4-bb31-424b-99d7-b67ec0a4e026,Kurpark - Großer Teich Nord Ost,2025-07-04 13:00:00+00:00,0.0027742708446042413
1646,4e3bbfd4-bb31-424b-99d7-b67ec0a4e026,Kurpark - Großer Teich Nord Ost,2025-07-04 14:00:00+00:00,0.002495763006845404
1647,4e3bbfd4-bb31-424b-99d7-b67ec0a4e026,Kurpark - Großer Teich Nord Ost,2025-07-04 15:00:00+00:00,0.004965873253035121
1648,4e3bbfd4-bb31-424b-99d7-b67ec0a4e026,Kurpark - Großer Teich Nord Ost,2025-07-04 16:00:00+00:00,0.005075076434780885
1649,4e3bbfd4-bb31-424b-99d7-b67ec0a4e026,Kurpark - Großer Teich Nord Ost,2025-07-04 17:00:00+00:00,0.006010712265802259
1650,4e3bbfd4-bb31-424b-99d7-b67ec0a4e026,Kurpark - Großer Teich Nord Ost,2025-07-04 18:00:00+00:00,0.006496940816358011
1651,4e3bbfd4-bb31-424b-99d7-b67ec0a4e026,Kurpark - Großer Teich Nord Ost,2025-07-04 19:00:00+00:00,0.008194838821969398
1652,4e3bbfd4-bb31-424b-99d7-b67ec0a4e026,Kurpark - Großer Teich Nord Ost,2025-07-04 20:00:00+00:00,0.008356143744907311
1653,4e3bbfd4-bb31-424b-99d7-b67ec0a4e026,Kurpark - Großer Teich Nord Ost,2025-07-04 21:00:00+00:00,0.008062738032456091
1654,4e3bbfd4-bb31-424b-99d7-b67ec0a4e026,Kurpark - Großer Teich Nord Ost,2025-07-04 22:00:00+00:00,0.008050731864920528
1655,4e3bbfd4-bb31-424b-99d7-b67ec0a4e026,Kurpark - Großer Teich Nord Ost,2025-07-04 23:00:00+00:00,0.00800052926409582
1656,4e3bbfd4-bb31-424b-99d7-b67ec0a4e026,Kurpark - Großer Teich Nord Ost,2025-07-05 00:00:00+00:00,0.007986613742629657
1657,4e3bbfd4-bb31-424b-99d7-b67ec0a4e026,Kurpark - Großer Teich Nord Ost,2025-07-05 01:00:00+00:00,0.00799674510434017
1658,4e3bbfd4-bb31-424b-99d7-b67ec0a4e026,Kurpark - Großer Teich Nord Ost,2025-07-05 02:00:00+00:00,0.007901467278970441
1659,4e3bbfd4-bb31-424b-99d7-b67ec0a4e026,Kurpark - Großer Teich Nord Ost,2025-07-05 03:00:00+00:00,0.008048803444402283
1660,4e3bbfd4-bb31-424b-99d7-b67ec0a4e026,Kurpark - Großer Teich Nord Ost,2025-07-05 04:00:00+00:00,0.00775189236361022
1661,4e3bbfd4-bb31-424b-99d7-b67ec0a4e026,Kurpark - Großer Teich Nord Ost,2025-07-05 05:00:00+00:00,0.007474286921358199
1662,4e3bbfd4-bb31-424b-99d7-b67ec0a4e026,Kurpark - Großer Teich Nord Ost,2025-07-05 06:00:00+00:00,0.00747567130345336
1663,4e3bbfd4-bb31-424b-99d7-b67ec0a4e026,Kurpark - Großer Teich Nord Ost,2025-07-05 07:00:00+00:00,0.007608151904810275
1664,4e3bbfd4-bb31-424b-99d7-b67ec0a4e026,Kurpark - Großer Teich Nord Ost,2025-07-05 08:00:00+00:00,0.009227735032018325
1665,4e3bbfd4-bb31-424b-99d7-b67ec0a4e026,Kurpark - Großer Teich Nord Ost,2025-07-05 09:00:00+00:00,0.009460934342555561
1666,4e3bbfd4-bb31-424b-99d7-b67ec0a4e026,Kurpark - Großer Teich Nord Ost,2025-07-05 10:00:00+00:00,0.011483694896252311
1667,4e3bbfd4-bb31-424b-99d7-b67ec0a4e026,Kurpark - Großer Teich Nord Ost,2025-07-05 11:00:00+00:00,0.012009632977999918
1668,4e3bbfd4-bb31-424b-99d7-b67ec0a4e026,Kurpark - Großer Teich Nord Ost,2025-07-05 12:00:00+00:00,0.012347944083453969
1669,4e3bbfd4-bb31-424b-99d7-b67ec0a4e026,Kurpark - Großer Teich Nord Ost,2025-07-05 13:00:00+00:00,0.012880277470063189
1670,4e3bbfd4-bb31-424b-99d7-b67ec0a4e026,Kurpark - Großer Teich Nord Ost,2025-07-05 14:00:00+00:00,0.01188779726395508
1671,4e3bbfd4-bb31-424b-99d7-b67ec0a4e026,Kurpark - Großer Teich Nord Ost,2025-07-05 15:00:00+00:00,0.01183851804958572
1672,4e3bbfd4-bb31-424b-99d7-b67ec0a4e026,Kurpark - Großer Teich Nord Ost,2025-07-05 16:00:00+00:00,0.010821970838244903
1673,4e3bbfd4-bb31-424b-99d7-b67ec0a4e026,Kurpark - Großer Teich Nord Ost,2025-07-05 17:00:00+00:00,0.011060957310656157
1674,4e3bbfd4-bb31-424b-99d7-b67ec0a4e026,Kurpark - Großer Teich Nord Ost,2025-07-05 18:00:00+00:00,0.011564898333923459
1675,4e3bbfd4-bb31-424b-99d7-b67ec0a4e026,Kurpark - Großer Teich Nord Ost,2025-07-05 19:00:00+00:00,0.009472017985749814
1676,4e3bbfd4-bb31-424b-99d7-b67ec0a4e026,Kurpark - Großer Teich Nord Ost,2025-07-05 20:00:00+00:00,0.009412487458193949
1677,4e3bbfd4-bb31-424b-99d7-b67ec0a4e026,Kurpark - Großer Teich Nord Ost,2025-07-05 21:00:00+00:00,0.009253633121062066
1678,4e3bbfd4-bb31-424b-99d7-b67ec0a4e026,Kurpark - Großer Teich Nord Ost,2025-07-05 22:00:00+00:00,0.009217341492509091
1679,4e3bbfd4-bb31-424b-99d7-b67ec0a4e026,Kurpark - Großer Teich Nord Ost,2025-07-05 23:00:00+00:00,0.009326006390630416
1680,4e3bbfd4-bb31-424b-99d7-b67ec0a4e026,Kurpark - Großer Teich Nord Ost,2025-07-06 00:00:00+00:00,0.00968411235640353
1681,4e3bbfd4-bb31-424b-99d7-b67ec0a4e026,Kurpark - Großer Teich Nord Ost,2025-07-06 01:00:00+00:00,0.009752095519524707
1682,4e3bbfd4-bb31-424b-99d7-b67ec0a4e026,Kurpark - Großer Teich Nord Ost,2025-07-06 02:00:00+00:00,0.009622289028533487
1683,4e3bbfd4-bb31-424b-99d7-b67ec0a4e026,Kurpark - Großer Teich Nord Ost,2025-07-06 03:00:00+00:00,0.009443852123095071
1684,4e3bbfd4-bb31-424b-99d7-b67ec0a4e026,Kurpark - Großer Teich Nord Ost,2025-07-06 04:00:00+00:00,0.009451912599416388
1685,4e3bbfd4-bb31-424b-99d7-b67ec0a4e026,Kurpark - Großer Teich Nord Ost,2025-07-06 05:00:00+00:00,0.009732667830635758
1686,4e3bbfd4-bb31-424b-99d7-b67ec0a4e026,Kurpark - Großer Teich Nord Ost,2025-07-06 06:00:00+00:00,0.01075733321360581
1687,4e3bbfd4-bb31-424b-99d7-b67ec0a4e026,Kurpark - Großer Teich Nord Ost,2025-07-06 07:00:00+00:00,0.012192186083080902
1688,4e3bbfd4-bb31-424b-99d7-b67ec0a4e026,Kurpark - Großer Teich Nord Ost,2025-07-06 08:00:00+00:00,0.010357589662653629
1689,4e3bbfd4-bb31-424b-99d7-b67ec0a4e026,Kurpark - Großer Teich Nord Ost,2025-07-06 09:00:00+00:00,0.009668381647457055
1690,4e3bbfd4-bb31-424b-99d7-b67ec0a4e026,Kurpark - Großer Teich Nord Ost,2025-07-06 10:00:00+00:00,0.00959278114347067
1691,4e3bbfd4-bb31-424b-99d7-b67ec0a4e026,Kurpark - Großer Teich Nord Ost,2025-07-06 11:00:00+00:00,0.009517380469391155
1692,4e3bbfd4-bb31-424b-99d7-b67ec0a4e026,Kurpark - Großer Teich Nord Ost,2025-07-06 12:00:00+00:00,0.008522792289752964
1693,4e3bbfd4-bb31-424b-99d7-b67ec0a4e026,Kurpark - Großer Teich Nord Ost,2025-07-06 13:00:00+00:00,0.008661635177337812
1694,4e3bbfd4-bb31-424b-99d7-b67ec0a4e026,Kurpark - Großer Teich Nord Ost,2025-07-06 14:00:00+00:00,0.008077657154167462
1695,4e3bbfd4-bb31-424b-99d7-b67ec0a4e026,Kurpark - Großer Teich Nord Ost,2025-07-06 15:00:00+00:00,0.008717536644546135
1696,4e3bbfd4-bb31-424b-99d7-b67ec0a4e026,Kurpark - Großer Teich Nord Ost,2025-07-06 16:00:00+00:00,0.007875590699939488
1697,4e3bbfd4-bb31-424b-99d7-b67ec0a4e026,Kurpark - Großer Teich Nord Ost,2025-07-06 17:00:00+00:00,0.0075272452433433855
1698,4e3bbfd4-bb31-424b-99d7-b67ec0a4e026,Kurpark - Großer Teich Nord Ost,2025-07-06 18:00:00+00:00,0.007328241431818853
1699,4e3bbfd4-bb31-424b-99d7-b67ec0a4e026,Kurpark - Großer Teich Nord Ost,2025-07-06 19:00:00+00:00,0.007363502666672296
1700,4e3bbfd4-bb31-424b-99d7-b67ec0a4e026,Kurpark - Großer Teich Nord Ost,2025-07-06 20:00:00+00:00,0.007395857174675711
1701,4e3bbfd4-bb31-424b-99d7-b67ec0a4e026,Kurpark - Großer Teich Nord Ost,2025-07-06 21:00:00+00:00,0.006945596105845349
1702,4e3bbfd4-bb31-424b-99d7-b67ec0a4e026,Kurpark - Großer Teich Nord Ost,2025-07-06 22:00:00+00:00,0.006894398474125181
1703,4e3bbfd4-bb31-424b-99d7-b67ec0a4e026,Kurpark - Großer Teich Nord Ost,2025-07-06 23:00:00+00:00,0.006831867333765655
1704,4e3bbfd4-bb31-424b-99d7-b67ec0a4e026,Kurpark - Großer Teich Nord Ost,2025-07-07 00:00:00+00:00,0.006485669683505242
1705,4e3bbfd4-bb31-424b-99d7-b67ec0a4e026,Kurpark - Großer Teich Nord Ost,2025-07-07 01:00:00+00:00,0.006208769483013444
1706,4e3bbfd4-bb31-424b-99d7-b67ec0a4e026,Kurpark - Großer Teich Nord Ost,2025-07-07 02:00:00+00:00,0.006522015658256743
1707,4e3bbfd4-bb31-424b-99d7-b67ec0a4e026,Kurpark - Großer Teich Nord Ost,2025-07-07 03:00:00+00:00,0.00657377917695059
1708,4e3bbfd4-bb31-424b-99d7-b67ec0a4e026,Kurpark - Großer Teich Nord Ost,2025-07-07 04:00:00+00:00,0.006643538665047603
1709,4e3bbfd4-bb31-424b-99d7-b67ec0a4e026,Kurpark - Großer Teich Nord Ost,2025-07-07 05:00:00+00:00,0.006911730173135076
1710,4e3bbfd4-bb31-424b-99d7-b67ec0a4e026,Kurpark - Großer Teich Nord Ost,2025-07-07 06:00:00+00:00,0.007108830662200294
1711,4e3bbfd4-bb31-424b-99d7-b67ec0a4e026,Kurpark - Großer Teich Nord Ost,2025-07-07 07:00:00+00:00,0.007135169703899365
1712,4e3bbfd4-bb31-424b-99d7-b67ec0a4e026,Kurpark - Großer Teich Nord Ost,2025-07-07 08:00:00+00:00,0.008401829223137534
1713,4e3bbfd4-bb31-424b-99d7-b67ec0a4e026,Kurpark - Großer Teich Nord Ost,2025-07-07 09:00:00+00:00,0.009054256071406778
1714,4e3bbfd4-bb31-424b-99d7-b67ec0a4e026,Kurpark - Großer Teich Nord Ost,2025-07-07 10:00:00+00:00,0.010041214791964105
1715,4e3bbfd4-bb31-424b-99d7-b67ec0a4e026,Kurpark - Großer Teich Nord Ost,2025-07-07 11:00:00+00:00,0.010549517670520682
1716,4e3bbfd4-bb31-424b-99d7-b67ec0a4e026,Kurpark - Großer Teich Nord Ost,2025-07-07 12:00:00+00:00,0.009842431177138844
1717,4e3bbfd4-bb31-424b-99d7-b67ec0a4e026,Kurpark - Großer Teich Nord Ost,2025-07-07 13:00:00+00:00,0.008915120472534604
1718,4e3bbfd4-bb31-424b-99d7-b67ec0a4e026,Kurpark - Großer Teich Nord Ost,2025-07-07 14:00:00+00:00,0.008100791452275605
1719,4e3bbfd4-bb31-424b-99d7-b67ec0a4e026,Kurpark - Großer Teich Nord Ost,2025-07-07 15:00:00+00:00,0.007432741237963373
1720,4e3bbfd4-bb31-424b-99d7-b67ec0a4e026,Kurpark - Großer Teich Nord Ost,2025-07-07 16:00:00+00:00,0.007449402966418789
1721,4e3bbfd4-bb31-424b-99d7-b67ec0a4e026,Kurpark - Großer Teich Nord Ost,2025-07-07 17:00:00+00:00,0.00767702531787076
1722,4e3bbfd4-bb31-424b-99d7-b67ec0a4e026,Kurpark - Großer Teich Nord Ost,2025-07-07 18:00:00+00:00,0.007921591242134955
1723,4e3bbfd4-bb31-424b-99d7-b67ec0a4e026,Kurpark - Großer Teich Nord Ost,2025-07-07 19:00:00+00:00,0.00799753554521914
1724,4e3bbfd4-bb31-424b-99d7-b67ec0a4e026,Kurpark - Großer Teich Nord Ost,2025-07-07 20:00:00+00:00,0.008168171051317643
1725,4e3bbfd4-bb31-424b-99d7-b67ec0a4e026,Kurpark - Großer Teich Nord Ost,2025-07-07 21:00:00+00:00,0.00823280870412377
1726,4e3bbfd4-bb31-424b-99d7-b67ec0a4e026,Kurpark - Großer Teich Nord Ost,2025-07-07 22:00:00+00:00,0.008518032089134589
1727,4e3bbfd4-bb31-424b-99d7-b67ec0a4e026,Kurpark - Großer Teich Nord Ost,2025-07-07 23:00:00+00:00,0.00833675162987146
1728,4e3bbfd4-bb31-424b-99d7-b67ec0a4e026,Kurpark - Großer Teich Nord Ost,2025-07-08 00:00:00+00:00,0.008461082387777374
1729,4e3bbfd4-bb31-424b-99d7-b67ec0a4e026,Kurpark - Großer Teich Nord Ost,2025-07-08 01:00:00+00:00,0.008297335324872663
1730,4e3bbfd4-bb31-424b-99d7-b67ec0a4e026,Kurpark - Großer Teich Nord Ost,2025-07-08 02:00:00+00:00,0.007635762337489801
1731,4e3bbfd4-bb31-424b-99d7-b67ec0a4e026,Kurpark - Großer Teich Nord Ost,2025-07-08 03:00:00+00:00,0.007050536741241968
1732,4e3bbfd4-bb31-424b-99d7-b67ec0a4e026,Kurpark - Großer Teich Nord Ost,2025-07-08 04:00:00+00:00,0.00725651682403551
1733,4e3bbfd4-bb31-424b-99d7-b67ec0a4e026,Kurpark - Großer Teich Nord Ost,2025-07-08 05:00:00+00:00,0.006614216481300669
1734,4e3bbfd4-bb31-424b-99d7-b67ec0a4e026,Kurpark - Großer Teich Nord Ost,2025-07-08 06:00:00+00:00,0.006358944888354386
1735,4e3bbfd4-bb31-424b-99d7-b67ec0a4e026,Kurpark - Großer Teich Nord Ost,2025-07-08 07:00:00+00:00,0.006599114395565126
1736,4e3bbfd4-bb31-424b-99d7-b67ec0a4e026,Kurpark - Großer Teich Nord Ost,2025-07-08 08:00:00+00:00,0.0064828243971187
1737,4e3bbfd4-bb31-424b-99d7-b67ec0a4e026,Kurpark - Großer Teich Nord Ost,2025-07-08 09:00:00+00:00,0.006693187449432184
1738,4e3bbfd4-bb31-424b-99d7-b67ec0a4e026,Kurpark - Großer Teich Nord Ost,2025-07-08 10:00:00+00:00,0.006679388603502738
1739,4e3bbfd4-bb31-424b-99d7-b67ec0a4e026,Kurpark - Großer Teich Nord Ost,2025-07-08 11:00:00+00:00,0.006512301241994723
1740,4e3bbfd4-bb31-424b-99d7-b67ec0a4e026,Kurpark - Großer Teich Nord Ost,2025-07-08 12:00:00+00:00,0.006473377773172935
1741,4e3bbfd4-bb31-424b-99d7-b67ec0a4e026,Kurpark - Großer Teich Nord Ost,2025-07-08 13:00:00+00:00,0.005740259711598439
1742,4e3bbfd4-bb31-424b-99d7-b67ec0a4e026,Kurpark - Großer Teich Nord Ost,2025-07-08 14:00:00+00:00,0.006201944208118212
1743,4e3bbfd4-bb31-424b-99d7-b67ec0a4e026,Kurpark - Großer Teich Nord Ost,2025-07-08 15:00:00+00:00,0.005285985118111182
1744,4e3bbfd4-bb31-424b-99d7-b67ec0a4e026,Kurpark - Großer Teich Nord Ost,2025-07-08 16:00:00+00:00,0.005740958623042354
1745,4e3bbfd4-bb31-424b-99d7-b67ec0a4e026,Kurpark - Großer Teich Nord Ost,2025-07-08 17:00:00+00:00,0.005021079987104713
1746,4e3bbfd4-bb31-424b-99d7-b67ec0a4e026,Kurpark - Großer Teich Nord Ost,2025-07-08 18:00:00+00:00,0.004607832083576128
1747,4e3bbfd4-bb31-424b-99d7-b67ec0a4e026,Kurpark - Großer Teich Nord Ost,2025-07-08 19:00:00+00:00,0.004850416456642503
1748,4e3bbfd4-bb31-424b-99d7-b67ec0a4e026,Kurpark - Großer Teich Nord Ost,2025-07-08 20:00:00+00:00,0.005070541033364628
1749,4e3bbfd4-bb31-424b-99d7-b67ec0a4e026,Kurpark - Großer Teich Nord Ost,2025-07-08 21:00:00+00:00,0.005338054456911669
1750,4e3bbfd4-bb31-424b-99d7-b67ec0a4e026,Kurpark - Großer Teich Nord Ost,2025-07-08 22:00:00+00:00,0.005219511443660934
1751,4e3bbfd4-bb31-424b-99d7-b67ec0a4e026,Kurpark - Großer Teich Nord Ost,2025-07-08 23:00:00+00:00,0.005643919794838085
1752,4e3bbfd4-bb31-424b-99d7-b67ec0a4e026,Kurpark - Großer Teich Nord Ost,2025-07-09 00:00:00+00:00,0.0056063583655341885
1753,4e3bbfd4-bb31-424b-99d7-b67ec0a4e026,Kurpark - Großer Teich Nord Ost,2025-07-09 01:00:00+00:00,0.00560735786573583
1754,4e3bbfd4-bb31-424b-99d7-b67ec0a4e026,Kurpark - Großer Teich Nord Ost,2025-07-09 02:00:00+00:00,0.005373142252576043
1755,4e3bbfd4-bb31-424b-99d7-b67ec0a4e026,Kurpark - Großer Teich Nord Ost,2025-07-09 03:00:00+00:00,0.005232316320654521
1756,4e3bbfd4-bb31-424b-99d7-b67ec0a4e026,Kurpark - Großer Teich Nord Ost,2025-07-09 04:00:00+00:00,0.005066400301090205
1757,4e3bbfd4-bb31-424b-99d7-b67ec0a4e026,Kurpark - Großer Teich Nord Ost,2025-07-09 05:00:00+00:00,0.005212108686564066
1758,4e3bbfd4-bb31-424b-99d7-b67ec0a4e026,Kurpark - Großer Teich Nord Ost,2025-07-09 06:00:00+00:00,0.005699255337558172
1759,4e3bbfd4-bb31-424b-99d7-b67ec0a4e026,Kurpark - Großer Teich Nord Ost,2025-07-09 07:00:00+00:00,0.006269257071144827
1760,4e3bbfd4-bb31-424b-99d7-b67ec0a4e026,Kurpark - Großer Teich Nord Ost,2025-07-09 08:00:00+00:00,0.005623940548384502
1761,4e3bbfd4-bb31-424b-99d7-b67ec0a4e026,Kurpark - Großer Teich Nord Ost,2025-07-09 09:00:00+00:00,0.00546155273697673
1762,4e3bbfd4-bb31-424b-99d7-b67ec0a4e026,Kurpark - Großer Teich Nord Ost,2025-07-09 10:00:00+00:00,0.00576748154164673
1763,4e3bbfd4-bb31-424b-99d7-b67ec0a4e026,Kurpark - Großer Teich Nord Ost,2025-07-09 11:00:00+00:00,0.007437792629167148
1764,4e3bbfd4-bb31-424b-99d7-b67ec0a4e026,Kurpark - Großer Teich Nord Ost,2025-07-09 12:00:00+00:00,0.007220074840424804
1765,4e3bbfd4-bb31-424b-99d7-b67ec0a4e026,Kurpark - Großer Teich Nord Ost,2025-07-09 13:00:00+00:00,0.00760121541894551
1766,4e3bbfd4-bb31-424b-99d7-b67ec0a4e026,Kurpark - Großer Teich Nord Ost,2025-07-09 14:00:00+00:00,0.008838224571413445
1767,4e3bbfd4-bb31-424b-99d7-b67ec0a4e026,Kurpark - Großer Teich Nord Ost,2025-07-09 15:00:00+00:00,0.009198673305537567
1768,4e3bbfd4-bb31-424b-99d7-b67ec0a4e026,Kurpark - Großer Teich Nord Ost,2025-07-09 16:00:00+00:00,0.009828580463183256
1769,4e3bbfd4-bb31-424b-99d7-b67ec0a4e026,Kurpark - Großer Teich Nord Ost,2025-07-09 17:00:00+00:00,0.009766033025872095
1770,4e3bbfd4-bb31-424b-99d7-b67ec0a4e026,Kurpark - Großer Teich Nord Ost,2025-07-09 18:00:00+00:00,0.009552146919901956
1771,4e3bbfd4-bb31-424b-99d7-b67ec0a4e026,Kurpark - Großer Teich Nord Ost,2025-07-09 19:00:00+00:00,0.009829446789134921
1772,4e3bbfd4-bb31-424b-99d7-b67ec0a4e026,Kurpark - Großer Teich Nord Ost,2025-07-09 20:00:00+00:00,0.010248682199836127
1773,4e3bbfd4-bb31-424b-99d7-b67ec0a4e026,Kurpark - Großer Teich Nord Ost,2025-07-09 21:00:00+00:00,0.010320349120705345
1774,4e3bbfd4-bb31-424b-99d7-b67ec0a4e026,Kurpark - Großer Teich Nord Ost,2025-07-09 22:00:00+00:00,0.009929744410033692
1775,4e3bbfd4-bb31-424b-99d7-b67ec0a4e026,Kurpark - Großer Teich Nord Ost,2025-07-09 23:00:00+00:00,0.00970981142735203
1776,4e3bbfd4-bb31-424b-99d7-b67ec0a4e026,Kurpark - Großer Teich Nord Ost,2025-07-10 00:00:00+00:00,0.009330279133867648
1777,4e3bbfd4-bb31-424b-99d7-b67ec0a4e026,Kurpark - Großer Teich Nord Ost,2025-07-10 01:00:00+00:00,0.008849205743375294
1778,4e3bbfd4-bb31-424b-99d7-b67ec0a4e026,Kurpark - Großer Teich Nord Ost,2025-07-10 02:00:00+00:00,0.008420742971901148
1779,4e3bbfd4-bb31-424b-99d7-b67ec0a4e026,Kurpark - Großer Teich Nord Ost,2025-07-10 03:00:00+00:00,0.008274462994984773
1780,4e3bbfd4-bb31-424b-99d7-b67ec0a4e026,Kurpark - Großer Teich Nord Ost,2025-07-10 04:00:00+00:00,0.007788487506427038
1781,4e3bbfd4-bb31-424b-99d7-b67ec0a4e026,Kurpark - Großer Teich Nord Ost,2025-07-10 05:00:00+00:00,0.0073820613772653705
1782,4e3bbfd4-bb31-424b-99d7-b67ec0a4e026,Kurpark - Großer Teich Nord Ost,2025-07-10 06:00:00+00:00,0.007799104016643821
1783,4e3bbfd4-bb31-424b-99d7-b67ec0a4e026,Kurpark - Großer Teich Nord Ost,2025-07-10 07:00:00+00:00,0.008057115132126473
1784,4e3bbfd4-bb31-424b-99d7-b67ec0a4e026,Kurpark - Großer Teich Nord Ost,2025-07-10 08:00:00+00:00,0.008221266449928872
1785,4e3bbfd4-bb31-424b-99d7-b67ec0a4e026,Kurpark - Großer Teich Nord Ost,2025-07-10 09:00:00+00:00,0.008410486835483115
1786,4e3bbfd4-bb31-424b-99d7-b67ec0a4e026,Kurpark - Großer Teich Nord Ost,2025-07-10 10:00:00+00:00,0.0090084708966963
1787,4e3bbfd4-bb31-424b-99d7-b67ec0a4e026,Kurpark - Großer Teich Nord Ost,2025-07-10 11:00:00+00:00,0.007148245093924548
1788,4e3bbfd4-bb31-424b-99d7-b67ec0a4e026,Kurpark - Großer Teich Nord Ost,2025-07-10 12:00:00+00:00,0.005426868305683444
1789,4e3bbfd4-bb31-424b-99d7-b67ec0a4e026,Kurpark - Großer Teich Nord Ost,2025-07-10 13:00:00+00:00,0.005310903501404821
1790,4e3bbfd4-bb31-424b-99d7-b67ec0a4e026,Kurpark - Großer Teich Nord Ost,2025-07-10 14:00:00+00:00,0.00548931370459673
1791,4e3bbfd4-bb31-424b-99d7-b67ec0a4e026,Kurpark - Großer Teich Nord Ost,2025-07-10 15:00:00+00:00,0.004861069989403919
1792,4e3bbfd4-bb31-424b-99d7-b67ec0a4e026,Kurpark - Großer Teich Nord Ost,2025-07-10 16:00:00+00:00,0.004692012052109078
1793,4e3bbfd4-bb31-424b-99d7-b67ec0a4e026,Kurpark - Großer Teich Nord Ost,2025-07-10 17:00:00+00:00,0.005232190992645449
1794,4e3bbfd4-bb31-424b-99d7-b67ec0a4e026,Kurpark - Großer Teich Nord Ost,2025-07-10 18:00:00+00:00,0.005830035796555699
1795,4e3bbfd4-bb31-424b-99d7-b67ec0a4e026,Kurpark - Großer Teich Nord Ost,2025-07-10 19:00:00+00:00,0.006804088192586198
1796,4e3bbfd4-bb31-424b-99d7-b67ec0a4e026,Kurpark - Großer Teich Nord Ost,2025-07-10 20:00:00+00:00,0.0064134609574267995
1797,4e3bbfd4-bb31-424b-99d7-b67ec0a4e026,Kurpark - Großer Teich Nord Ost,2025-07-10 21:00:00+00:00,0.006632893611517138
1798,4e3bbfd4-bb31-424b-99d7-b67ec0a4e026,Kurpark - Großer Teich Nord Ost,2025-07-10 22:00:00+00:00,0.0066661900411088045
1799,4e3bbfd4-bb31-424b-99d7-b67ec0a4e026,Kurpark - Großer Teich Nord Ost,2025-07-10 23:00:00+00:00,0.006744876187137281
1800,4e3bbfd4-bb31-424b-99d7-b67ec0a4e026,Kurpark - Großer Teich Nord Ost,2025-07-11 00:00:00+00:00,0.006766960792725948
1801,4e3bbfd4-bb31-424b-99d7-b67ec0a4e026,Kurpark - Großer Teich Nord Ost,2025-07-11 01:00:00+00:00,0.006785042094442306
1802,4e3bbfd4-bb31-424b-99d7-b67ec0a4e026,Kurpark - Großer Teich Nord Ost,2025-07-11 02:00:00+00:00,0.006297027265186268
1803,4e3bbfd4-bb31-424b-99d7-b67ec0a4e026,Kurpark - Großer Teich Nord Ost,2025-07-11 03:00:00+00:00,0.005838719779989314
1804,4e3bbfd4-bb31-424b-99d7-b67ec0a4e026,Kurpark - Großer Teich Nord Ost,2025-07-11 04:00:00+00:00,0.005716123326622032
1805,4e3bbfd4-bb31-424b-99d7-b67ec0a4e026,Kurpark - Großer Teich Nord Ost,2025-07-11 05:00:00+00:00,0.005808929359514977
1806,4e3bbfd4-bb31-424b-99d7-b67ec0a4e026,Kurpark - Großer Teich Nord Ost,2025-07-11 06:00:00+00:00,0.005427376731528407
1807,4e3bbfd4-bb31-424b-99d7-b67ec0a4e026,Kurpark - Großer Teich Nord Ost,2025-07-11 07:00:00+00:00,0.005606840179316094
1808,4e3bbfd4-bb31-424b-99d7-b67ec0a4e026,Kurpark - Großer Teich Nord Ost,2025-07-11 08:00:00+00:00,0.005816335741820048
1809,4e3bbfd4-bb31-424b-99d7-b67ec0a4e026,Kurpark - Großer Teich Nord Ost,2025-07-11 09:00:00+00:00,0.0064001471354961205
1810,4e3bbfd4-bb31-424b-99d7-b67ec0a4e026,Kurpark - Großer Teich Nord Ost,2025-07-11 10:00:00+00:00,0.006231126108541557
1811,4e3bbfd4-bb31-424b-99d7-b67ec0a4e026,Kurpark - Großer Teich Nord Ost,2025-07-11 11:00:00+00:00,0.006539402372025758
1812,4e3bbfd4-bb31-424b-99d7-b67ec0a4e026,Kurpark - Großer Teich Nord Ost,2025-07-11 12:00:00+00:00,0.0065377351694040926
1813,4e3bbfd4-bb31-424b-99d7-b67ec0a4e026,Kurpark - Großer Teich Nord Ost,2025-07-11 13:00:00+00:00,0.005427207728609064
1814,4e3bbfd4-bb31-424b-99d7-b67ec0a4e026,Kurpark - Großer Teich Nord Ost,2025-07-11 14:00:00+00:00,0.0048653599448970335
1815,4e3bbfd4-bb31-424b-99d7-b67ec0a4e026,Kurpark - Großer Teich Nord Ost,2025-07-11 15:00:00+00:00,0.006465003445944065
1816,4e3bbfd4-bb31-424b-99d7-b67ec0a4e026,Kurpark - Großer Teich Nord Ost,2025-07-11 16:00:00+00:00,0.005953060694436195
1817,4e3bbfd4-bb31-424b-99d7-b67ec0a4e026,Kurpark - Großer Teich Nord Ost,2025-07-11 17:00:00+00:00,0.006024585774910909
1818,4e3bbfd4-bb31-424b-99d7-b67ec0a4e026,Kurpark - Großer Teich Nord Ost,2025-07-11 18:00:00+00:00,0.0065636266066546045
1819,4e3bbfd4-bb31-424b-99d7-b67ec0a4e026,Kurpark - Großer Teich Nord Ost,2025-07-11 19:00:00+00:00,0.006186783058732876
1820,4e3bbfd4-bb31-424b-99d7-b67ec0a4e026,Kurpark - Großer Teich Nord Ost,2025-07-11 20:00:00+00:00,0.006454549159761389
1821,4e3bbfd4-bb31-424b-99d7-b67ec0a4e026,Kurpark - Großer Teich Nord Ost,2025-07-11 21:00:00+00:00,0.006242834376245536
1822,4e3bbfd4-bb31-424b-99d7-b67ec0a4e026,Kurpark - Großer Teich Nord Ost,2025-07-11 22:00:00+00:00,0.006240485233336551
1823,4e3bbfd4-bb31-424b-99d7-b67ec0a4e026,Kurpark - Großer Teich Nord Ost,2025-07-11 23:00:00+00:00,0.006188316350590603
1824,4e3bbfd4-bb31-424b-99d7-b67ec0a4e026,Kurpark - Großer Teich Nord Ost,2025-07-12 00:00:00+00:00,0.006182394365594171
1825,4e3bbfd4-bb31-424b-99d7-b67ec0a4e026,Kurpark - Großer Teich Nord Ost,2025-07-12 01:00:00+00:00,0.006305603607508594
1826,4e3bbfd4-bb31-424b-99d7-b67ec0a4e026,Kurpark - Großer Teich Nord Ost,2025-07-12 02:00:00+00:00,0.005975669194163076
1827,4e3bbfd4-bb31-424b-99d7-b67ec0a4e026,Kurpark - Großer Teich Nord Ost,2025-07-12 03:00:00+00:00,0.005853528688144239
1828,4e3bbfd4-bb31-424b-99d7-b67ec0a4e026,Kurpark - Großer Teich Nord Ost,2025-07-12 04:00:00+00:00,0.0061003258873896125
1829,4e3bbfd4-bb31-424b-99d7-b67ec0a4e026,Kurpark - Großer Teich Nord Ost,2025-07-12 05:00:00+00:00,0.005883050660125029
1830,4e3bbfd4-bb31-424b-99d7-b67ec0a4e026,Kurpark - Großer Teich Nord Ost,2025-07-12 06:00:00+00:00,0.005808210424997149
1831,4e3bbfd4-bb31-424b-99d7-b67ec0a4e026,Kurpark - Großer Teich Nord Ost,2025-07-12 07:00:00+00:00,0.0059302475564665565
1832,4e3bbfd4-bb31-424b-99d7-b67ec0a4e026,Kurpark - Großer Teich Nord Ost,2025-07-12 08:00:00+00:00,0.00740979819190558
1833,4e3bbfd4-bb31-424b-99d7-b67ec0a4e026,Kurpark - Großer Teich Nord Ost,2025-07-12 09:00:00+00:00,0.007554844128195916
1834,4e3bbfd4-bb31-424b-99d7-b67ec0a4e026,Kurpark - Großer Teich Nord Ost,2025-07-12 10:00:00+00:00,0.007702372436318413
1835,4e3bbfd4-bb31-424b-99d7-b67ec0a4e026,Kurpark - Großer Teich Nord Ost,2025-07-12 11:00:00+00:00,0.009707706658252137
1836,4e3bbfd4-bb31-424b-99d7-b67ec0a4e026,Kurpark - Großer Teich Nord Ost,2025-07-12 12:00:00+00:00,0.009825709471020712
1837,4e3bbfd4-bb31-424b-99d7-b67ec0a4e026,Kurpark - Großer Teich Nord Ost,2025-07-12 13:00:00+00:00,0.010520700572918932
1838,4e3bbfd4-bb31-424b-99d7-b67ec0a4e026,Kurpark - Großer Teich Nord Ost,2025-07-12 14:00:00+00:00,0.009199195034098459
1839,4e3bbfd4-bb31-424b-99d7-b67ec0a4e026,Kurpark - Großer Teich Nord Ost,2025-07-12 15:00:00+00:00,0.008913135487600211
1840,4e3bbfd4-bb31-424b-99d7-b67ec0a4e026,Kurpark - Großer Teich Nord Ost,2025-07-12 16:00:00+00:00,0.007930394875130652
1841,4e3bbfd4-bb31-424b-99d7-b67ec0a4e026,Kurpark - Großer Teich Nord Ost,2025-07-12 17:00:00+00:00,0.007042338882468131
1842,4e3bbfd4-bb31-424b-99d7-b67ec0a4e026,Kurpark - Großer Teich Nord Ost,2025-07-12 18:00:00+00:00,0.006789737318828761
1843,4e3bbfd4-bb31-424b-99d7-b67ec0a4e026,Kurpark - Großer Teich Nord Ost,2025-07-12 19:00:00+00:00,0.006743868633942755
1844,4e3bbfd4-bb31-424b-99d7-b67ec0a4e026,Kurpark - Großer Teich Nord Ost,2025-07-12 20:00:00+00:00,0.006845023942220241
1845,4e3bbfd4-bb31-424b-99d7-b67ec0a4e026,Kurpark - Großer Teich Nord Ost,2025-07-12 21:00:00+00:00,0.007025209635933986
1846,4e3bbfd4-bb31-424b-99d7-b67ec0a4e026,Kurpark - Großer Teich Nord Ost,2025-07-12 22:00:00+00:00,0.019394593766960493
1847,4e3bbfd4-bb31-424b-99d7-b67ec0a4e026,Kurpark - Großer Teich Nord Ost,2025-07-12 23:00:00+00:00,0.019587029331006384
1848,4e3bbfd4-bb31-424b-99d7-b67ec0a4e026,Kurpark - Großer Teich Nord Ost,2025-07-13 00:00:00+00:00,0.0200729370103375
1849,4e3bbfd4-bb31-424b-99d7-b67ec0a4e026,Kurpark - Großer Teich Nord Ost,2025-07-13 01:00:00+00:00,0.020106317610319002
1850,4e3bbfd4-bb31-424b-99d7-b67ec0a4e026,Kurpark - Großer Teich Nord Ost,2025-07-13 02:00:00+00:00,0.02073084289710556
1851,4e3bbfd4-bb31-424b-99d7-b67ec0a4e026,Kurpark - Großer Teich Nord Ost,2025-07-13 03:00:00+00:00,0.02061771562266882
1852,4e3bbfd4-bb31-424b-99d7-b67ec0a4e026,Kurpark - Großer Teich Nord Ost,2025-07-13 04:00:00+00:00,0.02108154068751679
1853,4e3bbfd4-bb31-424b-99d7-b67ec0a4e026,Kurpark - Großer Teich Nord Ost,2025-07-13 05:00:00+00:00,0.021224664667683323
1854,4e3bbfd4-bb31-424b-99d7-b67ec0a4e026,Kurpark - Großer Teich Nord Ost,2025-07-13 06:00:00+00:00,0.022232655818289142
1855,4e3bbfd4-bb31-424b-99d7-b67ec0a4e026,Kurpark - Großer Teich Nord Ost,2025-07-13 07:00:00+00:00,0.023409398841648617
1856,4e3bbfd4-bb31-424b-99d7-b67ec0a4e026,Kurpark - Großer Teich Nord Ost,2025-07-13 08:00:00+00:00,0.02132817634269032
1857,4e3bbfd4-bb31-424b-99d7-b67ec0a4e026,Kurpark - Großer Teich Nord Ost,2025-07-13 09:00:00+00:00,0.020654718571278853
1858,4e3bbfd4-bb31-424b-99d7-b67ec0a4e026,Kurpark - Großer Teich Nord Ost,2025-07-13 10:00:00+00:00,0.020719907001205556
1859,4e3bbfd4-bb31-424b-99d7-b67ec0a4e026,Kurpark - Großer Teich Nord Ost,2025-07-13 11:00:00+00:00,0.02092740328405714
1860,4e3bbfd4-bb31-424b-99d7-b67ec0a4e026,Kurpark - Großer Teich Nord Ost,2025-07-13 12:00:00+00:00,0.020922000885075707
1861,4e3bbfd4-bb31-424b-99d7-b67ec0a4e026,Kurpark - Großer Teich Nord Ost,2025-07-13 13:00:00+00:00,0.02107893025220047
1862,4e3bbfd4-bb31-424b-99d7-b67ec0a4e026,Kurpark - Großer Teich Nord Ost,2025-07-13 14:00:00+00:00,0.02063607271496563
1863,4e3bbfd4-bb31-424b-99d7-b67ec0a4e026,Kurpark - Großer Teich Nord Ost,2025-07-13 15:00:00+00:00,0.020897479662532643
1864,4e3bbfd4-bb31-424b-99d7-b67ec0a4e026,Kurpark - Großer Teich Nord Ost,2025-07-13 16:00:00+00:00,0.020682935922373632
1865,4e3bbfd4-bb31-424b-99d7-b67ec0a4e026,Kurpark - Großer Teich Nord Ost,2025-07-13 17:00:00+00:00,0.020688203711959247
1866,4e3bbfd4-bb31-424b-99d7-b67ec0a4e026,Kurpark - Großer Teich Nord Ost,2025-07-13 18:00:00+00:00,0.020854373054022577
1867,4e3bbfd4-bb31-424b-99d7-b67ec0a4e026,Kurpark - Großer Teich Nord Ost,2025-07-13 19:00:00+00:00,0.019579024859446344
1868,4e3bbfd4-bb31-424b-99d7-b67ec0a4e026,Kurpark - Großer Teich Nord Ost,2025-07-13 20:00:00+00:00,0.019579331819684947
1869,4e3bbfd4-bb31-424b-99d7-b67ec0a4e026,Kurpark - Großer Teich Nord Ost,2025-07-13 21:00:00+00:00,0.018989864754220338
1870,4e3bbfd4-bb31-424b-99d7-b67ec0a4e026,Kurpark - Großer Teich Nord Ost,2025-07-13 22:00:00+00:00,0.007085500191603672
1871,4e3bbfd4-bb31-424b-99d7-b67ec0a4e026,Kurpark - Großer Teich Nord Ost,2025-07-13 23:00:00+00:00,0.00697305201942689
1872,4ff66154-8c30-4f61-9e54-d5c1744c117c,Karlstraße 6,2025-07-01 00:00:00+00:00,0.0365820763853179
1873,4ff66154-8c30-4f61-9e54-d5c1744c117c,Karlstraße 6,2025-07-01 01:00:00+00:00,0.03668194892016139
1874,4ff66154-8c30-4f61-9e54-d5c1744c117c,Karlstraße 6,2025-07-01 02:00:00+00:00,0.03527513151008376
1875,4ff66154-8c30-4f61-9e54-d5c1744c117c,Karlstraße 6,2025-07-01 03:00:00+00:00,0.03722442058035214
1876,4ff66154-8c30-4f61-9e54-d5c1744c117c,Karlstraße 6,2025-07-01 04:00:00+00:00,0.03748763392635642
1877,4ff66154-8c30-4f61-9e54-d5c1744c117c,Karlstraße 6,2025-07-01 05:00:00+00:00,0.037863529729805334
1878,4ff66154-8c30-4f61-9e54-d5c1744c117c,Karlstraße 6,2025-07-01 06:00:00+00:00,0.04231559603574369
1879,4ff66154-8c30-4f61-9e54-d5c1744c117c,Karlstraße 6,2025-07-01 07:00:00+00:00,0.04411797373878447
1880,4ff66154-8c30-4f61-9e54-d5c1744c117c,Karlstraße 6,2025-07-01 08:00:00+00:00,0.04223453179927293
1881,4ff66154-8c30-4f61-9e54-d5c1744c117c,Karlstraße 6,2025-07-01 09:00:00+00:00,0.04275140881581314
1882,4ff66154-8c30-4f61-9e54-d5c1744c117c,Karlstraße 6,2025-07-01 10:00:00+00:00,0.04037306663060319
1883,4ff66154-8c30-4f61-9e54-d5c1744c117c,Karlstraße 6,2025-07-01 11:00:00+00:00,0.038509937115257714
1884,4ff66154-8c30-4f61-9e54-d5c1744c117c,Karlstraße 6,2025-07-01 12:00:00+00:00,0.034532982450174214
1885,4ff66154-8c30-4f61-9e54-d5c1744c117c,Karlstraße 6,2025-07-01 13:00:00+00:00,0.03245546589527821
1886,4ff66154-8c30-4f61-9e54-d5c1744c117c,Karlstraße 6,2025-07-01 14:00:00+00:00,0.022915517964080777
1887,4ff66154-8c30-4f61-9e54-d5c1744c117c,Karlstraße 6,2025-07-01 15:00:00+00:00,0.018218782168733235
1888,4ff66154-8c30-4f61-9e54-d5c1744c117c,Karlstraße 6,2025-07-01 16:00:00+00:00,0.01689007444297842
1889,4ff66154-8c30-4f61-9e54-d5c1744c117c,Karlstraße 6,2025-07-01 17:00:00+00:00,0.016447492628271047
1890,4ff66154-8c30-4f61-9e54-d5c1744c117c,Karlstraße 6,2025-07-01 18:00:00+00:00,0.0167383603917652
1891,4ff66154-8c30-4f61-9e54-d5c1744c117c,Karlstraße 6,2025-07-01 19:00:00+00:00,0.01517944523957716
1892,4ff66154-8c30-4f61-9e54-d5c1744c117c,Karlstraße 6,2025-07-01 20:00:00+00:00,0.015114949851214332
1893,4ff66154-8c30-4f61-9e54-d5c1744c117c,Karlstraße 6,2025-07-01 21:00:00+00:00,0.015114506205711248
1894,4ff66154-8c30-4f61-9e54-d5c1744c117c,Karlstraße 6,2025-07-01 22:00:00+00:00,0.015983390644887307
1895,4ff66154-8c30-4f61-9e54-d5c1744c117c,Karlstraße 6,2025-07-01 23:00:00+00:00,0.017842264073495637
1896,4ff66154-8c30-4f61-9e54-d5c1744c117c,Karlstraße 6,2025-07-02 00:00:00+00:00,0.018544840863782386
1897,4ff66154-8c30-4f61-9e54-d5c1744c117c,Karlstraße 6,2025-07-02 01:00:00+00:00,0.01907261051298297
1898,4ff66154-8c30-4f61-9e54-d5c1744c117c,Karlstraße 6,2025-07-02 02:00:00+00:00,0.019111103296518946
1899,4ff66154-8c30-4f61-9e54-d5c1744c117c,Karlstraße 6,2025-07-02 03:00:00+00:00,0.016988441095482778
1900,4ff66154-8c30-4f61-9e54-d5c1744c117c,Karlstraße 6,2025-07-02 04:00:00+00:00,0.018098055044367217
1901,4ff66154-8c30-4f61-9e54-d5c1744c117c,Karlstraße 6,2025-07-02 05:00:00+00:00,0.0187245132110738
1902,4ff66154-8c30-4f61-9e54-d5c1744c117c,Karlstraße 6,2025-07-02 06:00:00+00:00,0.019983869266348122
1903,4ff66154-8c30-4f61-9e54-d5c1744c117c,Karlstraße 6,2025-07-02 07:00:00+00:00,0.01864788971309842
1904,4ff66154-8c30-4f61-9e54-d5c1744c117c,Karlstraße 6,2025-07-02 08:00:00+00:00,0.017196674071052114
1905,4ff66154-8c30-4f61-9e54-d5c1744c117c,Karlstraße 6,2025-07-02 09:00:00+00:00,0.019494163549033727
1906,4ff66154-8c30-4f61-9e54-d5c1744c117c,Karlstraße 6,2025-07-02 10:00:00+00:00,0.02738651442282743
1907,4ff66154-8c30-4f61-9e54-d5c1744c117c,Karlstraße 6,2025-07-02 11:00:00+00:00,0.03139091526566961
1908,4ff66154-8c30-4f61-9e54-d5c1744c117c,Karlstraße 6,2025-07-02 12:00:00+00:00,0.037826428140847024
1909,4ff66154-8c30-4f61-9e54-d5c1744c117c,Karlstraße 6,2025-07-02 13:00:00+00:00,0.041820882256705674
1910,4ff66154-8c30-4f61-9e54-d5c1744c117c,Karlstraße 6,2025-07-02 14:00:00+00:00,0.04201520690504836
1911,4ff66154-8c30-4f61-9e54-d5c1744c117c,Karlstraße 6,2025-07-02 15:00:00+00:00,0.03782816097731813
1912,4ff66154-8c30-4f61-9e54-d5c1744c117c,Karlstraße 6,2025-07-02 16:00:00+00:00,0.034696338539162985
1913,4ff66154-8c30-4f61-9e54-d5c1744c117c,Karlstraße 6,2025-07-02 17:00:00+00:00,0.03193853425290457
1914,4ff66154-8c30-4f61-9e54-d5c1744c117c,Karlstraße 6,2025-07-02 18:00:00+00:00,0.029857120043881278
1915,4ff66154-8c30-4f61-9e54-d5c1744c117c,Karlstraße 6,2025-07-02 19:00:00+00:00,0.02826545360938876
1916,4ff66154-8c30-4f61-9e54-d5c1744c117c,Karlstraße 6,2025-07-02 20:00:00+00:00,0.028082322258415296
1917,4ff66154-8c30-4f61-9e54-d5c1744c117c,Karlstraße 6,2025-07-02 21:00:00+00:00,0.02683042118271865
1918,4ff66154-8c30-4f61-9e54-d5c1744c117c,Karlstraße 6,2025-07-02 22:00:00+00:00,0.02567124990820152
1919,4ff66154-8c30-4f61-9e54-d5c1744c117c,Karlstraße 6,2025-07-02 23:00:00+00:00,0.023420876519903395
1920,4ff66154-8c30-4f61-9e54-d5c1744c117c,Karlstraße 6,2025-07-03 00:00:00+00:00,0.023321724708316685
1921,4ff66154-8c30-4f61-9e54-d5c1744c117c,Karlstraße 6,2025-07-03 01:00:00+00:00,0.022330060418450964
1922,4ff66154-8c30-4f61-9e54-d5c1744c117c,Karlstraße 6,2025-07-03 02:00:00+00:00,0.023522494102480442
1923,4ff66154-8c30-4f61-9e54-d5c1744c117c,Karlstraße 6,2025-07-03 03:00:00+00:00,0.024248539015208227
1924,4ff66154-8c30-4f61-9e54-d5c1744c117c,Karlstraße 6,2025-07-03 04:00:00+00:00,0.024847064309902387
1925,4ff66154-8c30-4f61-9e54-d5c1744c117c,Karlstraße 6,2025-07-03 05:00:00+00:00,0.02530114767397873
1926,4ff66154-8c30-4f61-9e54-d5c1744c117c,Karlstraße 6,2025-07-03 06:00:00+00:00,0.025841325773991158
1927,4ff66154-8c30-4f61-9e54-d5c1744c117c,Karlstraße 6,2025-07-03 07:00:00+00:00,0.01931958519027886
1928,4ff66154-8c30-4f61-9e54-d5c1744c117c,Karlstraße 6,2025-07-03 08:00:00+00:00,0.018471452985718492
1929,4ff66154-8c30-4f61-9e54-d5c1744c117c,Karlstraße 6,2025-07-03 09:00:00+00:00,0.017669448492533872
1930,4ff66154-8c30-4f61-9e54-d5c1744c117c,Karlstraße 6,2025-07-03 10:00:00+00:00,0.021708215276903385
1931,4ff66154-8c30-4f61-9e54-d5c1744c117c,Karlstraße 6,2025-07-03 11:00:00+00:00,0.022211667329267538
1932,4ff66154-8c30-4f61-9e54-d5c1744c117c,Karlstraße 6,2025-07-03 12:00:00+00:00,0.020880919560013245
1933,4ff66154-8c30-4f61-9e54-d5c1744c117c,Karlstraße 6,2025-07-03 13:00:00+00:00,0.018210380048414115
1934,4ff66154-8c30-4f61-9e54-d5c1744c117c,Karlstraße 6,2025-07-03 14:00:00+00:00,0.017077744880254323
1935,4ff66154-8c30-4f61-9e54-d5c1744c117c,Karlstraße 6,2025-07-03 15:00:00+00:00,0.01686969559932557
1936,4ff66154-8c30-4f61-9e54-d5c1744c117c,Karlstraße 6,2025-07-03 16:00:00+00:00,0.02055033579850526
1937,4ff66154-8c30-4f61-9e54-d5c1744c117c,Karlstraße 6,2025-07-03 17:00:00+00:00,0.019023482419476476
1938,4ff66154-8c30-4f61-9e54-d5c1744c117c,Karlstraße 6,2025-07-03 18:00:00+00:00,0.01863067312698914
1939,4ff66154-8c30-4f61-9e54-d5c1744c117c,Karlstraße 6,2025-07-03 19:00:00+00:00,0.014721069455780488
1940,4ff66154-8c30-4f61-9e54-d5c1744c117c,Karlstraße 6,2025-07-03 20:00:00+00:00,0.01382994286091224
1941,4ff66154-8c30-4f61-9e54-d5c1744c117c,Karlstraße 6,2025-07-03 21:00:00+00:00,0.014025894529252292
1942,4ff66154-8c30-4f61-9e54-d5c1744c117c,Karlstraße 6,2025-07-03 22:00:00+00:00,0.013980373651928887
1943,4ff66154-8c30-4f61-9e54-d5c1744c117c,Karlstraße 6,2025-07-03 23:00:00+00:00,0.014244914771424476
1944,4ff66154-8c30-4f61-9e54-d5c1744c117c,Karlstraße 6,2025-07-04 00:00:00+00:00,0.022266217963684772
1945,4ff66154-8c30-4f61-9e54-d5c1744c117c,Karlstraße 6,2025-07-04 01:00:00+00:00,0.02223632610047901
1946,4ff66154-8c30-4f61-9e54-d5c1744c117c,Karlstraße 6,2025-07-04 02:00:00+00:00,0.02265584152513826
1947,4ff66154-8c30-4f61-9e54-d5c1744c117c,Karlstraße 6,2025-07-04 03:00:00+00:00,0.023440842612576583
1948,4ff66154-8c30-4f61-9e54-d5c1744c117c,Karlstraße 6,2025-07-04 04:00:00+00:00,0.023306563356058674
1949,4ff66154-8c30-4f61-9e54-d5c1744c117c,Karlstraße 6,2025-07-04 05:00:00+00:00,0.02313332283759264
1950,4ff66154-8c30-4f61-9e54-d5c1744c117c,Karlstraße 6,2025-07-04 06:00:00+00:00,0.023722722140305984
1951,4ff66154-8c30-4f61-9e54-d5c1744c117c,Karlstraße 6,2025-07-04 07:00:00+00:00,0.03483101844389607
1952,4ff66154-8c30-4f61-9e54-d5c1744c117c,Karlstraße 6,2025-07-04 08:00:00+00:00,0.03316775340538283
1953,4ff66154-8c30-4f61-9e54-d5c1744c117c,Karlstraße 6,2025-07-04 09:00:00+00:00,0.0483539615320787
1954,4ff66154-8c30-4f61-9e54-d5c1744c117c,Karlstraße 6,2025-07-04 10:00:00+00:00,0.04486046195623369
1955,4ff66154-8c30-4f61-9e54-d5c1744c117c,Karlstraße 6,2025-07-04 11:00:00+00:00,0.04143570767523751
1956,4ff66154-8c30-4f61-9e54-d5c1744c117c,Karlstraße 6,2025-07-04 12:00:00+00:00,0.04953623725075456
1957,4ff66154-8c30-4f61-9e54-d5c1744c117c,Karlstraße 6,2025-07-04 13:00:00+00:00,0.04920311854717378
1958,4ff66154-8c30-4f61-9e54-d5c1744c117c,Karlstraße 6,2025-07-04 14:00:00+00:00,0.05108368290411851
1959,4ff66154-8c30-4f61-9e54-d5c1744c117c,Karlstraße 6,2025-07-04 15:00:00+00:00,0.0727622959774933
1960,4ff66154-8c30-4f61-9e54-d5c1744c117c,Karlstraße 6,2025-07-04 16:00:00+00:00,0.09851697149525261
1961,4ff66154-8c30-4f61-9e54-d5c1744c117c,Karlstraße 6,2025-07-04 17:00:00+00:00,0.1076040867631962
1962,4ff66154-8c30-4f61-9e54-d5c1744c117c,Karlstraße 6,2025-07-04 18:00:00+00:00,0.11051498632794028
1963,4ff66154-8c30-4f61-9e54-d5c1744c117c,Karlstraße 6,2025-07-04 19:00:00+00:00,0.11112883004681477
1964,4ff66154-8c30-4f61-9e54-d5c1744c117c,Karlstraße 6,2025-07-04 20:00:00+00:00,0.11242850952022773
1965,4ff66154-8c30-4f61-9e54-d5c1744c117c,Karlstraße 6,2025-07-04 21:00:00+00:00,0.11353516883927792
1966,4ff66154-8c30-4f61-9e54-d5c1744c117c,Karlstraße 6,2025-07-04 22:00:00+00:00,0.11612356557016133
1967,4ff66154-8c30-4f61-9e54-d5c1744c117c,Karlstraße 6,2025-07-04 23:00:00+00:00,0.11307089634051
1968,4ff66154-8c30-4f61-9e54-d5c1744c117c,Karlstraße 6,2025-07-05 00:00:00+00:00,0.1005774692582876
1969,4ff66154-8c30-4f61-9e54-d5c1744c117c,Karlstraße 6,2025-07-05 01:00:00+00:00,0.1010059443451984
1970,4ff66154-8c30-4f61-9e54-d5c1744c117c,Karlstraße 6,2025-07-05 02:00:00+00:00,0.10606864722676808
1971,4ff66154-8c30-4f61-9e54-d5c1744c117c,Karlstraße 6,2025-07-05 03:00:00+00:00,0.10784466101754693
1972,4ff66154-8c30-4f61-9e54-d5c1744c117c,Karlstraße 6,2025-07-05 04:00:00+00:00,0.10725770544340239
1973,4ff66154-8c30-4f61-9e54-d5c1744c117c,Karlstraße 6,2025-07-05 05:00:00+00:00,0.10676916003904552
1974,4ff66154-8c30-4f61-9e54-d5c1744c117c,Karlstraße 6,2025-07-05 06:00:00+00:00,0.10864276579855021
1975,4ff66154-8c30-4f61-9e54-d5c1744c117c,Karlstraße 6,2025-07-05 07:00:00+00:00,0.10277106976628021
1976,4ff66154-8c30-4f61-9e54-d5c1744c117c,Karlstraße 6,2025-07-05 08:00:00+00:00,0.12439722668143273
1977,4ff66154-8c30-4f61-9e54-d5c1744c117c,Karlstraße 6,2025-07-05 09:00:00+00:00,0.08665096082801513
1978,4ff66154-8c30-4f61-9e54-d5c1744c117c,Karlstraße 6,2025-07-05 10:00:00+00:00,0.09580987251648557
1979,4ff66154-8c30-4f61-9e54-d5c1744c117c,Karlstraße 6,2025-07-05 11:00:00+00:00,0.08667823768116723
1980,4ff66154-8c30-4f61-9e54-d5c1744c117c,Karlstraße 6,2025-07-05 12:00:00+00:00,0.08457572539738747
1981,4ff66154-8c30-4f61-9e54-d5c1744c117c,Karlstraße 6,2025-07-05 13:00:00+00:00,0.07707832848668138
1982,4ff66154-8c30-4f61-9e54-d5c1744c117c,Karlstraße 6,2025-07-05 14:00:00+00:00,0.05581474156196807
1983,4ff66154-8c30-4f61-9e54-d5c1744c117c,Karlstraße 6,2025-07-05 15:00:00+00:00,0.05773393098792963
1984,4ff66154-8c30-4f61-9e54-d5c1744c117c,Karlstraße 6,2025-07-05 16:00:00+00:00,0.057878895420770765
1985,4ff66154-8c30-4f61-9e54-d5c1744c117c,Karlstraße 6,2025-07-05 17:00:00+00:00,0.05571731383888687
1986,4ff66154-8c30-4f61-9e54-d5c1744c117c,Karlstraße 6,2025-07-05 18:00:00+00:00,0.05344747745841592
1987,4ff66154-8c30-4f61-9e54-d5c1744c117c,Karlstraße 6,2025-07-05 19:00:00+00:00,0.05414654967159704
1988,4ff66154-8c30-4f61-9e54-d5c1744c117c,Karlstraße 6,2025-07-05 20:00:00+00:00,0.05185750699691496
1989,4ff66154-8c30-4f61-9e54-d5c1744c117c,Karlstraße 6,2025-07-05 21:00:00+00:00,0.04977866306031636
1990,4ff66154-8c30-4f61-9e54-d5c1744c117c,Karlstraße 6,2025-07-05 22:00:00+00:00,0.046832642358909375
1991,4ff66154-8c30-4f61-9e54-d5c1744c117c,Karlstraße 6,2025-07-05 23:00:00+00:00,0.046282421988218074
1992,4ff66154-8c30-4f61-9e54-d5c1744c117c,Karlstraße 6,2025-07-06 00:00:00+00:00,0.045008226145436904
1993,4ff66154-8c30-4f61-9e54-d5c1744c117c,Karlstraße 6,2025-07-06 01:00:00+00:00,0.044563844660332814
1994,4ff66154-8c30-4f61-9e54-d5c1744c117c,Karlstraße 6,2025-07-06 02:00:00+00:00,0.04225609233859636
1995,4ff66154-8c30-4f61-9e54-d5c1744c117c,Karlstraße 6,2025-07-06 03:00:00+00:00,0.05081016677681219
1996,4ff66154-8c30-4f61-9e54-d5c1744c117c,Karlstraße 6,2025-07-06 04:00:00+00:00,0.057663068514700794
1997,4ff66154-8c30-4f61-9e54-d5c1744c117c,Karlstraße 6,2025-07-06 05:00:00+00:00,0.06217237334358552
1998,4ff66154-8c30-4f61-9e54-d5c1744c117c,Karlstraße 6,2025-07-06 06:00:00+00:00,0.05532894326731545
1999,4ff66154-8c30-4f61-9e54-d5c1744c117c,Karlstraße 6,2025-07-06 07:00:00+00:00,0.05092272826174996
2000,4ff66154-8c30-4f61-9e54-d5c1744c117c,Karlstraße 6,2025-07-06 08:00:00+00:00,0.03153316203626252
2001,4ff66154-8c30-4f61-9e54-d5c1744c117c,Karlstraße 6,2025-07-06 09:00:00+00:00,0.02843417023981607
2002,4ff66154-8c30-4f61-9e54-d5c1744c117c,Karlstraße 6,2025-07-06 10:00:00+00:00,0.026477548749403168
2003,4ff66154-8c30-4f61-9e54-d5c1744c117c,Karlstraße 6,2025-07-06 11:00:00+00:00,0.03234014880675797
2004,4ff66154-8c30-4f61-9e54-d5c1744c117c,Karlstraße 6,2025-07-06 12:00:00+00:00,0.02428614244258073
2005,4ff66154-8c30-4f61-9e54-d5c1744c117c,Karlstraße 6,2025-07-06 13:00:00+00:00,0.03631750488993303
2006,4ff66154-8c30-4f61-9e54-d5c1744c117c,Karlstraße 6,2025-07-06 14:00:00+00:00,0.039593882998959516
2007,4ff66154-8c30-4f61-9e54-d5c1744c117c,Karlstraße 6,2025-07-06 15:00:00+00:00,0.04233904511962308
2008,4ff66154-8c30-4f61-9e54-d5c1744c117c,Karlstraße 6,2025-07-06 16:00:00+00:00,0.04448713245270144
2009,4ff66154-8c30-4f61-9e54-d5c1744c117c,Karlstraße 6,2025-07-06 17:00:00+00:00,0.03918103330230108
2010,4ff66154-8c30-4f61-9e54-d5c1744c117c,Karlstraße 6,2025-07-06 18:00:00+00:00,0.03410291399394654
2011,4ff66154-8c30-4f61-9e54-d5c1744c117c,Karlstraße 6,2025-07-06 19:00:00+00:00,0.032153046009343114
2012,4ff66154-8c30-4f61-9e54-d5c1744c117c,Karlstraße 6,2025-07-06 20:00:00+00:00,0.031160423324174666
2013,4ff66154-8c30-4f61-9e54-d5c1744c117c,Karlstraße 6,2025-07-06 21:00:00+00:00,0.0314437707971095
2014,4ff66154-8c30-4f61-9e54-d5c1744c117c,Karlstraße 6,2025-07-06 22:00:00+00:00,0.03696992377765121
2015,4ff66154-8c30-4f61-9e54-d5c1744c117c,Karlstraße 6,2025-07-06 23:00:00+00:00,0.036376549610055126
2016,4ff66154-8c30-4f61-9e54-d5c1744c117c,Karlstraße 6,2025-07-07 00:00:00+00:00,0.037107608080283606
2017,4ff66154-8c30-4f61-9e54-d5c1744c117c,Karlstraße 6,2025-07-07 01:00:00+00:00,0.039683688465842006
2018,4ff66154-8c30-4f61-9e54-d5c1744c117c,Karlstraße 6,2025-07-07 02:00:00+00:00,0.04060926281453869
2019,4ff66154-8c30-4f61-9e54-d5c1744c117c,Karlstraße 6,2025-07-07 03:00:00+00:00,0.03360995605924334
2020,4ff66154-8c30-4f61-9e54-d5c1744c117c,Karlstraße 6,2025-07-07 04:00:00+00:00,0.03913959417992114
2021,4ff66154-8c30-4f61-9e54-d5c1744c117c,Karlstraße 6,2025-07-07 05:00:00+00:00,0.04297420201318946
2022,4ff66154-8c30-4f61-9e54-d5c1744c117c,Karlstraße 6,2025-07-07 06:00:00+00:00,0.043885490679918024
2023,4ff66154-8c30-4f61-9e54-d5c1744c117c,Karlstraße 6,2025-07-07 07:00:00+00:00,0.04422362583542449
2024,4ff66154-8c30-4f61-9e54-d5c1744c117c,Karlstraße 6,2025-07-07 08:00:00+00:00,0.04159050027905739
2025,4ff66154-8c30-4f61-9e54-d5c1744c117c,Karlstraße 6,2025-07-07 09:00:00+00:00,0.04865125322982566
2026,4ff66154-8c30-4f61-9e54-d5c1744c117c,Karlstraße 6,2025-07-07 10:00:00+00:00,0.053926274048362935
2027,4ff66154-8c30-4f61-9e54-d5c1744c117c,Karlstraße 6,2025-07-07 11:00:00+00:00,0.05673934769069647
2028,4ff66154-8c30-4f61-9e54-d5c1744c117c,Karlstraße 6,2025-07-07 12:00:00+00:00,0.05635117645111867
2029,4ff66154-8c30-4f61-9e54-d5c1744c117c,Karlstraße 6,2025-07-07 13:00:00+00:00,0.029033813403511084
2030,4ff66154-8c30-4f61-9e54-d5c1744c117c,Karlstraße 6,2025-07-07 14:00:00+00:00,0.026140818865262257
2031,4ff66154-8c30-4f61-9e54-d5c1744c117c,Karlstraße 6,2025-07-07 15:00:00+00:00,0.02570635768754132
2032,4ff66154-8c30-4f61-9e54-d5c1744c117c,Karlstraße 6,2025-07-07 16:00:00+00:00,0.021965397795249902
2033,4ff66154-8c30-4f61-9e54-d5c1744c117c,Karlstraße 6,2025-07-07 17:00:00+00:00,0.02089838320941962
2034,4ff66154-8c30-4f61-9e54-d5c1744c117c,Karlstraße 6,2025-07-07 18:00:00+00:00,0.020374619956668377
2035,4ff66154-8c30-4f61-9e54-d5c1744c117c,Karlstraße 6,2025-07-07 19:00:00+00:00,0.020497396610950163
2036,4ff66154-8c30-4f61-9e54-d5c1744c117c,Karlstraße 6,2025-07-07 20:00:00+00:00,0.02127158551456622
2037,4ff66154-8c30-4f61-9e54-d5c1744c117c,Karlstraße 6,2025-07-07 21:00:00+00:00,0.021420296246642583
2038,4ff66154-8c30-4f61-9e54-d5c1744c117c,Karlstraße 6,2025-07-07 22:00:00+00:00,0.015637975403880292
2039,4ff66154-8c30-4f61-9e54-d5c1744c117c,Karlstraße 6,2025-07-07 23:00:00+00:00,0.013196694080544791
2040,4ff66154-8c30-4f61-9e54-d5c1744c117c,Karlstraße 6,2025-07-08 00:00:00+00:00,0.012709633764434992
2041,4ff66154-8c30-4f61-9e54-d5c1744c117c,Karlstraße 6,2025-07-08 01:00:00+00:00,0.012470134976781452
2042,4ff66154-8c30-4f61-9e54-d5c1744c117c,Karlstraße 6,2025-07-08 02:00:00+00:00,0.01208515634704818
2043,4ff66154-8c30-4f61-9e54-d5c1744c117c,Karlstraße 6,2025-07-08 03:00:00+00:00,0.011724141792188066
2044,4ff66154-8c30-4f61-9e54-d5c1744c117c,Karlstraße 6,2025-07-08 04:00:00+00:00,0.01111358927704233
2045,4ff66154-8c30-4f61-9e54-d5c1744c117c,Karlstraße 6,2025-07-08 05:00:00+00:00,0.01215554023224685
2046,4ff66154-8c30-4f61-9e54-d5c1744c117c,Karlstraße 6,2025-07-08 06:00:00+00:00,0.015018329363993234
2047,4ff66154-8c30-4f61-9e54-d5c1744c117c,Karlstraße 6,2025-07-08 07:00:00+00:00,0.01754964045651885
2048,4ff66154-8c30-4f61-9e54-d5c1744c117c,Karlstraße 6,2025-07-08 08:00:00+00:00,0.014076398393545318
2049,4ff66154-8c30-4f61-9e54-d5c1744c117c,Karlstraße 6,2025-07-08 09:00:00+00:00,0.0165204232142467
2050,4ff66154-8c30-4f61-9e54-d5c1744c117c,Karlstraße 6,2025-07-08 10:00:00+00:00,0.021835183437191256
2051,4ff66154-8c30-4f61-9e54-d5c1744c117c,Karlstraße 6,2025-07-08 11:00:00+00:00,0.024119421968169328
2052,4ff66154-8c30-4f61-9e54-d5c1744c117c,Karlstraße 6,2025-07-08 12:00:00+00:00,0.02722556053805487
2053,4ff66154-8c30-4f61-9e54-d5c1744c117c,Karlstraße 6,2025-07-08 13:00:00+00:00,0.029599601989798562
2054,4ff66154-8c30-4f61-9e54-d5c1744c117c,Karlstraße 6,2025-07-08 14:00:00+00:00,0.028421981378573435
2055,4ff66154-8c30-4f61-9e54-d5c1744c117c,Karlstraße 6,2025-07-08 15:00:00+00:00,0.03021261330456113
2056,4ff66154-8c30-4f61-9e54-d5c1744c117c,Karlstraße 6,2025-07-08 16:00:00+00:00,0.030292744533888565
2057,4ff66154-8c30-4f61-9e54-d5c1744c117c,Karlstraße 6,2025-07-08 17:00:00+00:00,0.02796303853835018
2058,4ff66154-8c30-4f61-9e54-d5c1744c117c,Karlstraße 6,2025-07-08 18:00:00+00:00,0.02753117959833669
2059,4ff66154-8c30-4f61-9e54-d5c1744c117c,Karlstraße 6,2025-07-08 19:00:00+00:00,0.0270002417101662
2060,4ff66154-8c30-4f61-9e54-d5c1744c117c,Karlstraße 6,2025-07-08 20:00:00+00:00,0.028016505261072227
2061,4ff66154-8c30-4f61-9e54-d5c1744c117c,Karlstraße 6,2025-07-08 21:00:00+00:00,0.028157840952401716
2062,4ff66154-8c30-4f61-9e54-d5c1744c117c,Karlstraße 6,2025-07-08 22:00:00+00:00,0.028677502602329284
2063,4ff66154-8c30-4f61-9e54-d5c1744c117c,Karlstraße 6,2025-07-08 23:00:00+00:00,0.03113862663415504
2064,4ff66154-8c30-4f61-9e54-d5c1744c117c,Karlstraße 6,2025-07-09 00:00:00+00:00,0.03234394046407132
2065,4ff66154-8c30-4f61-9e54-d5c1744c117c,Karlstraße 6,2025-07-09 01:00:00+00:00,0.03387420675650179
2066,4ff66154-8c30-4f61-9e54-d5c1744c117c,Karlstraße 6,2025-07-09 02:00:00+00:00,0.033710823715218136
2067,4ff66154-8c30-4f61-9e54-d5c1744c117c,Karlstraße 6,2025-07-09 03:00:00+00:00,0.032333096791728716
2068,4ff66154-8c30-4f61-9e54-d5c1744c117c,Karlstraße 6,2025-07-09 04:00:00+00:00,0.03209785871021583
2069,4ff66154-8c30-4f61-9e54-d5c1744c117c,Karlstraße 6,2025-07-09 05:00:00+00:00,0.03264142519894223
2070,4ff66154-8c30-4f61-9e54-d5c1744c117c,Karlstraße 6,2025-07-09 06:00:00+00:00,0.03320383182941219
2071,4ff66154-8c30-4f61-9e54-d5c1744c117c,Karlstraße 6,2025-07-09 07:00:00+00:00,0.03213111974244169
2072,4ff66154-8c30-4f61-9e54-d5c1744c117c,Karlstraße 6,2025-07-09 08:00:00+00:00,0.026915012796649606
2073,4ff66154-8c30-4f61-9e54-d5c1744c117c,Karlstraße 6,2025-07-09 09:00:00+00:00,0.02765853884161155
2074,4ff66154-8c30-4f61-9e54-d5c1744c117c,Karlstraße 6,2025-07-09 10:00:00+00:00,0.02374867745898863
2075,4ff66154-8c30-4f61-9e54-d5c1744c117c,Karlstraße 6,2025-07-09 11:00:00+00:00,0.02775268650217032
2076,4ff66154-8c30-4f61-9e54-d5c1744c117c,Karlstraße 6,2025-07-09 12:00:00+00:00,0.02913530616747385
2077,4ff66154-8c30-4f61-9e54-d5c1744c117c,Karlstraße 6,2025-07-09 13:00:00+00:00,0.03339228390520086
2078,4ff66154-8c30-4f61-9e54-d5c1744c117c,Karlstraße 6,2025-07-09 14:00:00+00:00,0.0337897783233321
2079,4ff66154-8c30-4f61-9e54-d5c1744c117c,Karlstraße 6,2025-07-09 15:00:00+00:00,0.031217989206425788
2080,4ff66154-8c30-4f61-9e54-d5c1744c117c,Karlstraße 6,2025-07-09 16:00:00+00:00,0.03129714420867218
2081,4ff66154-8c30-4f61-9e54-d5c1744c117c,Karlstraße 6,2025-07-09 17:00:00+00:00,0.02686704605173444
2082,4ff66154-8c30-4f61-9e54-d5c1744c117c,Karlstraße 6,2025-07-09 18:00:00+00:00,0.02639095897246633
2083,4ff66154-8c30-4f61-9e54-d5c1744c117c,Karlstraße 6,2025-07-09 19:00:00+00:00,0.0251866779323309
2084,4ff66154-8c30-4f61-9e54-d5c1744c117c,Karlstraße 6,2025-07-09 20:00:00+00:00,0.02458974842001503
2085,4ff66154-8c30-4f61-9e54-d5c1744c117c,Karlstraße 6,2025-07-09 21:00:00+00:00,0.0243689252943753
2086,4ff66154-8c30-4f61-9e54-d5c1744c117c,Karlstraße 6,2025-07-09 22:00:00+00:00,0.024053137294960114
2087,4ff66154-8c30-4f61-9e54-d5c1744c117c,Karlstraße 6,2025-07-09 23:00:00+00:00,0.020840956141796034
2088,4ff66154-8c30-4f61-9e54-d5c1744c117c,Karlstraße 6,2025-07-10 00:00:00+00:00,0.020254753644530065
2089,4ff66154-8c30-4f61-9e54-d5c1744c117c,Karlstraße 6,2025-07-10 01:00:00+00:00,0.018419032732416872
2090,4ff66154-8c30-4f61-9e54-d5c1744c117c,Karlstraße 6,2025-07-10 02:00:00+00:00,0.01918795962411101
2091,4ff66154-8c30-4f61-9e54-d5c1744c117c,Karlstraße 6,2025-07-10 03:00:00+00:00,0.019251284331577013
2092,4ff66154-8c30-4f61-9e54-d5c1744c117c,Karlstraße 6,2025-07-10 04:00:00+00:00,0.01896524820866776
2093,4ff66154-8c30-4f61-9e54-d5c1744c117c,Karlstraße 6,2025-07-10 05:00:00+00:00,0.018715946043003768
2094,4ff66154-8c30-4f61-9e54-d5c1744c117c,Karlstraße 6,2025-07-10 06:00:00+00:00,0.018308015845562766
2095,4ff66154-8c30-4f61-9e54-d5c1744c117c,Karlstraße 6,2025-07-10 07:00:00+00:00,0.01852127544101538
2096,4ff66154-8c30-4f61-9e54-d5c1744c117c,Karlstraße 6,2025-07-10 08:00:00+00:00,0.01724473113803034
2097,4ff66154-8c30-4f61-9e54-d5c1744c117c,Karlstraße 6,2025-07-10 09:00:00+00:00,0.019867386684471498
2098,4ff66154-8c30-4f61-9e54-d5c1744c117c,Karlstraße 6,2025-07-10 10:00:00+00:00,0.016289433004638507
2099,4ff66154-8c30-4f61-9e54-d5c1744c117c,Karlstraße 6,2025-07-10 11:00:00+00:00,0.01782371254303514
2100,4ff66154-8c30-4f61-9e54-d5c1744c117c,Karlstraße 6,2025-07-10 12:00:00+00:00,0.019974806466414998
2101,4ff66154-8c30-4f61-9e54-d5c1744c117c,Karlstraße 6,2025-07-10 13:00:00+00:00,0.017497696908479708
2102,4ff66154-8c30-4f61-9e54-d5c1744c117c,Karlstraße 6,2025-07-10 14:00:00+00:00,0.023030162127375332
2103,4ff66154-8c30-4f61-9e54-d5c1744c117c,Karlstraße 6,2025-07-10 15:00:00+00:00,0.023391530393278667
2104,4ff66154-8c30-4f61-9e54-d5c1744c117c,Karlstraße 6,2025-07-10 16:00:00+00:00,0.02302728587224057
2105,4ff66154-8c30-4f61-9e54-d5c1744c117c,Karlstraße 6,2025-07-10 17:00:00+00:00,0.022597906818511423
2106,4ff66154-8c30-4f61-9e54-d5c1744c117c,Karlstraße 6,2025-07-10 18:00:00+00:00,0.022772088643358446
2107,4ff66154-8c30-4f61-9e54-d5c1744c117c,Karlstraße 6,2025-07-10 19:00:00+00:00,0.019642849059850927
2108,4ff66154-8c30-4f61-9e54-d5c1744c117c,Karlstraße 6,2025-07-10 20:00:00+00:00,0.01840107011123262
2109,4ff66154-8c30-4f61-9e54-d5c1744c117c,Karlstraße 6,2025-07-10 21:00:00+00:00,0.018776869886961287
2110,4ff66154-8c30-4f61-9e54-d5c1744c117c,Karlstraße 6,2025-07-10 22:00:00+00:00,0.019036663945481137
2111,4ff66154-8c30-4f61-9e54-d5c1744c117c,Karlstraße 6,2025-07-10 23:00:00+00:00,0.01891038953987948
2112,4ff66154-8c30-4f61-9e54-d5c1744c117c,Karlstraße 6,2025-07-11 00:00:00+00:00,0.01912235243555802
2113,4ff66154-8c30-4f61-9e54-d5c1744c117c,Karlstraße 6,2025-07-11 01:00:00+00:00,0.020102516106998942
2114,4ff66154-8c30-4f61-9e54-d5c1744c117c,Karlstraße 6,2025-07-11 02:00:00+00:00,0.020021166670871463
2115,4ff66154-8c30-4f61-9e54-d5c1744c117c,Karlstraße 6,2025-07-11 03:00:00+00:00,0.020527651238167164
2116,4ff66154-8c30-4f61-9e54-d5c1744c117c,Karlstraße 6,2025-07-11 04:00:00+00:00,0.019834603511305362
2117,4ff66154-8c30-4f61-9e54-d5c1744c117c,Karlstraße 6,2025-07-11 05:00:00+00:00,0.01725023655221041
2118,4ff66154-8c30-4f61-9e54-d5c1744c117c,Karlstraße 6,2025-07-11 06:00:00+00:00,0.017184520229837078
2119,4ff66154-8c30-4f61-9e54-d5c1744c117c,Karlstraße 6,2025-07-11 07:00:00+00:00,0.037244710631198656
2120,4ff66154-8c30-4f61-9e54-d5c1744c117c,Karlstraße 6,2025-07-11 08:00:00+00:00,0.03373287819669845
2121,4ff66154-8c30-4f61-9e54-d5c1744c117c,Karlstraße 6,2025-07-11 09:00:00+00:00,0.03979546864321769
2122,4ff66154-8c30-4f61-9e54-d5c1744c117c,Karlstraße 6,2025-07-11 10:00:00+00:00,0.03765552068201875
2123,4ff66154-8c30-4f61-9e54-d5c1744c117c,Karlstraße 6,2025-07-11 11:00:00+00:00,0.03625307917979283
2124,4ff66154-8c30-4f61-9e54-d5c1744c117c,Karlstraße 6,2025-07-11 12:00:00+00:00,0.044132332241641606
2125,4ff66154-8c30-4f61-9e54-d5c1744c117c,Karlstraße 6,2025-07-11 13:00:00+00:00,0.05372787421713496
2126,4ff66154-8c30-4f61-9e54-d5c1744c117c,Karlstraße 6,2025-07-11 14:00:00+00:00,0.03978665660911217
2127,4ff66154-8c30-4f61-9e54-d5c1744c117c,Karlstraße 6,2025-07-11 15:00:00+00:00,0.06096277425598364
2128,4ff66154-8c30-4f61-9e54-d5c1744c117c,Karlstraße 6,2025-07-11 16:00:00+00:00,0.09087130333568116
2129,4ff66154-8c30-4f61-9e54-d5c1744c117c,Karlstraße 6,2025-07-11 17:00:00+00:00,0.09654043571880828
2130,4ff66154-8c30-4f61-9e54-d5c1744c117c,Karlstraße 6,2025-07-11 18:00:00+00:00,0.10368506270841106
2131,4ff66154-8c30-4f61-9e54-d5c1744c117c,Karlstraße 6,2025-07-11 19:00:00+00:00,0.10390383825294541
2132,4ff66154-8c30-4f61-9e54-d5c1744c117c,Karlstraße 6,2025-07-11 20:00:00+00:00,0.10572161332303028
2133,4ff66154-8c30-4f61-9e54-d5c1744c117c,Karlstraße 6,2025-07-11 21:00:00+00:00,0.10711516372183366
2134,4ff66154-8c30-4f61-9e54-d5c1744c117c,Karlstraße 6,2025-07-11 22:00:00+00:00,0.10945773280587548
2135,4ff66154-8c30-4f61-9e54-d5c1744c117c,Karlstraße 6,2025-07-11 23:00:00+00:00,0.10862885336220877
2136,4ff66154-8c30-4f61-9e54-d5c1744c117c,Karlstraße 6,2025-07-12 00:00:00+00:00,0.10619383331434588
2137,4ff66154-8c30-4f61-9e54-d5c1744c117c,Karlstraße 6,2025-07-12 01:00:00+00:00,0.10410000390628874
2138,4ff66154-8c30-4f61-9e54-d5c1744c117c,Karlstraße 6,2025-07-12 02:00:00+00:00,0.10802084442296073
2139,4ff66154-8c30-4f61-9e54-d5c1744c117c,Karlstraße 6,2025-07-12 03:00:00+00:00,0.10976280005277132
2140,4ff66154-8c30-4f61-9e54-d5c1744c117c,Karlstraße 6,2025-07-12 04:00:00+00:00,0.10944229580659343
2141,4ff66154-8c30-4f61-9e54-d5c1744c117c,Karlstraße 6,2025-07-12 05:00:00+00:00,0.10760212342242144
2142,4ff66154-8c30-4f61-9e54-d5c1744c117c,Karlstraße 6,2025-07-12 06:00:00+00:00,0.11117535961988671
2143,4ff66154-8c30-4f61-9e54-d5c1744c117c,Karlstraße 6,2025-07-12 07:00:00+00:00,0.10530104133795655
2144,4ff66154-8c30-4f61-9e54-d5c1744c117c,Karlstraße 6,2025-07-12 08:00:00+00:00,0.1248858634993545
2145,4ff66154-8c30-4f61-9e54-d5c1744c117c,Karlstraße 6,2025-07-12 09:00:00+00:00,0.0837548352583833
2146,4ff66154-8c30-4f61-9e54-d5c1744c117c,Karlstraße 6,2025-07-12 10:00:00+00:00,0.0713652413478516
2147,4ff66154-8c30-4f61-9e54-d5c1744c117c,Karlstraße 6,2025-07-12 11:00:00+00:00,0.054884992374445704
2148,4ff66154-8c30-4f61-9e54-d5c1744c117c,Karlstraße 6,2025-07-12 12:00:00+00:00,0.05591031244005605
2149,4ff66154-8c30-4f61-9e54-d5c1744c117c,Karlstraße 6,2025-07-12 13:00:00+00:00,0.062484945166347367
2150,4ff66154-8c30-4f61-9e54-d5c1744c117c,Karlstraße 6,2025-07-12 14:00:00+00:00,0.04251123499550938
2151,4ff66154-8c30-4f61-9e54-d5c1744c117c,Karlstraße 6,2025-07-12 15:00:00+00:00,0.04224998227599216
2152,4ff66154-8c30-4f61-9e54-d5c1744c117c,Karlstraße 6,2025-07-12 16:00:00+00:00,0.036992033292189835
2153,4ff66154-8c30-4f61-9e54-d5c1744c117c,Karlstraße 6,2025-07-12 17:00:00+00:00,0.03542160355608205
2154,4ff66154-8c30-4f61-9e54-d5c1744c117c,Karlstraße 6,2025-07-12 18:00:00+00:00,0.03448064319967655
2155,4ff66154-8c30-4f61-9e54-d5c1744c117c,Karlstraße 6,2025-07-12 19:00:00+00:00,0.03595593421524188
2156,4ff66154-8c30-4f61-9e54-d5c1744c117c,Karlstraße 6,2025-07-12 20:00:00+00:00,0.03448063396086236
2157,4ff66154-8c30-4f61-9e54-d5c1744c117c,Karlstraße 6,2025-07-12 21:00:00+00:00,0.03276470765213358
2158,4ff66154-8c30-4f61-9e54-d5c1744c117c,Karlstraße 6,2025-07-12 22:00:00+00:00,0.031424463389599346
2159,4ff66154-8c30-4f61-9e54-d5c1744c117c,Karlstraße 6,2025-07-12 23:00:00+00:00,0.03042531857000763
2160,4ff66154-8c30-4f61-9e54-d5c1744c117c,Karlstraße 6,2025-07-13 00:00:00+00:00,0.029820541584647264
2161,4ff66154-8c30-4f61-9e54-d5c1744c117c,Karlstraße 6,2025-07-13 01:00:00+00:00,0.030288517198316288
2162,4ff66154-8c30-4f61-9e54-d5c1744c117c,Karlstraße 6,2025-07-13 02:00:00+00:00,0.03143225728486898
2163,4ff66154-8c30-4f61-9e54-d5c1744c117c,Karlstraße 6,2025-07-13 03:00:00+00:00,0.030913561641118893
2164,4ff66154-8c30-4f61-9e54-d5c1744c117c,Karlstraße 6,2025-07-13 04:00:00+00:00,0.03238273477377621
2165,4ff66154-8c30-4f61-9e54-d5c1744c117c,Karlstraße 6,2025-07-13 05:00:00+00:00,0.03208022992132668
2166,4ff66154-8c30-4f61-9e54-d5c1744c117c,Karlstraße 6,2025-07-13 06:00:00+00:00,0.032074897781700196
2167,4ff66154-8c30-4f61-9e54-d5c1744c117c,Karlstraße 6,2025-07-13 07:00:00+00:00,0.028113107157491535
2168,4ff66154-8c30-4f61-9e54-d5c1744c117c,Karlstraße 6,2025-07-13 08:00:00+00:00,0.02093703394502279
2169,4ff66154-8c30-4f61-9e54-d5c1744c117c,Karlstraße 6,2025-07-13 09:00:00+00:00,0.024495381474140085
2170,4ff66154-8c30-4f61-9e54-d5c1744c117c,Karlstraße 6,2025-07-13 10:00:00+00:00,0.024242934227628694
2171,4ff66154-8c30-4f61-9e54-d5c1744c117c,Karlstraße 6,2025-07-13 11:00:00+00:00,0.02448376729437773
2172,4ff66154-8c30-4f61-9e54-d5c1744c117c,Karlstraße 6,2025-07-13 12:00:00+00:00,0.02003452492009276
2173,4ff66154-8c30-4f61-9e54-d5c1744c117c,Karlstraße 6,2025-07-13 13:00:00+00:00,0.024577538158202922
2174,4ff66154-8c30-4f61-9e54-d5c1744c117c,Karlstraße 6,2025-07-13 14:00:00+00:00,0.028007090323954476
2175,4ff66154-8c30-4f61-9e54-d5c1744c117c,Karlstraße 6,2025-07-13 15:00:00+00:00,0.0312826494449337
2176,4ff66154-8c30-4f61-9e54-d5c1744c117c,Karlstraße 6,2025-07-13 16:00:00+00:00,0.03371646327902556
2177,4ff66154-8c30-4f61-9e54-d5c1744c117c,Karlstraße 6,2025-07-13 17:00:00+00:00,0.02926424645449362
2178,4ff66154-8c30-4f61-9e54-d5c1744c117c,Karlstraße 6,2025-07-13 18:00:00+00:00,0.023706264228460925
2179,4ff66154-8c30-4f61-9e54-d5c1744c117c,Karlstraße 6,2025-07-13 19:00:00+00:00,0.02137570426147984
2180,4ff66154-8c30-4f61-9e54-d5c1744c117c,Karlstraße 6,2025-07-13 20:00:00+00:00,0.02086765715187653
2181,4ff66154-8c30-4f61-9e54-d5c1744c117c,Karlstraße 6,2025-07-13 21:00:00+00:00,0.02128105364168733
2182,4ff66154-8c30-4f61-9e54-d5c1744c117c,Karlstraße 6,2025-07-13 22:00:00+00:00,0.026708305164496553
2183,4ff66154-8c30-4f61-9e54-d5c1744c117c,Karlstraße 6,2025-07-13 23:00:00+00:00,0.02856006799468691
2184,5ee75133-74ce-4a65-ac22-be263ad8566a,Hauptstraße 52 Marktplatz,2025-07-01 00:00:00+00:00,0.013983440169431382
2185,5ee75133-74ce-4a65-ac22-be263ad8566a,Hauptstraße 52 Marktplatz,2025-07-01 01:00:00+00:00,0.014050487252270243
2186,5ee75133-74ce-4a65-ac22-be263ad8566a,Hauptstraße 52 Marktplatz,2025-07-01 02:00:00+00:00,0.014275287028084317
2187,5ee75133-74ce-4a65-ac22-be263ad8566a,Hauptstraße 52 Marktplatz,2025-07-01 03:00:00+00:00,0.013902498255381323
2188,5ee75133-74ce-4a65-ac22-be263ad8566a,Hauptstraße 52 Marktplatz,2025-07-01 04:00:00+00:00,0.014298746476304393
2189,5ee75133-74ce-4a65-ac22-be263ad8566a,Hauptstraße 52 Marktplatz,2025-07-01 05:00:00+00:00,0.01631937782863233
2190,5ee75133-74ce-4a65-ac22-be263ad8566a,Hauptstraße 52 Marktplatz,2025-07-01 06:00:00+00:00,0.016449363116613706
2191,5ee75133-74ce-4a65-ac22-be263ad8566a,Hauptstraße 52 Marktplatz,2025-07-01 07:00:00+00:00,0.01643113751944887
2192,5ee75133-74ce-4a65-ac22-be263ad8566a,Hauptstraße 52 Marktplatz,2025-07-01 08:00:00+00:00,0.018407396857633544
2193,5ee75133-74ce-4a65-ac22-be263ad8566a,Hauptstraße 52 Marktplatz,2025-07-01 09:00:00+00:00,0.020250289297336823
2194,5ee75133-74ce-4a65-ac22-be263ad8566a,Hauptstraße 52 Marktplatz,2025-07-01 10:00:00+00:00,0.0222891206863318
2195,5ee75133-74ce-4a65-ac22-be263ad8566a,Hauptstraße 52 Marktplatz,2025-07-01 11:00:00+00:00,0.024123443617688527
2196,5ee75133-74ce-4a65-ac22-be263ad8566a,Hauptstraße 52 Marktplatz,2025-07-01 12:00:00+00:00,0.02523991531909474
2197,5ee75133-74ce-4a65-ac22-be263ad8566a,Hauptstraße 52 Marktplatz,2025-07-01 13:00:00+00:00,0.02571804973889181
2198,5ee75133-74ce-4a65-ac22-be263ad8566a,Hauptstraße 52 Marktplatz,2025-07-01 14:00:00+00:00,0.02484795692384633
2199,5ee75133-74ce-4a65-ac22-be263ad8566a,Hauptstraße 52 Marktplatz,2025-07-01 15:00:00+00:00,0.02473380654111459
2200,5ee75133-74ce-4a65-ac22-be263ad8566a,Hauptstraße 52 Marktplatz,2025-07-01 16:00:00+00:00,0.02180538732900659
2201,5ee75133-74ce-4a65-ac22-be263ad8566a,Hauptstraße 52 Marktplatz,2025-07-01 17:00:00+00:00,0.021958116671245805
2202,5ee75133-74ce-4a65-ac22-be263ad8566a,Hauptstraße 52 Marktplatz,2025-07-01 18:00:00+00:00,0.01798225147882185
2203,5ee75133-74ce-4a65-ac22-be263ad8566a,Hauptstraße 52 Marktplatz,2025-07-01 19:00:00+00:00,0.017715095326283806
2204,5ee75133-74ce-4a65-ac22-be263ad8566a,Hauptstraße 52 Marktplatz,2025-07-01 20:00:00+00:00,0.016879170787957642
2205,5ee75133-74ce-4a65-ac22-be263ad8566a,Hauptstraße 52 Marktplatz,2025-07-01 21:00:00+00:00,0.015594455464077388
2206,5ee75133-74ce-4a65-ac22-be263ad8566a,Hauptstraße 52 Marktplatz,2025-07-01 22:00:00+00:00,0.017828882705111557
2207,5ee75133-74ce-4a65-ac22-be263ad8566a,Hauptstraße 52 Marktplatz,2025-07-01 23:00:00+00:00,0.019364778985921486
2208,5ee75133-74ce-4a65-ac22-be263ad8566a,Hauptstraße 52 Marktplatz,2025-07-02 00:00:00+00:00,0.016274121841524027
2209,5ee75133-74ce-4a65-ac22-be263ad8566a,Hauptstraße 52 Marktplatz,2025-07-02 01:00:00+00:00,0.016411077697598045
2210,5ee75133-74ce-4a65-ac22-be263ad8566a,Hauptstraße 52 Marktplatz,2025-07-02 02:00:00+00:00,0.016499950895959282
2211,5ee75133-74ce-4a65-ac22-be263ad8566a,Hauptstraße 52 Marktplatz,2025-07-02 03:00:00+00:00,0.015814374085290538
2212,5ee75133-74ce-4a65-ac22-be263ad8566a,Hauptstraße 52 Marktplatz,2025-07-02 04:00:00+00:00,0.015774003346014757
2213,5ee75133-74ce-4a65-ac22-be263ad8566a,Hauptstraße 52 Marktplatz,2025-07-02 05:00:00+00:00,0.016374100096319146
2214,5ee75133-74ce-4a65-ac22-be263ad8566a,Hauptstraße 52 Marktplatz,2025-07-02 06:00:00+00:00,0.01656101754669238
2215,5ee75133-74ce-4a65-ac22-be263ad8566a,Hauptstraße 52 Marktplatz,2025-07-02 07:00:00+00:00,0.016636182652246735
2216,5ee75133-74ce-4a65-ac22-be263ad8566a,Hauptstraße 52 Marktplatz,2025-07-02 08:00:00+00:00,0.016999726381618886
2217,5ee75133-74ce-4a65-ac22-be263ad8566a,Hauptstraße 52 Marktplatz,2025-07-02 09:00:00+00:00,0.01737074810751891
2218,5ee75133-74ce-4a65-ac22-be263ad8566a,Hauptstraße 52 Marktplatz,2025-07-02 10:00:00+00:00,0.017801948974270527
2219,5ee75133-74ce-4a65-ac22-be263ad8566a,Hauptstraße 52 Marktplatz,2025-07-02 11:00:00+00:00,0.018173652930014838
2220,5ee75133-74ce-4a65-ac22-be263ad8566a,Hauptstraße 52 Marktplatz,2025-07-02 12:00:00+00:00,0.018324056792472437
2221,5ee75133-74ce-4a65-ac22-be263ad8566a,Hauptstraße 52 Marktplatz,2025-07-02 13:00:00+00:00,0.017971209473373065
2222,5ee75133-74ce-4a65-ac22-be263ad8566a,Hauptstraße 52 Marktplatz,2025-07-02 14:00:00+00:00,0.01849593894519521
2223,5ee75133-74ce-4a65-ac22-be263ad8566a,Hauptstraße 52 Marktplatz,2025-07-02 15:00:00+00:00,0.01830725902671178
2224,5ee75133-74ce-4a65-ac22-be263ad8566a,Hauptstraße 52 Marktplatz,2025-07-02 16:00:00+00:00,0.018206073738806908
2225,5ee75133-74ce-4a65-ac22-be263ad8566a,Hauptstraße 52 Marktplatz,2025-07-02 17:00:00+00:00,0.017167104927014062
2226,5ee75133-74ce-4a65-ac22-be263ad8566a,Hauptstraße 52 Marktplatz,2025-07-02 18:00:00+00:00,0.019189485137255987
2227,5ee75133-74ce-4a65-ac22-be263ad8566a,Hauptstraße 52 Marktplatz,2025-07-02 19:00:00+00:00,0.018949529067119962
2228,5ee75133-74ce-4a65-ac22-be263ad8566a,Hauptstraße 52 Marktplatz,2025-07-02 20:00:00+00:00,0.01847657683271009
2229,5ee75133-74ce-4a65-ac22-be263ad8566a,Hauptstraße 52 Marktplatz,2025-07-02 21:00:00+00:00,0.016968712210880015
2230,5ee75133-74ce-4a65-ac22-be263ad8566a,Hauptstraße 52 Marktplatz,2025-07-02 22:00:00+00:00,0.0165690964075847
2231,5ee75133-74ce-4a65-ac22-be263ad8566a,Hauptstraße 52 Marktplatz,2025-07-02 23:00:00+00:00,0.022893612886655333
2232,5ee75133-74ce-4a65-ac22-be263ad8566a,Hauptstraße 52 Marktplatz,2025-07-03 00:00:00+00:00,0.035028523123240604
2233,5ee75133-74ce-4a65-ac22-be263ad8566a,Hauptstraße 52 Marktplatz,2025-07-03 01:00:00+00:00,0.03465752674915688
2234,5ee75133-74ce-4a65-ac22-be263ad8566a,Hauptstraße 52 Marktplatz,2025-07-03 02:00:00+00:00,0.042523227034958894
2235,5ee75133-74ce-4a65-ac22-be263ad8566a,Hauptstraße 52 Marktplatz,2025-07-03 03:00:00+00:00,0.042514077529888776
2236,5ee75133-74ce-4a65-ac22-be263ad8566a,Hauptstraße 52 Marktplatz,2025-07-03 04:00:00+00:00,0.042042801541699815
2237,5ee75133-74ce-4a65-ac22-be263ad8566a,Hauptstraße 52 Marktplatz,2025-07-03 05:00:00+00:00,0.041180134458609935
2238,5ee75133-74ce-4a65-ac22-be263ad8566a,Hauptstraße 52 Marktplatz,2025-07-03 06:00:00+00:00,0.041170995666892446
2239,5ee75133-74ce-4a65-ac22-be263ad8566a,Hauptstraße 52 Marktplatz,2025-07-03 07:00:00+00:00,0.04134256025870643
2240,5ee75133-74ce-4a65-ac22-be263ad8566a,Hauptstraße 52 Marktplatz,2025-07-03 08:00:00+00:00,0.04143559941010993
2241,5ee75133-74ce-4a65-ac22-be263ad8566a,Hauptstraße 52 Marktplatz,2025-07-03 09:00:00+00:00,0.04208346546862344
2242,5ee75133-74ce-4a65-ac22-be263ad8566a,Hauptstraße 52 Marktplatz,2025-07-03 10:00:00+00:00,0.04293898832805572
2243,5ee75133-74ce-4a65-ac22-be263ad8566a,Hauptstraße 52 Marktplatz,2025-07-03 11:00:00+00:00,0.042573671248467775
2244,5ee75133-74ce-4a65-ac22-be263ad8566a,Hauptstraße 52 Marktplatz,2025-07-03 12:00:00+00:00,0.04142459753571782
2245,5ee75133-74ce-4a65-ac22-be263ad8566a,Hauptstraße 52 Marktplatz,2025-07-03 13:00:00+00:00,0.04061064837856195
2246,5ee75133-74ce-4a65-ac22-be263ad8566a,Hauptstraße 52 Marktplatz,2025-07-03 14:00:00+00:00,0.04090072900943896
2247,5ee75133-74ce-4a65-ac22-be263ad8566a,Hauptstraße 52 Marktplatz,2025-07-03 15:00:00+00:00,0.04205732137211852
2248,5ee75133-74ce-4a65-ac22-be263ad8566a,Hauptstraße 52 Marktplatz,2025-07-03 16:00:00+00:00,0.041931861756110723
2249,5ee75133-74ce-4a65-ac22-be263ad8566a,Hauptstraße 52 Marktplatz,2025-07-03 17:00:00+00:00,0.04102255234818905
2250,5ee75133-74ce-4a65-ac22-be263ad8566a,Hauptstraße 52 Marktplatz,2025-07-03 18:00:00+00:00,0.03889392630764475
2251,5ee75133-74ce-4a65-ac22-be263ad8566a,Hauptstraße 52 Marktplatz,2025-07-03 19:00:00+00:00,0.03937726697812696
2252,5ee75133-74ce-4a65-ac22-be263ad8566a,Hauptstraße 52 Marktplatz,2025-07-03 20:00:00+00:00,0.03981704858974277
2253,5ee75133-74ce-4a65-ac22-be263ad8566a,Hauptstraße 52 Marktplatz,2025-07-03 21:00:00+00:00,0.040374733587135364
2254,5ee75133-74ce-4a65-ac22-be263ad8566a,Hauptstraße 52 Marktplatz,2025-07-03 22:00:00+00:00,0.038689523624617445
2255,5ee75133-74ce-4a65-ac22-be263ad8566a,Hauptstraße 52 Marktplatz,2025-07-03 23:00:00+00:00,0.0295861435795413
2256,5ee75133-74ce-4a65-ac22-be263ad8566a,Hauptstraße 52 Marktplatz,2025-07-04 00:00:00+00:00,0.016946159839974252
2257,5ee75133-74ce-4a65-ac22-be263ad8566a,Hauptstraße 52 Marktplatz,2025-07-04 01:00:00+00:00,0.016706572582531394
2258,5ee75133-74ce-4a65-ac22-be263ad8566a,Hauptstraße 52 Marktplatz,2025-07-04 02:00:00+00:00,0.008416171015788888
2259,5ee75133-74ce-4a65-ac22-be263ad8566a,Hauptstraße 52 Marktplatz,2025-07-04 03:00:00+00:00,0.007988583525018909
2260,5ee75133-74ce-4a65-ac22-be263ad8566a,Hauptstraße 52 Marktplatz,2025-07-04 04:00:00+00:00,0.008323950490839966
2261,5ee75133-74ce-4a65-ac22-be263ad8566a,Hauptstraße 52 Marktplatz,2025-07-04 05:00:00+00:00,0.009750817903289107
2262,5ee75133-74ce-4a65-ac22-be263ad8566a,Hauptstraße 52 Marktplatz,2025-07-04 06:00:00+00:00,0.010798032077751322
2263,5ee75133-74ce-4a65-ac22-be263ad8566a,Hauptstraße 52 Marktplatz,2025-07-04 07:00:00+00:00,0.011285913801773455
2264,5ee75133-74ce-4a65-ac22-be263ad8566a,Hauptstraße 52 Marktplatz,2025-07-04 08:00:00+00:00,0.01392152869056048
2265,5ee75133-74ce-4a65-ac22-be263ad8566a,Hauptstraße 52 Marktplatz,2025-07-04 09:00:00+00:00,0.01883345238162448
2266,5ee75133-74ce-4a65-ac22-be263ad8566a,Hauptstraße 52 Marktplatz,2025-07-04 10:00:00+00:00,0.019907894129138983
2267,5ee75133-74ce-4a65-ac22-be263ad8566a,Hauptstraße 52 Marktplatz,2025-07-04 11:00:00+00:00,0.021724758977744025
2268,5ee75133-74ce-4a65-ac22-be263ad8566a,Hauptstraße 52 Marktplatz,2025-07-04 12:00:00+00:00,0.02289881971122792
2269,5ee75133-74ce-4a65-ac22-be263ad8566a,Hauptstraße 52 Marktplatz,2025-07-04 13:00:00+00:00,0.02941173980753997
2270,5ee75133-74ce-4a65-ac22-be263ad8566a,Hauptstraße 52 Marktplatz,2025-07-04 14:00:00+00:00,0.034660932764983186
2271,5ee75133-74ce-4a65-ac22-be263ad8566a,Hauptstraße 52 Marktplatz,2025-07-04 15:00:00+00:00,0.037012798608764406
2272,5ee75133-74ce-4a65-ac22-be263ad8566a,Hauptstraße 52 Marktplatz,2025-07-04 16:00:00+00:00,0.04371919436877389
2273,5ee75133-74ce-4a65-ac22-be263ad8566a,Hauptstraße 52 Marktplatz,2025-07-04 17:00:00+00:00,0.043157163108713016
2274,5ee75133-74ce-4a65-ac22-be263ad8566a,Hauptstraße 52 Marktplatz,2025-07-04 18:00:00+00:00,0.042611555495549576
2275,5ee75133-74ce-4a65-ac22-be263ad8566a,Hauptstraße 52 Marktplatz,2025-07-04 19:00:00+00:00,0.0396110455744194
2276,5ee75133-74ce-4a65-ac22-be263ad8566a,Hauptstraße 52 Marktplatz,2025-07-04 20:00:00+00:00,0.03633892606470317
2277,5ee75133-74ce-4a65-ac22-be263ad8566a,Hauptstraße 52 Marktplatz,2025-07-04 21:00:00+00:00,0.03137033807544362
2278,5ee75133-74ce-4a65-ac22-be263ad8566a,Hauptstraße 52 Marktplatz,2025-07-04 22:00:00+00:00,0.03664784917075034
2279,5ee75133-74ce-4a65-ac22-be263ad8566a,Hauptstraße 52 Marktplatz,2025-07-04 23:00:00+00:00,0.035939289609489194
2280,5ee75133-74ce-4a65-ac22-be263ad8566a,Hauptstraße 52 Marktplatz,2025-07-05 00:00:00+00:00,0.03379353743299365
2281,5ee75133-74ce-4a65-ac22-be263ad8566a,Hauptstraße 52 Marktplatz,2025-07-05 01:00:00+00:00,0.03342053896903693
2282,5ee75133-74ce-4a65-ac22-be263ad8566a,Hauptstraße 52 Marktplatz,2025-07-05 02:00:00+00:00,0.03524624554241436
2283,5ee75133-74ce-4a65-ac22-be263ad8566a,Hauptstraße 52 Marktplatz,2025-07-05 03:00:00+00:00,0.03614177412886237
2284,5ee75133-74ce-4a65-ac22-be263ad8566a,Hauptstraße 52 Marktplatz,2025-07-05 04:00:00+00:00,0.037764051566902386
2285,5ee75133-74ce-4a65-ac22-be263ad8566a,Hauptstraße 52 Marktplatz,2025-07-05 05:00:00+00:00,0.038870244970490325
2286,5ee75133-74ce-4a65-ac22-be263ad8566a,Hauptstraße 52 Marktplatz,2025-07-05 06:00:00+00:00,0.041171180189868324
2287,5ee75133-74ce-4a65-ac22-be263ad8566a,Hauptstraße 52 Marktplatz,2025-07-05 07:00:00+00:00,0.04327226690637012
2288,5ee75133-74ce-4a65-ac22-be263ad8566a,Hauptstraße 52 Marktplatz,2025-07-05 08:00:00+00:00,0.05224097927697344
2289,5ee75133-74ce-4a65-ac22-be263ad8566a,Hauptstraße 52 Marktplatz,2025-07-05 09:00:00+00:00,0.044354823301470364
2290,5ee75133-74ce-4a65-ac22-be263ad8566a,Hauptstraße 52 Marktplatz,2025-07-05 10:00:00+00:00,0.0430494785999013
2291,5ee75133-74ce-4a65-ac22-be263ad8566a,Hauptstraße 52 Marktplatz,2025-07-05 11:00:00+00:00,0.04299970397260823
2292,5ee75133-74ce-4a65-ac22-be263ad8566a,Hauptstraße 52 Marktplatz,2025-07-05 12:00:00+00:00,0.04221641247583922
2293,5ee75133-74ce-4a65-ac22-be263ad8566a,Hauptstraße 52 Marktplatz,2025-07-05 13:00:00+00:00,0.03792137653012849
2294,5ee75133-74ce-4a65-ac22-be263ad8566a,Hauptstraße 52 Marktplatz,2025-07-05 14:00:00+00:00,0.03173512143920797
2295,5ee75133-74ce-4a65-ac22-be263ad8566a,Hauptstraße 52 Marktplatz,2025-07-05 15:00:00+00:00,0.03434307871226062
2296,5ee75133-74ce-4a65-ac22-be263ad8566a,Hauptstraße 52 Marktplatz,2025-07-05 16:00:00+00:00,0.03244175092146266
2297,5ee75133-74ce-4a65-ac22-be263ad8566a,Hauptstraße 52 Marktplatz,2025-07-05 17:00:00+00:00,0.032120613292014884
2298,5ee75133-74ce-4a65-ac22-be263ad8566a,Hauptstraße 52 Marktplatz,2025-07-05 18:00:00+00:00,0.030435964399206435
2299,5ee75133-74ce-4a65-ac22-be263ad8566a,Hauptstraße 52 Marktplatz,2025-07-05 19:00:00+00:00,0.030352228186895522
2300,5ee75133-74ce-4a65-ac22-be263ad8566a,Hauptstraße 52 Marktplatz,2025-07-05 20:00:00+00:00,0.03166245389562835
2301,5ee75133-74ce-4a65-ac22-be263ad8566a,Hauptstraße 52 Marktplatz,2025-07-05 21:00:00+00:00,0.02979660378677862
2302,5ee75133-74ce-4a65-ac22-be263ad8566a,Hauptstraße 52 Marktplatz,2025-07-05 22:00:00+00:00,0.025426962291006258
2303,5ee75133-74ce-4a65-ac22-be263ad8566a,Hauptstraße 52 Marktplatz,2025-07-05 23:00:00+00:00,0.025315587038480226
2304,5ee75133-74ce-4a65-ac22-be263ad8566a,Hauptstraße 52 Marktplatz,2025-07-06 00:00:00+00:00,0.025430778091861672
2305,5ee75133-74ce-4a65-ac22-be263ad8566a,Hauptstraße 52 Marktplatz,2025-07-06 01:00:00+00:00,0.025991853079338274
2306,5ee75133-74ce-4a65-ac22-be263ad8566a,Hauptstraße 52 Marktplatz,2025-07-06 02:00:00+00:00,0.026768743337572218
2307,5ee75133-74ce-4a65-ac22-be263ad8566a,Hauptstraße 52 Marktplatz,2025-07-06 03:00:00+00:00,0.027055282525125648
2308,5ee75133-74ce-4a65-ac22-be263ad8566a,Hauptstraße 52 Marktplatz,2025-07-06 04:00:00+00:00,0.02697315386686076
2309,5ee75133-74ce-4a65-ac22-be263ad8566a,Hauptstraße 52 Marktplatz,2025-07-06 05:00:00+00:00,0.02711840061900484
2310,5ee75133-74ce-4a65-ac22-be263ad8566a,Hauptstraße 52 Marktplatz,2025-07-06 06:00:00+00:00,0.026980084976434112
2311,5ee75133-74ce-4a65-ac22-be263ad8566a,Hauptstraße 52 Marktplatz,2025-07-06 07:00:00+00:00,0.027368439683980082
2312,5ee75133-74ce-4a65-ac22-be263ad8566a,Hauptstraße 52 Marktplatz,2025-07-06 08:00:00+00:00,0.02515500166247191
2313,5ee75133-74ce-4a65-ac22-be263ad8566a,Hauptstraße 52 Marktplatz,2025-07-06 09:00:00+00:00,0.027662567427839166
2314,5ee75133-74ce-4a65-ac22-be263ad8566a,Hauptstraße 52 Marktplatz,2025-07-06 10:00:00+00:00,0.02454969265031359
2315,5ee75133-74ce-4a65-ac22-be263ad8566a,Hauptstraße 52 Marktplatz,2025-07-06 11:00:00+00:00,0.01948346074371059
2316,5ee75133-74ce-4a65-ac22-be263ad8566a,Hauptstraße 52 Marktplatz,2025-07-06 12:00:00+00:00,0.02098099954748484
2317,5ee75133-74ce-4a65-ac22-be263ad8566a,Hauptstraße 52 Marktplatz,2025-07-06 13:00:00+00:00,0.02162492855287538
2318,5ee75133-74ce-4a65-ac22-be263ad8566a,Hauptstraße 52 Marktplatz,2025-07-06 14:00:00+00:00,0.025375002310839657
2319,5ee75133-74ce-4a65-ac22-be263ad8566a,Hauptstraße 52 Marktplatz,2025-07-06 15:00:00+00:00,0.02549191573174627
2320,5ee75133-74ce-4a65-ac22-be263ad8566a,Hauptstraße 52 Marktplatz,2025-07-06 16:00:00+00:00,0.025491523485337206
2321,5ee75133-74ce-4a65-ac22-be263ad8566a,Hauptstraße 52 Marktplatz,2025-07-06 17:00:00+00:00,0.01937578743389615
2322,5ee75133-74ce-4a65-ac22-be263ad8566a,Hauptstraße 52 Marktplatz,2025-07-06 18:00:00+00:00,0.017835431667812585
2323,5ee75133-74ce-4a65-ac22-be263ad8566a,Hauptstraße 52 Marktplatz,2025-07-06 19:00:00+00:00,0.01554473792096907
2324,5ee75133-74ce-4a65-ac22-be263ad8566a,Hauptstraße 52 Marktplatz,2025-07-06 20:00:00+00:00,0.014312508201304244
2325,5ee75133-74ce-4a65-ac22-be263ad8566a,Hauptstraße 52 Marktplatz,2025-07-06 21:00:00+00:00,0.0134856191304578
2326,5ee75133-74ce-4a65-ac22-be263ad8566a,Hauptstraße 52 Marktplatz,2025-07-06 22:00:00+00:00,0.00960114058356975
2327,5ee75133-74ce-4a65-ac22-be263ad8566a,Hauptstraße 52 Marktplatz,2025-07-06 23:00:00+00:00,0.014089543874852844
2328,5ee75133-74ce-4a65-ac22-be263ad8566a,Hauptstraße 52 Marktplatz,2025-07-07 00:00:00+00:00,0.015413516617975685
2329,5ee75133-74ce-4a65-ac22-be263ad8566a,Hauptstraße 52 Marktplatz,2025-07-07 01:00:00+00:00,0.015340631187251676
2330,5ee75133-74ce-4a65-ac22-be263ad8566a,Hauptstraße 52 Marktplatz,2025-07-07 02:00:00+00:00,0.012933654214895325
2331,5ee75133-74ce-4a65-ac22-be263ad8566a,Hauptstraße 52 Marktplatz,2025-07-07 03:00:00+00:00,0.012620082919227433
2332,5ee75133-74ce-4a65-ac22-be263ad8566a,Hauptstraße 52 Marktplatz,2025-07-07 04:00:00+00:00,0.013090027332289816
2333,5ee75133-74ce-4a65-ac22-be263ad8566a,Hauptstraße 52 Marktplatz,2025-07-07 05:00:00+00:00,0.013819907807846572
2334,5ee75133-74ce-4a65-ac22-be263ad8566a,Hauptstraße 52 Marktplatz,2025-07-07 06:00:00+00:00,0.014754165987663884
2335,5ee75133-74ce-4a65-ac22-be263ad8566a,Hauptstraße 52 Marktplatz,2025-07-07 07:00:00+00:00,0.014087510501026601
2336,5ee75133-74ce-4a65-ac22-be263ad8566a,Hauptstraße 52 Marktplatz,2025-07-07 08:00:00+00:00,0.013378823955367174
2337,5ee75133-74ce-4a65-ac22-be263ad8566a,Hauptstraße 52 Marktplatz,2025-07-07 09:00:00+00:00,0.013846453750279365
2338,5ee75133-74ce-4a65-ac22-be263ad8566a,Hauptstraße 52 Marktplatz,2025-07-07 10:00:00+00:00,0.014771498928568326
2339,5ee75133-74ce-4a65-ac22-be263ad8566a,Hauptstraße 52 Marktplatz,2025-07-07 11:00:00+00:00,0.01503747783014754
2340,5ee75133-74ce-4a65-ac22-be263ad8566a,Hauptstraße 52 Marktplatz,2025-07-07 12:00:00+00:00,0.015459075755116592
2341,5ee75133-74ce-4a65-ac22-be263ad8566a,Hauptstraße 52 Marktplatz,2025-07-07 13:00:00+00:00,0.014885331040344623
2342,5ee75133-74ce-4a65-ac22-be263ad8566a,Hauptstraße 52 Marktplatz,2025-07-07 14:00:00+00:00,0.014460333189499816
2343,5ee75133-74ce-4a65-ac22-be263ad8566a,Hauptstraße 52 Marktplatz,2025-07-07 15:00:00+00:00,0.014037585532550724
2344,5ee75133-74ce-4a65-ac22-be263ad8566a,Hauptstraße 52 Marktplatz,2025-07-07 16:00:00+00:00,0.016611176841765496
2345,5ee75133-74ce-4a65-ac22-be263ad8566a,Hauptstraße 52 Marktplatz,2025-07-07 17:00:00+00:00,0.019195650266117456
2346,5ee75133-74ce-4a65-ac22-be263ad8566a,Hauptstraße 52 Marktplatz,2025-07-07 18:00:00+00:00,0.019589188626487307
2347,5ee75133-74ce-4a65-ac22-be263ad8566a,Hauptstraße 52 Marktplatz,2025-07-07 19:00:00+00:00,0.019712422270061217
2348,5ee75133-74ce-4a65-ac22-be263ad8566a,Hauptstraße 52 Marktplatz,2025-07-07 20:00:00+00:00,0.019951389728761024
2349,5ee75133-74ce-4a65-ac22-be263ad8566a,Hauptstraße 52 Marktplatz,2025-07-07 21:00:00+00:00,0.018939332865690314
2350,5ee75133-74ce-4a65-ac22-be263ad8566a,Hauptstraße 52 Marktplatz,2025-07-07 22:00:00+00:00,0.018502617276053717
2351,5ee75133-74ce-4a65-ac22-be263ad8566a,Hauptstraße 52 Marktplatz,2025-07-07 23:00:00+00:00,0.015189040513008964
2352,5ee75133-74ce-4a65-ac22-be263ad8566a,Hauptstraße 52 Marktplatz,2025-07-08 00:00:00+00:00,0.014968438949612809
2353,5ee75133-74ce-4a65-ac22-be263ad8566a,Hauptstraße 52 Marktplatz,2025-07-08 01:00:00+00:00,0.01749140776746622
2354,5ee75133-74ce-4a65-ac22-be263ad8566a,Hauptstraße 52 Marktplatz,2025-07-08 02:00:00+00:00,0.01755370404765014
2355,5ee75133-74ce-4a65-ac22-be263ad8566a,Hauptstraße 52 Marktplatz,2025-07-08 03:00:00+00:00,0.01644318056145245
2356,5ee75133-74ce-4a65-ac22-be263ad8566a,Hauptstraße 52 Marktplatz,2025-07-08 04:00:00+00:00,0.01595415894675208
2357,5ee75133-74ce-4a65-ac22-be263ad8566a,Hauptstraße 52 Marktplatz,2025-07-08 05:00:00+00:00,0.015040784810223647
2358,5ee75133-74ce-4a65-ac22-be263ad8566a,Hauptstraße 52 Marktplatz,2025-07-08 06:00:00+00:00,0.013895724798745571
2359,5ee75133-74ce-4a65-ac22-be263ad8566a,Hauptstraße 52 Marktplatz,2025-07-08 07:00:00+00:00,0.013609029648982026
2360,5ee75133-74ce-4a65-ac22-be263ad8566a,Hauptstraße 52 Marktplatz,2025-07-08 08:00:00+00:00,0.013732620830752607
2361,5ee75133-74ce-4a65-ac22-be263ad8566a,Hauptstraße 52 Marktplatz,2025-07-08 09:00:00+00:00,0.013586545616948328
2362,5ee75133-74ce-4a65-ac22-be263ad8566a,Hauptstraße 52 Marktplatz,2025-07-08 10:00:00+00:00,0.01335577948601562
2363,5ee75133-74ce-4a65-ac22-be263ad8566a,Hauptstraße 52 Marktplatz,2025-07-08 11:00:00+00:00,0.014042581437776315
2364,5ee75133-74ce-4a65-ac22-be263ad8566a,Hauptstraße 52 Marktplatz,2025-07-08 12:00:00+00:00,0.013471462574789417
2365,5ee75133-74ce-4a65-ac22-be263ad8566a,Hauptstraße 52 Marktplatz,2025-07-08 13:00:00+00:00,0.01483383606293967
2366,5ee75133-74ce-4a65-ac22-be263ad8566a,Hauptstraße 52 Marktplatz,2025-07-08 14:00:00+00:00,0.014752640937665826
2367,5ee75133-74ce-4a65-ac22-be263ad8566a,Hauptstraße 52 Marktplatz,2025-07-08 15:00:00+00:00,0.01446446508719368
2368,5ee75133-74ce-4a65-ac22-be263ad8566a,Hauptstraße 52 Marktplatz,2025-07-08 16:00:00+00:00,0.015426499868944113
2369,5ee75133-74ce-4a65-ac22-be263ad8566a,Hauptstraße 52 Marktplatz,2025-07-08 17:00:00+00:00,0.014269478326833174
2370,5ee75133-74ce-4a65-ac22-be263ad8566a,Hauptstraße 52 Marktplatz,2025-07-08 18:00:00+00:00,0.015602881789044667
2371,5ee75133-74ce-4a65-ac22-be263ad8566a,Hauptstraße 52 Marktplatz,2025-07-08 19:00:00+00:00,0.014262229763265634
2372,5ee75133-74ce-4a65-ac22-be263ad8566a,Hauptstraße 52 Marktplatz,2025-07-08 20:00:00+00:00,0.013137229482759919
2373,5ee75133-74ce-4a65-ac22-be263ad8566a,Hauptstraße 52 Marktplatz,2025-07-08 21:00:00+00:00,0.012174265372314886
2374,5ee75133-74ce-4a65-ac22-be263ad8566a,Hauptstraße 52 Marktplatz,2025-07-08 22:00:00+00:00,0.014067016868649584
2375,5ee75133-74ce-4a65-ac22-be263ad8566a,Hauptstraße 52 Marktplatz,2025-07-08 23:00:00+00:00,0.015420497210680957
2376,5ee75133-74ce-4a65-ac22-be263ad8566a,Hauptstraße 52 Marktplatz,2025-07-09 00:00:00+00:00,0.015063448192561139
2377,5ee75133-74ce-4a65-ac22-be263ad8566a,Hauptstraße 52 Marktplatz,2025-07-09 01:00:00+00:00,0.013245956842630746
2378,5ee75133-74ce-4a65-ac22-be263ad8566a,Hauptstraße 52 Marktplatz,2025-07-09 02:00:00+00:00,0.013364975458801274
2379,5ee75133-74ce-4a65-ac22-be263ad8566a,Hauptstraße 52 Marktplatz,2025-07-09 03:00:00+00:00,0.0128105523298856
2380,5ee75133-74ce-4a65-ac22-be263ad8566a,Hauptstraße 52 Marktplatz,2025-07-09 04:00:00+00:00,0.013088616084590884
2381,5ee75133-74ce-4a65-ac22-be263ad8566a,Hauptstraße 52 Marktplatz,2025-07-09 05:00:00+00:00,0.01566911626696133
2382,5ee75133-74ce-4a65-ac22-be263ad8566a,Hauptstraße 52 Marktplatz,2025-07-09 06:00:00+00:00,0.0158696277658438
2383,5ee75133-74ce-4a65-ac22-be263ad8566a,Hauptstraße 52 Marktplatz,2025-07-09 07:00:00+00:00,0.01625567980328642
2384,5ee75133-74ce-4a65-ac22-be263ad8566a,Hauptstraße 52 Marktplatz,2025-07-09 08:00:00+00:00,0.017033568094975842
2385,5ee75133-74ce-4a65-ac22-be263ad8566a,Hauptstraße 52 Marktplatz,2025-07-09 09:00:00+00:00,0.017809692574792996
2386,5ee75133-74ce-4a65-ac22-be263ad8566a,Hauptstraße 52 Marktplatz,2025-07-09 10:00:00+00:00,0.01859011669730164
2387,5ee75133-74ce-4a65-ac22-be263ad8566a,Hauptstraße 52 Marktplatz,2025-07-09 11:00:00+00:00,0.018837414186168452
2388,5ee75133-74ce-4a65-ac22-be263ad8566a,Hauptstraße 52 Marktplatz,2025-07-09 12:00:00+00:00,0.019523746460664022
2389,5ee75133-74ce-4a65-ac22-be263ad8566a,Hauptstraße 52 Marktplatz,2025-07-09 13:00:00+00:00,0.018955796851492755
2390,5ee75133-74ce-4a65-ac22-be263ad8566a,Hauptstraße 52 Marktplatz,2025-07-09 14:00:00+00:00,0.01946317608558971
2391,5ee75133-74ce-4a65-ac22-be263ad8566a,Hauptstraße 52 Marktplatz,2025-07-09 15:00:00+00:00,0.020158438338746334
2392,5ee75133-74ce-4a65-ac22-be263ad8566a,Hauptstraße 52 Marktplatz,2025-07-09 16:00:00+00:00,0.022124830761298977
2393,5ee75133-74ce-4a65-ac22-be263ad8566a,Hauptstraße 52 Marktplatz,2025-07-09 17:00:00+00:00,0.02538351523413507
2394,5ee75133-74ce-4a65-ac22-be263ad8566a,Hauptstraße 52 Marktplatz,2025-07-09 18:00:00+00:00,0.02529612064467863
2395,5ee75133-74ce-4a65-ac22-be263ad8566a,Hauptstraße 52 Marktplatz,2025-07-09 19:00:00+00:00,0.024516013023416914
2396,5ee75133-74ce-4a65-ac22-be263ad8566a,Hauptstraße 52 Marktplatz,2025-07-09 20:00:00+00:00,0.024001235631916903
2397,5ee75133-74ce-4a65-ac22-be263ad8566a,Hauptstraße 52 Marktplatz,2025-07-09 21:00:00+00:00,0.022567323388648884
2398,5ee75133-74ce-4a65-ac22-be263ad8566a,Hauptstraße 52 Marktplatz,2025-07-09 22:00:00+00:00,0.022309970292924797
2399,5ee75133-74ce-4a65-ac22-be263ad8566a,Hauptstraße 52 Marktplatz,2025-07-09 23:00:00+00:00,0.028818479052733777
2400,5ee75133-74ce-4a65-ac22-be263ad8566a,Hauptstraße 52 Marktplatz,2025-07-10 00:00:00+00:00,0.04115610992381804
2401,5ee75133-74ce-4a65-ac22-be263ad8566a,Hauptstraße 52 Marktplatz,2025-07-10 01:00:00+00:00,0.04068677412905367
2402,5ee75133-74ce-4a65-ac22-be263ad8566a,Hauptstraße 52 Marktplatz,2025-07-10 02:00:00+00:00,0.048375907146954236
2403,5ee75133-74ce-4a65-ac22-be263ad8566a,Hauptstraße 52 Marktplatz,2025-07-10 03:00:00+00:00,0.048142951814765314
2404,5ee75133-74ce-4a65-ac22-be263ad8566a,Hauptstraße 52 Marktplatz,2025-07-10 04:00:00+00:00,0.047526814764091735
2405,5ee75133-74ce-4a65-ac22-be263ad8566a,Hauptstraße 52 Marktplatz,2025-07-10 05:00:00+00:00,0.046729302376469044
2406,5ee75133-74ce-4a65-ac22-be263ad8566a,Hauptstraße 52 Marktplatz,2025-07-10 06:00:00+00:00,0.047247125190650725
2407,5ee75133-74ce-4a65-ac22-be263ad8566a,Hauptstraße 52 Marktplatz,2025-07-10 07:00:00+00:00,0.04820524400689515
2408,5ee75133-74ce-4a65-ac22-be263ad8566a,Hauptstraße 52 Marktplatz,2025-07-10 08:00:00+00:00,0.048671361258426395
2409,5ee75133-74ce-4a65-ac22-be263ad8566a,Hauptstraße 52 Marktplatz,2025-07-10 09:00:00+00:00,0.04952394244520402
2410,5ee75133-74ce-4a65-ac22-be263ad8566a,Hauptstraße 52 Marktplatz,2025-07-10 10:00:00+00:00,0.0505147069754685
2411,5ee75133-74ce-4a65-ac22-be263ad8566a,Hauptstraße 52 Marktplatz,2025-07-10 11:00:00+00:00,0.05110493376175175
2412,5ee75133-74ce-4a65-ac22-be263ad8566a,Hauptstraße 52 Marktplatz,2025-07-10 12:00:00+00:00,0.05028025483210114
2413,5ee75133-74ce-4a65-ac22-be263ad8566a,Hauptstraße 52 Marktplatz,2025-07-10 13:00:00+00:00,0.04870765195161084
2414,5ee75133-74ce-4a65-ac22-be263ad8566a,Hauptstraße 52 Marktplatz,2025-07-10 14:00:00+00:00,0.0498060111593718
2415,5ee75133-74ce-4a65-ac22-be263ad8566a,Hauptstraße 52 Marktplatz,2025-07-10 15:00:00+00:00,0.05044787046926856
2416,5ee75133-74ce-4a65-ac22-be263ad8566a,Hauptstraße 52 Marktplatz,2025-07-10 16:00:00+00:00,0.05708290074586493
2417,5ee75133-74ce-4a65-ac22-be263ad8566a,Hauptstraße 52 Marktplatz,2025-07-10 17:00:00+00:00,0.05613886512674301
2418,5ee75133-74ce-4a65-ac22-be263ad8566a,Hauptstraße 52 Marktplatz,2025-07-10 18:00:00+00:00,0.05559060512993435
2419,5ee75133-74ce-4a65-ac22-be263ad8566a,Hauptstraße 52 Marktplatz,2025-07-10 19:00:00+00:00,0.053886823036351485
2420,5ee75133-74ce-4a65-ac22-be263ad8566a,Hauptstraße 52 Marktplatz,2025-07-10 20:00:00+00:00,0.05316615284194482
2421,5ee75133-74ce-4a65-ac22-be263ad8566a,Hauptstraße 52 Marktplatz,2025-07-10 21:00:00+00:00,0.05355816079803641
2422,5ee75133-74ce-4a65-ac22-be263ad8566a,Hauptstraße 52 Marktplatz,2025-07-10 22:00:00+00:00,0.05228050834368515
2423,5ee75133-74ce-4a65-ac22-be263ad8566a,Hauptstraße 52 Marktplatz,2025-07-10 23:00:00+00:00,0.04384184591579164
2424,5ee75133-74ce-4a65-ac22-be263ad8566a,Hauptstraße 52 Marktplatz,2025-07-11 00:00:00+00:00,0.03211290421999311
2425,5ee75133-74ce-4a65-ac22-be263ad8566a,Hauptstraße 52 Marktplatz,2025-07-11 01:00:00+00:00,0.032840501143611894
2426,5ee75133-74ce-4a65-ac22-be263ad8566a,Hauptstraße 52 Marktplatz,2025-07-11 02:00:00+00:00,0.025138912169401142
2427,5ee75133-74ce-4a65-ac22-be263ad8566a,Hauptstraße 52 Marktplatz,2025-07-11 03:00:00+00:00,0.023865931375757977
2428,5ee75133-74ce-4a65-ac22-be263ad8566a,Hauptstraße 52 Marktplatz,2025-07-11 04:00:00+00:00,0.022941914616965386
2429,5ee75133-74ce-4a65-ac22-be263ad8566a,Hauptstraße 52 Marktplatz,2025-07-11 05:00:00+00:00,0.02251124345942957
2430,5ee75133-74ce-4a65-ac22-be263ad8566a,Hauptstraße 52 Marktplatz,2025-07-11 06:00:00+00:00,0.02296255404072096
2431,5ee75133-74ce-4a65-ac22-be263ad8566a,Hauptstraße 52 Marktplatz,2025-07-11 07:00:00+00:00,0.023131371592057654
2432,5ee75133-74ce-4a65-ac22-be263ad8566a,Hauptstraße 52 Marktplatz,2025-07-11 08:00:00+00:00,0.02683272834249828
2433,5ee75133-74ce-4a65-ac22-be263ad8566a,Hauptstraße 52 Marktplatz,2025-07-11 09:00:00+00:00,0.03160293710576093
2434,5ee75133-74ce-4a65-ac22-be263ad8566a,Hauptstraße 52 Marktplatz,2025-07-11 10:00:00+00:00,0.03355493256529431
2435,5ee75133-74ce-4a65-ac22-be263ad8566a,Hauptstraße 52 Marktplatz,2025-07-11 11:00:00+00:00,0.034805810111389564
2436,5ee75133-74ce-4a65-ac22-be263ad8566a,Hauptstraße 52 Marktplatz,2025-07-11 12:00:00+00:00,0.03520650801476306
2437,5ee75133-74ce-4a65-ac22-be263ad8566a,Hauptstraße 52 Marktplatz,2025-07-11 13:00:00+00:00,0.04186267699691504
2438,5ee75133-74ce-4a65-ac22-be263ad8566a,Hauptstraße 52 Marktplatz,2025-07-11 14:00:00+00:00,0.04403525150788893
2439,5ee75133-74ce-4a65-ac22-be263ad8566a,Hauptstraße 52 Marktplatz,2025-07-11 15:00:00+00:00,0.04466711539825588
2440,5ee75133-74ce-4a65-ac22-be263ad8566a,Hauptstraße 52 Marktplatz,2025-07-11 16:00:00+00:00,0.0419251233885887
2441,5ee75133-74ce-4a65-ac22-be263ad8566a,Hauptstraße 52 Marktplatz,2025-07-11 17:00:00+00:00,0.040009281865523084
2442,5ee75133-74ce-4a65-ac22-be263ad8566a,Hauptstraße 52 Marktplatz,2025-07-11 18:00:00+00:00,0.03912515056150518
2443,5ee75133-74ce-4a65-ac22-be263ad8566a,Hauptstraße 52 Marktplatz,2025-07-11 19:00:00+00:00,0.036505697779516844
2444,5ee75133-74ce-4a65-ac22-be263ad8566a,Hauptstraße 52 Marktplatz,2025-07-11 20:00:00+00:00,0.034066433982776576
2445,5ee75133-74ce-4a65-ac22-be263ad8566a,Hauptstraße 52 Marktplatz,2025-07-11 21:00:00+00:00,0.029604157945098717
2446,5ee75133-74ce-4a65-ac22-be263ad8566a,Hauptstraße 52 Marktplatz,2025-07-11 22:00:00+00:00,0.03525124427624401
2447,5ee75133-74ce-4a65-ac22-be263ad8566a,Hauptstraße 52 Marktplatz,2025-07-11 23:00:00+00:00,0.03472187364373554
2448,5ee75133-74ce-4a65-ac22-be263ad8566a,Hauptstraße 52 Marktplatz,2025-07-12 00:00:00+00:00,0.033382271550610645
2449,5ee75133-74ce-4a65-ac22-be263ad8566a,Hauptstraße 52 Marktplatz,2025-07-12 01:00:00+00:00,0.033546804179562954
2450,5ee75133-74ce-4a65-ac22-be263ad8566a,Hauptstraße 52 Marktplatz,2025-07-12 02:00:00+00:00,0.03539142945229091
2451,5ee75133-74ce-4a65-ac22-be263ad8566a,Hauptstraße 52 Marktplatz,2025-07-12 03:00:00+00:00,0.036109113810261606
2452,5ee75133-74ce-4a65-ac22-be263ad8566a,Hauptstraße 52 Marktplatz,2025-07-12 04:00:00+00:00,0.03711343174516215
2453,5ee75133-74ce-4a65-ac22-be263ad8566a,Hauptstraße 52 Marktplatz,2025-07-12 05:00:00+00:00,0.03904454828433404
2454,5ee75133-74ce-4a65-ac22-be263ad8566a,Hauptstraße 52 Marktplatz,2025-07-12 06:00:00+00:00,0.0424408906709667
2455,5ee75133-74ce-4a65-ac22-be263ad8566a,Hauptstraße 52 Marktplatz,2025-07-12 07:00:00+00:00,0.04484993647141463
2456,5ee75133-74ce-4a65-ac22-be263ad8566a,Hauptstraße 52 Marktplatz,2025-07-12 08:00:00+00:00,0.05353362858477159
2457,5ee75133-74ce-4a65-ac22-be263ad8566a,Hauptstraße 52 Marktplatz,2025-07-12 09:00:00+00:00,0.04492462760348303
2458,5ee75133-74ce-4a65-ac22-be263ad8566a,Hauptstraße 52 Marktplatz,2025-07-12 10:00:00+00:00,0.03864837360588145
2459,5ee75133-74ce-4a65-ac22-be263ad8566a,Hauptstraße 52 Marktplatz,2025-07-12 11:00:00+00:00,0.03562819407790161
2460,5ee75133-74ce-4a65-ac22-be263ad8566a,Hauptstraße 52 Marktplatz,2025-07-12 12:00:00+00:00,0.03460869354093712
2461,5ee75133-74ce-4a65-ac22-be263ad8566a,Hauptstraße 52 Marktplatz,2025-07-12 13:00:00+00:00,0.030569955553124844
2462,5ee75133-74ce-4a65-ac22-be263ad8566a,Hauptstraße 52 Marktplatz,2025-07-12 14:00:00+00:00,0.02564245970074878
2463,5ee75133-74ce-4a65-ac22-be263ad8566a,Hauptstraße 52 Marktplatz,2025-07-12 15:00:00+00:00,0.02721155126643604
2464,5ee75133-74ce-4a65-ac22-be263ad8566a,Hauptstraße 52 Marktplatz,2025-07-12 16:00:00+00:00,0.027004585704438495
2465,5ee75133-74ce-4a65-ac22-be263ad8566a,Hauptstraße 52 Marktplatz,2025-07-12 17:00:00+00:00,0.026387335235709176
2466,5ee75133-74ce-4a65-ac22-be263ad8566a,Hauptstraße 52 Marktplatz,2025-07-12 18:00:00+00:00,0.027258881599877605
2467,5ee75133-74ce-4a65-ac22-be263ad8566a,Hauptstraße 52 Marktplatz,2025-07-12 19:00:00+00:00,0.02731141221282678
2468,5ee75133-74ce-4a65-ac22-be263ad8566a,Hauptstraße 52 Marktplatz,2025-07-12 20:00:00+00:00,0.027031923076983967
2469,5ee75133-74ce-4a65-ac22-be263ad8566a,Hauptstraße 52 Marktplatz,2025-07-12 21:00:00+00:00,0.026120029419947607
2470,5ee75133-74ce-4a65-ac22-be263ad8566a,Hauptstraße 52 Marktplatz,2025-07-12 22:00:00+00:00,0.021987118892051318
2471,5ee75133-74ce-4a65-ac22-be263ad8566a,Hauptstraße 52 Marktplatz,2025-07-12 23:00:00+00:00,0.022216913757375886
2472,5ee75133-74ce-4a65-ac22-be263ad8566a,Hauptstraße 52 Marktplatz,2025-07-13 00:00:00+00:00,0.022578795197827014
2473,5ee75133-74ce-4a65-ac22-be263ad8566a,Hauptstraße 52 Marktplatz,2025-07-13 01:00:00+00:00,0.02371834143074218
2474,5ee75133-74ce-4a65-ac22-be263ad8566a,Hauptstraße 52 Marktplatz,2025-07-13 02:00:00+00:00,0.024862798394609687
2475,5ee75133-74ce-4a65-ac22-be263ad8566a,Hauptstraße 52 Marktplatz,2025-07-13 03:00:00+00:00,0.02473668313461098
2476,5ee75133-74ce-4a65-ac22-be263ad8566a,Hauptstraße 52 Marktplatz,2025-07-13 04:00:00+00:00,0.024031164595285728
2477,5ee75133-74ce-4a65-ac22-be263ad8566a,Hauptstraße 52 Marktplatz,2025-07-13 05:00:00+00:00,0.023708934145119646
2478,5ee75133-74ce-4a65-ac22-be263ad8566a,Hauptstraße 52 Marktplatz,2025-07-13 06:00:00+00:00,0.022970239212230334
2479,5ee75133-74ce-4a65-ac22-be263ad8566a,Hauptstraße 52 Marktplatz,2025-07-13 07:00:00+00:00,0.021526956388859413
2480,5ee75133-74ce-4a65-ac22-be263ad8566a,Hauptstraße 52 Marktplatz,2025-07-13 08:00:00+00:00,0.019598128174099207
2481,5ee75133-74ce-4a65-ac22-be263ad8566a,Hauptstraße 52 Marktplatz,2025-07-13 09:00:00+00:00,0.0195223144090873
2482,5ee75133-74ce-4a65-ac22-be263ad8566a,Hauptstraße 52 Marktplatz,2025-07-13 10:00:00+00:00,0.01951872600154086
2483,5ee75133-74ce-4a65-ac22-be263ad8566a,Hauptstraße 52 Marktplatz,2025-07-13 11:00:00+00:00,0.02048945092601715
2484,5ee75133-74ce-4a65-ac22-be263ad8566a,Hauptstraße 52 Marktplatz,2025-07-13 12:00:00+00:00,0.022114440300998777
2485,5ee75133-74ce-4a65-ac22-be263ad8566a,Hauptstraße 52 Marktplatz,2025-07-13 13:00:00+00:00,0.022373511017211117
2486,5ee75133-74ce-4a65-ac22-be263ad8566a,Hauptstraße 52 Marktplatz,2025-07-13 14:00:00+00:00,0.02609505767262173
2487,5ee75133-74ce-4a65-ac22-be263ad8566a,Hauptstraße 52 Marktplatz,2025-07-13 15:00:00+00:00,0.0262584679210458
2488,5ee75133-74ce-4a65-ac22-be263ad8566a,Hauptstraße 52 Marktplatz,2025-07-13 16:00:00+00:00,0.022705490865365056
2489,5ee75133-74ce-4a65-ac22-be263ad8566a,Hauptstraße 52 Marktplatz,2025-07-13 17:00:00+00:00,0.01951291821549612
2490,5ee75133-74ce-4a65-ac22-be263ad8566a,Hauptstraße 52 Marktplatz,2025-07-13 18:00:00+00:00,0.018568226994389456
2491,5ee75133-74ce-4a65-ac22-be263ad8566a,Hauptstraße 52 Marktplatz,2025-07-13 19:00:00+00:00,0.016484905679918574
2492,5ee75133-74ce-4a65-ac22-be263ad8566a,Hauptstraße 52 Marktplatz,2025-07-13 20:00:00+00:00,0.016415105241102807
2493,5ee75133-74ce-4a65-ac22-be263ad8566a,Hauptstraße 52 Marktplatz,2025-07-13 21:00:00+00:00,0.01475195972357517
2494,5ee75133-74ce-4a65-ac22-be263ad8566a,Hauptstraße 52 Marktplatz,2025-07-13 22:00:00+00:00,0.01088302492572739
2495,5ee75133-74ce-4a65-ac22-be263ad8566a,Hauptstraße 52 Marktplatz,2025-07-13 23:00:00+00:00,0.014693902766829203
2496,7d06c31f-aa88-4c5b-8280-565243350ad8,Reinhardstraße 19,2025-07-01 00:00:00+00:00,0.032447444555802084
2497,7d06c31f-aa88-4c5b-8280-565243350ad8,Reinhardstraße 19,2025-07-01 01:00:00+00:00,0.03392020807083245
2498,7d06c31f-aa88-4c5b-8280-565243350ad8,Reinhardstraße 19,2025-07-01 02:00:00+00:00,0.034306817637219066
2499,7d06c31f-aa88-4c5b-8280-565243350ad8,Reinhardstraße 19,2025-07-01 03:00:00+00:00,0.034037835050002574
2500,7d06c31f-aa88-4c5b-8280-565243350ad8,Reinhardstraße 19,2025-07-01 04:00:00+00:00,0.033933568400894724
2501,7d06c31f-aa88-4c5b-8280-565243350ad8,Reinhardstraße 19,2025-07-01 05:00:00+00:00,0.033313606205458576
2502,7d06c31f-aa88-4c5b-8280-565243350ad8,Reinhardstraße 19,2025-07-01 06:00:00+00:00,0.03168369032502531
2503,7d06c31f-aa88-4c5b-8280-565243350ad8,Reinhardstraße 19,2025-07-01 07:00:00+00:00,0.027895408586360172
2504,7d06c31f-aa88-4c5b-8280-565243350ad8,Reinhardstraße 19,2025-07-01 08:00:00+00:00,0.02705586412412093
2505,7d06c31f-aa88-4c5b-8280-565243350ad8,Reinhardstraße 19,2025-07-01 09:00:00+00:00,0.02395996611490819
2506,7d06c31f-aa88-4c5b-8280-565243350ad8,Reinhardstraße 19,2025-07-01 10:00:00+00:00,0.022897689271010425
2507,7d06c31f-aa88-4c5b-8280-565243350ad8,Reinhardstraße 19,2025-07-01 11:00:00+00:00,0.025614652483340893
2508,7d06c31f-aa88-4c5b-8280-565243350ad8,Reinhardstraße 19,2025-07-01 12:00:00+00:00,0.027594938961867606
2509,7d06c31f-aa88-4c5b-8280-565243350ad8,Reinhardstraße 19,2025-07-01 13:00:00+00:00,0.023811855848526808
2510,7d06c31f-aa88-4c5b-8280-565243350ad8,Reinhardstraße 19,2025-07-01 14:00:00+00:00,0.02459479332025544
2511,7d06c31f-aa88-4c5b-8280-565243350ad8,Reinhardstraße 19,2025-07-01 15:00:00+00:00,0.028140736281750907
2512,7d06c31f-aa88-4c5b-8280-565243350ad8,Reinhardstraße 19,2025-07-01 16:00:00+00:00,0.03259340652486298
2513,7d06c31f-aa88-4c5b-8280-565243350ad8,Reinhardstraße 19,2025-07-01 17:00:00+00:00,0.030451078149929815
2514,7d06c31f-aa88-4c5b-8280-565243350ad8,Reinhardstraße 19,2025-07-01 18:00:00+00:00,0.029322114642406805
2515,7d06c31f-aa88-4c5b-8280-565243350ad8,Reinhardstraße 19,2025-07-01 19:00:00+00:00,0.028100490414411074
2516,7d06c31f-aa88-4c5b-8280-565243350ad8,Reinhardstraße 19,2025-07-01 20:00:00+00:00,0.027338060819389862
2517,7d06c31f-aa88-4c5b-8280-565243350ad8,Reinhardstraße 19,2025-07-01 21:00:00+00:00,0.02564847064519917
2518,7d06c31f-aa88-4c5b-8280-565243350ad8,Reinhardstraße 19,2025-07-01 22:00:00+00:00,0.02613382334260635
2519,7d06c31f-aa88-4c5b-8280-565243350ad8,Reinhardstraße 19,2025-07-01 23:00:00+00:00,0.026282279813638895
2520,7d06c31f-aa88-4c5b-8280-565243350ad8,Reinhardstraße 19,2025-07-02 00:00:00+00:00,0.024480588232695718
2521,7d06c31f-aa88-4c5b-8280-565243350ad8,Reinhardstraße 19,2025-07-02 01:00:00+00:00,0.02658127263084425
2522,7d06c31f-aa88-4c5b-8280-565243350ad8,Reinhardstraße 19,2025-07-02 02:00:00+00:00,0.02706067153973161
2523,7d06c31f-aa88-4c5b-8280-565243350ad8,Reinhardstraße 19,2025-07-02 03:00:00+00:00,0.028360039720728362
2524,7d06c31f-aa88-4c5b-8280-565243350ad8,Reinhardstraße 19,2025-07-02 04:00:00+00:00,0.029637124141462214
2525,7d06c31f-aa88-4c5b-8280-565243350ad8,Reinhardstraße 19,2025-07-02 05:00:00+00:00,0.03080274770788673
2526,7d06c31f-aa88-4c5b-8280-565243350ad8,Reinhardstraße 19,2025-07-02 06:00:00+00:00,0.03160264659258835
2527,7d06c31f-aa88-4c5b-8280-565243350ad8,Reinhardstraße 19,2025-07-02 07:00:00+00:00,0.030497314335865142
2528,7d06c31f-aa88-4c5b-8280-565243350ad8,Reinhardstraße 19,2025-07-02 08:00:00+00:00,0.028428985685768144
2529,7d06c31f-aa88-4c5b-8280-565243350ad8,Reinhardstraße 19,2025-07-02 09:00:00+00:00,0.030826812286885462
2530,7d06c31f-aa88-4c5b-8280-565243350ad8,Reinhardstraße 19,2025-07-02 10:00:00+00:00,0.030982300866124524
2531,7d06c31f-aa88-4c5b-8280-565243350ad8,Reinhardstraße 19,2025-07-02 11:00:00+00:00,0.03205431376449683
2532,7d06c31f-aa88-4c5b-8280-565243350ad8,Reinhardstraße 19,2025-07-02 12:00:00+00:00,0.03372721050472746
2533,7d06c31f-aa88-4c5b-8280-565243350ad8,Reinhardstraße 19,2025-07-02 13:00:00+00:00,0.032932017434861516
2534,7d06c31f-aa88-4c5b-8280-565243350ad8,Reinhardstraße 19,2025-07-02 14:00:00+00:00,0.03239832087996516
2535,7d06c31f-aa88-4c5b-8280-565243350ad8,Reinhardstraße 19,2025-07-02 15:00:00+00:00,0.0293524612394025
2536,7d06c31f-aa88-4c5b-8280-565243350ad8,Reinhardstraße 19,2025-07-02 16:00:00+00:00,0.019284683648397083
2537,7d06c31f-aa88-4c5b-8280-565243350ad8,Reinhardstraße 19,2025-07-02 17:00:00+00:00,0.017369139803557355
2538,7d06c31f-aa88-4c5b-8280-565243350ad8,Reinhardstraße 19,2025-07-02 18:00:00+00:00,0.017449146319305407
2539,7d06c31f-aa88-4c5b-8280-565243350ad8,Reinhardstraße 19,2025-07-02 19:00:00+00:00,0.01870676257877073
2540,7d06c31f-aa88-4c5b-8280-565243350ad8,Reinhardstraße 19,2025-07-02 20:00:00+00:00,0.017648298142327334
2541,7d06c31f-aa88-4c5b-8280-565243350ad8,Reinhardstraße 19,2025-07-02 21:00:00+00:00,0.017529687628905104
2542,7d06c31f-aa88-4c5b-8280-565243350ad8,Reinhardstraße 19,2025-07-02 22:00:00+00:00,0.017278134784575905
2543,7d06c31f-aa88-4c5b-8280-565243350ad8,Reinhardstraße 19,2025-07-02 23:00:00+00:00,0.01419482057810505
2544,7d06c31f-aa88-4c5b-8280-565243350ad8,Reinhardstraße 19,2025-07-03 00:00:00+00:00,0.0159893880528875
2545,7d06c31f-aa88-4c5b-8280-565243350ad8,Reinhardstraße 19,2025-07-03 01:00:00+00:00,0.020076515540377655
2546,7d06c31f-aa88-4c5b-8280-565243350ad8,Reinhardstraße 19,2025-07-03 02:00:00+00:00,0.02039777132883606
2547,7d06c31f-aa88-4c5b-8280-565243350ad8,Reinhardstraße 19,2025-07-03 03:00:00+00:00,0.02025009889426766
2548,7d06c31f-aa88-4c5b-8280-565243350ad8,Reinhardstraße 19,2025-07-03 04:00:00+00:00,0.021186728752261453
2549,7d06c31f-aa88-4c5b-8280-565243350ad8,Reinhardstraße 19,2025-07-03 05:00:00+00:00,0.021969905341135507
2550,7d06c31f-aa88-4c5b-8280-565243350ad8,Reinhardstraße 19,2025-07-03 06:00:00+00:00,0.02241993425852438
2551,7d06c31f-aa88-4c5b-8280-565243350ad8,Reinhardstraße 19,2025-07-03 07:00:00+00:00,0.02223476933450145
2552,7d06c31f-aa88-4c5b-8280-565243350ad8,Reinhardstraße 19,2025-07-03 08:00:00+00:00,0.02234302525256141
2553,7d06c31f-aa88-4c5b-8280-565243350ad8,Reinhardstraße 19,2025-07-03 09:00:00+00:00,0.019810510374891885
2554,7d06c31f-aa88-4c5b-8280-565243350ad8,Reinhardstraße 19,2025-07-03 10:00:00+00:00,0.02351692319106251
2555,7d06c31f-aa88-4c5b-8280-565243350ad8,Reinhardstraße 19,2025-07-03 11:00:00+00:00,0.024083921022287076
2556,7d06c31f-aa88-4c5b-8280-565243350ad8,Reinhardstraße 19,2025-07-03 12:00:00+00:00,0.022399510212227178
2557,7d06c31f-aa88-4c5b-8280-565243350ad8,Reinhardstraße 19,2025-07-03 13:00:00+00:00,0.02505956287907773
2558,7d06c31f-aa88-4c5b-8280-565243350ad8,Reinhardstraße 19,2025-07-03 14:00:00+00:00,0.024184757770967062
2559,7d06c31f-aa88-4c5b-8280-565243350ad8,Reinhardstraße 19,2025-07-03 15:00:00+00:00,0.02214893096056426
2560,7d06c31f-aa88-4c5b-8280-565243350ad8,Reinhardstraße 19,2025-07-03 16:00:00+00:00,0.0233810962144753
2561,7d06c31f-aa88-4c5b-8280-565243350ad8,Reinhardstraße 19,2025-07-03 17:00:00+00:00,0.02142304994322526
2562,7d06c31f-aa88-4c5b-8280-565243350ad8,Reinhardstraße 19,2025-07-03 18:00:00+00:00,0.021490083482933988
2563,7d06c31f-aa88-4c5b-8280-565243350ad8,Reinhardstraße 19,2025-07-03 19:00:00+00:00,0.02004541761995088
2564,7d06c31f-aa88-4c5b-8280-565243350ad8,Reinhardstraße 19,2025-07-03 20:00:00+00:00,0.019218573708211013
2565,7d06c31f-aa88-4c5b-8280-565243350ad8,Reinhardstraße 19,2025-07-03 21:00:00+00:00,0.01909459058480667
2566,7d06c31f-aa88-4c5b-8280-565243350ad8,Reinhardstraße 19,2025-07-03 22:00:00+00:00,0.02005646249763926
2567,7d06c31f-aa88-4c5b-8280-565243350ad8,Reinhardstraße 19,2025-07-03 23:00:00+00:00,0.02105210427160303
2568,7d06c31f-aa88-4c5b-8280-565243350ad8,Reinhardstraße 19,2025-07-04 00:00:00+00:00,0.019353896755180275
2569,7d06c31f-aa88-4c5b-8280-565243350ad8,Reinhardstraße 19,2025-07-04 01:00:00+00:00,0.011940716989372657
2570,7d06c31f-aa88-4c5b-8280-565243350ad8,Reinhardstraße 19,2025-07-04 02:00:00+00:00,0.01582576627363004
2571,7d06c31f-aa88-4c5b-8280-565243350ad8,Reinhardstraße 19,2025-07-04 03:00:00+00:00,0.015073638626304777
2572,7d06c31f-aa88-4c5b-8280-565243350ad8,Reinhardstraße 19,2025-07-04 04:00:00+00:00,0.014026223870720724
2573,7d06c31f-aa88-4c5b-8280-565243350ad8,Reinhardstraße 19,2025-07-04 05:00:00+00:00,0.014646906009355495
2574,7d06c31f-aa88-4c5b-8280-565243350ad8,Reinhardstraße 19,2025-07-04 06:00:00+00:00,0.014792189516411026
2575,7d06c31f-aa88-4c5b-8280-565243350ad8,Reinhardstraße 19,2025-07-04 07:00:00+00:00,0.015376639604902109
2576,7d06c31f-aa88-4c5b-8280-565243350ad8,Reinhardstraße 19,2025-07-04 08:00:00+00:00,0.030317312437632978
2577,7d06c31f-aa88-4c5b-8280-565243350ad8,Reinhardstraße 19,2025-07-04 09:00:00+00:00,0.03272012573302969
2578,7d06c31f-aa88-4c5b-8280-565243350ad8,Reinhardstraße 19,2025-07-04 10:00:00+00:00,0.0340518439849288
2579,7d06c31f-aa88-4c5b-8280-565243350ad8,Reinhardstraße 19,2025-07-04 11:00:00+00:00,0.0362732394618229
2580,7d06c31f-aa88-4c5b-8280-565243350ad8,Reinhardstraße 19,2025-07-04 12:00:00+00:00,0.0396750149645567
2581,7d06c31f-aa88-4c5b-8280-565243350ad8,Reinhardstraße 19,2025-07-04 13:00:00+00:00,0.06522181882476272
2582,7d06c31f-aa88-4c5b-8280-565243350ad8,Reinhardstraße 19,2025-07-04 14:00:00+00:00,0.07575097343733629
2583,7d06c31f-aa88-4c5b-8280-565243350ad8,Reinhardstraße 19,2025-07-04 15:00:00+00:00,0.08037773242223173
2584,7d06c31f-aa88-4c5b-8280-565243350ad8,Reinhardstraße 19,2025-07-04 16:00:00+00:00,0.07666104660931848
2585,7d06c31f-aa88-4c5b-8280-565243350ad8,Reinhardstraße 19,2025-07-04 17:00:00+00:00,0.0735315517128836
2586,7d06c31f-aa88-4c5b-8280-565243350ad8,Reinhardstraße 19,2025-07-04 18:00:00+00:00,0.06960726451070913
2587,7d06c31f-aa88-4c5b-8280-565243350ad8,Reinhardstraße 19,2025-07-04 19:00:00+00:00,0.0674712988568861
2588,7d06c31f-aa88-4c5b-8280-565243350ad8,Reinhardstraße 19,2025-07-04 20:00:00+00:00,0.06294995002136512
2589,7d06c31f-aa88-4c5b-8280-565243350ad8,Reinhardstraße 19,2025-07-04 21:00:00+00:00,0.06163098778687888
2590,7d06c31f-aa88-4c5b-8280-565243350ad8,Reinhardstraße 19,2025-07-04 22:00:00+00:00,0.063197933884813
2591,7d06c31f-aa88-4c5b-8280-565243350ad8,Reinhardstraße 19,2025-07-04 23:00:00+00:00,0.06224735279819645
2592,7d06c31f-aa88-4c5b-8280-565243350ad8,Reinhardstraße 19,2025-07-05 00:00:00+00:00,0.06041737820511949
2593,7d06c31f-aa88-4c5b-8280-565243350ad8,Reinhardstraße 19,2025-07-05 01:00:00+00:00,0.061422731278752266
2594,7d06c31f-aa88-4c5b-8280-565243350ad8,Reinhardstraße 19,2025-07-05 02:00:00+00:00,0.05999305177838975
2595,7d06c31f-aa88-4c5b-8280-565243350ad8,Reinhardstraße 19,2025-07-05 03:00:00+00:00,0.062268139231008476
2596,7d06c31f-aa88-4c5b-8280-565243350ad8,Reinhardstraße 19,2025-07-05 04:00:00+00:00,0.06400885690001049
2597,7d06c31f-aa88-4c5b-8280-565243350ad8,Reinhardstraße 19,2025-07-05 05:00:00+00:00,0.0672719609216366
2598,7d06c31f-aa88-4c5b-8280-565243350ad8,Reinhardstraße 19,2025-07-05 06:00:00+00:00,0.07115727964736852
2599,7d06c31f-aa88-4c5b-8280-565243350ad8,Reinhardstraße 19,2025-07-05 07:00:00+00:00,0.07786457054644264
2600,7d06c31f-aa88-4c5b-8280-565243350ad8,Reinhardstraße 19,2025-07-05 08:00:00+00:00,0.062030818830399945
2601,7d06c31f-aa88-4c5b-8280-565243350ad8,Reinhardstraße 19,2025-07-05 09:00:00+00:00,0.0623379411265557
2602,7d06c31f-aa88-4c5b-8280-565243350ad8,Reinhardstraße 19,2025-07-05 10:00:00+00:00,0.07145940499756742
2603,7d06c31f-aa88-4c5b-8280-565243350ad8,Reinhardstraße 19,2025-07-05 11:00:00+00:00,0.07088998454605905
2604,7d06c31f-aa88-4c5b-8280-565243350ad8,Reinhardstraße 19,2025-07-05 12:00:00+00:00,0.06831766606009845
2605,7d06c31f-aa88-4c5b-8280-565243350ad8,Reinhardstraße 19,2025-07-05 13:00:00+00:00,0.05174705011224675
2606,7d06c31f-aa88-4c5b-8280-565243350ad8,Reinhardstraße 19,2025-07-05 14:00:00+00:00,0.04489198093642584
2607,7d06c31f-aa88-4c5b-8280-565243350ad8,Reinhardstraße 19,2025-07-05 15:00:00+00:00,0.04545039721085818
2608,7d06c31f-aa88-4c5b-8280-565243350ad8,Reinhardstraße 19,2025-07-05 16:00:00+00:00,0.04438696045229504
2609,7d06c31f-aa88-4c5b-8280-565243350ad8,Reinhardstraße 19,2025-07-05 17:00:00+00:00,0.042690656712425286
2610,7d06c31f-aa88-4c5b-8280-565243350ad8,Reinhardstraße 19,2025-07-05 18:00:00+00:00,0.036795246597900545
2611,7d06c31f-aa88-4c5b-8280-565243350ad8,Reinhardstraße 19,2025-07-05 19:00:00+00:00,0.03838601987864155
2612,7d06c31f-aa88-4c5b-8280-565243350ad8,Reinhardstraße 19,2025-07-05 20:00:00+00:00,0.03737097892126034
2613,7d06c31f-aa88-4c5b-8280-565243350ad8,Reinhardstraße 19,2025-07-05 21:00:00+00:00,0.036110480218595885
2614,7d06c31f-aa88-4c5b-8280-565243350ad8,Reinhardstraße 19,2025-07-05 22:00:00+00:00,0.03828789060947238
2615,7d06c31f-aa88-4c5b-8280-565243350ad8,Reinhardstraße 19,2025-07-05 23:00:00+00:00,0.040940312403399584
2616,7d06c31f-aa88-4c5b-8280-565243350ad8,Reinhardstraße 19,2025-07-06 00:00:00+00:00,0.04284591064359529
2617,7d06c31f-aa88-4c5b-8280-565243350ad8,Reinhardstraße 19,2025-07-06 01:00:00+00:00,0.04380048760854916
2618,7d06c31f-aa88-4c5b-8280-565243350ad8,Reinhardstraße 19,2025-07-06 02:00:00+00:00,0.044714898599200394
2619,7d06c31f-aa88-4c5b-8280-565243350ad8,Reinhardstraße 19,2025-07-06 03:00:00+00:00,0.04529580581054769
2620,7d06c31f-aa88-4c5b-8280-565243350ad8,Reinhardstraße 19,2025-07-06 04:00:00+00:00,0.04744859018004145
2621,7d06c31f-aa88-4c5b-8280-565243350ad8,Reinhardstraße 19,2025-07-06 05:00:00+00:00,0.05010245631604642
2622,7d06c31f-aa88-4c5b-8280-565243350ad8,Reinhardstraße 19,2025-07-06 06:00:00+00:00,0.04770499924172015
2623,7d06c31f-aa88-4c5b-8280-565243350ad8,Reinhardstraße 19,2025-07-06 07:00:00+00:00,0.044917074961430076
2624,7d06c31f-aa88-4c5b-8280-565243350ad8,Reinhardstraße 19,2025-07-06 08:00:00+00:00,0.03519001194759495
2625,7d06c31f-aa88-4c5b-8280-565243350ad8,Reinhardstraße 19,2025-07-06 09:00:00+00:00,0.03867088220972404
2626,7d06c31f-aa88-4c5b-8280-565243350ad8,Reinhardstraße 19,2025-07-06 10:00:00+00:00,0.037632707180231637
2627,7d06c31f-aa88-4c5b-8280-565243350ad8,Reinhardstraße 19,2025-07-06 11:00:00+00:00,0.04199474456816824
2628,7d06c31f-aa88-4c5b-8280-565243350ad8,Reinhardstraße 19,2025-07-06 12:00:00+00:00,0.03710455674735136
2629,7d06c31f-aa88-4c5b-8280-565243350ad8,Reinhardstraße 19,2025-07-06 13:00:00+00:00,0.03637986257490301
2630,7d06c31f-aa88-4c5b-8280-565243350ad8,Reinhardstraße 19,2025-07-06 14:00:00+00:00,0.04373863284206713
2631,7d06c31f-aa88-4c5b-8280-565243350ad8,Reinhardstraße 19,2025-07-06 15:00:00+00:00,0.044028726649567834
2632,7d06c31f-aa88-4c5b-8280-565243350ad8,Reinhardstraße 19,2025-07-06 16:00:00+00:00,0.04686739798639817
2633,7d06c31f-aa88-4c5b-8280-565243350ad8,Reinhardstraße 19,2025-07-06 17:00:00+00:00,0.04073380466218999
2634,7d06c31f-aa88-4c5b-8280-565243350ad8,Reinhardstraße 19,2025-07-06 18:00:00+00:00,0.036496165572564285
2635,7d06c31f-aa88-4c5b-8280-565243350ad8,Reinhardstraße 19,2025-07-06 19:00:00+00:00,0.031860147250649076
2636,7d06c31f-aa88-4c5b-8280-565243350ad8,Reinhardstraße 19,2025-07-06 20:00:00+00:00,0.03188918005430784
2637,7d06c31f-aa88-4c5b-8280-565243350ad8,Reinhardstraße 19,2025-07-06 21:00:00+00:00,0.03184313755690133
2638,7d06c31f-aa88-4c5b-8280-565243350ad8,Reinhardstraße 19,2025-07-06 22:00:00+00:00,0.021599846213932586
2639,7d06c31f-aa88-4c5b-8280-565243350ad8,Reinhardstraße 19,2025-07-06 23:00:00+00:00,0.027304770181667642
2640,7d06c31f-aa88-4c5b-8280-565243350ad8,Reinhardstraße 19,2025-07-07 00:00:00+00:00,0.02854727036013344
2641,7d06c31f-aa88-4c5b-8280-565243350ad8,Reinhardstraße 19,2025-07-07 01:00:00+00:00,0.03265124672259845
2642,7d06c31f-aa88-4c5b-8280-565243350ad8,Reinhardstraße 19,2025-07-07 02:00:00+00:00,0.03368742448875026
2643,7d06c31f-aa88-4c5b-8280-565243350ad8,Reinhardstraße 19,2025-07-07 03:00:00+00:00,0.034766213294689666
2644,7d06c31f-aa88-4c5b-8280-565243350ad8,Reinhardstraße 19,2025-07-07 04:00:00+00:00,0.03523841971734639
2645,7d06c31f-aa88-4c5b-8280-565243350ad8,Reinhardstraße 19,2025-07-07 05:00:00+00:00,0.03527469367842042
2646,7d06c31f-aa88-4c5b-8280-565243350ad8,Reinhardstraße 19,2025-07-07 06:00:00+00:00,0.03512212886592959
2647,7d06c31f-aa88-4c5b-8280-565243350ad8,Reinhardstraße 19,2025-07-07 07:00:00+00:00,0.03481675356206033
2648,7d06c31f-aa88-4c5b-8280-565243350ad8,Reinhardstraße 19,2025-07-07 08:00:00+00:00,0.029923377004403517
2649,7d06c31f-aa88-4c5b-8280-565243350ad8,Reinhardstraße 19,2025-07-07 09:00:00+00:00,0.026616942415655147
2650,7d06c31f-aa88-4c5b-8280-565243350ad8,Reinhardstraße 19,2025-07-07 10:00:00+00:00,0.026529926506323857
2651,7d06c31f-aa88-4c5b-8280-565243350ad8,Reinhardstraße 19,2025-07-07 11:00:00+00:00,0.02972866884121376
2652,7d06c31f-aa88-4c5b-8280-565243350ad8,Reinhardstraße 19,2025-07-07 12:00:00+00:00,0.03157026115214841
2653,7d06c31f-aa88-4c5b-8280-565243350ad8,Reinhardstraße 19,2025-07-07 13:00:00+00:00,0.03149854608491018
2654,7d06c31f-aa88-4c5b-8280-565243350ad8,Reinhardstraße 19,2025-07-07 14:00:00+00:00,0.038520149747126115
2655,7d06c31f-aa88-4c5b-8280-565243350ad8,Reinhardstraße 19,2025-07-07 15:00:00+00:00,0.03421127906634897
2656,7d06c31f-aa88-4c5b-8280-565243350ad8,Reinhardstraße 19,2025-07-07 16:00:00+00:00,0.03170334915579622
2657,7d06c31f-aa88-4c5b-8280-565243350ad8,Reinhardstraße 19,2025-07-07 17:00:00+00:00,0.030306696146287778
2658,7d06c31f-aa88-4c5b-8280-565243350ad8,Reinhardstraße 19,2025-07-07 18:00:00+00:00,0.028371282618817627
2659,7d06c31f-aa88-4c5b-8280-565243350ad8,Reinhardstraße 19,2025-07-07 19:00:00+00:00,0.027683344435542045
2660,7d06c31f-aa88-4c5b-8280-565243350ad8,Reinhardstraße 19,2025-07-07 20:00:00+00:00,0.02845056840002811
2661,7d06c31f-aa88-4c5b-8280-565243350ad8,Reinhardstraße 19,2025-07-07 21:00:00+00:00,0.029574052818244323
2662,7d06c31f-aa88-4c5b-8280-565243350ad8,Reinhardstraße 19,2025-07-07 22:00:00+00:00,0.034722585880749675
2663,7d06c31f-aa88-4c5b-8280-565243350ad8,Reinhardstraße 19,2025-07-07 23:00:00+00:00,0.02990681958457012
2664,7d06c31f-aa88-4c5b-8280-565243350ad8,Reinhardstraße 19,2025-07-08 00:00:00+00:00,0.027234325253599447
2665,7d06c31f-aa88-4c5b-8280-565243350ad8,Reinhardstraße 19,2025-07-08 01:00:00+00:00,0.023255753022186403
2666,7d06c31f-aa88-4c5b-8280-565243350ad8,Reinhardstraße 19,2025-07-08 02:00:00+00:00,0.02291581482660705
2667,7d06c31f-aa88-4c5b-8280-565243350ad8,Reinhardstraße 19,2025-07-08 03:00:00+00:00,0.02212589383698605
2668,7d06c31f-aa88-4c5b-8280-565243350ad8,Reinhardstraße 19,2025-07-08 04:00:00+00:00,0.02179494792512419
2669,7d06c31f-aa88-4c5b-8280-565243350ad8,Reinhardstraße 19,2025-07-08 05:00:00+00:00,0.02159343653698472
2670,7d06c31f-aa88-4c5b-8280-565243350ad8,Reinhardstraße 19,2025-07-08 06:00:00+00:00,0.023226943625771858
2671,7d06c31f-aa88-4c5b-8280-565243350ad8,Reinhardstraße 19,2025-07-08 07:00:00+00:00,0.025064213439346044
2672,7d06c31f-aa88-4c5b-8280-565243350ad8,Reinhardstraße 19,2025-07-08 08:00:00+00:00,0.026643928549351756
2673,7d06c31f-aa88-4c5b-8280-565243350ad8,Reinhardstraße 19,2025-07-08 09:00:00+00:00,0.03439987895884489
2674,7d06c31f-aa88-4c5b-8280-565243350ad8,Reinhardstraße 19,2025-07-08 10:00:00+00:00,0.03622838713078044
2675,7d06c31f-aa88-4c5b-8280-565243350ad8,Reinhardstraße 19,2025-07-08 11:00:00+00:00,0.03551312892661367
2676,7d06c31f-aa88-4c5b-8280-565243350ad8,Reinhardstraße 19,2025-07-08 12:00:00+00:00,0.032598018360911724
2677,7d06c31f-aa88-4c5b-8280-565243350ad8,Reinhardstraße 19,2025-07-08 13:00:00+00:00,0.03484175929301712
2678,7d06c31f-aa88-4c5b-8280-565243350ad8,Reinhardstraße 19,2025-07-08 14:00:00+00:00,0.031562145522048904
2679,7d06c31f-aa88-4c5b-8280-565243350ad8,Reinhardstraße 19,2025-07-08 15:00:00+00:00,0.032564300574804535
2680,7d06c31f-aa88-4c5b-8280-565243350ad8,Reinhardstraße 19,2025-07-08 16:00:00+00:00,0.03545542587124665
2681,7d06c31f-aa88-4c5b-8280-565243350ad8,Reinhardstraße 19,2025-07-08 17:00:00+00:00,0.03473808521739151
2682,7d06c31f-aa88-4c5b-8280-565243350ad8,Reinhardstraße 19,2025-07-08 18:00:00+00:00,0.03453809537793555
2683,7d06c31f-aa88-4c5b-8280-565243350ad8,Reinhardstraße 19,2025-07-08 19:00:00+00:00,0.03414749217446225
2684,7d06c31f-aa88-4c5b-8280-565243350ad8,Reinhardstraße 19,2025-07-08 20:00:00+00:00,0.0339394837486421
2685,7d06c31f-aa88-4c5b-8280-565243350ad8,Reinhardstraße 19,2025-07-08 21:00:00+00:00,0.032706139997598443
2686,7d06c31f-aa88-4c5b-8280-565243350ad8,Reinhardstraße 19,2025-07-08 22:00:00+00:00,0.027427310297106662
2687,7d06c31f-aa88-4c5b-8280-565243350ad8,Reinhardstraße 19,2025-07-08 23:00:00+00:00,0.02836231266781075
2688,7d06c31f-aa88-4c5b-8280-565243350ad8,Reinhardstraße 19,2025-07-09 00:00:00+00:00,0.028554784691729635
2689,7d06c31f-aa88-4c5b-8280-565243350ad8,Reinhardstraße 19,2025-07-09 01:00:00+00:00,0.03074340321396023
2690,7d06c31f-aa88-4c5b-8280-565243350ad8,Reinhardstraße 19,2025-07-09 02:00:00+00:00,0.030549718875938655
2691,7d06c31f-aa88-4c5b-8280-565243350ad8,Reinhardstraße 19,2025-07-09 03:00:00+00:00,0.030778097180960872
2692,7d06c31f-aa88-4c5b-8280-565243350ad8,Reinhardstraße 19,2025-07-09 04:00:00+00:00,0.030195111990591394
2693,7d06c31f-aa88-4c5b-8280-565243350ad8,Reinhardstraße 19,2025-07-09 05:00:00+00:00,0.02968418885849777
2694,7d06c31f-aa88-4c5b-8280-565243350ad8,Reinhardstraße 19,2025-07-09 06:00:00+00:00,0.029699932224706186
2695,7d06c31f-aa88-4c5b-8280-565243350ad8,Reinhardstraße 19,2025-07-09 07:00:00+00:00,0.03032403652768425
2696,7d06c31f-aa88-4c5b-8280-565243350ad8,Reinhardstraße 19,2025-07-09 08:00:00+00:00,0.02764759000000317
2697,7d06c31f-aa88-4c5b-8280-565243350ad8,Reinhardstraße 19,2025-07-09 09:00:00+00:00,0.026989287655010675
2698,7d06c31f-aa88-4c5b-8280-565243350ad8,Reinhardstraße 19,2025-07-09 10:00:00+00:00,0.02780700311230922
2699,7d06c31f-aa88-4c5b-8280-565243350ad8,Reinhardstraße 19,2025-07-09 11:00:00+00:00,0.029276753990327652
2700,7d06c31f-aa88-4c5b-8280-565243350ad8,Reinhardstraße 19,2025-07-09 12:00:00+00:00,0.03369729597781568
2701,7d06c31f-aa88-4c5b-8280-565243350ad8,Reinhardstraße 19,2025-07-09 13:00:00+00:00,0.03648681271879676
2702,7d06c31f-aa88-4c5b-8280-565243350ad8,Reinhardstraße 19,2025-07-09 14:00:00+00:00,0.034039379960795486
2703,7d06c31f-aa88-4c5b-8280-565243350ad8,Reinhardstraße 19,2025-07-09 15:00:00+00:00,0.03232763017569125
2704,7d06c31f-aa88-4c5b-8280-565243350ad8,Reinhardstraße 19,2025-07-09 16:00:00+00:00,0.023095068115075133
2705,7d06c31f-aa88-4c5b-8280-565243350ad8,Reinhardstraße 19,2025-07-09 17:00:00+00:00,0.021174753707141183
2706,7d06c31f-aa88-4c5b-8280-565243350ad8,Reinhardstraße 19,2025-07-09 18:00:00+00:00,0.021535094617275555
2707,7d06c31f-aa88-4c5b-8280-565243350ad8,Reinhardstraße 19,2025-07-09 19:00:00+00:00,0.020883509930869938
2708,7d06c31f-aa88-4c5b-8280-565243350ad8,Reinhardstraße 19,2025-07-09 20:00:00+00:00,0.02103450490808819
2709,7d06c31f-aa88-4c5b-8280-565243350ad8,Reinhardstraße 19,2025-07-09 21:00:00+00:00,0.02149051252212604
2710,7d06c31f-aa88-4c5b-8280-565243350ad8,Reinhardstraße 19,2025-07-09 22:00:00+00:00,0.02099048030736265
2711,7d06c31f-aa88-4c5b-8280-565243350ad8,Reinhardstraße 19,2025-07-09 23:00:00+00:00,0.018088351544525476
2712,7d06c31f-aa88-4c5b-8280-565243350ad8,Reinhardstraße 19,2025-07-10 00:00:00+00:00,0.020145165897305306
2713,7d06c31f-aa88-4c5b-8280-565243350ad8,Reinhardstraße 19,2025-07-10 01:00:00+00:00,0.023708048751596378
2714,7d06c31f-aa88-4c5b-8280-565243350ad8,Reinhardstraße 19,2025-07-10 02:00:00+00:00,0.023500826332524274
2715,7d06c31f-aa88-4c5b-8280-565243350ad8,Reinhardstraße 19,2025-07-10 03:00:00+00:00,0.02246626040941441
2716,7d06c31f-aa88-4c5b-8280-565243350ad8,Reinhardstraße 19,2025-07-10 04:00:00+00:00,0.02295563954792765
2717,7d06c31f-aa88-4c5b-8280-565243350ad8,Reinhardstraße 19,2025-07-10 05:00:00+00:00,0.023870049178218243
2718,7d06c31f-aa88-4c5b-8280-565243350ad8,Reinhardstraße 19,2025-07-10 06:00:00+00:00,0.025388519096627492
2719,7d06c31f-aa88-4c5b-8280-565243350ad8,Reinhardstraße 19,2025-07-10 07:00:00+00:00,0.02486294235192049
2720,7d06c31f-aa88-4c5b-8280-565243350ad8,Reinhardstraße 19,2025-07-10 08:00:00+00:00,0.02509333982985133
2721,7d06c31f-aa88-4c5b-8280-565243350ad8,Reinhardstraße 19,2025-07-10 09:00:00+00:00,0.02463750397191515
2722,7d06c31f-aa88-4c5b-8280-565243350ad8,Reinhardstraße 19,2025-07-10 10:00:00+00:00,0.02684298975704423
2723,7d06c31f-aa88-4c5b-8280-565243350ad8,Reinhardstraße 19,2025-07-10 11:00:00+00:00,0.025096066286611842
2724,7d06c31f-aa88-4c5b-8280-565243350ad8,Reinhardstraße 19,2025-07-10 12:00:00+00:00,0.02035553211714634
2725,7d06c31f-aa88-4c5b-8280-565243350ad8,Reinhardstraße 19,2025-07-10 13:00:00+00:00,0.029245131947828223
2726,7d06c31f-aa88-4c5b-8280-565243350ad8,Reinhardstraße 19,2025-07-10 14:00:00+00:00,0.029355911579291058
2727,7d06c31f-aa88-4c5b-8280-565243350ad8,Reinhardstraße 19,2025-07-10 15:00:00+00:00,0.027451177184968024
2728,7d06c31f-aa88-4c5b-8280-565243350ad8,Reinhardstraße 19,2025-07-10 16:00:00+00:00,0.02698895421141012
2729,7d06c31f-aa88-4c5b-8280-565243350ad8,Reinhardstraße 19,2025-07-10 17:00:00+00:00,0.026019490782246576
2730,7d06c31f-aa88-4c5b-8280-565243350ad8,Reinhardstraße 19,2025-07-10 18:00:00+00:00,0.025681067254032266
2731,7d06c31f-aa88-4c5b-8280-565243350ad8,Reinhardstraße 19,2025-07-10 19:00:00+00:00,0.02522557418404173
2732,7d06c31f-aa88-4c5b-8280-565243350ad8,Reinhardstraße 19,2025-07-10 20:00:00+00:00,0.02508087833520998
2733,7d06c31f-aa88-4c5b-8280-565243350ad8,Reinhardstraße 19,2025-07-10 21:00:00+00:00,0.025248872731027987
2734,7d06c31f-aa88-4c5b-8280-565243350ad8,Reinhardstraße 19,2025-07-10 22:00:00+00:00,0.02655883842964933
2735,7d06c31f-aa88-4c5b-8280-565243350ad8,Reinhardstraße 19,2025-07-10 23:00:00+00:00,0.026744077023350275
2736,7d06c31f-aa88-4c5b-8280-565243350ad8,Reinhardstraße 19,2025-07-11 00:00:00+00:00,0.024612908512107994
2737,7d06c31f-aa88-4c5b-8280-565243350ad8,Reinhardstraße 19,2025-07-11 01:00:00+00:00,0.01788526021914275
2738,7d06c31f-aa88-4c5b-8280-565243350ad8,Reinhardstraße 19,2025-07-11 02:00:00+00:00,0.018060334854550178
2739,7d06c31f-aa88-4c5b-8280-565243350ad8,Reinhardstraße 19,2025-07-11 03:00:00+00:00,0.017852953972482606
2740,7d06c31f-aa88-4c5b-8280-565243350ad8,Reinhardstraße 19,2025-07-11 04:00:00+00:00,0.016432589126062044
2741,7d06c31f-aa88-4c5b-8280-565243350ad8,Reinhardstraße 19,2025-07-11 05:00:00+00:00,0.014506015487213097
2742,7d06c31f-aa88-4c5b-8280-565243350ad8,Reinhardstraße 19,2025-07-11 06:00:00+00:00,0.014205544196444106
2743,7d06c31f-aa88-4c5b-8280-565243350ad8,Reinhardstraße 19,2025-07-11 07:00:00+00:00,0.014509175720598263
2744,7d06c31f-aa88-4c5b-8280-565243350ad8,Reinhardstraße 19,2025-07-11 08:00:00+00:00,0.029955054332631785
2745,7d06c31f-aa88-4c5b-8280-565243350ad8,Reinhardstraße 19,2025-07-11 09:00:00+00:00,0.03229010206894695
2746,7d06c31f-aa88-4c5b-8280-565243350ad8,Reinhardstraße 19,2025-07-11 10:00:00+00:00,0.03218668264987556
2747,7d06c31f-aa88-4c5b-8280-565243350ad8,Reinhardstraße 19,2025-07-11 11:00:00+00:00,0.031955803220268295
2748,7d06c31f-aa88-4c5b-8280-565243350ad8,Reinhardstraße 19,2025-07-11 12:00:00+00:00,0.030798302722430938
2749,7d06c31f-aa88-4c5b-8280-565243350ad8,Reinhardstraße 19,2025-07-11 13:00:00+00:00,0.056799314628997226
2750,7d06c31f-aa88-4c5b-8280-565243350ad8,Reinhardstraße 19,2025-07-11 14:00:00+00:00,0.06919789811816325
2751,7d06c31f-aa88-4c5b-8280-565243350ad8,Reinhardstraße 19,2025-07-11 15:00:00+00:00,0.0712461007469159
2752,7d06c31f-aa88-4c5b-8280-565243350ad8,Reinhardstraße 19,2025-07-11 16:00:00+00:00,0.06881331792971467
2753,7d06c31f-aa88-4c5b-8280-565243350ad8,Reinhardstraße 19,2025-07-11 17:00:00+00:00,0.06567348543819898
2754,7d06c31f-aa88-4c5b-8280-565243350ad8,Reinhardstraße 19,2025-07-11 18:00:00+00:00,0.06243820360081546
2755,7d06c31f-aa88-4c5b-8280-565243350ad8,Reinhardstraße 19,2025-07-11 19:00:00+00:00,0.06077860696825721
2756,7d06c31f-aa88-4c5b-8280-565243350ad8,Reinhardstraße 19,2025-07-11 20:00:00+00:00,0.05757732553785953
2757,7d06c31f-aa88-4c5b-8280-565243350ad8,Reinhardstraße 19,2025-07-11 21:00:00+00:00,0.055622754663878345
2758,7d06c31f-aa88-4c5b-8280-565243350ad8,Reinhardstraße 19,2025-07-11 22:00:00+00:00,0.056027983630024134
2759,7d06c31f-aa88-4c5b-8280-565243350ad8,Reinhardstraße 19,2025-07-11 23:00:00+00:00,0.05584518070938594
2760,7d06c31f-aa88-4c5b-8280-565243350ad8,Reinhardstraße 19,2025-07-12 00:00:00+00:00,0.05447746987810753
2761,7d06c31f-aa88-4c5b-8280-565243350ad8,Reinhardstraße 19,2025-07-12 01:00:00+00:00,0.05409492282713457
2762,7d06c31f-aa88-4c5b-8280-565243350ad8,Reinhardstraße 19,2025-07-12 02:00:00+00:00,0.056806721053754256
2763,7d06c31f-aa88-4c5b-8280-565243350ad8,Reinhardstraße 19,2025-07-12 03:00:00+00:00,0.05938410201893725
2764,7d06c31f-aa88-4c5b-8280-565243350ad8,Reinhardstraße 19,2025-07-12 04:00:00+00:00,0.06157615205667762
2765,7d06c31f-aa88-4c5b-8280-565243350ad8,Reinhardstraße 19,2025-07-12 05:00:00+00:00,0.06622260899507063
2766,7d06c31f-aa88-4c5b-8280-565243350ad8,Reinhardstraße 19,2025-07-12 06:00:00+00:00,0.07095593552901235
2767,7d06c31f-aa88-4c5b-8280-565243350ad8,Reinhardstraße 19,2025-07-12 07:00:00+00:00,0.07786701611356195
2768,7d06c31f-aa88-4c5b-8280-565243350ad8,Reinhardstraße 19,2025-07-12 08:00:00+00:00,0.06056233671717543
2769,7d06c31f-aa88-4c5b-8280-565243350ad8,Reinhardstraße 19,2025-07-12 09:00:00+00:00,0.06047852147993883
2770,7d06c31f-aa88-4c5b-8280-565243350ad8,Reinhardstraße 19,2025-07-12 10:00:00+00:00,0.044565056525635145
2771,7d06c31f-aa88-4c5b-8280-565243350ad8,Reinhardstraße 19,2025-07-12 11:00:00+00:00,0.04325872551396819
2772,7d06c31f-aa88-4c5b-8280-565243350ad8,Reinhardstraße 19,2025-07-12 12:00:00+00:00,0.048753774680032995
2773,7d06c31f-aa88-4c5b-8280-565243350ad8,Reinhardstraße 19,2025-07-12 13:00:00+00:00,0.03913473584116591
2774,7d06c31f-aa88-4c5b-8280-565243350ad8,Reinhardstraße 19,2025-07-12 14:00:00+00:00,0.033287293241893785
2775,7d06c31f-aa88-4c5b-8280-565243350ad8,Reinhardstraße 19,2025-07-12 15:00:00+00:00,0.035466327081965954
2776,7d06c31f-aa88-4c5b-8280-565243350ad8,Reinhardstraße 19,2025-07-12 16:00:00+00:00,0.03194486813911638
2777,7d06c31f-aa88-4c5b-8280-565243350ad8,Reinhardstraße 19,2025-07-12 17:00:00+00:00,0.02965857436408641
2778,7d06c31f-aa88-4c5b-8280-565243350ad8,Reinhardstraße 19,2025-07-12 18:00:00+00:00,0.026942970845547917
2779,7d06c31f-aa88-4c5b-8280-565243350ad8,Reinhardstraße 19,2025-07-12 19:00:00+00:00,0.02702185096434803
2780,7d06c31f-aa88-4c5b-8280-565243350ad8,Reinhardstraße 19,2025-07-12 20:00:00+00:00,0.026104622047302597
2781,7d06c31f-aa88-4c5b-8280-565243350ad8,Reinhardstraße 19,2025-07-12 21:00:00+00:00,0.02538385278833825
2782,7d06c31f-aa88-4c5b-8280-565243350ad8,Reinhardstraße 19,2025-07-12 22:00:00+00:00,0.02985907660221208
2783,7d06c31f-aa88-4c5b-8280-565243350ad8,Reinhardstraße 19,2025-07-12 23:00:00+00:00,0.031136252998009283
2784,7d06c31f-aa88-4c5b-8280-565243350ad8,Reinhardstraße 19,2025-07-13 00:00:00+00:00,0.029758187810008798
2785,7d06c31f-aa88-4c5b-8280-565243350ad8,Reinhardstraße 19,2025-07-13 01:00:00+00:00,0.031045647361413055
2786,7d06c31f-aa88-4c5b-8280-565243350ad8,Reinhardstraße 19,2025-07-13 02:00:00+00:00,0.03221121287763965
2787,7d06c31f-aa88-4c5b-8280-565243350ad8,Reinhardstraße 19,2025-07-13 03:00:00+00:00,0.03241206940607909
2788,7d06c31f-aa88-4c5b-8280-565243350ad8,Reinhardstraße 19,2025-07-13 04:00:00+00:00,0.032746316031873765
2789,7d06c31f-aa88-4c5b-8280-565243350ad8,Reinhardstraße 19,2025-07-13 05:00:00+00:00,0.033606588135748634
2790,7d06c31f-aa88-4c5b-8280-565243350ad8,Reinhardstraße 19,2025-07-13 06:00:00+00:00,0.03169629822139448
2791,7d06c31f-aa88-4c5b-8280-565243350ad8,Reinhardstraße 19,2025-07-13 07:00:00+00:00,0.028634082531838242
2792,7d06c31f-aa88-4c5b-8280-565243350ad8,Reinhardstraße 19,2025-07-13 08:00:00+00:00,0.023887179440747128
2793,7d06c31f-aa88-4c5b-8280-565243350ad8,Reinhardstraße 19,2025-07-13 09:00:00+00:00,0.027558676066172908
2794,7d06c31f-aa88-4c5b-8280-565243350ad8,Reinhardstraße 19,2025-07-13 10:00:00+00:00,0.03351539585161901
2795,7d06c31f-aa88-4c5b-8280-565243350ad8,Reinhardstraße 19,2025-07-13 11:00:00+00:00,0.03781374390250649
2796,7d06c31f-aa88-4c5b-8280-565243350ad8,Reinhardstraße 19,2025-07-13 12:00:00+00:00,0.030405341991906573
2797,7d06c31f-aa88-4c5b-8280-565243350ad8,Reinhardstraße 19,2025-07-13 13:00:00+00:00,0.03189109828279791
2798,7d06c31f-aa88-4c5b-8280-565243350ad8,Reinhardstraße 19,2025-07-13 14:00:00+00:00,0.03927041839482734
2799,7d06c31f-aa88-4c5b-8280-565243350ad8,Reinhardstraße 19,2025-07-13 15:00:00+00:00,0.038895632292547035
2800,7d06c31f-aa88-4c5b-8280-565243350ad8,Reinhardstraße 19,2025-07-13 16:00:00+00:00,0.04017576563791933
2801,7d06c31f-aa88-4c5b-8280-565243350ad8,Reinhardstraße 19,2025-07-13 17:00:00+00:00,0.0372105766602704
2802,7d06c31f-aa88-4c5b-8280-565243350ad8,Reinhardstraße 19,2025-07-13 18:00:00+00:00,0.03389683911782647
2803,7d06c31f-aa88-4c5b-8280-565243350ad8,Reinhardstraße 19,2025-07-13 19:00:00+00:00,0.028834290045932593
2804,7d06c31f-aa88-4c5b-8280-565243350ad8,Reinhardstraße 19,2025-07-13 20:00:00+00:00,0.027917209237544247
2805,7d06c31f-aa88-4c5b-8280-565243350ad8,Reinhardstraße 19,2025-07-13 21:00:00+00:00,0.027297993740543293
2806,7d06c31f-aa88-4c5b-8280-565243350ad8,Reinhardstraße 19,2025-07-13 22:00:00+00:00,0.017101611225965516
2807,7d06c31f-aa88-4c5b-8280-565243350ad8,Reinhardstraße 19,2025-07-13 23:00:00+00:00,0.02314092554877333
2808,b0d968cd-ded3-4953-b99f-2cb5fabd086d,Kurpark - Eingang Sprudelhof,2025-07-01 00:00:00+00:00,0.014433122602715105
2809,b0d968cd-ded3-4953-b99f-2cb5fabd086d,Kurpark - Eingang Sprudelhof,2025-07-01 01:00:00+00:00,0.014002710226096941
2810,b0d968cd-ded3-4953-b99f-2cb5fabd086d,Kurpark - Eingang Sprudelhof,2025-07-01 02:00:00+00:00,0.014039123751207059
2811,b0d968cd-ded3-4953-b99f-2cb5fabd086d,Kurpark - Eingang Sprudelhof,2025-07-01 03:00:00+00:00,0.014580120805648578
2812,b0d968cd-ded3-4953-b99f-2cb5fabd086d,Kurpark - Eingang Sprudelhof,2025-07-01 04:00:00+00:00,0.015333360629177149
2813,b0d968cd-ded3-4953-b99f-2cb5fabd086d,Kurpark - Eingang Sprudelhof,2025-07-01 05:00:00+00:00,0.01640731185608661
2814,b0d968cd-ded3-4953-b99f-2cb5fabd086d,Kurpark - Eingang Sprudelhof,2025-07-01 06:00:00+00:00,0.017572770307955458
2815,b0d968cd-ded3-4953-b99f-2cb5fabd086d,Kurpark - Eingang Sprudelhof,2025-07-01 07:00:00+00:00,0.016821946627872016
2816,b0d968cd-ded3-4953-b99f-2cb5fabd086d,Kurpark - Eingang Sprudelhof,2025-07-01 08:00:00+00:00,0.01484408727677966
2817,b0d968cd-ded3-4953-b99f-2cb5fabd086d,Kurpark - Eingang Sprudelhof,2025-07-01 09:00:00+00:00,0.022939775514366916
2818,b0d968cd-ded3-4953-b99f-2cb5fabd086d,Kurpark - Eingang Sprudelhof,2025-07-01 10:00:00+00:00,0.025624121877700096
2819,b0d968cd-ded3-4953-b99f-2cb5fabd086d,Kurpark - Eingang Sprudelhof,2025-07-01 11:00:00+00:00,0.028422839902757808
2820,b0d968cd-ded3-4953-b99f-2cb5fabd086d,Kurpark - Eingang Sprudelhof,2025-07-01 12:00:00+00:00,0.03086249966759654
2821,b0d968cd-ded3-4953-b99f-2cb5fabd086d,Kurpark - Eingang Sprudelhof,2025-07-01 13:00:00+00:00,0.032997887785531005
2822,b0d968cd-ded3-4953-b99f-2cb5fabd086d,Kurpark - Eingang Sprudelhof,2025-07-01 14:00:00+00:00,0.03266689635634261
2823,b0d968cd-ded3-4953-b99f-2cb5fabd086d,Kurpark - Eingang Sprudelhof,2025-07-01 15:00:00+00:00,0.029263478320360005
2824,b0d968cd-ded3-4953-b99f-2cb5fabd086d,Kurpark - Eingang Sprudelhof,2025-07-01 16:00:00+00:00,0.02936538066978583
2825,b0d968cd-ded3-4953-b99f-2cb5fabd086d,Kurpark - Eingang Sprudelhof,2025-07-01 17:00:00+00:00,0.029468923718506804
2826,b0d968cd-ded3-4953-b99f-2cb5fabd086d,Kurpark - Eingang Sprudelhof,2025-07-01 18:00:00+00:00,0.0241440725987875
2827,b0d968cd-ded3-4953-b99f-2cb5fabd086d,Kurpark - Eingang Sprudelhof,2025-07-01 19:00:00+00:00,0.02138390901379156
2828,b0d968cd-ded3-4953-b99f-2cb5fabd086d,Kurpark - Eingang Sprudelhof,2025-07-01 20:00:00+00:00,0.02094432688855561
2829,b0d968cd-ded3-4953-b99f-2cb5fabd086d,Kurpark - Eingang Sprudelhof,2025-07-01 21:00:00+00:00,0.020630413615303118
2830,b0d968cd-ded3-4953-b99f-2cb5fabd086d,Kurpark - Eingang Sprudelhof,2025-07-01 22:00:00+00:00,0.02014173552298109
2831,b0d968cd-ded3-4953-b99f-2cb5fabd086d,Kurpark - Eingang Sprudelhof,2025-07-01 23:00:00+00:00,0.01986951530327049
2832,b0d968cd-ded3-4953-b99f-2cb5fabd086d,Kurpark - Eingang Sprudelhof,2025-07-02 00:00:00+00:00,0.01990711717619537
2833,b0d968cd-ded3-4953-b99f-2cb5fabd086d,Kurpark - Eingang Sprudelhof,2025-07-02 01:00:00+00:00,0.019421714312386883
2834,b0d968cd-ded3-4953-b99f-2cb5fabd086d,Kurpark - Eingang Sprudelhof,2025-07-02 02:00:00+00:00,0.020044899493587533
2835,b0d968cd-ded3-4953-b99f-2cb5fabd086d,Kurpark - Eingang Sprudelhof,2025-07-02 03:00:00+00:00,0.020278435893406003
2836,b0d968cd-ded3-4953-b99f-2cb5fabd086d,Kurpark - Eingang Sprudelhof,2025-07-02 04:00:00+00:00,0.02203761534043384
2837,b0d968cd-ded3-4953-b99f-2cb5fabd086d,Kurpark - Eingang Sprudelhof,2025-07-02 05:00:00+00:00,0.02362476178887211
2838,b0d968cd-ded3-4953-b99f-2cb5fabd086d,Kurpark - Eingang Sprudelhof,2025-07-02 06:00:00+00:00,0.0281460607793184
2839,b0d968cd-ded3-4953-b99f-2cb5fabd086d,Kurpark - Eingang Sprudelhof,2025-07-02 07:00:00+00:00,0.024199975305475317
2840,b0d968cd-ded3-4953-b99f-2cb5fabd086d,Kurpark - Eingang Sprudelhof,2025-07-02 08:00:00+00:00,0.020686946893042592
2841,b0d968cd-ded3-4953-b99f-2cb5fabd086d,Kurpark - Eingang Sprudelhof,2025-07-02 09:00:00+00:00,0.02066855119497968
2842,b0d968cd-ded3-4953-b99f-2cb5fabd086d,Kurpark - Eingang Sprudelhof,2025-07-02 10:00:00+00:00,0.027869187077800655
2843,b0d968cd-ded3-4953-b99f-2cb5fabd086d,Kurpark - Eingang Sprudelhof,2025-07-02 11:00:00+00:00,0.02907875096438579
2844,b0d968cd-ded3-4953-b99f-2cb5fabd086d,Kurpark - Eingang Sprudelhof,2025-07-02 12:00:00+00:00,0.03487311876786907
2845,b0d968cd-ded3-4953-b99f-2cb5fabd086d,Kurpark - Eingang Sprudelhof,2025-07-02 13:00:00+00:00,0.03887875982686358
2846,b0d968cd-ded3-4953-b99f-2cb5fabd086d,Kurpark - Eingang Sprudelhof,2025-07-02 14:00:00+00:00,0.03868219893617761
2847,b0d968cd-ded3-4953-b99f-2cb5fabd086d,Kurpark - Eingang Sprudelhof,2025-07-02 15:00:00+00:00,0.031759389439864054
2848,b0d968cd-ded3-4953-b99f-2cb5fabd086d,Kurpark - Eingang Sprudelhof,2025-07-02 16:00:00+00:00,0.03612145603287919
2849,b0d968cd-ded3-4953-b99f-2cb5fabd086d,Kurpark - Eingang Sprudelhof,2025-07-02 17:00:00+00:00,0.03592698399085483
2850,b0d968cd-ded3-4953-b99f-2cb5fabd086d,Kurpark - Eingang Sprudelhof,2025-07-02 18:00:00+00:00,0.032907082500046765
2851,b0d968cd-ded3-4953-b99f-2cb5fabd086d,Kurpark - Eingang Sprudelhof,2025-07-02 19:00:00+00:00,0.030383802543543278
2852,b0d968cd-ded3-4953-b99f-2cb5fabd086d,Kurpark - Eingang Sprudelhof,2025-07-02 20:00:00+00:00,0.029099397950834976
2853,b0d968cd-ded3-4953-b99f-2cb5fabd086d,Kurpark - Eingang Sprudelhof,2025-07-02 21:00:00+00:00,0.027955990057335987
2854,b0d968cd-ded3-4953-b99f-2cb5fabd086d,Kurpark - Eingang Sprudelhof,2025-07-02 22:00:00+00:00,0.02642231179581284
2855,b0d968cd-ded3-4953-b99f-2cb5fabd086d,Kurpark - Eingang Sprudelhof,2025-07-02 23:00:00+00:00,0.02626426438207196
2856,b0d968cd-ded3-4953-b99f-2cb5fabd086d,Kurpark - Eingang Sprudelhof,2025-07-03 00:00:00+00:00,0.028170829227594077
2857,b0d968cd-ded3-4953-b99f-2cb5fabd086d,Kurpark - Eingang Sprudelhof,2025-07-03 01:00:00+00:00,0.02945542712616431
2858,b0d968cd-ded3-4953-b99f-2cb5fabd086d,Kurpark - Eingang Sprudelhof,2025-07-03 02:00:00+00:00,0.030298710774961126
2859,b0d968cd-ded3-4953-b99f-2cb5fabd086d,Kurpark - Eingang Sprudelhof,2025-07-03 03:00:00+00:00,0.032531462948590356
2860,b0d968cd-ded3-4953-b99f-2cb5fabd086d,Kurpark - Eingang Sprudelhof,2025-07-03 04:00:00+00:00,0.03499316775795895
2861,b0d968cd-ded3-4953-b99f-2cb5fabd086d,Kurpark - Eingang Sprudelhof,2025-07-03 05:00:00+00:00,0.03620133375823733
2862,b0d968cd-ded3-4953-b99f-2cb5fabd086d,Kurpark - Eingang Sprudelhof,2025-07-03 06:00:00+00:00,0.02572624838278892
2863,b0d968cd-ded3-4953-b99f-2cb5fabd086d,Kurpark - Eingang Sprudelhof,2025-07-03 07:00:00+00:00,0.028705364618546593
2864,b0d968cd-ded3-4953-b99f-2cb5fabd086d,Kurpark - Eingang Sprudelhof,2025-07-03 08:00:00+00:00,0.030339831855860613
2865,b0d968cd-ded3-4953-b99f-2cb5fabd086d,Kurpark - Eingang Sprudelhof,2025-07-03 09:00:00+00:00,0.0298923674818679
2866,b0d968cd-ded3-4953-b99f-2cb5fabd086d,Kurpark - Eingang Sprudelhof,2025-07-03 10:00:00+00:00,0.06005861453116044
2867,b0d968cd-ded3-4953-b99f-2cb5fabd086d,Kurpark - Eingang Sprudelhof,2025-07-03 11:00:00+00:00,0.059860165963929644
2868,b0d968cd-ded3-4953-b99f-2cb5fabd086d,Kurpark - Eingang Sprudelhof,2025-07-03 12:00:00+00:00,0.05372745888504582
2869,b0d968cd-ded3-4953-b99f-2cb5fabd086d,Kurpark - Eingang Sprudelhof,2025-07-03 13:00:00+00:00,0.05759122533343911
2870,b0d968cd-ded3-4953-b99f-2cb5fabd086d,Kurpark - Eingang Sprudelhof,2025-07-03 14:00:00+00:00,0.07160625338031883
2871,b0d968cd-ded3-4953-b99f-2cb5fabd086d,Kurpark - Eingang Sprudelhof,2025-07-03 15:00:00+00:00,0.08316567218804295
2872,b0d968cd-ded3-4953-b99f-2cb5fabd086d,Kurpark - Eingang Sprudelhof,2025-07-03 16:00:00+00:00,0.0798114162905656
2873,b0d968cd-ded3-4953-b99f-2cb5fabd086d,Kurpark - Eingang Sprudelhof,2025-07-03 17:00:00+00:00,0.07555927128748283
2874,b0d968cd-ded3-4953-b99f-2cb5fabd086d,Kurpark - Eingang Sprudelhof,2025-07-03 18:00:00+00:00,0.07068905998564742
2875,b0d968cd-ded3-4953-b99f-2cb5fabd086d,Kurpark - Eingang Sprudelhof,2025-07-03 19:00:00+00:00,0.06646930881339697
2876,b0d968cd-ded3-4953-b99f-2cb5fabd086d,Kurpark - Eingang Sprudelhof,2025-07-03 20:00:00+00:00,0.06003168088866235
2877,b0d968cd-ded3-4953-b99f-2cb5fabd086d,Kurpark - Eingang Sprudelhof,2025-07-03 21:00:00+00:00,0.05796981010490022
2878,b0d968cd-ded3-4953-b99f-2cb5fabd086d,Kurpark - Eingang Sprudelhof,2025-07-03 22:00:00+00:00,0.05792566408041936
2879,b0d968cd-ded3-4953-b99f-2cb5fabd086d,Kurpark - Eingang Sprudelhof,2025-07-03 23:00:00+00:00,0.05920569053423035
2880,b0d968cd-ded3-4953-b99f-2cb5fabd086d,Kurpark - Eingang Sprudelhof,2025-07-04 00:00:00+00:00,0.05885903126687993
2881,b0d968cd-ded3-4953-b99f-2cb5fabd086d,Kurpark - Eingang Sprudelhof,2025-07-04 01:00:00+00:00,0.058510547681876905
2882,b0d968cd-ded3-4953-b99f-2cb5fabd086d,Kurpark - Eingang Sprudelhof,2025-07-04 02:00:00+00:00,0.05671418881370559
2883,b0d968cd-ded3-4953-b99f-2cb5fabd086d,Kurpark - Eingang Sprudelhof,2025-07-04 03:00:00+00:00,0.05733643496223936
2884,b0d968cd-ded3-4953-b99f-2cb5fabd086d,Kurpark - Eingang Sprudelhof,2025-07-04 04:00:00+00:00,0.05656602113560984
2885,b0d968cd-ded3-4953-b99f-2cb5fabd086d,Kurpark - Eingang Sprudelhof,2025-07-04 05:00:00+00:00,0.05483905444000361
2886,b0d968cd-ded3-4953-b99f-2cb5fabd086d,Kurpark - Eingang Sprudelhof,2025-07-04 06:00:00+00:00,0.05485514656173098
2887,b0d968cd-ded3-4953-b99f-2cb5fabd086d,Kurpark - Eingang Sprudelhof,2025-07-04 07:00:00+00:00,0.04895963496585246
2888,b0d968cd-ded3-4953-b99f-2cb5fabd086d,Kurpark - Eingang Sprudelhof,2025-07-04 08:00:00+00:00,0.05251962178280191
2889,b0d968cd-ded3-4953-b99f-2cb5fabd086d,Kurpark - Eingang Sprudelhof,2025-07-04 09:00:00+00:00,0.04451441224159765
2890,b0d968cd-ded3-4953-b99f-2cb5fabd086d,Kurpark - Eingang Sprudelhof,2025-07-04 10:00:00+00:00,0.04430068193734429
2891,b0d968cd-ded3-4953-b99f-2cb5fabd086d,Kurpark - Eingang Sprudelhof,2025-07-04 11:00:00+00:00,0.04558508213884783
2892,b0d968cd-ded3-4953-b99f-2cb5fabd086d,Kurpark - Eingang Sprudelhof,2025-07-04 12:00:00+00:00,0.03735351886533312
2893,b0d968cd-ded3-4953-b99f-2cb5fabd086d,Kurpark - Eingang Sprudelhof,2025-07-04 13:00:00+00:00,0.04952953755664143
2894,b0d968cd-ded3-4953-b99f-2cb5fabd086d,Kurpark - Eingang Sprudelhof,2025-07-04 14:00:00+00:00,0.05511428963844105
2895,b0d968cd-ded3-4953-b99f-2cb5fabd086d,Kurpark - Eingang Sprudelhof,2025-07-04 15:00:00+00:00,0.07853648989237313
2896,b0d968cd-ded3-4953-b99f-2cb5fabd086d,Kurpark - Eingang Sprudelhof,2025-07-04 16:00:00+00:00,0.07355779405841058
2897,b0d968cd-ded3-4953-b99f-2cb5fabd086d,Kurpark - Eingang Sprudelhof,2025-07-04 17:00:00+00:00,0.06553923046905084
2898,b0d968cd-ded3-4953-b99f-2cb5fabd086d,Kurpark - Eingang Sprudelhof,2025-07-04 18:00:00+00:00,0.06319891365555518
2899,b0d968cd-ded3-4953-b99f-2cb5fabd086d,Kurpark - Eingang Sprudelhof,2025-07-04 19:00:00+00:00,0.060491146820966554
2900,b0d968cd-ded3-4953-b99f-2cb5fabd086d,Kurpark - Eingang Sprudelhof,2025-07-04 20:00:00+00:00,0.05790227446602681
2901,b0d968cd-ded3-4953-b99f-2cb5fabd086d,Kurpark - Eingang Sprudelhof,2025-07-04 21:00:00+00:00,0.05809595875945607
2902,b0d968cd-ded3-4953-b99f-2cb5fabd086d,Kurpark - Eingang Sprudelhof,2025-07-04 22:00:00+00:00,0.059056865654688394
2903,b0d968cd-ded3-4953-b99f-2cb5fabd086d,Kurpark - Eingang Sprudelhof,2025-07-04 23:00:00+00:00,0.06012829997922549
2904,b0d968cd-ded3-4953-b99f-2cb5fabd086d,Kurpark - Eingang Sprudelhof,2025-07-05 00:00:00+00:00,0.06165794059482961
2905,b0d968cd-ded3-4953-b99f-2cb5fabd086d,Kurpark - Eingang Sprudelhof,2025-07-05 01:00:00+00:00,0.059799137315843
2906,b0d968cd-ded3-4953-b99f-2cb5fabd086d,Kurpark - Eingang Sprudelhof,2025-07-05 02:00:00+00:00,0.060905117757260575
2907,b0d968cd-ded3-4953-b99f-2cb5fabd086d,Kurpark - Eingang Sprudelhof,2025-07-05 03:00:00+00:00,0.060735659358986976
2908,b0d968cd-ded3-4953-b99f-2cb5fabd086d,Kurpark - Eingang Sprudelhof,2025-07-05 04:00:00+00:00,0.06231433634349455
2909,b0d968cd-ded3-4953-b99f-2cb5fabd086d,Kurpark - Eingang Sprudelhof,2025-07-05 05:00:00+00:00,0.06145490359078173
2910,b0d968cd-ded3-4953-b99f-2cb5fabd086d,Kurpark - Eingang Sprudelhof,2025-07-05 06:00:00+00:00,0.06139869517605033
2911,b0d968cd-ded3-4953-b99f-2cb5fabd086d,Kurpark - Eingang Sprudelhof,2025-07-05 07:00:00+00:00,0.06609763271647172
2912,b0d968cd-ded3-4953-b99f-2cb5fabd086d,Kurpark - Eingang Sprudelhof,2025-07-05 08:00:00+00:00,0.0775465141551022
2913,b0d968cd-ded3-4953-b99f-2cb5fabd086d,Kurpark - Eingang Sprudelhof,2025-07-05 09:00:00+00:00,0.08503051717258682
2914,b0d968cd-ded3-4953-b99f-2cb5fabd086d,Kurpark - Eingang Sprudelhof,2025-07-05 10:00:00+00:00,0.09817021463460808
2915,b0d968cd-ded3-4953-b99f-2cb5fabd086d,Kurpark - Eingang Sprudelhof,2025-07-05 11:00:00+00:00,0.09217677634915417
2916,b0d968cd-ded3-4953-b99f-2cb5fabd086d,Kurpark - Eingang Sprudelhof,2025-07-05 12:00:00+00:00,0.08736305810678457
2917,b0d968cd-ded3-4953-b99f-2cb5fabd086d,Kurpark - Eingang Sprudelhof,2025-07-05 13:00:00+00:00,0.09177519711260927
2918,b0d968cd-ded3-4953-b99f-2cb5fabd086d,Kurpark - Eingang Sprudelhof,2025-07-05 14:00:00+00:00,0.09734100635638374
2919,b0d968cd-ded3-4953-b99f-2cb5fabd086d,Kurpark - Eingang Sprudelhof,2025-07-05 15:00:00+00:00,0.12973038785872182
2920,b0d968cd-ded3-4953-b99f-2cb5fabd086d,Kurpark - Eingang Sprudelhof,2025-07-05 16:00:00+00:00,0.13987284359315427
2921,b0d968cd-ded3-4953-b99f-2cb5fabd086d,Kurpark - Eingang Sprudelhof,2025-07-05 17:00:00+00:00,0.13713402537972155
2922,b0d968cd-ded3-4953-b99f-2cb5fabd086d,Kurpark - Eingang Sprudelhof,2025-07-05 18:00:00+00:00,0.10548788696261303
2923,b0d968cd-ded3-4953-b99f-2cb5fabd086d,Kurpark - Eingang Sprudelhof,2025-07-05 19:00:00+00:00,0.07570331788827676
2924,b0d968cd-ded3-4953-b99f-2cb5fabd086d,Kurpark - Eingang Sprudelhof,2025-07-05 20:00:00+00:00,0.06460399011932945
2925,b0d968cd-ded3-4953-b99f-2cb5fabd086d,Kurpark - Eingang Sprudelhof,2025-07-05 21:00:00+00:00,0.0562565999296848
2926,b0d968cd-ded3-4953-b99f-2cb5fabd086d,Kurpark - Eingang Sprudelhof,2025-07-05 22:00:00+00:00,0.056294675983775036
2927,b0d968cd-ded3-4953-b99f-2cb5fabd086d,Kurpark - Eingang Sprudelhof,2025-07-05 23:00:00+00:00,0.06049420975889001
2928,b0d968cd-ded3-4953-b99f-2cb5fabd086d,Kurpark - Eingang Sprudelhof,2025-07-06 00:00:00+00:00,0.06487433916858205
2929,b0d968cd-ded3-4953-b99f-2cb5fabd086d,Kurpark - Eingang Sprudelhof,2025-07-06 01:00:00+00:00,0.06620424017505697
2930,b0d968cd-ded3-4953-b99f-2cb5fabd086d,Kurpark - Eingang Sprudelhof,2025-07-06 02:00:00+00:00,0.0687412079891982
2931,b0d968cd-ded3-4953-b99f-2cb5fabd086d,Kurpark - Eingang Sprudelhof,2025-07-06 03:00:00+00:00,0.07602722244727023
2932,b0d968cd-ded3-4953-b99f-2cb5fabd086d,Kurpark - Eingang Sprudelhof,2025-07-06 04:00:00+00:00,0.08198051837698253
2933,b0d968cd-ded3-4953-b99f-2cb5fabd086d,Kurpark - Eingang Sprudelhof,2025-07-06 05:00:00+00:00,0.08795302709129679
2934,b0d968cd-ded3-4953-b99f-2cb5fabd086d,Kurpark - Eingang Sprudelhof,2025-07-06 06:00:00+00:00,0.07990230770176293
2935,b0d968cd-ded3-4953-b99f-2cb5fabd086d,Kurpark - Eingang Sprudelhof,2025-07-06 07:00:00+00:00,0.07288693730596639
2936,b0d968cd-ded3-4953-b99f-2cb5fabd086d,Kurpark - Eingang Sprudelhof,2025-07-06 08:00:00+00:00,0.07653966000863115
2937,b0d968cd-ded3-4953-b99f-2cb5fabd086d,Kurpark - Eingang Sprudelhof,2025-07-06 09:00:00+00:00,0.0623464605822714
2938,b0d968cd-ded3-4953-b99f-2cb5fabd086d,Kurpark - Eingang Sprudelhof,2025-07-06 10:00:00+00:00,0.06414768385203687
2939,b0d968cd-ded3-4953-b99f-2cb5fabd086d,Kurpark - Eingang Sprudelhof,2025-07-06 11:00:00+00:00,0.08105277589578137
2940,b0d968cd-ded3-4953-b99f-2cb5fabd086d,Kurpark - Eingang Sprudelhof,2025-07-06 12:00:00+00:00,0.06746536653447312
2941,b0d968cd-ded3-4953-b99f-2cb5fabd086d,Kurpark - Eingang Sprudelhof,2025-07-06 13:00:00+00:00,0.07021830885489497
2942,b0d968cd-ded3-4953-b99f-2cb5fabd086d,Kurpark - Eingang Sprudelhof,2025-07-06 14:00:00+00:00,0.08028010071086891
2943,b0d968cd-ded3-4953-b99f-2cb5fabd086d,Kurpark - Eingang Sprudelhof,2025-07-06 15:00:00+00:00,0.08973904823725237
2944,b0d968cd-ded3-4953-b99f-2cb5fabd086d,Kurpark - Eingang Sprudelhof,2025-07-06 16:00:00+00:00,0.08773758702590412
2945,b0d968cd-ded3-4953-b99f-2cb5fabd086d,Kurpark - Eingang Sprudelhof,2025-07-06 17:00:00+00:00,0.04849506088821071
2946,b0d968cd-ded3-4953-b99f-2cb5fabd086d,Kurpark - Eingang Sprudelhof,2025-07-06 18:00:00+00:00,0.04006078079113452
2947,b0d968cd-ded3-4953-b99f-2cb5fabd086d,Kurpark - Eingang Sprudelhof,2025-07-06 19:00:00+00:00,0.03531921732075924
2948,b0d968cd-ded3-4953-b99f-2cb5fabd086d,Kurpark - Eingang Sprudelhof,2025-07-06 20:00:00+00:00,0.029388775519141392
2949,b0d968cd-ded3-4953-b99f-2cb5fabd086d,Kurpark - Eingang Sprudelhof,2025-07-06 21:00:00+00:00,0.031927268350388685
2950,b0d968cd-ded3-4953-b99f-2cb5fabd086d,Kurpark - Eingang Sprudelhof,2025-07-06 22:00:00+00:00,0.037287199551264326
2951,b0d968cd-ded3-4953-b99f-2cb5fabd086d,Kurpark - Eingang Sprudelhof,2025-07-06 23:00:00+00:00,0.04074540287341296
2952,b0d968cd-ded3-4953-b99f-2cb5fabd086d,Kurpark - Eingang Sprudelhof,2025-07-07 00:00:00+00:00,0.03841415241404833
2953,b0d968cd-ded3-4953-b99f-2cb5fabd086d,Kurpark - Eingang Sprudelhof,2025-07-07 01:00:00+00:00,0.043225424493964444
2954,b0d968cd-ded3-4953-b99f-2cb5fabd086d,Kurpark - Eingang Sprudelhof,2025-07-07 02:00:00+00:00,0.054877304870479225
2955,b0d968cd-ded3-4953-b99f-2cb5fabd086d,Kurpark - Eingang Sprudelhof,2025-07-07 03:00:00+00:00,0.06546628012246289
2956,b0d968cd-ded3-4953-b99f-2cb5fabd086d,Kurpark - Eingang Sprudelhof,2025-07-07 04:00:00+00:00,0.06491978953401414
2957,b0d968cd-ded3-4953-b99f-2cb5fabd086d,Kurpark - Eingang Sprudelhof,2025-07-07 05:00:00+00:00,0.05255554049327065
2958,b0d968cd-ded3-4953-b99f-2cb5fabd086d,Kurpark - Eingang Sprudelhof,2025-07-07 06:00:00+00:00,0.04566425994897689
2959,b0d968cd-ded3-4953-b99f-2cb5fabd086d,Kurpark - Eingang Sprudelhof,2025-07-07 07:00:00+00:00,0.04283475066023956
2960,b0d968cd-ded3-4953-b99f-2cb5fabd086d,Kurpark - Eingang Sprudelhof,2025-07-07 08:00:00+00:00,0.04021502198569904
2961,b0d968cd-ded3-4953-b99f-2cb5fabd086d,Kurpark - Eingang Sprudelhof,2025-07-07 09:00:00+00:00,0.038525037313925196
2962,b0d968cd-ded3-4953-b99f-2cb5fabd086d,Kurpark - Eingang Sprudelhof,2025-07-07 10:00:00+00:00,0.05772605379071782
2963,b0d968cd-ded3-4953-b99f-2cb5fabd086d,Kurpark - Eingang Sprudelhof,2025-07-07 11:00:00+00:00,0.06281275073008273
2964,b0d968cd-ded3-4953-b99f-2cb5fabd086d,Kurpark - Eingang Sprudelhof,2025-07-07 12:00:00+00:00,0.07760050194343583
2965,b0d968cd-ded3-4953-b99f-2cb5fabd086d,Kurpark - Eingang Sprudelhof,2025-07-07 13:00:00+00:00,0.05508824731350634
2966,b0d968cd-ded3-4953-b99f-2cb5fabd086d,Kurpark - Eingang Sprudelhof,2025-07-07 14:00:00+00:00,0.02803857639101681
2967,b0d968cd-ded3-4953-b99f-2cb5fabd086d,Kurpark - Eingang Sprudelhof,2025-07-07 15:00:00+00:00,0.02418197826660685
2968,b0d968cd-ded3-4953-b99f-2cb5fabd086d,Kurpark - Eingang Sprudelhof,2025-07-07 16:00:00+00:00,0.024542710020021282
2969,b0d968cd-ded3-4953-b99f-2cb5fabd086d,Kurpark - Eingang Sprudelhof,2025-07-07 17:00:00+00:00,0.025240176751067392
2970,b0d968cd-ded3-4953-b99f-2cb5fabd086d,Kurpark - Eingang Sprudelhof,2025-07-07 18:00:00+00:00,0.02450015218548363
2971,b0d968cd-ded3-4953-b99f-2cb5fabd086d,Kurpark - Eingang Sprudelhof,2025-07-07 19:00:00+00:00,0.023307266172032087
2972,b0d968cd-ded3-4953-b99f-2cb5fabd086d,Kurpark - Eingang Sprudelhof,2025-07-07 20:00:00+00:00,0.02366403809655627
2973,b0d968cd-ded3-4953-b99f-2cb5fabd086d,Kurpark - Eingang Sprudelhof,2025-07-07 21:00:00+00:00,0.023280080039133347
2974,b0d968cd-ded3-4953-b99f-2cb5fabd086d,Kurpark - Eingang Sprudelhof,2025-07-07 22:00:00+00:00,0.023400486847181465
2975,b0d968cd-ded3-4953-b99f-2cb5fabd086d,Kurpark - Eingang Sprudelhof,2025-07-07 23:00:00+00:00,0.02360871645151867
2976,b0d968cd-ded3-4953-b99f-2cb5fabd086d,Kurpark - Eingang Sprudelhof,2025-07-08 00:00:00+00:00,0.02368123160473281
2977,b0d968cd-ded3-4953-b99f-2cb5fabd086d,Kurpark - Eingang Sprudelhof,2025-07-08 01:00:00+00:00,0.023888299336646712
2978,b0d968cd-ded3-4953-b99f-2cb5fabd086d,Kurpark - Eingang Sprudelhof,2025-07-08 02:00:00+00:00,0.02423116686327072
2979,b0d968cd-ded3-4953-b99f-2cb5fabd086d,Kurpark - Eingang Sprudelhof,2025-07-08 03:00:00+00:00,0.024098371064318985
2980,b0d968cd-ded3-4953-b99f-2cb5fabd086d,Kurpark - Eingang Sprudelhof,2025-07-08 04:00:00+00:00,0.024132789035236298
2981,b0d968cd-ded3-4953-b99f-2cb5fabd086d,Kurpark - Eingang Sprudelhof,2025-07-08 05:00:00+00:00,0.023942519317333658
2982,b0d968cd-ded3-4953-b99f-2cb5fabd086d,Kurpark - Eingang Sprudelhof,2025-07-08 06:00:00+00:00,0.023805710404433557
2983,b0d968cd-ded3-4953-b99f-2cb5fabd086d,Kurpark - Eingang Sprudelhof,2025-07-08 07:00:00+00:00,0.02530558071808018
2984,b0d968cd-ded3-4953-b99f-2cb5fabd086d,Kurpark - Eingang Sprudelhof,2025-07-08 08:00:00+00:00,0.0232379350675351
2985,b0d968cd-ded3-4953-b99f-2cb5fabd086d,Kurpark - Eingang Sprudelhof,2025-07-08 09:00:00+00:00,0.024953911235507917
2986,b0d968cd-ded3-4953-b99f-2cb5fabd086d,Kurpark - Eingang Sprudelhof,2025-07-08 10:00:00+00:00,0.025922301750624474
2987,b0d968cd-ded3-4953-b99f-2cb5fabd086d,Kurpark - Eingang Sprudelhof,2025-07-08 11:00:00+00:00,0.023085911262365696
2988,b0d968cd-ded3-4953-b99f-2cb5fabd086d,Kurpark - Eingang Sprudelhof,2025-07-08 12:00:00+00:00,0.029522879311518844
2989,b0d968cd-ded3-4953-b99f-2cb5fabd086d,Kurpark - Eingang Sprudelhof,2025-07-08 13:00:00+00:00,0.04397454277440308
2990,b0d968cd-ded3-4953-b99f-2cb5fabd086d,Kurpark - Eingang Sprudelhof,2025-07-08 14:00:00+00:00,0.04095719109045117
2991,b0d968cd-ded3-4953-b99f-2cb5fabd086d,Kurpark - Eingang Sprudelhof,2025-07-08 15:00:00+00:00,0.04255023453801881
2992,b0d968cd-ded3-4953-b99f-2cb5fabd086d,Kurpark - Eingang Sprudelhof,2025-07-08 16:00:00+00:00,0.04037514233196724
2993,b0d968cd-ded3-4953-b99f-2cb5fabd086d,Kurpark - Eingang Sprudelhof,2025-07-08 17:00:00+00:00,0.03682291192447025
2994,b0d968cd-ded3-4953-b99f-2cb5fabd086d,Kurpark - Eingang Sprudelhof,2025-07-08 18:00:00+00:00,0.039429192268995
2995,b0d968cd-ded3-4953-b99f-2cb5fabd086d,Kurpark - Eingang Sprudelhof,2025-07-08 19:00:00+00:00,0.038806276243688285
2996,b0d968cd-ded3-4953-b99f-2cb5fabd086d,Kurpark - Eingang Sprudelhof,2025-07-08 20:00:00+00:00,0.03957700444265329
2997,b0d968cd-ded3-4953-b99f-2cb5fabd086d,Kurpark - Eingang Sprudelhof,2025-07-08 21:00:00+00:00,0.03952245924104938
2998,b0d968cd-ded3-4953-b99f-2cb5fabd086d,Kurpark - Eingang Sprudelhof,2025-07-08 22:00:00+00:00,0.038890439063196856
2999,b0d968cd-ded3-4953-b99f-2cb5fabd086d,Kurpark - Eingang Sprudelhof,2025-07-08 23:00:00+00:00,0.038720712929239315
3000,b0d968cd-ded3-4953-b99f-2cb5fabd086d,Kurpark - Eingang Sprudelhof,2025-07-09 00:00:00+00:00,0.03987337962165342
3001,b0d968cd-ded3-4953-b99f-2cb5fabd086d,Kurpark - Eingang Sprudelhof,2025-07-09 01:00:00+00:00,0.038775259613042116
3002,b0d968cd-ded3-4953-b99f-2cb5fabd086d,Kurpark - Eingang Sprudelhof,2025-07-09 02:00:00+00:00,0.03879973592509815
3003,b0d968cd-ded3-4953-b99f-2cb5fabd086d,Kurpark - Eingang Sprudelhof,2025-07-09 03:00:00+00:00,0.03758435965255248
3004,b0d968cd-ded3-4953-b99f-2cb5fabd086d,Kurpark - Eingang Sprudelhof,2025-07-09 04:00:00+00:00,0.03564647520429587
3005,b0d968cd-ded3-4953-b99f-2cb5fabd086d,Kurpark - Eingang Sprudelhof,2025-07-09 05:00:00+00:00,0.03546928156090899
3006,b0d968cd-ded3-4953-b99f-2cb5fabd086d,Kurpark - Eingang Sprudelhof,2025-07-09 06:00:00+00:00,0.040753451847141874
3007,b0d968cd-ded3-4953-b99f-2cb5fabd086d,Kurpark - Eingang Sprudelhof,2025-07-09 07:00:00+00:00,0.04238844077720208
3008,b0d968cd-ded3-4953-b99f-2cb5fabd086d,Kurpark - Eingang Sprudelhof,2025-07-09 08:00:00+00:00,0.04059652543736832
3009,b0d968cd-ded3-4953-b99f-2cb5fabd086d,Kurpark - Eingang Sprudelhof,2025-07-09 09:00:00+00:00,0.03805329099094675
3010,b0d968cd-ded3-4953-b99f-2cb5fabd086d,Kurpark - Eingang Sprudelhof,2025-07-09 10:00:00+00:00,0.03639157274560477
3011,b0d968cd-ded3-4953-b99f-2cb5fabd086d,Kurpark - Eingang Sprudelhof,2025-07-09 11:00:00+00:00,0.034174919225589094
3012,b0d968cd-ded3-4953-b99f-2cb5fabd086d,Kurpark - Eingang Sprudelhof,2025-07-09 12:00:00+00:00,0.04157334017458193
3013,b0d968cd-ded3-4953-b99f-2cb5fabd086d,Kurpark - Eingang Sprudelhof,2025-07-09 13:00:00+00:00,0.04275139648228317
3014,b0d968cd-ded3-4953-b99f-2cb5fabd086d,Kurpark - Eingang Sprudelhof,2025-07-09 14:00:00+00:00,0.07485394194990004
3015,b0d968cd-ded3-4953-b99f-2cb5fabd086d,Kurpark - Eingang Sprudelhof,2025-07-09 15:00:00+00:00,0.0756067377058833
3016,b0d968cd-ded3-4953-b99f-2cb5fabd086d,Kurpark - Eingang Sprudelhof,2025-07-09 16:00:00+00:00,0.07420803025169333
3017,b0d968cd-ded3-4953-b99f-2cb5fabd086d,Kurpark - Eingang Sprudelhof,2025-07-09 17:00:00+00:00,0.0710478011517844
3018,b0d968cd-ded3-4953-b99f-2cb5fabd086d,Kurpark - Eingang Sprudelhof,2025-07-09 18:00:00+00:00,0.07212863675828349
3019,b0d968cd-ded3-4953-b99f-2cb5fabd086d,Kurpark - Eingang Sprudelhof,2025-07-09 19:00:00+00:00,0.07247238666195327
3020,b0d968cd-ded3-4953-b99f-2cb5fabd086d,Kurpark - Eingang Sprudelhof,2025-07-09 20:00:00+00:00,0.07246254549446311
3021,b0d968cd-ded3-4953-b99f-2cb5fabd086d,Kurpark - Eingang Sprudelhof,2025-07-09 21:00:00+00:00,0.07239099639885525
3022,b0d968cd-ded3-4953-b99f-2cb5fabd086d,Kurpark - Eingang Sprudelhof,2025-07-09 22:00:00+00:00,0.07164673250882363
3023,b0d968cd-ded3-4953-b99f-2cb5fabd086d,Kurpark - Eingang Sprudelhof,2025-07-09 23:00:00+00:00,0.07136771990096973
3024,b0d968cd-ded3-4953-b99f-2cb5fabd086d,Kurpark - Eingang Sprudelhof,2025-07-10 00:00:00+00:00,0.07144202715952813
3025,b0d968cd-ded3-4953-b99f-2cb5fabd086d,Kurpark - Eingang Sprudelhof,2025-07-10 01:00:00+00:00,0.07163071950247911
3026,b0d968cd-ded3-4953-b99f-2cb5fabd086d,Kurpark - Eingang Sprudelhof,2025-07-10 02:00:00+00:00,0.07061854580566905
3027,b0d968cd-ded3-4953-b99f-2cb5fabd086d,Kurpark - Eingang Sprudelhof,2025-07-10 03:00:00+00:00,0.06967409103976328
3028,b0d968cd-ded3-4953-b99f-2cb5fabd086d,Kurpark - Eingang Sprudelhof,2025-07-10 04:00:00+00:00,0.06809105610687796
3029,b0d968cd-ded3-4953-b99f-2cb5fabd086d,Kurpark - Eingang Sprudelhof,2025-07-10 05:00:00+00:00,0.06569550971279534
3030,b0d968cd-ded3-4953-b99f-2cb5fabd086d,Kurpark - Eingang Sprudelhof,2025-07-10 06:00:00+00:00,0.05112489965049541
3031,b0d968cd-ded3-4953-b99f-2cb5fabd086d,Kurpark - Eingang Sprudelhof,2025-07-10 07:00:00+00:00,0.052270942076545805
3032,b0d968cd-ded3-4953-b99f-2cb5fabd086d,Kurpark - Eingang Sprudelhof,2025-07-10 08:00:00+00:00,0.05380688556101758
3033,b0d968cd-ded3-4953-b99f-2cb5fabd086d,Kurpark - Eingang Sprudelhof,2025-07-10 09:00:00+00:00,0.05473955907157584
3034,b0d968cd-ded3-4953-b99f-2cb5fabd086d,Kurpark - Eingang Sprudelhof,2025-07-10 10:00:00+00:00,0.057574467613766674
3035,b0d968cd-ded3-4953-b99f-2cb5fabd086d,Kurpark - Eingang Sprudelhof,2025-07-10 11:00:00+00:00,0.06067103087412957
3036,b0d968cd-ded3-4953-b99f-2cb5fabd086d,Kurpark - Eingang Sprudelhof,2025-07-10 12:00:00+00:00,0.0628620910297936
3037,b0d968cd-ded3-4953-b99f-2cb5fabd086d,Kurpark - Eingang Sprudelhof,2025-07-10 13:00:00+00:00,0.04917739683768387
3038,b0d968cd-ded3-4953-b99f-2cb5fabd086d,Kurpark - Eingang Sprudelhof,2025-07-10 14:00:00+00:00,0.0718792581805802
3039,b0d968cd-ded3-4953-b99f-2cb5fabd086d,Kurpark - Eingang Sprudelhof,2025-07-10 15:00:00+00:00,0.07709944897147998
3040,b0d968cd-ded3-4953-b99f-2cb5fabd086d,Kurpark - Eingang Sprudelhof,2025-07-10 16:00:00+00:00,0.08018808115903403
3041,b0d968cd-ded3-4953-b99f-2cb5fabd086d,Kurpark - Eingang Sprudelhof,2025-07-10 17:00:00+00:00,0.0726034245109904
3042,b0d968cd-ded3-4953-b99f-2cb5fabd086d,Kurpark - Eingang Sprudelhof,2025-07-10 18:00:00+00:00,0.06849529950651533
3043,b0d968cd-ded3-4953-b99f-2cb5fabd086d,Kurpark - Eingang Sprudelhof,2025-07-10 19:00:00+00:00,0.06496708009441374
3044,b0d968cd-ded3-4953-b99f-2cb5fabd086d,Kurpark - Eingang Sprudelhof,2025-07-10 20:00:00+00:00,0.056547476886907984
3045,b0d968cd-ded3-4953-b99f-2cb5fabd086d,Kurpark - Eingang Sprudelhof,2025-07-10 21:00:00+00:00,0.05351109931322609
3046,b0d968cd-ded3-4953-b99f-2cb5fabd086d,Kurpark - Eingang Sprudelhof,2025-07-10 22:00:00+00:00,0.05327401932581145
3047,b0d968cd-ded3-4953-b99f-2cb5fabd086d,Kurpark - Eingang Sprudelhof,2025-07-10 23:00:00+00:00,0.05524984021002977
3048,b0d968cd-ded3-4953-b99f-2cb5fabd086d,Kurpark - Eingang Sprudelhof,2025-07-11 00:00:00+00:00,0.055210408160303044
3049,b0d968cd-ded3-4953-b99f-2cb5fabd086d,Kurpark - Eingang Sprudelhof,2025-07-11 01:00:00+00:00,0.05450418835471799
3050,b0d968cd-ded3-4953-b99f-2cb5fabd086d,Kurpark - Eingang Sprudelhof,2025-07-11 02:00:00+00:00,0.058308803009094565
3051,b0d968cd-ded3-4953-b99f-2cb5fabd086d,Kurpark - Eingang Sprudelhof,2025-07-11 03:00:00+00:00,0.05842749844687898
3052,b0d968cd-ded3-4953-b99f-2cb5fabd086d,Kurpark - Eingang Sprudelhof,2025-07-11 04:00:00+00:00,0.05702530125110657
3053,b0d968cd-ded3-4953-b99f-2cb5fabd086d,Kurpark - Eingang Sprudelhof,2025-07-11 05:00:00+00:00,0.05486675652971941
3054,b0d968cd-ded3-4953-b99f-2cb5fabd086d,Kurpark - Eingang Sprudelhof,2025-07-11 06:00:00+00:00,0.05217415608079404
3055,b0d968cd-ded3-4953-b99f-2cb5fabd086d,Kurpark - Eingang Sprudelhof,2025-07-11 07:00:00+00:00,0.052325554210302175
3056,b0d968cd-ded3-4953-b99f-2cb5fabd086d,Kurpark - Eingang Sprudelhof,2025-07-11 08:00:00+00:00,0.06299261169970187
3057,b0d968cd-ded3-4953-b99f-2cb5fabd086d,Kurpark - Eingang Sprudelhof,2025-07-11 09:00:00+00:00,0.06147920215868955
3058,b0d968cd-ded3-4953-b99f-2cb5fabd086d,Kurpark - Eingang Sprudelhof,2025-07-11 10:00:00+00:00,0.06511172858020572
3059,b0d968cd-ded3-4953-b99f-2cb5fabd086d,Kurpark - Eingang Sprudelhof,2025-07-11 11:00:00+00:00,0.07085837660388555
3060,b0d968cd-ded3-4953-b99f-2cb5fabd086d,Kurpark - Eingang Sprudelhof,2025-07-11 12:00:00+00:00,0.056140565681847505
3061,b0d968cd-ded3-4953-b99f-2cb5fabd086d,Kurpark - Eingang Sprudelhof,2025-07-11 13:00:00+00:00,0.06199854319349648
3062,b0d968cd-ded3-4953-b99f-2cb5fabd086d,Kurpark - Eingang Sprudelhof,2025-07-11 14:00:00+00:00,0.031046716955564012
3063,b0d968cd-ded3-4953-b99f-2cb5fabd086d,Kurpark - Eingang Sprudelhof,2025-07-11 15:00:00+00:00,0.08186473583679214
3064,b0d968cd-ded3-4953-b99f-2cb5fabd086d,Kurpark - Eingang Sprudelhof,2025-07-11 16:00:00+00:00,0.08079339309663638
3065,b0d968cd-ded3-4953-b99f-2cb5fabd086d,Kurpark - Eingang Sprudelhof,2025-07-11 17:00:00+00:00,0.0732921131465881
3066,b0d968cd-ded3-4953-b99f-2cb5fabd086d,Kurpark - Eingang Sprudelhof,2025-07-11 18:00:00+00:00,0.0658424542641643
3067,b0d968cd-ded3-4953-b99f-2cb5fabd086d,Kurpark - Eingang Sprudelhof,2025-07-11 19:00:00+00:00,0.06448525303523749
3068,b0d968cd-ded3-4953-b99f-2cb5fabd086d,Kurpark - Eingang Sprudelhof,2025-07-11 20:00:00+00:00,0.060583129123602635
3069,b0d968cd-ded3-4953-b99f-2cb5fabd086d,Kurpark - Eingang Sprudelhof,2025-07-11 21:00:00+00:00,0.05906200564154689
3070,b0d968cd-ded3-4953-b99f-2cb5fabd086d,Kurpark - Eingang Sprudelhof,2025-07-11 22:00:00+00:00,0.059248938600518906
3071,b0d968cd-ded3-4953-b99f-2cb5fabd086d,Kurpark - Eingang Sprudelhof,2025-07-11 23:00:00+00:00,0.06008014557315799
3072,b0d968cd-ded3-4953-b99f-2cb5fabd086d,Kurpark - Eingang Sprudelhof,2025-07-12 00:00:00+00:00,0.06150956549415477
3073,b0d968cd-ded3-4953-b99f-2cb5fabd086d,Kurpark - Eingang Sprudelhof,2025-07-12 01:00:00+00:00,0.05898904489435053
3074,b0d968cd-ded3-4953-b99f-2cb5fabd086d,Kurpark - Eingang Sprudelhof,2025-07-12 02:00:00+00:00,0.06254183203696285
3075,b0d968cd-ded3-4953-b99f-2cb5fabd086d,Kurpark - Eingang Sprudelhof,2025-07-12 03:00:00+00:00,0.06347940406992832
3076,b0d968cd-ded3-4953-b99f-2cb5fabd086d,Kurpark - Eingang Sprudelhof,2025-07-12 04:00:00+00:00,0.06288251297683055
3077,b0d968cd-ded3-4953-b99f-2cb5fabd086d,Kurpark - Eingang Sprudelhof,2025-07-12 05:00:00+00:00,0.06042718587075899
3078,b0d968cd-ded3-4953-b99f-2cb5fabd086d,Kurpark - Eingang Sprudelhof,2025-07-12 06:00:00+00:00,0.0632565683219414
3079,b0d968cd-ded3-4953-b99f-2cb5fabd086d,Kurpark - Eingang Sprudelhof,2025-07-12 07:00:00+00:00,0.06996011537429915
3080,b0d968cd-ded3-4953-b99f-2cb5fabd086d,Kurpark - Eingang Sprudelhof,2025-07-12 08:00:00+00:00,0.07633304442592692
3081,b0d968cd-ded3-4953-b99f-2cb5fabd086d,Kurpark - Eingang Sprudelhof,2025-07-12 09:00:00+00:00,0.08822455091565841
3082,b0d968cd-ded3-4953-b99f-2cb5fabd086d,Kurpark - Eingang Sprudelhof,2025-07-12 10:00:00+00:00,0.09396710904622395
3083,b0d968cd-ded3-4953-b99f-2cb5fabd086d,Kurpark - Eingang Sprudelhof,2025-07-12 11:00:00+00:00,0.08800262243530407
3084,b0d968cd-ded3-4953-b99f-2cb5fabd086d,Kurpark - Eingang Sprudelhof,2025-07-12 12:00:00+00:00,0.08009525628931155
3085,b0d968cd-ded3-4953-b99f-2cb5fabd086d,Kurpark - Eingang Sprudelhof,2025-07-12 13:00:00+00:00,0.08447658064121887
3086,b0d968cd-ded3-4953-b99f-2cb5fabd086d,Kurpark - Eingang Sprudelhof,2025-07-12 14:00:00+00:00,0.08874316107588325
3087,b0d968cd-ded3-4953-b99f-2cb5fabd086d,Kurpark - Eingang Sprudelhof,2025-07-12 15:00:00+00:00,0.11436457602550236
3088,b0d968cd-ded3-4953-b99f-2cb5fabd086d,Kurpark - Eingang Sprudelhof,2025-07-12 16:00:00+00:00,0.1237536927043286
3089,b0d968cd-ded3-4953-b99f-2cb5fabd086d,Kurpark - Eingang Sprudelhof,2025-07-12 17:00:00+00:00,0.10870834225753126
3090,b0d968cd-ded3-4953-b99f-2cb5fabd086d,Kurpark - Eingang Sprudelhof,2025-07-12 18:00:00+00:00,0.0893566868705653
3091,b0d968cd-ded3-4953-b99f-2cb5fabd086d,Kurpark - Eingang Sprudelhof,2025-07-12 19:00:00+00:00,0.05689423994841968
3092,b0d968cd-ded3-4953-b99f-2cb5fabd086d,Kurpark - Eingang Sprudelhof,2025-07-12 20:00:00+00:00,0.04600642282488235
3093,b0d968cd-ded3-4953-b99f-2cb5fabd086d,Kurpark - Eingang Sprudelhof,2025-07-12 21:00:00+00:00,0.043942799622910145
3094,b0d968cd-ded3-4953-b99f-2cb5fabd086d,Kurpark - Eingang Sprudelhof,2025-07-12 22:00:00+00:00,0.043997726493104995
3095,b0d968cd-ded3-4953-b99f-2cb5fabd086d,Kurpark - Eingang Sprudelhof,2025-07-12 23:00:00+00:00,0.046214110135650174
3096,b0d968cd-ded3-4953-b99f-2cb5fabd086d,Kurpark - Eingang Sprudelhof,2025-07-13 00:00:00+00:00,0.049834145746669986
3097,b0d968cd-ded3-4953-b99f-2cb5fabd086d,Kurpark - Eingang Sprudelhof,2025-07-13 01:00:00+00:00,0.04900830938072394
3098,b0d968cd-ded3-4953-b99f-2cb5fabd086d,Kurpark - Eingang Sprudelhof,2025-07-13 02:00:00+00:00,0.053238987682037636
3099,b0d968cd-ded3-4953-b99f-2cb5fabd086d,Kurpark - Eingang Sprudelhof,2025-07-13 03:00:00+00:00,0.06783972699667541
3100,b0d968cd-ded3-4953-b99f-2cb5fabd086d,Kurpark - Eingang Sprudelhof,2025-07-13 04:00:00+00:00,0.0740576844015945
3101,b0d968cd-ded3-4953-b99f-2cb5fabd086d,Kurpark - Eingang Sprudelhof,2025-07-13 05:00:00+00:00,0.08001572509340012
3102,b0d968cd-ded3-4953-b99f-2cb5fabd086d,Kurpark - Eingang Sprudelhof,2025-07-13 06:00:00+00:00,0.08162403121721974
3103,b0d968cd-ded3-4953-b99f-2cb5fabd086d,Kurpark - Eingang Sprudelhof,2025-07-13 07:00:00+00:00,0.07721897314085231
3104,b0d968cd-ded3-4953-b99f-2cb5fabd086d,Kurpark - Eingang Sprudelhof,2025-07-13 08:00:00+00:00,0.08009584673597805
3105,b0d968cd-ded3-4953-b99f-2cb5fabd086d,Kurpark - Eingang Sprudelhof,2025-07-13 09:00:00+00:00,0.04920228034055126
3106,b0d968cd-ded3-4953-b99f-2cb5fabd086d,Kurpark - Eingang Sprudelhof,2025-07-13 10:00:00+00:00,0.0563040523452608
3107,b0d968cd-ded3-4953-b99f-2cb5fabd086d,Kurpark - Eingang Sprudelhof,2025-07-13 11:00:00+00:00,0.0728888086724106
3108,b0d968cd-ded3-4953-b99f-2cb5fabd086d,Kurpark - Eingang Sprudelhof,2025-07-13 12:00:00+00:00,0.06684344365207083
3109,b0d968cd-ded3-4953-b99f-2cb5fabd086d,Kurpark - Eingang Sprudelhof,2025-07-13 13:00:00+00:00,0.06769417410081005
3110,b0d968cd-ded3-4953-b99f-2cb5fabd086d,Kurpark - Eingang Sprudelhof,2025-07-13 14:00:00+00:00,0.06972525359409863
3111,b0d968cd-ded3-4953-b99f-2cb5fabd086d,Kurpark - Eingang Sprudelhof,2025-07-13 15:00:00+00:00,0.07182443208228874
3112,b0d968cd-ded3-4953-b99f-2cb5fabd086d,Kurpark - Eingang Sprudelhof,2025-07-13 16:00:00+00:00,0.06498854129329908
3113,b0d968cd-ded3-4953-b99f-2cb5fabd086d,Kurpark - Eingang Sprudelhof,2025-07-13 17:00:00+00:00,0.04575286346814499
3114,b0d968cd-ded3-4953-b99f-2cb5fabd086d,Kurpark - Eingang Sprudelhof,2025-07-13 18:00:00+00:00,0.02934951166679851
3115,b0d968cd-ded3-4953-b99f-2cb5fabd086d,Kurpark - Eingang Sprudelhof,2025-07-13 19:00:00+00:00,0.025809662249747796
3116,b0d968cd-ded3-4953-b99f-2cb5fabd086d,Kurpark - Eingang Sprudelhof,2025-07-13 20:00:00+00:00,0.02656810052465693
3117,b0d968cd-ded3-4953-b99f-2cb5fabd086d,Kurpark - Eingang Sprudelhof,2025-07-13 21:00:00+00:00,0.03061828420851439
3118,b0d968cd-ded3-4953-b99f-2cb5fabd086d,Kurpark - Eingang Sprudelhof,2025-07-13 22:00:00+00:00,0.03635691247084419
3119,b0d968cd-ded3-4953-b99f-2cb5fabd086d,Kurpark - Eingang Sprudelhof,2025-07-13 23:00:00+00:00,0.039864303277861196
3120,b40103c5-1f38-4c15-9781-8788ae4790da,Kurpark - Eingang Parkstraße,2025-07-01 00:00:00+00:00,0.006261164376078597
3121,b40103c5-1f38-4c15-9781-8788ae4790da,Kurpark - Eingang Parkstraße,2025-07-01 01:00:00+00:00,0.04762799017272442
3122,b40103c5-1f38-4c15-9781-8788ae4790da,Kurpark - Eingang Parkstraße,2025-07-01 02:00:00+00:00,0.04717524560991202
3123,b40103c5-1f38-4c15-9781-8788ae4790da,Kurpark - Eingang Parkstraße,2025-07-01 03:00:00+00:00,0.04666193773378511
3124,b40103c5-1f38-4c15-9781-8788ae4790da,Kurpark - Eingang Parkstraße,2025-07-01 04:00:00+00:00,0.04583858633695867
3125,b40103c5-1f38-4c15-9781-8788ae4790da,Kurpark - Eingang Parkstraße,2025-07-01 05:00:00+00:00,0.04578539458843026
3126,b40103c5-1f38-4c15-9781-8788ae4790da,Kurpark - Eingang Parkstraße,2025-07-01 06:00:00+00:00,0.04569383026501569
3127,b40103c5-1f38-4c15-9781-8788ae4790da,Kurpark - Eingang Parkstraße,2025-07-01 07:00:00+00:00,0.04624992157584637
3128,b40103c5-1f38-4c15-9781-8788ae4790da,Kurpark - Eingang Parkstraße,2025-07-01 08:00:00+00:00,0.04558209475682397
3129,b40103c5-1f38-4c15-9781-8788ae4790da,Kurpark - Eingang Parkstraße,2025-07-01 09:00:00+00:00,0.045695555978844005
3130,b40103c5-1f38-4c15-9781-8788ae4790da,Kurpark - Eingang Parkstraße,2025-07-01 10:00:00+00:00,0.04579281424489017
3131,b40103c5-1f38-4c15-9781-8788ae4790da,Kurpark - Eingang Parkstraße,2025-07-01 11:00:00+00:00,0.046240589466213906
3132,b40103c5-1f38-4c15-9781-8788ae4790da,Kurpark - Eingang Parkstraße,2025-07-01 12:00:00+00:00,0.04634695877330259
3133,b40103c5-1f38-4c15-9781-8788ae4790da,Kurpark - Eingang Parkstraße,2025-07-01 13:00:00+00:00,0.04669137681101307
3134,b40103c5-1f38-4c15-9781-8788ae4790da,Kurpark - Eingang Parkstraße,2025-07-01 14:00:00+00:00,0.04605804703961949
3135,b40103c5-1f38-4c15-9781-8788ae4790da,Kurpark - Eingang Parkstraße,2025-07-01 15:00:00+00:00,0.04714654671756847
3136,b40103c5-1f38-4c15-9781-8788ae4790da,Kurpark - Eingang Parkstraße,2025-07-01 16:00:00+00:00,0.04728931811891972
3137,b40103c5-1f38-4c15-9781-8788ae4790da,Kurpark - Eingang Parkstraße,2025-07-01 17:00:00+00:00,0.047332603497944305
3138,b40103c5-1f38-4c15-9781-8788ae4790da,Kurpark - Eingang Parkstraße,2025-07-01 18:00:00+00:00,0.047357201232753936
3139,b40103c5-1f38-4c15-9781-8788ae4790da,Kurpark - Eingang Parkstraße,2025-07-01 19:00:00+00:00,0.047248763899713456
3140,b40103c5-1f38-4c15-9781-8788ae4790da,Kurpark - Eingang Parkstraße,2025-07-01 20:00:00+00:00,0.04690577505505911
3141,b40103c5-1f38-4c15-9781-8788ae4790da,Kurpark - Eingang Parkstraße,2025-07-01 21:00:00+00:00,0.046637901523048655
3142,b40103c5-1f38-4c15-9781-8788ae4790da,Kurpark - Eingang Parkstraße,2025-07-01 22:00:00+00:00,0.04635294503629677
3143,b40103c5-1f38-4c15-9781-8788ae4790da,Kurpark - Eingang Parkstraße,2025-07-01 23:00:00+00:00,0.046049028340990665
3144,b40103c5-1f38-4c15-9781-8788ae4790da,Kurpark - Eingang Parkstraße,2025-07-02 00:00:00+00:00,0.04559741092180179
3145,b40103c5-1f38-4c15-9781-8788ae4790da,Kurpark - Eingang Parkstraße,2025-07-02 01:00:00+00:00,0.006122706026273146
3146,b40103c5-1f38-4c15-9781-8788ae4790da,Kurpark - Eingang Parkstraße,2025-07-02 02:00:00+00:00,0.005964549493813629
3147,b40103c5-1f38-4c15-9781-8788ae4790da,Kurpark - Eingang Parkstraße,2025-07-02 03:00:00+00:00,0.006221034972430191
3148,b40103c5-1f38-4c15-9781-8788ae4790da,Kurpark - Eingang Parkstraße,2025-07-02 04:00:00+00:00,0.006495424300427978
3149,b40103c5-1f38-4c15-9781-8788ae4790da,Kurpark - Eingang Parkstraße,2025-07-02 05:00:00+00:00,0.006580479630050564
3150,b40103c5-1f38-4c15-9781-8788ae4790da,Kurpark - Eingang Parkstraße,2025-07-02 06:00:00+00:00,0.006193688261823003
3151,b40103c5-1f38-4c15-9781-8788ae4790da,Kurpark - Eingang Parkstraße,2025-07-02 07:00:00+00:00,0.006417960623542495
3152,b40103c5-1f38-4c15-9781-8788ae4790da,Kurpark - Eingang Parkstraße,2025-07-02 08:00:00+00:00,0.006489719926531534
3153,b40103c5-1f38-4c15-9781-8788ae4790da,Kurpark - Eingang Parkstraße,2025-07-02 09:00:00+00:00,0.006507677635449728
3154,b40103c5-1f38-4c15-9781-8788ae4790da,Kurpark - Eingang Parkstraße,2025-07-02 10:00:00+00:00,0.006928810858748236
3155,b40103c5-1f38-4c15-9781-8788ae4790da,Kurpark - Eingang Parkstraße,2025-07-02 11:00:00+00:00,0.006606063518576886
3156,b40103c5-1f38-4c15-9781-8788ae4790da,Kurpark - Eingang Parkstraße,2025-07-02 12:00:00+00:00,0.006203548568063394
3157,b40103c5-1f38-4c15-9781-8788ae4790da,Kurpark - Eingang Parkstraße,2025-07-02 13:00:00+00:00,0.005947637883284011
3158,b40103c5-1f38-4c15-9781-8788ae4790da,Kurpark - Eingang Parkstraße,2025-07-02 14:00:00+00:00,0.005778654471502376
3159,b40103c5-1f38-4c15-9781-8788ae4790da,Kurpark - Eingang Parkstraße,2025-07-02 15:00:00+00:00,0.004674640926602635
3160,b40103c5-1f38-4c15-9781-8788ae4790da,Kurpark - Eingang Parkstraße,2025-07-02 16:00:00+00:00,0.004351450908707814
3161,b40103c5-1f38-4c15-9781-8788ae4790da,Kurpark - Eingang Parkstraße,2025-07-02 17:00:00+00:00,0.004990887510927328
3162,b40103c5-1f38-4c15-9781-8788ae4790da,Kurpark - Eingang Parkstraße,2025-07-02 18:00:00+00:00,0.005375140122000794
3163,b40103c5-1f38-4c15-9781-8788ae4790da,Kurpark - Eingang Parkstraße,2025-07-02 19:00:00+00:00,0.005678195225237921
3164,b40103c5-1f38-4c15-9781-8788ae4790da,Kurpark - Eingang Parkstraße,2025-07-02 20:00:00+00:00,0.005798739269286518
3165,b40103c5-1f38-4c15-9781-8788ae4790da,Kurpark - Eingang Parkstraße,2025-07-02 21:00:00+00:00,0.005737410345541548
3166,b40103c5-1f38-4c15-9781-8788ae4790da,Kurpark - Eingang Parkstraße,2025-07-02 22:00:00+00:00,0.005561976337327736
3167,b40103c5-1f38-4c15-9781-8788ae4790da,Kurpark - Eingang Parkstraße,2025-07-02 23:00:00+00:00,0.005230464557765676
3168,b40103c5-1f38-4c15-9781-8788ae4790da,Kurpark - Eingang Parkstraße,2025-07-03 00:00:00+00:00,0.004894393217477088
3169,b40103c5-1f38-4c15-9781-8788ae4790da,Kurpark - Eingang Parkstraße,2025-07-03 01:00:00+00:00,0.004587434330100145
3170,b40103c5-1f38-4c15-9781-8788ae4790da,Kurpark - Eingang Parkstraße,2025-07-03 02:00:00+00:00,0.004259463817410003
3171,b40103c5-1f38-4c15-9781-8788ae4790da,Kurpark - Eingang Parkstraße,2025-07-03 03:00:00+00:00,0.003674418469967521
3172,b40103c5-1f38-4c15-9781-8788ae4790da,Kurpark - Eingang Parkstraße,2025-07-03 04:00:00+00:00,0.003397131907358328
3173,b40103c5-1f38-4c15-9781-8788ae4790da,Kurpark - Eingang Parkstraße,2025-07-03 05:00:00+00:00,0.003014173916863319
3174,b40103c5-1f38-4c15-9781-8788ae4790da,Kurpark - Eingang Parkstraße,2025-07-03 06:00:00+00:00,0.0028817555538704818
3175,b40103c5-1f38-4c15-9781-8788ae4790da,Kurpark - Eingang Parkstraße,2025-07-03 07:00:00+00:00,0.003267580442951573
3176,b40103c5-1f38-4c15-9781-8788ae4790da,Kurpark - Eingang Parkstraße,2025-07-03 08:00:00+00:00,0.0037001061590675216
3177,b40103c5-1f38-4c15-9781-8788ae4790da,Kurpark - Eingang Parkstraße,2025-07-03 09:00:00+00:00,0.004516617450640553
3178,b40103c5-1f38-4c15-9781-8788ae4790da,Kurpark - Eingang Parkstraße,2025-07-03 10:00:00+00:00,0.0043685779366633825
3179,b40103c5-1f38-4c15-9781-8788ae4790da,Kurpark - Eingang Parkstraße,2025-07-03 11:00:00+00:00,0.004360690611761997
3180,b40103c5-1f38-4c15-9781-8788ae4790da,Kurpark - Eingang Parkstraße,2025-07-03 12:00:00+00:00,0.004328691746295998
3181,b40103c5-1f38-4c15-9781-8788ae4790da,Kurpark - Eingang Parkstraße,2025-07-03 13:00:00+00:00,0.004010091966474064
3182,b40103c5-1f38-4c15-9781-8788ae4790da,Kurpark - Eingang Parkstraße,2025-07-03 14:00:00+00:00,0.003661385990510242
3183,b40103c5-1f38-4c15-9781-8788ae4790da,Kurpark - Eingang Parkstraße,2025-07-03 15:00:00+00:00,0.003980474703743866
3184,b40103c5-1f38-4c15-9781-8788ae4790da,Kurpark - Eingang Parkstraße,2025-07-03 16:00:00+00:00,0.0037187609166853927
3185,b40103c5-1f38-4c15-9781-8788ae4790da,Kurpark - Eingang Parkstraße,2025-07-03 17:00:00+00:00,0.0042879339108474945
3186,b40103c5-1f38-4c15-9781-8788ae4790da,Kurpark - Eingang Parkstraße,2025-07-03 18:00:00+00:00,0.004068317239168796
3187,b40103c5-1f38-4c15-9781-8788ae4790da,Kurpark - Eingang Parkstraße,2025-07-03 19:00:00+00:00,0.004502463820820333
3188,b40103c5-1f38-4c15-9781-8788ae4790da,Kurpark - Eingang Parkstraße,2025-07-03 20:00:00+00:00,0.004569947132141741
3189,b40103c5-1f38-4c15-9781-8788ae4790da,Kurpark - Eingang Parkstraße,2025-07-03 21:00:00+00:00,0.0047388258655500235
3190,b40103c5-1f38-4c15-9781-8788ae4790da,Kurpark - Eingang Parkstraße,2025-07-03 22:00:00+00:00,0.004780425140731346
3191,b40103c5-1f38-4c15-9781-8788ae4790da,Kurpark - Eingang Parkstraße,2025-07-03 23:00:00+00:00,0.004841850003254286
3192,b40103c5-1f38-4c15-9781-8788ae4790da,Kurpark - Eingang Parkstraße,2025-07-04 00:00:00+00:00,0.004967873951036075
3193,b40103c5-1f38-4c15-9781-8788ae4790da,Kurpark - Eingang Parkstraße,2025-07-04 01:00:00+00:00,0.005159702154692594
3194,b40103c5-1f38-4c15-9781-8788ae4790da,Kurpark - Eingang Parkstraße,2025-07-04 02:00:00+00:00,0.005397846064911805
3195,b40103c5-1f38-4c15-9781-8788ae4790da,Kurpark - Eingang Parkstraße,2025-07-04 03:00:00+00:00,0.005557192117636324
3196,b40103c5-1f38-4c15-9781-8788ae4790da,Kurpark - Eingang Parkstraße,2025-07-04 04:00:00+00:00,0.006428250580827791
3197,b40103c5-1f38-4c15-9781-8788ae4790da,Kurpark - Eingang Parkstraße,2025-07-04 05:00:00+00:00,0.006561673155252758
3198,b40103c5-1f38-4c15-9781-8788ae4790da,Kurpark - Eingang Parkstraße,2025-07-04 06:00:00+00:00,0.006719892368117498
3199,b40103c5-1f38-4c15-9781-8788ae4790da,Kurpark - Eingang Parkstraße,2025-07-04 07:00:00+00:00,0.007425440501698655
3200,b40103c5-1f38-4c15-9781-8788ae4790da,Kurpark - Eingang Parkstraße,2025-07-04 08:00:00+00:00,0.007539338436593697
3201,b40103c5-1f38-4c15-9781-8788ae4790da,Kurpark - Eingang Parkstraße,2025-07-04 09:00:00+00:00,0.008022581493811725
3202,b40103c5-1f38-4c15-9781-8788ae4790da,Kurpark - Eingang Parkstraße,2025-07-04 10:00:00+00:00,0.007877498189531918
3203,b40103c5-1f38-4c15-9781-8788ae4790da,Kurpark - Eingang Parkstraße,2025-07-04 11:00:00+00:00,0.007525393461576538
3204,b40103c5-1f38-4c15-9781-8788ae4790da,Kurpark - Eingang Parkstraße,2025-07-04 12:00:00+00:00,0.007684015773600113
3205,b40103c5-1f38-4c15-9781-8788ae4790da,Kurpark - Eingang Parkstraße,2025-07-04 13:00:00+00:00,0.007450930709965542
3206,b40103c5-1f38-4c15-9781-8788ae4790da,Kurpark - Eingang Parkstraße,2025-07-04 14:00:00+00:00,0.007338591173285347
3207,b40103c5-1f38-4c15-9781-8788ae4790da,Kurpark - Eingang Parkstraße,2025-07-04 15:00:00+00:00,0.010290784871008062
3208,b40103c5-1f38-4c15-9781-8788ae4790da,Kurpark - Eingang Parkstraße,2025-07-04 16:00:00+00:00,0.01054888752558456
3209,b40103c5-1f38-4c15-9781-8788ae4790da,Kurpark - Eingang Parkstraße,2025-07-04 17:00:00+00:00,0.010861275134489099
3210,b40103c5-1f38-4c15-9781-8788ae4790da,Kurpark - Eingang Parkstraße,2025-07-04 18:00:00+00:00,0.011732035172784408
3211,b40103c5-1f38-4c15-9781-8788ae4790da,Kurpark - Eingang Parkstraße,2025-07-04 19:00:00+00:00,0.011341817351883809
3212,b40103c5-1f38-4c15-9781-8788ae4790da,Kurpark - Eingang Parkstraße,2025-07-04 20:00:00+00:00,0.010680342827351415
3213,b40103c5-1f38-4c15-9781-8788ae4790da,Kurpark - Eingang Parkstraße,2025-07-04 21:00:00+00:00,0.010150502510849098
3214,b40103c5-1f38-4c15-9781-8788ae4790da,Kurpark - Eingang Parkstraße,2025-07-04 22:00:00+00:00,0.009884164989529758
3215,b40103c5-1f38-4c15-9781-8788ae4790da,Kurpark - Eingang Parkstraße,2025-07-04 23:00:00+00:00,0.011565481115370148
3216,b40103c5-1f38-4c15-9781-8788ae4790da,Kurpark - Eingang Parkstraße,2025-07-05 00:00:00+00:00,0.012071199916087176
3217,b40103c5-1f38-4c15-9781-8788ae4790da,Kurpark - Eingang Parkstraße,2025-07-05 01:00:00+00:00,0.011585914859489347
3218,b40103c5-1f38-4c15-9781-8788ae4790da,Kurpark - Eingang Parkstraße,2025-07-05 02:00:00+00:00,0.011594043590378042
3219,b40103c5-1f38-4c15-9781-8788ae4790da,Kurpark - Eingang Parkstraße,2025-07-05 03:00:00+00:00,0.011322713785078231
3220,b40103c5-1f38-4c15-9781-8788ae4790da,Kurpark - Eingang Parkstraße,2025-07-05 04:00:00+00:00,0.01101025650843621
3221,b40103c5-1f38-4c15-9781-8788ae4790da,Kurpark - Eingang Parkstraße,2025-07-05 05:00:00+00:00,0.010453585731789857
3222,b40103c5-1f38-4c15-9781-8788ae4790da,Kurpark - Eingang Parkstraße,2025-07-05 06:00:00+00:00,0.01053788929534834
3223,b40103c5-1f38-4c15-9781-8788ae4790da,Kurpark - Eingang Parkstraße,2025-07-05 07:00:00+00:00,0.010468154982447445
3224,b40103c5-1f38-4c15-9781-8788ae4790da,Kurpark - Eingang Parkstraße,2025-07-05 08:00:00+00:00,0.011595578696766607
3225,b40103c5-1f38-4c15-9781-8788ae4790da,Kurpark - Eingang Parkstraße,2025-07-05 09:00:00+00:00,0.012626915015264525
3226,b40103c5-1f38-4c15-9781-8788ae4790da,Kurpark - Eingang Parkstraße,2025-07-05 10:00:00+00:00,0.01437294930886162
3227,b40103c5-1f38-4c15-9781-8788ae4790da,Kurpark - Eingang Parkstraße,2025-07-05 11:00:00+00:00,0.015139115120298193
3228,b40103c5-1f38-4c15-9781-8788ae4790da,Kurpark - Eingang Parkstraße,2025-07-05 12:00:00+00:00,0.017893113096373852
3229,b40103c5-1f38-4c15-9781-8788ae4790da,Kurpark - Eingang Parkstraße,2025-07-05 13:00:00+00:00,0.014978568614202985
3230,b40103c5-1f38-4c15-9781-8788ae4790da,Kurpark - Eingang Parkstraße,2025-07-05 14:00:00+00:00,0.014624096005062462
3231,b40103c5-1f38-4c15-9781-8788ae4790da,Kurpark - Eingang Parkstraße,2025-07-05 15:00:00+00:00,0.01388574981963864
3232,b40103c5-1f38-4c15-9781-8788ae4790da,Kurpark - Eingang Parkstraße,2025-07-05 16:00:00+00:00,0.012547450578218962
3233,b40103c5-1f38-4c15-9781-8788ae4790da,Kurpark - Eingang Parkstraße,2025-07-05 17:00:00+00:00,0.011431128917439389
3234,b40103c5-1f38-4c15-9781-8788ae4790da,Kurpark - Eingang Parkstraße,2025-07-05 18:00:00+00:00,0.010418975750214858
3235,b40103c5-1f38-4c15-9781-8788ae4790da,Kurpark - Eingang Parkstraße,2025-07-05 19:00:00+00:00,0.010172656019494141
3236,b40103c5-1f38-4c15-9781-8788ae4790da,Kurpark - Eingang Parkstraße,2025-07-05 20:00:00+00:00,0.010862431769830505
3237,b40103c5-1f38-4c15-9781-8788ae4790da,Kurpark - Eingang Parkstraße,2025-07-05 21:00:00+00:00,0.011251078713159028
3238,b40103c5-1f38-4c15-9781-8788ae4790da,Kurpark - Eingang Parkstraße,2025-07-05 22:00:00+00:00,0.011613447308231654
3239,b40103c5-1f38-4c15-9781-8788ae4790da,Kurpark - Eingang Parkstraße,2025-07-05 23:00:00+00:00,0.009754813762590546
3240,b40103c5-1f38-4c15-9781-8788ae4790da,Kurpark - Eingang Parkstraße,2025-07-06 00:00:00+00:00,0.025570177620664086
3241,b40103c5-1f38-4c15-9781-8788ae4790da,Kurpark - Eingang Parkstraße,2025-07-06 01:00:00+00:00,0.025575684059866648
3242,b40103c5-1f38-4c15-9781-8788ae4790da,Kurpark - Eingang Parkstraße,2025-07-06 02:00:00+00:00,0.02602388389752944
3243,b40103c5-1f38-4c15-9781-8788ae4790da,Kurpark - Eingang Parkstraße,2025-07-06 03:00:00+00:00,0.026260454076237044
3244,b40103c5-1f38-4c15-9781-8788ae4790da,Kurpark - Eingang Parkstraße,2025-07-06 04:00:00+00:00,0.026386212268631398
3245,b40103c5-1f38-4c15-9781-8788ae4790da,Kurpark - Eingang Parkstraße,2025-07-06 05:00:00+00:00,0.026654180510405155
3246,b40103c5-1f38-4c15-9781-8788ae4790da,Kurpark - Eingang Parkstraße,2025-07-06 06:00:00+00:00,0.02757091677779828
3247,b40103c5-1f38-4c15-9781-8788ae4790da,Kurpark - Eingang Parkstraße,2025-07-06 07:00:00+00:00,0.027620936076981854
3248,b40103c5-1f38-4c15-9781-8788ae4790da,Kurpark - Eingang Parkstraße,2025-07-06 08:00:00+00:00,0.024924821287282694
3249,b40103c5-1f38-4c15-9781-8788ae4790da,Kurpark - Eingang Parkstraße,2025-07-06 09:00:00+00:00,0.024974861728828686
3250,b40103c5-1f38-4c15-9781-8788ae4790da,Kurpark - Eingang Parkstraße,2025-07-06 10:00:00+00:00,0.0247288025150919
3251,b40103c5-1f38-4c15-9781-8788ae4790da,Kurpark - Eingang Parkstraße,2025-07-06 11:00:00+00:00,0.02493762421879214
3252,b40103c5-1f38-4c15-9781-8788ae4790da,Kurpark - Eingang Parkstraße,2025-07-06 12:00:00+00:00,0.025814225558699996
3253,b40103c5-1f38-4c15-9781-8788ae4790da,Kurpark - Eingang Parkstraße,2025-07-06 13:00:00+00:00,0.026227308299749973
3254,b40103c5-1f38-4c15-9781-8788ae4790da,Kurpark - Eingang Parkstraße,2025-07-06 14:00:00+00:00,0.02422598643008093
3255,b40103c5-1f38-4c15-9781-8788ae4790da,Kurpark - Eingang Parkstraße,2025-07-06 15:00:00+00:00,0.022275201300839702
3256,b40103c5-1f38-4c15-9781-8788ae4790da,Kurpark - Eingang Parkstraße,2025-07-06 16:00:00+00:00,0.021422430503220243
3257,b40103c5-1f38-4c15-9781-8788ae4790da,Kurpark - Eingang Parkstraße,2025-07-06 17:00:00+00:00,0.021236590897276638
3258,b40103c5-1f38-4c15-9781-8788ae4790da,Kurpark - Eingang Parkstraße,2025-07-06 18:00:00+00:00,0.02141454643880706
3259,b40103c5-1f38-4c15-9781-8788ae4790da,Kurpark - Eingang Parkstraße,2025-07-06 19:00:00+00:00,0.02210753657874922
3260,b40103c5-1f38-4c15-9781-8788ae4790da,Kurpark - Eingang Parkstraße,2025-07-06 20:00:00+00:00,0.022928484066016924
3261,b40103c5-1f38-4c15-9781-8788ae4790da,Kurpark - Eingang Parkstraße,2025-07-06 21:00:00+00:00,0.023393454683268516
3262,b40103c5-1f38-4c15-9781-8788ae4790da,Kurpark - Eingang Parkstraße,2025-07-06 22:00:00+00:00,0.023209285521835345
3263,b40103c5-1f38-4c15-9781-8788ae4790da,Kurpark - Eingang Parkstraße,2025-07-06 23:00:00+00:00,0.022053905568899367
3264,b40103c5-1f38-4c15-9781-8788ae4790da,Kurpark - Eingang Parkstraße,2025-07-07 00:00:00+00:00,0.007396758380261392
3265,b40103c5-1f38-4c15-9781-8788ae4790da,Kurpark - Eingang Parkstraße,2025-07-07 01:00:00+00:00,0.008026454754012544
3266,b40103c5-1f38-4c15-9781-8788ae4790da,Kurpark - Eingang Parkstraße,2025-07-07 02:00:00+00:00,0.009103125648807582
3267,b40103c5-1f38-4c15-9781-8788ae4790da,Kurpark - Eingang Parkstraße,2025-07-07 03:00:00+00:00,0.010150535435674176
3268,b40103c5-1f38-4c15-9781-8788ae4790da,Kurpark - Eingang Parkstraße,2025-07-07 04:00:00+00:00,0.011268976293428507
3269,b40103c5-1f38-4c15-9781-8788ae4790da,Kurpark - Eingang Parkstraße,2025-07-07 05:00:00+00:00,0.012263564619179702
3270,b40103c5-1f38-4c15-9781-8788ae4790da,Kurpark - Eingang Parkstraße,2025-07-07 06:00:00+00:00,0.013003778804115806
3271,b40103c5-1f38-4c15-9781-8788ae4790da,Kurpark - Eingang Parkstraße,2025-07-07 07:00:00+00:00,0.014675354349954458
3272,b40103c5-1f38-4c15-9781-8788ae4790da,Kurpark - Eingang Parkstraße,2025-07-07 08:00:00+00:00,0.017110885203478653
3273,b40103c5-1f38-4c15-9781-8788ae4790da,Kurpark - Eingang Parkstraße,2025-07-07 09:00:00+00:00,0.01856279015712365
3274,b40103c5-1f38-4c15-9781-8788ae4790da,Kurpark - Eingang Parkstraße,2025-07-07 10:00:00+00:00,0.018372933030917346
3275,b40103c5-1f38-4c15-9781-8788ae4790da,Kurpark - Eingang Parkstraße,2025-07-07 11:00:00+00:00,0.01713212877286896
3276,b40103c5-1f38-4c15-9781-8788ae4790da,Kurpark - Eingang Parkstraße,2025-07-07 12:00:00+00:00,0.011267433481610158
3277,b40103c5-1f38-4c15-9781-8788ae4790da,Kurpark - Eingang Parkstraße,2025-07-07 13:00:00+00:00,0.00735114536498396
3278,b40103c5-1f38-4c15-9781-8788ae4790da,Kurpark - Eingang Parkstraße,2025-07-07 14:00:00+00:00,0.006408972632539935
3279,b40103c5-1f38-4c15-9781-8788ae4790da,Kurpark - Eingang Parkstraße,2025-07-07 15:00:00+00:00,0.006646096442824077
3280,b40103c5-1f38-4c15-9781-8788ae4790da,Kurpark - Eingang Parkstraße,2025-07-07 16:00:00+00:00,0.007394156173465325
3281,b40103c5-1f38-4c15-9781-8788ae4790da,Kurpark - Eingang Parkstraße,2025-07-07 17:00:00+00:00,0.0075581950864566
3282,b40103c5-1f38-4c15-9781-8788ae4790da,Kurpark - Eingang Parkstraße,2025-07-07 18:00:00+00:00,0.0077524980642911835
3283,b40103c5-1f38-4c15-9781-8788ae4790da,Kurpark - Eingang Parkstraße,2025-07-07 19:00:00+00:00,0.007424711641837671
3284,b40103c5-1f38-4c15-9781-8788ae4790da,Kurpark - Eingang Parkstraße,2025-07-07 20:00:00+00:00,0.00713047000640569
3285,b40103c5-1f38-4c15-9781-8788ae4790da,Kurpark - Eingang Parkstraße,2025-07-07 21:00:00+00:00,0.0068238905400644515
3286,b40103c5-1f38-4c15-9781-8788ae4790da,Kurpark - Eingang Parkstraße,2025-07-07 22:00:00+00:00,0.0067873584251595676
3287,b40103c5-1f38-4c15-9781-8788ae4790da,Kurpark - Eingang Parkstraße,2025-07-07 23:00:00+00:00,0.006662500293116342
3288,b40103c5-1f38-4c15-9781-8788ae4790da,Kurpark - Eingang Parkstraße,2025-07-08 00:00:00+00:00,0.006564015694533302
3289,b40103c5-1f38-4c15-9781-8788ae4790da,Kurpark - Eingang Parkstraße,2025-07-08 01:00:00+00:00,0.04815744873233326
3290,b40103c5-1f38-4c15-9781-8788ae4790da,Kurpark - Eingang Parkstraße,2025-07-08 02:00:00+00:00,0.04756254234305553
3291,b40103c5-1f38-4c15-9781-8788ae4790da,Kurpark - Eingang Parkstraße,2025-07-08 03:00:00+00:00,0.046998885757258656
3292,b40103c5-1f38-4c15-9781-8788ae4790da,Kurpark - Eingang Parkstraße,2025-07-08 04:00:00+00:00,0.04674497109605398
3293,b40103c5-1f38-4c15-9781-8788ae4790da,Kurpark - Eingang Parkstraße,2025-07-08 05:00:00+00:00,0.04653037969709095
3294,b40103c5-1f38-4c15-9781-8788ae4790da,Kurpark - Eingang Parkstraße,2025-07-08 06:00:00+00:00,0.04673028448684982
3295,b40103c5-1f38-4c15-9781-8788ae4790da,Kurpark - Eingang Parkstraße,2025-07-08 07:00:00+00:00,0.04681340234710574
3296,b40103c5-1f38-4c15-9781-8788ae4790da,Kurpark - Eingang Parkstraße,2025-07-08 08:00:00+00:00,0.046598126313184655
3297,b40103c5-1f38-4c15-9781-8788ae4790da,Kurpark - Eingang Parkstraße,2025-07-08 09:00:00+00:00,0.046292918190369826
3298,b40103c5-1f38-4c15-9781-8788ae4790da,Kurpark - Eingang Parkstraße,2025-07-08 10:00:00+00:00,0.046558417882209574
3299,b40103c5-1f38-4c15-9781-8788ae4790da,Kurpark - Eingang Parkstraße,2025-07-08 11:00:00+00:00,0.04687533612077628
3300,b40103c5-1f38-4c15-9781-8788ae4790da,Kurpark - Eingang Parkstraße,2025-07-08 12:00:00+00:00,0.04726708092497361
3301,b40103c5-1f38-4c15-9781-8788ae4790da,Kurpark - Eingang Parkstraße,2025-07-08 13:00:00+00:00,0.04723127882416355
3302,b40103c5-1f38-4c15-9781-8788ae4790da,Kurpark - Eingang Parkstraße,2025-07-08 14:00:00+00:00,0.046790668158951006
3303,b40103c5-1f38-4c15-9781-8788ae4790da,Kurpark - Eingang Parkstraße,2025-07-08 15:00:00+00:00,0.04780381012917622
3304,b40103c5-1f38-4c15-9781-8788ae4790da,Kurpark - Eingang Parkstraße,2025-07-08 16:00:00+00:00,0.048118551798726775
3305,b40103c5-1f38-4c15-9781-8788ae4790da,Kurpark - Eingang Parkstraße,2025-07-08 17:00:00+00:00,0.047967082483046826
3306,b40103c5-1f38-4c15-9781-8788ae4790da,Kurpark - Eingang Parkstraße,2025-07-08 18:00:00+00:00,0.04708804134661824
3307,b40103c5-1f38-4c15-9781-8788ae4790da,Kurpark - Eingang Parkstraße,2025-07-08 19:00:00+00:00,0.046900792358634744
3308,b40103c5-1f38-4c15-9781-8788ae4790da,Kurpark - Eingang Parkstraße,2025-07-08 20:00:00+00:00,0.04657697378476559
3309,b40103c5-1f38-4c15-9781-8788ae4790da,Kurpark - Eingang Parkstraße,2025-07-08 21:00:00+00:00,0.04636507837202764
3310,b40103c5-1f38-4c15-9781-8788ae4790da,Kurpark - Eingang Parkstraße,2025-07-08 22:00:00+00:00,0.046011123296047104
3311,b40103c5-1f38-4c15-9781-8788ae4790da,Kurpark - Eingang Parkstraße,2025-07-08 23:00:00+00:00,0.04570874458329293
3312,b40103c5-1f38-4c15-9781-8788ae4790da,Kurpark - Eingang Parkstraße,2025-07-09 00:00:00+00:00,0.04530252984693103
3313,b40103c5-1f38-4c15-9781-8788ae4790da,Kurpark - Eingang Parkstraße,2025-07-09 01:00:00+00:00,0.005949790482351669
3314,b40103c5-1f38-4c15-9781-8788ae4790da,Kurpark - Eingang Parkstraße,2025-07-09 02:00:00+00:00,0.006010699526233402
3315,b40103c5-1f38-4c15-9781-8788ae4790da,Kurpark - Eingang Parkstraße,2025-07-09 03:00:00+00:00,0.0066183521642336355
3316,b40103c5-1f38-4c15-9781-8788ae4790da,Kurpark - Eingang Parkstraße,2025-07-09 04:00:00+00:00,0.006495881483665746
3317,b40103c5-1f38-4c15-9781-8788ae4790da,Kurpark - Eingang Parkstraße,2025-07-09 05:00:00+00:00,0.006469405421181653
3318,b40103c5-1f38-4c15-9781-8788ae4790da,Kurpark - Eingang Parkstraße,2025-07-09 06:00:00+00:00,0.006994966242369951
3319,b40103c5-1f38-4c15-9781-8788ae4790da,Kurpark - Eingang Parkstraße,2025-07-09 07:00:00+00:00,0.007399622328013894
3320,b40103c5-1f38-4c15-9781-8788ae4790da,Kurpark - Eingang Parkstraße,2025-07-09 08:00:00+00:00,0.007529237130330309
3321,b40103c5-1f38-4c15-9781-8788ae4790da,Kurpark - Eingang Parkstraße,2025-07-09 09:00:00+00:00,0.007084971460861212
3322,b40103c5-1f38-4c15-9781-8788ae4790da,Kurpark - Eingang Parkstraße,2025-07-09 10:00:00+00:00,0.007097530723915178
3323,b40103c5-1f38-4c15-9781-8788ae4790da,Kurpark - Eingang Parkstraße,2025-07-09 11:00:00+00:00,0.006955994877858945
3324,b40103c5-1f38-4c15-9781-8788ae4790da,Kurpark - Eingang Parkstraße,2025-07-09 12:00:00+00:00,0.00652226316841924
3325,b40103c5-1f38-4c15-9781-8788ae4790da,Kurpark - Eingang Parkstraße,2025-07-09 13:00:00+00:00,0.008182755430430453
3326,b40103c5-1f38-4c15-9781-8788ae4790da,Kurpark - Eingang Parkstraße,2025-07-09 14:00:00+00:00,0.010145413271309755
3327,b40103c5-1f38-4c15-9781-8788ae4790da,Kurpark - Eingang Parkstraße,2025-07-09 15:00:00+00:00,0.010301378317643682
3328,b40103c5-1f38-4c15-9781-8788ae4790da,Kurpark - Eingang Parkstraße,2025-07-09 16:00:00+00:00,0.009682022925270584
3329,b40103c5-1f38-4c15-9781-8788ae4790da,Kurpark - Eingang Parkstraße,2025-07-09 17:00:00+00:00,0.010061527510339991
3330,b40103c5-1f38-4c15-9781-8788ae4790da,Kurpark - Eingang Parkstraße,2025-07-09 18:00:00+00:00,0.009983438262765975
3331,b40103c5-1f38-4c15-9781-8788ae4790da,Kurpark - Eingang Parkstraße,2025-07-09 19:00:00+00:00,0.009813438725664163
3332,b40103c5-1f38-4c15-9781-8788ae4790da,Kurpark - Eingang Parkstraße,2025-07-09 20:00:00+00:00,0.009689345311653231
3333,b40103c5-1f38-4c15-9781-8788ae4790da,Kurpark - Eingang Parkstraße,2025-07-09 21:00:00+00:00,0.00954326678596474
3334,b40103c5-1f38-4c15-9781-8788ae4790da,Kurpark - Eingang Parkstraße,2025-07-09 22:00:00+00:00,0.009308572851308176
3335,b40103c5-1f38-4c15-9781-8788ae4790da,Kurpark - Eingang Parkstraße,2025-07-09 23:00:00+00:00,0.008962822469870005
3336,b40103c5-1f38-4c15-9781-8788ae4790da,Kurpark - Eingang Parkstraße,2025-07-10 00:00:00+00:00,0.008459921437726019
3337,b40103c5-1f38-4c15-9781-8788ae4790da,Kurpark - Eingang Parkstraße,2025-07-10 01:00:00+00:00,0.008084414003626661
3338,b40103c5-1f38-4c15-9781-8788ae4790da,Kurpark - Eingang Parkstraße,2025-07-10 02:00:00+00:00,0.007945888618408281
3339,b40103c5-1f38-4c15-9781-8788ae4790da,Kurpark - Eingang Parkstraße,2025-07-10 03:00:00+00:00,0.007587516878064238
3340,b40103c5-1f38-4c15-9781-8788ae4790da,Kurpark - Eingang Parkstraße,2025-07-10 04:00:00+00:00,0.007547502904829783
3341,b40103c5-1f38-4c15-9781-8788ae4790da,Kurpark - Eingang Parkstraße,2025-07-10 05:00:00+00:00,0.007591203806666223
3342,b40103c5-1f38-4c15-9781-8788ae4790da,Kurpark - Eingang Parkstraße,2025-07-10 06:00:00+00:00,0.008061138397974416
3343,b40103c5-1f38-4c15-9781-8788ae4790da,Kurpark - Eingang Parkstraße,2025-07-10 07:00:00+00:00,0.008270669533874812
3344,b40103c5-1f38-4c15-9781-8788ae4790da,Kurpark - Eingang Parkstraße,2025-07-10 08:00:00+00:00,0.007972599741619455
3345,b40103c5-1f38-4c15-9781-8788ae4790da,Kurpark - Eingang Parkstraße,2025-07-10 09:00:00+00:00,0.008382563251017808
3346,b40103c5-1f38-4c15-9781-8788ae4790da,Kurpark - Eingang Parkstraße,2025-07-10 10:00:00+00:00,0.008782366108268066
3347,b40103c5-1f38-4c15-9781-8788ae4790da,Kurpark - Eingang Parkstraße,2025-07-10 11:00:00+00:00,0.007992728625800553
3348,b40103c5-1f38-4c15-9781-8788ae4790da,Kurpark - Eingang Parkstraße,2025-07-10 12:00:00+00:00,0.007070606803928131
3349,b40103c5-1f38-4c15-9781-8788ae4790da,Kurpark - Eingang Parkstraße,2025-07-10 13:00:00+00:00,0.006214484986715271
3350,b40103c5-1f38-4c15-9781-8788ae4790da,Kurpark - Eingang Parkstraße,2025-07-10 14:00:00+00:00,0.004789935540708946
3351,b40103c5-1f38-4c15-9781-8788ae4790da,Kurpark - Eingang Parkstraße,2025-07-10 15:00:00+00:00,0.004287625576156775
3352,b40103c5-1f38-4c15-9781-8788ae4790da,Kurpark - Eingang Parkstraße,2025-07-10 16:00:00+00:00,0.004583136500370368
3353,b40103c5-1f38-4c15-9781-8788ae4790da,Kurpark - Eingang Parkstraße,2025-07-10 17:00:00+00:00,0.004400768500835877
3354,b40103c5-1f38-4c15-9781-8788ae4790da,Kurpark - Eingang Parkstraße,2025-07-10 18:00:00+00:00,0.0042429368156637745
3355,b40103c5-1f38-4c15-9781-8788ae4790da,Kurpark - Eingang Parkstraße,2025-07-10 19:00:00+00:00,0.004158885636854094
3356,b40103c5-1f38-4c15-9781-8788ae4790da,Kurpark - Eingang Parkstraße,2025-07-10 20:00:00+00:00,0.004240467023837607
3357,b40103c5-1f38-4c15-9781-8788ae4790da,Kurpark - Eingang Parkstraße,2025-07-10 21:00:00+00:00,0.004429303819965676
3358,b40103c5-1f38-4c15-9781-8788ae4790da,Kurpark - Eingang Parkstraße,2025-07-10 22:00:00+00:00,0.0045200123836134165
3359,b40103c5-1f38-4c15-9781-8788ae4790da,Kurpark - Eingang Parkstraße,2025-07-10 23:00:00+00:00,0.004609580127474389
3360,b40103c5-1f38-4c15-9781-8788ae4790da,Kurpark - Eingang Parkstraße,2025-07-11 00:00:00+00:00,0.0047781206818887124
3361,b40103c5-1f38-4c15-9781-8788ae4790da,Kurpark - Eingang Parkstraße,2025-07-11 01:00:00+00:00,0.004991436234513145
3362,b40103c5-1f38-4c15-9781-8788ae4790da,Kurpark - Eingang Parkstraße,2025-07-11 02:00:00+00:00,0.005261453453759355
3363,b40103c5-1f38-4c15-9781-8788ae4790da,Kurpark - Eingang Parkstraße,2025-07-11 03:00:00+00:00,0.005466097940637589
3364,b40103c5-1f38-4c15-9781-8788ae4790da,Kurpark - Eingang Parkstraße,2025-07-11 04:00:00+00:00,0.005789191636688155
3365,b40103c5-1f38-4c15-9781-8788ae4790da,Kurpark - Eingang Parkstraße,2025-07-11 05:00:00+00:00,0.0059712944004484654
3366,b40103c5-1f38-4c15-9781-8788ae4790da,Kurpark - Eingang Parkstraße,2025-07-11 06:00:00+00:00,0.006560957918641902
3367,b40103c5-1f38-4c15-9781-8788ae4790da,Kurpark - Eingang Parkstraße,2025-07-11 07:00:00+00:00,0.0069195385829141885
3368,b40103c5-1f38-4c15-9781-8788ae4790da,Kurpark - Eingang Parkstraße,2025-07-11 08:00:00+00:00,0.006688090342173428
3369,b40103c5-1f38-4c15-9781-8788ae4790da,Kurpark - Eingang Parkstraße,2025-07-11 09:00:00+00:00,0.006875395918061129
3370,b40103c5-1f38-4c15-9781-8788ae4790da,Kurpark - Eingang Parkstraße,2025-07-11 10:00:00+00:00,0.006725372525485884
3371,b40103c5-1f38-4c15-9781-8788ae4790da,Kurpark - Eingang Parkstraße,2025-07-11 11:00:00+00:00,0.0068687691613951215
3372,b40103c5-1f38-4c15-9781-8788ae4790da,Kurpark - Eingang Parkstraße,2025-07-11 12:00:00+00:00,0.0061007779094713055
3373,b40103c5-1f38-4c15-9781-8788ae4790da,Kurpark - Eingang Parkstraße,2025-07-11 13:00:00+00:00,0.006136084682558983
3374,b40103c5-1f38-4c15-9781-8788ae4790da,Kurpark - Eingang Parkstraße,2025-07-11 14:00:00+00:00,0.005695431066403935
3375,b40103c5-1f38-4c15-9781-8788ae4790da,Kurpark - Eingang Parkstraße,2025-07-11 15:00:00+00:00,0.008173736631353463
3376,b40103c5-1f38-4c15-9781-8788ae4790da,Kurpark - Eingang Parkstraße,2025-07-11 16:00:00+00:00,0.00917715094517112
3377,b40103c5-1f38-4c15-9781-8788ae4790da,Kurpark - Eingang Parkstraße,2025-07-11 17:00:00+00:00,0.009089574374703879
3378,b40103c5-1f38-4c15-9781-8788ae4790da,Kurpark - Eingang Parkstraße,2025-07-11 18:00:00+00:00,0.009802488816212792
3379,b40103c5-1f38-4c15-9781-8788ae4790da,Kurpark - Eingang Parkstraße,2025-07-11 19:00:00+00:00,0.010274631647918305
3380,b40103c5-1f38-4c15-9781-8788ae4790da,Kurpark - Eingang Parkstraße,2025-07-11 20:00:00+00:00,0.009748573765764757
3381,b40103c5-1f38-4c15-9781-8788ae4790da,Kurpark - Eingang Parkstraße,2025-07-11 21:00:00+00:00,0.009171986738938495
3382,b40103c5-1f38-4c15-9781-8788ae4790da,Kurpark - Eingang Parkstraße,2025-07-11 22:00:00+00:00,0.009378705527257421
3383,b40103c5-1f38-4c15-9781-8788ae4790da,Kurpark - Eingang Parkstraße,2025-07-11 23:00:00+00:00,0.00935477607967913
3384,b40103c5-1f38-4c15-9781-8788ae4790da,Kurpark - Eingang Parkstraße,2025-07-12 00:00:00+00:00,0.010058753446302747
3385,b40103c5-1f38-4c15-9781-8788ae4790da,Kurpark - Eingang Parkstraße,2025-07-12 01:00:00+00:00,0.009502410118935696
3386,b40103c5-1f38-4c15-9781-8788ae4790da,Kurpark - Eingang Parkstraße,2025-07-12 02:00:00+00:00,0.009725225744479109
3387,b40103c5-1f38-4c15-9781-8788ae4790da,Kurpark - Eingang Parkstraße,2025-07-12 03:00:00+00:00,0.009611695884494254
3388,b40103c5-1f38-4c15-9781-8788ae4790da,Kurpark - Eingang Parkstraße,2025-07-12 04:00:00+00:00,0.009461053253014754
3389,b40103c5-1f38-4c15-9781-8788ae4790da,Kurpark - Eingang Parkstraße,2025-07-12 05:00:00+00:00,0.009816786904711905
3390,b40103c5-1f38-4c15-9781-8788ae4790da,Kurpark - Eingang Parkstraße,2025-07-12 06:00:00+00:00,0.010033648212083515
3391,b40103c5-1f38-4c15-9781-8788ae4790da,Kurpark - Eingang Parkstraße,2025-07-12 07:00:00+00:00,0.010034791865457618
3392,b40103c5-1f38-4c15-9781-8788ae4790da,Kurpark - Eingang Parkstraße,2025-07-12 08:00:00+00:00,0.011174879908946549
3393,b40103c5-1f38-4c15-9781-8788ae4790da,Kurpark - Eingang Parkstraße,2025-07-12 09:00:00+00:00,0.012147616430841853
3394,b40103c5-1f38-4c15-9781-8788ae4790da,Kurpark - Eingang Parkstraße,2025-07-12 10:00:00+00:00,0.012256957932553967
3395,b40103c5-1f38-4c15-9781-8788ae4790da,Kurpark - Eingang Parkstraße,2025-07-12 11:00:00+00:00,0.01193088615001964
3396,b40103c5-1f38-4c15-9781-8788ae4790da,Kurpark - Eingang Parkstraße,2025-07-12 12:00:00+00:00,0.012864397067617344
3397,b40103c5-1f38-4c15-9781-8788ae4790da,Kurpark - Eingang Parkstraße,2025-07-12 13:00:00+00:00,0.011491149405846092
3398,b40103c5-1f38-4c15-9781-8788ae4790da,Kurpark - Eingang Parkstraße,2025-07-12 14:00:00+00:00,0.010505207946308655
3399,b40103c5-1f38-4c15-9781-8788ae4790da,Kurpark - Eingang Parkstraße,2025-07-12 15:00:00+00:00,0.009485513887959322
3400,b40103c5-1f38-4c15-9781-8788ae4790da,Kurpark - Eingang Parkstraße,2025-07-12 16:00:00+00:00,0.009042293817776452
3401,b40103c5-1f38-4c15-9781-8788ae4790da,Kurpark - Eingang Parkstraße,2025-07-12 17:00:00+00:00,0.00865906603274118
3402,b40103c5-1f38-4c15-9781-8788ae4790da,Kurpark - Eingang Parkstraße,2025-07-12 18:00:00+00:00,0.008654303815807445
3403,b40103c5-1f38-4c15-9781-8788ae4790da,Kurpark - Eingang Parkstraße,2025-07-12 19:00:00+00:00,0.008032735484164107
3404,b40103c5-1f38-4c15-9781-8788ae4790da,Kurpark - Eingang Parkstraße,2025-07-12 20:00:00+00:00,0.0085883240084756
3405,b40103c5-1f38-4c15-9781-8788ae4790da,Kurpark - Eingang Parkstraße,2025-07-12 21:00:00+00:00,0.008759023426316953
3406,b40103c5-1f38-4c15-9781-8788ae4790da,Kurpark - Eingang Parkstraße,2025-07-12 22:00:00+00:00,0.009074445047701577
3407,b40103c5-1f38-4c15-9781-8788ae4790da,Kurpark - Eingang Parkstraße,2025-07-12 23:00:00+00:00,0.00836319755285633
3408,b40103c5-1f38-4c15-9781-8788ae4790da,Kurpark - Eingang Parkstraße,2025-07-13 00:00:00+00:00,0.007430234544568233
3409,b40103c5-1f38-4c15-9781-8788ae4790da,Kurpark - Eingang Parkstraße,2025-07-13 01:00:00+00:00,0.007778392680573961
3410,b40103c5-1f38-4c15-9781-8788ae4790da,Kurpark - Eingang Parkstraße,2025-07-13 02:00:00+00:00,0.008386655721004927
3411,b40103c5-1f38-4c15-9781-8788ae4790da,Kurpark - Eingang Parkstraße,2025-07-13 03:00:00+00:00,0.008797432900671488
3412,b40103c5-1f38-4c15-9781-8788ae4790da,Kurpark - Eingang Parkstraße,2025-07-13 04:00:00+00:00,0.009230607860291395
3413,b40103c5-1f38-4c15-9781-8788ae4790da,Kurpark - Eingang Parkstraße,2025-07-13 05:00:00+00:00,0.009374928918312849
3414,b40103c5-1f38-4c15-9781-8788ae4790da,Kurpark - Eingang Parkstraße,2025-07-13 06:00:00+00:00,0.010470736988218687
3415,b40103c5-1f38-4c15-9781-8788ae4790da,Kurpark - Eingang Parkstraße,2025-07-13 07:00:00+00:00,0.010819089016722893
3416,b40103c5-1f38-4c15-9781-8788ae4790da,Kurpark - Eingang Parkstraße,2025-07-13 08:00:00+00:00,0.009021780796692165
3417,b40103c5-1f38-4c15-9781-8788ae4790da,Kurpark - Eingang Parkstraße,2025-07-13 09:00:00+00:00,0.010057404362837242
3418,b40103c5-1f38-4c15-9781-8788ae4790da,Kurpark - Eingang Parkstraße,2025-07-13 10:00:00+00:00,0.009922621191520067
3419,b40103c5-1f38-4c15-9781-8788ae4790da,Kurpark - Eingang Parkstraße,2025-07-13 11:00:00+00:00,0.009562856222952918
3420,b40103c5-1f38-4c15-9781-8788ae4790da,Kurpark - Eingang Parkstraße,2025-07-13 12:00:00+00:00,0.011828197086830135
3421,b40103c5-1f38-4c15-9781-8788ae4790da,Kurpark - Eingang Parkstraße,2025-07-13 13:00:00+00:00,0.011932487561176076
3422,b40103c5-1f38-4c15-9781-8788ae4790da,Kurpark - Eingang Parkstraße,2025-07-13 14:00:00+00:00,0.009811120680137394
3423,b40103c5-1f38-4c15-9781-8788ae4790da,Kurpark - Eingang Parkstraße,2025-07-13 15:00:00+00:00,0.008171099990793337
3424,b40103c5-1f38-4c15-9781-8788ae4790da,Kurpark - Eingang Parkstraße,2025-07-13 16:00:00+00:00,0.00687905821150123
3425,b40103c5-1f38-4c15-9781-8788ae4790da,Kurpark - Eingang Parkstraße,2025-07-13 17:00:00+00:00,0.006826209132671927
3426,b40103c5-1f38-4c15-9781-8788ae4790da,Kurpark - Eingang Parkstraße,2025-07-13 18:00:00+00:00,0.006693283426338151
3427,b40103c5-1f38-4c15-9781-8788ae4790da,Kurpark - Eingang Parkstraße,2025-07-13 19:00:00+00:00,0.0075704466317400715
3428,b40103c5-1f38-4c15-9781-8788ae4790da,Kurpark - Eingang Parkstraße,2025-07-13 20:00:00+00:00,0.008456600476385584
3429,b40103c5-1f38-4c15-9781-8788ae4790da,Kurpark - Eingang Parkstraße,2025-07-13 21:00:00+00:00,0.009176063357700657
3430,b40103c5-1f38-4c15-9781-8788ae4790da,Kurpark - Eingang Parkstraße,2025-07-13 22:00:00+00:00,0.008781371475453265
3431,b40103c5-1f38-4c15-9781-8788ae4790da,Kurpark - Eingang Parkstraße,2025-07-13 23:00:00+00:00,0.007867724988432339
3432,b8419dcf-9ac6-4dab-9a7b-8af4718b74e1,Hauptstraße 36,2025-07-01 00:00:00+00:00,0.02303157857402322
3433,b8419dcf-9ac6-4dab-9a7b-8af4718b74e1,Hauptstraße 36,2025-07-01 01:00:00+00:00,0.023026306771140318
3434,b8419dcf-9ac6-4dab-9a7b-8af4718b74e1,Hauptstraße 36,2025-07-01 02:00:00+00:00,0.02424059268225298
3435,b8419dcf-9ac6-4dab-9a7b-8af4718b74e1,Hauptstraße 36,2025-07-01 03:00:00+00:00,0.025220875908414323
3436,b8419dcf-9ac6-4dab-9a7b-8af4718b74e1,Hauptstraße 36,2025-07-01 04:00:00+00:00,0.026333248491921823
3437,b8419dcf-9ac6-4dab-9a7b-8af4718b74e1,Hauptstraße 36,2025-07-01 05:00:00+00:00,0.02942408947210432
3438,b8419dcf-9ac6-4dab-9a7b-8af4718b74e1,Hauptstraße 36,2025-07-01 06:00:00+00:00,0.02720915388257396
3439,b8419dcf-9ac6-4dab-9a7b-8af4718b74e1,Hauptstraße 36,2025-07-01 07:00:00+00:00,0.024253753103363196
3440,b8419dcf-9ac6-4dab-9a7b-8af4718b74e1,Hauptstraße 36,2025-07-01 08:00:00+00:00,0.024141063142570272
3441,b8419dcf-9ac6-4dab-9a7b-8af4718b74e1,Hauptstraße 36,2025-07-01 09:00:00+00:00,0.022814400162967177
3442,b8419dcf-9ac6-4dab-9a7b-8af4718b74e1,Hauptstraße 36,2025-07-01 10:00:00+00:00,0.02807895071825253
3443,b8419dcf-9ac6-4dab-9a7b-8af4718b74e1,Hauptstraße 36,2025-07-01 11:00:00+00:00,0.0308994998465313
3444,b8419dcf-9ac6-4dab-9a7b-8af4718b74e1,Hauptstraße 36,2025-07-01 12:00:00+00:00,0.03160649085885631
3445,b8419dcf-9ac6-4dab-9a7b-8af4718b74e1,Hauptstraße 36,2025-07-01 13:00:00+00:00,0.03197057371316883
3446,b8419dcf-9ac6-4dab-9a7b-8af4718b74e1,Hauptstraße 36,2025-07-01 14:00:00+00:00,0.031408143979686505
3447,b8419dcf-9ac6-4dab-9a7b-8af4718b74e1,Hauptstraße 36,2025-07-01 15:00:00+00:00,0.03227460824901538
3448,b8419dcf-9ac6-4dab-9a7b-8af4718b74e1,Hauptstraße 36,2025-07-01 16:00:00+00:00,0.03601230459247177
3449,b8419dcf-9ac6-4dab-9a7b-8af4718b74e1,Hauptstraße 36,2025-07-01 17:00:00+00:00,0.033890137853456105
3450,b8419dcf-9ac6-4dab-9a7b-8af4718b74e1,Hauptstraße 36,2025-07-01 18:00:00+00:00,0.03290004501649599
3451,b8419dcf-9ac6-4dab-9a7b-8af4718b74e1,Hauptstraße 36,2025-07-01 19:00:00+00:00,0.03136888005309904
3452,b8419dcf-9ac6-4dab-9a7b-8af4718b74e1,Hauptstraße 36,2025-07-01 20:00:00+00:00,0.03145366948766656
3453,b8419dcf-9ac6-4dab-9a7b-8af4718b74e1,Hauptstraße 36,2025-07-01 21:00:00+00:00,0.030284435213414344
3454,b8419dcf-9ac6-4dab-9a7b-8af4718b74e1,Hauptstraße 36,2025-07-01 22:00:00+00:00,0.030530723552997744
3455,b8419dcf-9ac6-4dab-9a7b-8af4718b74e1,Hauptstraße 36,2025-07-01 23:00:00+00:00,0.030622908561249777
3456,b8419dcf-9ac6-4dab-9a7b-8af4718b74e1,Hauptstraße 36,2025-07-02 00:00:00+00:00,0.025895843844434902
3457,b8419dcf-9ac6-4dab-9a7b-8af4718b74e1,Hauptstraße 36,2025-07-02 01:00:00+00:00,0.026001332330568026
3458,b8419dcf-9ac6-4dab-9a7b-8af4718b74e1,Hauptstraße 36,2025-07-02 02:00:00+00:00,0.02570981947167338
3459,b8419dcf-9ac6-4dab-9a7b-8af4718b74e1,Hauptstraße 36,2025-07-02 03:00:00+00:00,0.02617260352988399
3460,b8419dcf-9ac6-4dab-9a7b-8af4718b74e1,Hauptstraße 36,2025-07-02 04:00:00+00:00,0.025829804061874583
3461,b8419dcf-9ac6-4dab-9a7b-8af4718b74e1,Hauptstraße 36,2025-07-02 05:00:00+00:00,0.02276422595487784
3462,b8419dcf-9ac6-4dab-9a7b-8af4718b74e1,Hauptstraße 36,2025-07-02 06:00:00+00:00,0.01949186743384427
3463,b8419dcf-9ac6-4dab-9a7b-8af4718b74e1,Hauptstraße 36,2025-07-02 07:00:00+00:00,0.019941325784996886
3464,b8419dcf-9ac6-4dab-9a7b-8af4718b74e1,Hauptstraße 36,2025-07-02 08:00:00+00:00,0.019960727281599675
3465,b8419dcf-9ac6-4dab-9a7b-8af4718b74e1,Hauptstraße 36,2025-07-02 09:00:00+00:00,0.022029604309353287
3466,b8419dcf-9ac6-4dab-9a7b-8af4718b74e1,Hauptstraße 36,2025-07-02 10:00:00+00:00,0.019676979253725947
3467,b8419dcf-9ac6-4dab-9a7b-8af4718b74e1,Hauptstraße 36,2025-07-02 11:00:00+00:00,0.0201393799050555
3468,b8419dcf-9ac6-4dab-9a7b-8af4718b74e1,Hauptstraße 36,2025-07-02 12:00:00+00:00,0.021482269042901958
3469,b8419dcf-9ac6-4dab-9a7b-8af4718b74e1,Hauptstraße 36,2025-07-02 13:00:00+00:00,0.021361086392960003
3470,b8419dcf-9ac6-4dab-9a7b-8af4718b74e1,Hauptstraße 36,2025-07-02 14:00:00+00:00,0.021112762041772207
3471,b8419dcf-9ac6-4dab-9a7b-8af4718b74e1,Hauptstraße 36,2025-07-02 15:00:00+00:00,0.020035668421837727
3472,b8419dcf-9ac6-4dab-9a7b-8af4718b74e1,Hauptstraße 36,2025-07-02 16:00:00+00:00,0.016848138121794882
3473,b8419dcf-9ac6-4dab-9a7b-8af4718b74e1,Hauptstraße 36,2025-07-02 17:00:00+00:00,0.016525154279414467
3474,b8419dcf-9ac6-4dab-9a7b-8af4718b74e1,Hauptstraße 36,2025-07-02 18:00:00+00:00,0.015408508180059495
3475,b8419dcf-9ac6-4dab-9a7b-8af4718b74e1,Hauptstraße 36,2025-07-02 19:00:00+00:00,0.015028047278573113
3476,b8419dcf-9ac6-4dab-9a7b-8af4718b74e1,Hauptstraße 36,2025-07-02 20:00:00+00:00,0.014617824242697478
3477,b8419dcf-9ac6-4dab-9a7b-8af4718b74e1,Hauptstraße 36,2025-07-02 21:00:00+00:00,0.014801320116085526
3478,b8419dcf-9ac6-4dab-9a7b-8af4718b74e1,Hauptstraße 36,2025-07-02 22:00:00+00:00,0.014778691257016408
3479,b8419dcf-9ac6-4dab-9a7b-8af4718b74e1,Hauptstraße 36,2025-07-02 23:00:00+00:00,0.014841645277433861
3480,b8419dcf-9ac6-4dab-9a7b-8af4718b74e1,Hauptstraße 36,2025-07-03 00:00:00+00:00,0.011877398406969199
3481,b8419dcf-9ac6-4dab-9a7b-8af4718b74e1,Hauptstraße 36,2025-07-03 01:00:00+00:00,0.011342407391910255
3482,b8419dcf-9ac6-4dab-9a7b-8af4718b74e1,Hauptstraße 36,2025-07-03 02:00:00+00:00,0.011655329345880707
3483,b8419dcf-9ac6-4dab-9a7b-8af4718b74e1,Hauptstraße 36,2025-07-03 03:00:00+00:00,0.012412043118405316
3484,b8419dcf-9ac6-4dab-9a7b-8af4718b74e1,Hauptstraße 36,2025-07-03 04:00:00+00:00,0.01314967963735214
3485,b8419dcf-9ac6-4dab-9a7b-8af4718b74e1,Hauptstraße 36,2025-07-03 05:00:00+00:00,0.00951829036276969
3486,b8419dcf-9ac6-4dab-9a7b-8af4718b74e1,Hauptstraße 36,2025-07-03 06:00:00+00:00,0.008781310870073805
3487,b8419dcf-9ac6-4dab-9a7b-8af4718b74e1,Hauptstraße 36,2025-07-03 07:00:00+00:00,0.00988336120124415
3488,b8419dcf-9ac6-4dab-9a7b-8af4718b74e1,Hauptstraße 36,2025-07-03 08:00:00+00:00,0.010210425925863615
3489,b8419dcf-9ac6-4dab-9a7b-8af4718b74e1,Hauptstraße 36,2025-07-03 09:00:00+00:00,0.010888702942813359
3490,b8419dcf-9ac6-4dab-9a7b-8af4718b74e1,Hauptstraße 36,2025-07-03 10:00:00+00:00,0.01297667440165458
3491,b8419dcf-9ac6-4dab-9a7b-8af4718b74e1,Hauptstraße 36,2025-07-03 11:00:00+00:00,0.013801129853000431
3492,b8419dcf-9ac6-4dab-9a7b-8af4718b74e1,Hauptstraße 36,2025-07-03 12:00:00+00:00,0.012742156486123871
3493,b8419dcf-9ac6-4dab-9a7b-8af4718b74e1,Hauptstraße 36,2025-07-03 13:00:00+00:00,0.012986223581585871
3494,b8419dcf-9ac6-4dab-9a7b-8af4718b74e1,Hauptstraße 36,2025-07-03 14:00:00+00:00,0.013251386206259022
3495,b8419dcf-9ac6-4dab-9a7b-8af4718b74e1,Hauptstraße 36,2025-07-03 15:00:00+00:00,0.012266909165355307
3496,b8419dcf-9ac6-4dab-9a7b-8af4718b74e1,Hauptstraße 36,2025-07-03 16:00:00+00:00,0.015857163117240048
3497,b8419dcf-9ac6-4dab-9a7b-8af4718b74e1,Hauptstraße 36,2025-07-03 17:00:00+00:00,0.014356006592460847
3498,b8419dcf-9ac6-4dab-9a7b-8af4718b74e1,Hauptstraße 36,2025-07-03 18:00:00+00:00,0.013669087857943536
3499,b8419dcf-9ac6-4dab-9a7b-8af4718b74e1,Hauptstraße 36,2025-07-03 19:00:00+00:00,0.013182317146090748
3500,b8419dcf-9ac6-4dab-9a7b-8af4718b74e1,Hauptstraße 36,2025-07-03 20:00:00+00:00,0.012719779151040281
3501,b8419dcf-9ac6-4dab-9a7b-8af4718b74e1,Hauptstraße 36,2025-07-03 21:00:00+00:00,0.012184802256462493
3502,b8419dcf-9ac6-4dab-9a7b-8af4718b74e1,Hauptstraße 36,2025-07-03 22:00:00+00:00,0.011936429706412573
3503,b8419dcf-9ac6-4dab-9a7b-8af4718b74e1,Hauptstraße 36,2025-07-03 23:00:00+00:00,0.012070392680110249
3504,b8419dcf-9ac6-4dab-9a7b-8af4718b74e1,Hauptstraße 36,2025-07-04 00:00:00+00:00,0.011924077761439356
3505,b8419dcf-9ac6-4dab-9a7b-8af4718b74e1,Hauptstraße 36,2025-07-04 01:00:00+00:00,0.012245997032010743
3506,b8419dcf-9ac6-4dab-9a7b-8af4718b74e1,Hauptstraße 36,2025-07-04 02:00:00+00:00,0.011670207859896609
3507,b8419dcf-9ac6-4dab-9a7b-8af4718b74e1,Hauptstraße 36,2025-07-04 03:00:00+00:00,0.010884789340162916
3508,b8419dcf-9ac6-4dab-9a7b-8af4718b74e1,Hauptstraße 36,2025-07-04 04:00:00+00:00,0.010532445379949703
3509,b8419dcf-9ac6-4dab-9a7b-8af4718b74e1,Hauptstraße 36,2025-07-04 05:00:00+00:00,0.010760689170337045
3510,b8419dcf-9ac6-4dab-9a7b-8af4718b74e1,Hauptstraße 36,2025-07-04 06:00:00+00:00,0.010631346545703368
3511,b8419dcf-9ac6-4dab-9a7b-8af4718b74e1,Hauptstraße 36,2025-07-04 07:00:00+00:00,0.012402830851634523
3512,b8419dcf-9ac6-4dab-9a7b-8af4718b74e1,Hauptstraße 36,2025-07-04 08:00:00+00:00,0.01532763985673404
3513,b8419dcf-9ac6-4dab-9a7b-8af4718b74e1,Hauptstraße 36,2025-07-04 09:00:00+00:00,0.016789138649191196
3514,b8419dcf-9ac6-4dab-9a7b-8af4718b74e1,Hauptstraße 36,2025-07-04 10:00:00+00:00,0.018325156814590744
3515,b8419dcf-9ac6-4dab-9a7b-8af4718b74e1,Hauptstraße 36,2025-07-04 11:00:00+00:00,0.020954952998221955
3516,b8419dcf-9ac6-4dab-9a7b-8af4718b74e1,Hauptstraße 36,2025-07-04 12:00:00+00:00,0.02318771453119619
3517,b8419dcf-9ac6-4dab-9a7b-8af4718b74e1,Hauptstraße 36,2025-07-04 13:00:00+00:00,0.03609703194763759
3518,b8419dcf-9ac6-4dab-9a7b-8af4718b74e1,Hauptstraße 36,2025-07-04 14:00:00+00:00,0.04906551928124706
3519,b8419dcf-9ac6-4dab-9a7b-8af4718b74e1,Hauptstraße 36,2025-07-04 15:00:00+00:00,0.05895872482617569
3520,b8419dcf-9ac6-4dab-9a7b-8af4718b74e1,Hauptstraße 36,2025-07-04 16:00:00+00:00,0.05457891613698314
3521,b8419dcf-9ac6-4dab-9a7b-8af4718b74e1,Hauptstraße 36,2025-07-04 17:00:00+00:00,0.05166081725818324
3522,b8419dcf-9ac6-4dab-9a7b-8af4718b74e1,Hauptstraße 36,2025-07-04 18:00:00+00:00,0.04984149387936877
3523,b8419dcf-9ac6-4dab-9a7b-8af4718b74e1,Hauptstraße 36,2025-07-04 19:00:00+00:00,0.04611975794693009
3524,b8419dcf-9ac6-4dab-9a7b-8af4718b74e1,Hauptstraße 36,2025-07-04 20:00:00+00:00,0.043154235329962515
3525,b8419dcf-9ac6-4dab-9a7b-8af4718b74e1,Hauptstraße 36,2025-07-04 21:00:00+00:00,0.04077685095730315
3526,b8419dcf-9ac6-4dab-9a7b-8af4718b74e1,Hauptstraße 36,2025-07-04 22:00:00+00:00,0.03984211713044867
3527,b8419dcf-9ac6-4dab-9a7b-8af4718b74e1,Hauptstraße 36,2025-07-04 23:00:00+00:00,0.03925885372753409
3528,b8419dcf-9ac6-4dab-9a7b-8af4718b74e1,Hauptstraße 36,2025-07-05 00:00:00+00:00,0.03787569092150813
3529,b8419dcf-9ac6-4dab-9a7b-8af4718b74e1,Hauptstraße 36,2025-07-05 01:00:00+00:00,0.039762252491959124
3530,b8419dcf-9ac6-4dab-9a7b-8af4718b74e1,Hauptstraße 36,2025-07-05 02:00:00+00:00,0.0411539183545812
3531,b8419dcf-9ac6-4dab-9a7b-8af4718b74e1,Hauptstraße 36,2025-07-05 03:00:00+00:00,0.04279257550559233
3532,b8419dcf-9ac6-4dab-9a7b-8af4718b74e1,Hauptstraße 36,2025-07-05 04:00:00+00:00,0.04545624411991942
3533,b8419dcf-9ac6-4dab-9a7b-8af4718b74e1,Hauptstraße 36,2025-07-05 05:00:00+00:00,0.04662357834224181
3534,b8419dcf-9ac6-4dab-9a7b-8af4718b74e1,Hauptstraße 36,2025-07-05 06:00:00+00:00,0.047756871343720836
3535,b8419dcf-9ac6-4dab-9a7b-8af4718b74e1,Hauptstraße 36,2025-07-05 07:00:00+00:00,0.05070940094144058
3536,b8419dcf-9ac6-4dab-9a7b-8af4718b74e1,Hauptstraße 36,2025-07-05 08:00:00+00:00,0.053768572706205546
3537,b8419dcf-9ac6-4dab-9a7b-8af4718b74e1,Hauptstraße 36,2025-07-05 09:00:00+00:00,0.04788047944872244
3538,b8419dcf-9ac6-4dab-9a7b-8af4718b74e1,Hauptstraße 36,2025-07-05 10:00:00+00:00,0.056421318078904194
3539,b8419dcf-9ac6-4dab-9a7b-8af4718b74e1,Hauptstraße 36,2025-07-05 11:00:00+00:00,0.056631969132983705
3540,b8419dcf-9ac6-4dab-9a7b-8af4718b74e1,Hauptstraße 36,2025-07-05 12:00:00+00:00,0.0549212918735485
3541,b8419dcf-9ac6-4dab-9a7b-8af4718b74e1,Hauptstraße 36,2025-07-05 13:00:00+00:00,0.04715071824040556
3542,b8419dcf-9ac6-4dab-9a7b-8af4718b74e1,Hauptstraße 36,2025-07-05 14:00:00+00:00,0.03467041944031526
3543,b8419dcf-9ac6-4dab-9a7b-8af4718b74e1,Hauptstraße 36,2025-07-05 15:00:00+00:00,0.030485512347784828
3544,b8419dcf-9ac6-4dab-9a7b-8af4718b74e1,Hauptstraße 36,2025-07-05 16:00:00+00:00,0.02649322452959683
3545,b8419dcf-9ac6-4dab-9a7b-8af4718b74e1,Hauptstraße 36,2025-07-05 17:00:00+00:00,0.02442657028916675
3546,b8419dcf-9ac6-4dab-9a7b-8af4718b74e1,Hauptstraße 36,2025-07-05 18:00:00+00:00,0.023847162148553796
3547,b8419dcf-9ac6-4dab-9a7b-8af4718b74e1,Hauptstraße 36,2025-07-05 19:00:00+00:00,0.024241398169410514
3548,b8419dcf-9ac6-4dab-9a7b-8af4718b74e1,Hauptstraße 36,2025-07-05 20:00:00+00:00,0.023155254349975445
3549,b8419dcf-9ac6-4dab-9a7b-8af4718b74e1,Hauptstraße 36,2025-07-05 21:00:00+00:00,0.022152200247416962
3550,b8419dcf-9ac6-4dab-9a7b-8af4718b74e1,Hauptstraße 36,2025-07-05 22:00:00+00:00,0.03182531982323878
3551,b8419dcf-9ac6-4dab-9a7b-8af4718b74e1,Hauptstraße 36,2025-07-05 23:00:00+00:00,0.03410933840984545
3552,b8419dcf-9ac6-4dab-9a7b-8af4718b74e1,Hauptstraße 36,2025-07-06 00:00:00+00:00,0.035417924616257056
3553,b8419dcf-9ac6-4dab-9a7b-8af4718b74e1,Hauptstraße 36,2025-07-06 01:00:00+00:00,0.03560582070287446
3554,b8419dcf-9ac6-4dab-9a7b-8af4718b74e1,Hauptstraße 36,2025-07-06 02:00:00+00:00,0.036009449840369266
3555,b8419dcf-9ac6-4dab-9a7b-8af4718b74e1,Hauptstraße 36,2025-07-06 03:00:00+00:00,0.03789397927843401
3556,b8419dcf-9ac6-4dab-9a7b-8af4718b74e1,Hauptstraße 36,2025-07-06 04:00:00+00:00,0.03844384294305057
3557,b8419dcf-9ac6-4dab-9a7b-8af4718b74e1,Hauptstraße 36,2025-07-06 05:00:00+00:00,0.03876285688113032
3558,b8419dcf-9ac6-4dab-9a7b-8af4718b74e1,Hauptstraße 36,2025-07-06 06:00:00+00:00,0.0384124594404516
3559,b8419dcf-9ac6-4dab-9a7b-8af4718b74e1,Hauptstraße 36,2025-07-06 07:00:00+00:00,0.037540906696972846
3560,b8419dcf-9ac6-4dab-9a7b-8af4718b74e1,Hauptstraße 36,2025-07-06 08:00:00+00:00,0.03292646478029747
3561,b8419dcf-9ac6-4dab-9a7b-8af4718b74e1,Hauptstraße 36,2025-07-06 09:00:00+00:00,0.03822644709371528
3562,b8419dcf-9ac6-4dab-9a7b-8af4718b74e1,Hauptstraße 36,2025-07-06 10:00:00+00:00,0.026622131004008603
3563,b8419dcf-9ac6-4dab-9a7b-8af4718b74e1,Hauptstraße 36,2025-07-06 11:00:00+00:00,0.02813402822041918
3564,b8419dcf-9ac6-4dab-9a7b-8af4718b74e1,Hauptstraße 36,2025-07-06 12:00:00+00:00,0.027445054183421823
3565,b8419dcf-9ac6-4dab-9a7b-8af4718b74e1,Hauptstraße 36,2025-07-06 13:00:00+00:00,0.025153457409941005
3566,b8419dcf-9ac6-4dab-9a7b-8af4718b74e1,Hauptstraße 36,2025-07-06 14:00:00+00:00,0.027828838177098986
3567,b8419dcf-9ac6-4dab-9a7b-8af4718b74e1,Hauptstraße 36,2025-07-06 15:00:00+00:00,0.02788012226631355
3568,b8419dcf-9ac6-4dab-9a7b-8af4718b74e1,Hauptstraße 36,2025-07-06 16:00:00+00:00,0.029803864156749554
3569,b8419dcf-9ac6-4dab-9a7b-8af4718b74e1,Hauptstraße 36,2025-07-06 17:00:00+00:00,0.02859719803249473
3570,b8419dcf-9ac6-4dab-9a7b-8af4718b74e1,Hauptstraße 36,2025-07-06 18:00:00+00:00,0.027995841997350522
3571,b8419dcf-9ac6-4dab-9a7b-8af4718b74e1,Hauptstraße 36,2025-07-06 19:00:00+00:00,0.0271896555966927
3572,b8419dcf-9ac6-4dab-9a7b-8af4718b74e1,Hauptstraße 36,2025-07-06 20:00:00+00:00,0.027119389988081433
3573,b8419dcf-9ac6-4dab-9a7b-8af4718b74e1,Hauptstraße 36,2025-07-06 21:00:00+00:00,0.02511074003767042
3574,b8419dcf-9ac6-4dab-9a7b-8af4718b74e1,Hauptstraße 36,2025-07-06 22:00:00+00:00,0.016313895916404936
3575,b8419dcf-9ac6-4dab-9a7b-8af4718b74e1,Hauptstraße 36,2025-07-06 23:00:00+00:00,0.020082202958828798
3576,b8419dcf-9ac6-4dab-9a7b-8af4718b74e1,Hauptstraße 36,2025-07-07 00:00:00+00:00,0.02357042418723019
3577,b8419dcf-9ac6-4dab-9a7b-8af4718b74e1,Hauptstraße 36,2025-07-07 01:00:00+00:00,0.02442035652347776
3578,b8419dcf-9ac6-4dab-9a7b-8af4718b74e1,Hauptstraße 36,2025-07-07 02:00:00+00:00,0.024450790489130948
3579,b8419dcf-9ac6-4dab-9a7b-8af4718b74e1,Hauptstraße 36,2025-07-07 03:00:00+00:00,0.02290274178560684
3580,b8419dcf-9ac6-4dab-9a7b-8af4718b74e1,Hauptstraße 36,2025-07-07 04:00:00+00:00,0.02311295757269852
3581,b8419dcf-9ac6-4dab-9a7b-8af4718b74e1,Hauptstraße 36,2025-07-07 05:00:00+00:00,0.023544203227652553
3582,b8419dcf-9ac6-4dab-9a7b-8af4718b74e1,Hauptstraße 36,2025-07-07 06:00:00+00:00,0.023124439405487494
3583,b8419dcf-9ac6-4dab-9a7b-8af4718b74e1,Hauptstraße 36,2025-07-07 07:00:00+00:00,0.024509199065928373
3584,b8419dcf-9ac6-4dab-9a7b-8af4718b74e1,Hauptstraße 36,2025-07-07 08:00:00+00:00,0.022779010137590917
3585,b8419dcf-9ac6-4dab-9a7b-8af4718b74e1,Hauptstraße 36,2025-07-07 09:00:00+00:00,0.02238568968601733
3586,b8419dcf-9ac6-4dab-9a7b-8af4718b74e1,Hauptstraße 36,2025-07-07 10:00:00+00:00,0.024624601392303314
3587,b8419dcf-9ac6-4dab-9a7b-8af4718b74e1,Hauptstraße 36,2025-07-07 11:00:00+00:00,0.024831086509909638
3588,b8419dcf-9ac6-4dab-9a7b-8af4718b74e1,Hauptstraße 36,2025-07-07 12:00:00+00:00,0.027533306055380076
3589,b8419dcf-9ac6-4dab-9a7b-8af4718b74e1,Hauptstraße 36,2025-07-07 13:00:00+00:00,0.0321591661456831
3590,b8419dcf-9ac6-4dab-9a7b-8af4718b74e1,Hauptstraße 36,2025-07-07 14:00:00+00:00,0.028810810705335643
3591,b8419dcf-9ac6-4dab-9a7b-8af4718b74e1,Hauptstraße 36,2025-07-07 15:00:00+00:00,0.02532728901227694
3592,b8419dcf-9ac6-4dab-9a7b-8af4718b74e1,Hauptstraße 36,2025-07-07 16:00:00+00:00,0.02491992395965804
3593,b8419dcf-9ac6-4dab-9a7b-8af4718b74e1,Hauptstraße 36,2025-07-07 17:00:00+00:00,0.025100073498722467
3594,b8419dcf-9ac6-4dab-9a7b-8af4718b74e1,Hauptstraße 36,2025-07-07 18:00:00+00:00,0.02519829368227331
3595,b8419dcf-9ac6-4dab-9a7b-8af4718b74e1,Hauptstraße 36,2025-07-07 19:00:00+00:00,0.025109390838728422
3596,b8419dcf-9ac6-4dab-9a7b-8af4718b74e1,Hauptstraße 36,2025-07-07 20:00:00+00:00,0.02640793244595508
3597,b8419dcf-9ac6-4dab-9a7b-8af4718b74e1,Hauptstraße 36,2025-07-07 21:00:00+00:00,0.027116951822172886
3598,b8419dcf-9ac6-4dab-9a7b-8af4718b74e1,Hauptstraße 36,2025-07-07 22:00:00+00:00,0.028252862638160913
3599,b8419dcf-9ac6-4dab-9a7b-8af4718b74e1,Hauptstraße 36,2025-07-07 23:00:00+00:00,0.024177929767580753
3600,b8419dcf-9ac6-4dab-9a7b-8af4718b74e1,Hauptstraße 36,2025-07-08 00:00:00+00:00,0.02157997177080813
3601,b8419dcf-9ac6-4dab-9a7b-8af4718b74e1,Hauptstraße 36,2025-07-08 01:00:00+00:00,0.018872268028698753
3602,b8419dcf-9ac6-4dab-9a7b-8af4718b74e1,Hauptstraße 36,2025-07-08 02:00:00+00:00,0.018026593658138444
3603,b8419dcf-9ac6-4dab-9a7b-8af4718b74e1,Hauptstraße 36,2025-07-08 03:00:00+00:00,0.017866014353280276
3604,b8419dcf-9ac6-4dab-9a7b-8af4718b74e1,Hauptstraße 36,2025-07-08 04:00:00+00:00,0.01798094456944899
3605,b8419dcf-9ac6-4dab-9a7b-8af4718b74e1,Hauptstraße 36,2025-07-08 05:00:00+00:00,0.018940905035367595
3606,b8419dcf-9ac6-4dab-9a7b-8af4718b74e1,Hauptstraße 36,2025-07-08 06:00:00+00:00,0.018631670905870822
3607,b8419dcf-9ac6-4dab-9a7b-8af4718b74e1,Hauptstraße 36,2025-07-08 07:00:00+00:00,0.016879142858634233
3608,b8419dcf-9ac6-4dab-9a7b-8af4718b74e1,Hauptstraße 36,2025-07-08 08:00:00+00:00,0.016393493407113605
3609,b8419dcf-9ac6-4dab-9a7b-8af4718b74e1,Hauptstraße 36,2025-07-08 09:00:00+00:00,0.01813150482567911
3610,b8419dcf-9ac6-4dab-9a7b-8af4718b74e1,Hauptstraße 36,2025-07-08 10:00:00+00:00,0.018184719264197437
3611,b8419dcf-9ac6-4dab-9a7b-8af4718b74e1,Hauptstraße 36,2025-07-08 11:00:00+00:00,0.017695209180703938
3612,b8419dcf-9ac6-4dab-9a7b-8af4718b74e1,Hauptstraße 36,2025-07-08 12:00:00+00:00,0.019793157947851435
3613,b8419dcf-9ac6-4dab-9a7b-8af4718b74e1,Hauptstraße 36,2025-07-08 13:00:00+00:00,0.020482197054308406
3614,b8419dcf-9ac6-4dab-9a7b-8af4718b74e1,Hauptstraße 36,2025-07-08 14:00:00+00:00,0.019430700860176422
3615,b8419dcf-9ac6-4dab-9a7b-8af4718b74e1,Hauptstraße 36,2025-07-08 15:00:00+00:00,0.019019742283818676
3616,b8419dcf-9ac6-4dab-9a7b-8af4718b74e1,Hauptstraße 36,2025-07-08 16:00:00+00:00,0.019354965800660578
3617,b8419dcf-9ac6-4dab-9a7b-8af4718b74e1,Hauptstraße 36,2025-07-08 17:00:00+00:00,0.01801184060882052
3618,b8419dcf-9ac6-4dab-9a7b-8af4718b74e1,Hauptstraße 36,2025-07-08 18:00:00+00:00,0.017660323337890624
3619,b8419dcf-9ac6-4dab-9a7b-8af4718b74e1,Hauptstraße 36,2025-07-08 19:00:00+00:00,0.016457973886711257
3620,b8419dcf-9ac6-4dab-9a7b-8af4718b74e1,Hauptstraße 36,2025-07-08 20:00:00+00:00,0.015527619828839566
3621,b8419dcf-9ac6-4dab-9a7b-8af4718b74e1,Hauptstraße 36,2025-07-08 21:00:00+00:00,0.015039361447891964
3622,b8419dcf-9ac6-4dab-9a7b-8af4718b74e1,Hauptstraße 36,2025-07-08 22:00:00+00:00,0.01496255552906469
3623,b8419dcf-9ac6-4dab-9a7b-8af4718b74e1,Hauptstraße 36,2025-07-08 23:00:00+00:00,0.014487034886210403
3624,b8419dcf-9ac6-4dab-9a7b-8af4718b74e1,Hauptstraße 36,2025-07-09 00:00:00+00:00,0.01685370443439335
3625,b8419dcf-9ac6-4dab-9a7b-8af4718b74e1,Hauptstraße 36,2025-07-09 01:00:00+00:00,0.01715892492376446
3626,b8419dcf-9ac6-4dab-9a7b-8af4718b74e1,Hauptstraße 36,2025-07-09 02:00:00+00:00,0.016691523661405805
3627,b8419dcf-9ac6-4dab-9a7b-8af4718b74e1,Hauptstraße 36,2025-07-09 03:00:00+00:00,0.015736485083655435
3628,b8419dcf-9ac6-4dab-9a7b-8af4718b74e1,Hauptstraße 36,2025-07-09 04:00:00+00:00,0.015177092817391373
3629,b8419dcf-9ac6-4dab-9a7b-8af4718b74e1,Hauptstraße 36,2025-07-09 05:00:00+00:00,0.016339394058211453
3630,b8419dcf-9ac6-4dab-9a7b-8af4718b74e1,Hauptstraße 36,2025-07-09 06:00:00+00:00,0.015564329942598343
3631,b8419dcf-9ac6-4dab-9a7b-8af4718b74e1,Hauptstraße 36,2025-07-09 07:00:00+00:00,0.015353090065757163
3632,b8419dcf-9ac6-4dab-9a7b-8af4718b74e1,Hauptstraße 36,2025-07-09 08:00:00+00:00,0.01898371818885061
3633,b8419dcf-9ac6-4dab-9a7b-8af4718b74e1,Hauptstraße 36,2025-07-09 09:00:00+00:00,0.021026141903612985
3634,b8419dcf-9ac6-4dab-9a7b-8af4718b74e1,Hauptstraße 36,2025-07-09 10:00:00+00:00,0.022544312855830338
3635,b8419dcf-9ac6-4dab-9a7b-8af4718b74e1,Hauptstraße 36,2025-07-09 11:00:00+00:00,0.02028808091573796
3636,b8419dcf-9ac6-4dab-9a7b-8af4718b74e1,Hauptstraße 36,2025-07-09 12:00:00+00:00,0.020228283977288507
3637,b8419dcf-9ac6-4dab-9a7b-8af4718b74e1,Hauptstraße 36,2025-07-09 13:00:00+00:00,0.020555511983412034
3638,b8419dcf-9ac6-4dab-9a7b-8af4718b74e1,Hauptstraße 36,2025-07-09 14:00:00+00:00,0.020280770500940674
3639,b8419dcf-9ac6-4dab-9a7b-8af4718b74e1,Hauptstraße 36,2025-07-09 15:00:00+00:00,0.019658203401754077
3640,b8419dcf-9ac6-4dab-9a7b-8af4718b74e1,Hauptstraße 36,2025-07-09 16:00:00+00:00,0.015072831887381698
3641,b8419dcf-9ac6-4dab-9a7b-8af4718b74e1,Hauptstraße 36,2025-07-09 17:00:00+00:00,0.016098051898976125
3642,b8419dcf-9ac6-4dab-9a7b-8af4718b74e1,Hauptstraße 36,2025-07-09 18:00:00+00:00,0.016445682338835258
3643,b8419dcf-9ac6-4dab-9a7b-8af4718b74e1,Hauptstraße 36,2025-07-09 19:00:00+00:00,0.01679243260689248
3644,b8419dcf-9ac6-4dab-9a7b-8af4718b74e1,Hauptstraße 36,2025-07-09 20:00:00+00:00,0.01682502385717063
3645,b8419dcf-9ac6-4dab-9a7b-8af4718b74e1,Hauptstraße 36,2025-07-09 21:00:00+00:00,0.017128376280841028
3646,b8419dcf-9ac6-4dab-9a7b-8af4718b74e1,Hauptstraße 36,2025-07-09 22:00:00+00:00,0.01684051990791986
3647,b8419dcf-9ac6-4dab-9a7b-8af4718b74e1,Hauptstraße 36,2025-07-09 23:00:00+00:00,0.01682634005629254
3648,b8419dcf-9ac6-4dab-9a7b-8af4718b74e1,Hauptstraße 36,2025-07-10 00:00:00+00:00,0.01399543563046832
3649,b8419dcf-9ac6-4dab-9a7b-8af4718b74e1,Hauptstraße 36,2025-07-10 01:00:00+00:00,0.013132742160239344
3650,b8419dcf-9ac6-4dab-9a7b-8af4718b74e1,Hauptstraße 36,2025-07-10 02:00:00+00:00,0.012837999350649285
3651,b8419dcf-9ac6-4dab-9a7b-8af4718b74e1,Hauptstraße 36,2025-07-10 03:00:00+00:00,0.012847801350993714
3652,b8419dcf-9ac6-4dab-9a7b-8af4718b74e1,Hauptstraße 36,2025-07-10 04:00:00+00:00,0.013058714008144187
3653,b8419dcf-9ac6-4dab-9a7b-8af4718b74e1,Hauptstraße 36,2025-07-10 05:00:00+00:00,0.009256905973320384
3654,b8419dcf-9ac6-4dab-9a7b-8af4718b74e1,Hauptstraße 36,2025-07-10 06:00:00+00:00,0.008358982489084659
3655,b8419dcf-9ac6-4dab-9a7b-8af4718b74e1,Hauptstraße 36,2025-07-10 07:00:00+00:00,0.00875974959651125
3656,b8419dcf-9ac6-4dab-9a7b-8af4718b74e1,Hauptstraße 36,2025-07-10 08:00:00+00:00,0.009952208273779828
3657,b8419dcf-9ac6-4dab-9a7b-8af4718b74e1,Hauptstraße 36,2025-07-10 09:00:00+00:00,0.009945458176889539
3658,b8419dcf-9ac6-4dab-9a7b-8af4718b74e1,Hauptstraße 36,2025-07-10 10:00:00+00:00,0.011464099683042905
3659,b8419dcf-9ac6-4dab-9a7b-8af4718b74e1,Hauptstraße 36,2025-07-10 11:00:00+00:00,0.012468905176358751
3660,b8419dcf-9ac6-4dab-9a7b-8af4718b74e1,Hauptstraße 36,2025-07-10 12:00:00+00:00,0.014208710184526996
3661,b8419dcf-9ac6-4dab-9a7b-8af4718b74e1,Hauptstraße 36,2025-07-10 13:00:00+00:00,0.014382202529740533
3662,b8419dcf-9ac6-4dab-9a7b-8af4718b74e1,Hauptstraße 36,2025-07-10 14:00:00+00:00,0.014243951919013873
3663,b8419dcf-9ac6-4dab-9a7b-8af4718b74e1,Hauptstraße 36,2025-07-10 15:00:00+00:00,0.012823283642593112
3664,b8419dcf-9ac6-4dab-9a7b-8af4718b74e1,Hauptstraße 36,2025-07-10 16:00:00+00:00,0.012442900911582231
3665,b8419dcf-9ac6-4dab-9a7b-8af4718b74e1,Hauptstraße 36,2025-07-10 17:00:00+00:00,0.01272126397022646
3666,b8419dcf-9ac6-4dab-9a7b-8af4718b74e1,Hauptstraße 36,2025-07-10 18:00:00+00:00,0.01216068775169148
3667,b8419dcf-9ac6-4dab-9a7b-8af4718b74e1,Hauptstraße 36,2025-07-10 19:00:00+00:00,0.011643636881816959
3668,b8419dcf-9ac6-4dab-9a7b-8af4718b74e1,Hauptstraße 36,2025-07-10 20:00:00+00:00,0.01088212861436313
3669,b8419dcf-9ac6-4dab-9a7b-8af4718b74e1,Hauptstraße 36,2025-07-10 21:00:00+00:00,0.009430159360415292
3670,b8419dcf-9ac6-4dab-9a7b-8af4718b74e1,Hauptstraße 36,2025-07-10 22:00:00+00:00,0.00899457036460228
3671,b8419dcf-9ac6-4dab-9a7b-8af4718b74e1,Hauptstraße 36,2025-07-10 23:00:00+00:00,0.007932831411461377
3672,b8419dcf-9ac6-4dab-9a7b-8af4718b74e1,Hauptstraße 36,2025-07-11 00:00:00+00:00,0.007863297566193642
3673,b8419dcf-9ac6-4dab-9a7b-8af4718b74e1,Hauptstraße 36,2025-07-11 01:00:00+00:00,0.007650459312743098
3674,b8419dcf-9ac6-4dab-9a7b-8af4718b74e1,Hauptstraße 36,2025-07-11 02:00:00+00:00,0.007510189745540437
3675,b8419dcf-9ac6-4dab-9a7b-8af4718b74e1,Hauptstraße 36,2025-07-11 03:00:00+00:00,0.007087084093248277
3676,b8419dcf-9ac6-4dab-9a7b-8af4718b74e1,Hauptstraße 36,2025-07-11 04:00:00+00:00,0.006875860178007774
3677,b8419dcf-9ac6-4dab-9a7b-8af4718b74e1,Hauptstraße 36,2025-07-11 05:00:00+00:00,0.0050404394324782865
3678,b8419dcf-9ac6-4dab-9a7b-8af4718b74e1,Hauptstraße 36,2025-07-11 06:00:00+00:00,0.004722176532623296
3679,b8419dcf-9ac6-4dab-9a7b-8af4718b74e1,Hauptstraße 36,2025-07-11 07:00:00+00:00,0.004894466589092197
3680,b8419dcf-9ac6-4dab-9a7b-8af4718b74e1,Hauptstraße 36,2025-07-11 08:00:00+00:00,0.00929434066266359
3681,b8419dcf-9ac6-4dab-9a7b-8af4718b74e1,Hauptstraße 36,2025-07-11 09:00:00+00:00,0.010207290271228976
3682,b8419dcf-9ac6-4dab-9a7b-8af4718b74e1,Hauptstraße 36,2025-07-11 10:00:00+00:00,0.010916718829626143
3683,b8419dcf-9ac6-4dab-9a7b-8af4718b74e1,Hauptstraße 36,2025-07-11 11:00:00+00:00,0.014101268691549325
3684,b8419dcf-9ac6-4dab-9a7b-8af4718b74e1,Hauptstraße 36,2025-07-11 12:00:00+00:00,0.01642178559829808
3685,b8419dcf-9ac6-4dab-9a7b-8af4718b74e1,Hauptstraße 36,2025-07-11 13:00:00+00:00,0.028829887777957593
3686,b8419dcf-9ac6-4dab-9a7b-8af4718b74e1,Hauptstraße 36,2025-07-11 14:00:00+00:00,0.03898975595954826
3687,b8419dcf-9ac6-4dab-9a7b-8af4718b74e1,Hauptstraße 36,2025-07-11 15:00:00+00:00,0.050948738309297095
3688,b8419dcf-9ac6-4dab-9a7b-8af4718b74e1,Hauptstraße 36,2025-07-11 16:00:00+00:00,0.05085695067206973
3689,b8419dcf-9ac6-4dab-9a7b-8af4718b74e1,Hauptstraße 36,2025-07-11 17:00:00+00:00,0.04992146607633421
3690,b8419dcf-9ac6-4dab-9a7b-8af4718b74e1,Hauptstraße 36,2025-07-11 18:00:00+00:00,0.04618883302906804
3691,b8419dcf-9ac6-4dab-9a7b-8af4718b74e1,Hauptstraße 36,2025-07-11 19:00:00+00:00,0.04356519733613684
3692,b8419dcf-9ac6-4dab-9a7b-8af4718b74e1,Hauptstraße 36,2025-07-11 20:00:00+00:00,0.03979814748019564
3693,b8419dcf-9ac6-4dab-9a7b-8af4718b74e1,Hauptstraße 36,2025-07-11 21:00:00+00:00,0.03805394004962415
3694,b8419dcf-9ac6-4dab-9a7b-8af4718b74e1,Hauptstraße 36,2025-07-11 22:00:00+00:00,0.037795691147560234
3695,b8419dcf-9ac6-4dab-9a7b-8af4718b74e1,Hauptstraße 36,2025-07-11 23:00:00+00:00,0.037933931017395305
3696,b8419dcf-9ac6-4dab-9a7b-8af4718b74e1,Hauptstraße 36,2025-07-12 00:00:00+00:00,0.03653798761351901
3697,b8419dcf-9ac6-4dab-9a7b-8af4718b74e1,Hauptstraße 36,2025-07-12 01:00:00+00:00,0.037755095852249426
3698,b8419dcf-9ac6-4dab-9a7b-8af4718b74e1,Hauptstraße 36,2025-07-12 02:00:00+00:00,0.039605822237767575
3699,b8419dcf-9ac6-4dab-9a7b-8af4718b74e1,Hauptstraße 36,2025-07-12 03:00:00+00:00,0.04141834289625678
3700,b8419dcf-9ac6-4dab-9a7b-8af4718b74e1,Hauptstraße 36,2025-07-12 04:00:00+00:00,0.04365576542249753
3701,b8419dcf-9ac6-4dab-9a7b-8af4718b74e1,Hauptstraße 36,2025-07-12 05:00:00+00:00,0.04629814604107061
3702,b8419dcf-9ac6-4dab-9a7b-8af4718b74e1,Hauptstraße 36,2025-07-12 06:00:00+00:00,0.048140707065775876
3703,b8419dcf-9ac6-4dab-9a7b-8af4718b74e1,Hauptstraße 36,2025-07-12 07:00:00+00:00,0.05133440517532891
3704,b8419dcf-9ac6-4dab-9a7b-8af4718b74e1,Hauptstraße 36,2025-07-12 08:00:00+00:00,0.055484751949241455
3705,b8419dcf-9ac6-4dab-9a7b-8af4718b74e1,Hauptstraße 36,2025-07-12 09:00:00+00:00,0.05043979583670815
3706,b8419dcf-9ac6-4dab-9a7b-8af4718b74e1,Hauptstraße 36,2025-07-12 10:00:00+00:00,0.048160380942782084
3707,b8419dcf-9ac6-4dab-9a7b-8af4718b74e1,Hauptstraße 36,2025-07-12 11:00:00+00:00,0.04811532739928035
3708,b8419dcf-9ac6-4dab-9a7b-8af4718b74e1,Hauptstraße 36,2025-07-12 12:00:00+00:00,0.04430175181085542
3709,b8419dcf-9ac6-4dab-9a7b-8af4718b74e1,Hauptstraße 36,2025-07-12 13:00:00+00:00,0.038744143217069475
3710,b8419dcf-9ac6-4dab-9a7b-8af4718b74e1,Hauptstraße 36,2025-07-12 14:00:00+00:00,0.029456932345969064
3711,b8419dcf-9ac6-4dab-9a7b-8af4718b74e1,Hauptstraße 36,2025-07-12 15:00:00+00:00,0.02532484886228583
3712,b8419dcf-9ac6-4dab-9a7b-8af4718b74e1,Hauptstraße 36,2025-07-12 16:00:00+00:00,0.022563994798058925
3713,b8419dcf-9ac6-4dab-9a7b-8af4718b74e1,Hauptstraße 36,2025-07-12 17:00:00+00:00,0.01987325589093284
3714,b8419dcf-9ac6-4dab-9a7b-8af4718b74e1,Hauptstraße 36,2025-07-12 18:00:00+00:00,0.018801780439022073
3715,b8419dcf-9ac6-4dab-9a7b-8af4718b74e1,Hauptstraße 36,2025-07-12 19:00:00+00:00,0.01771965658522094
3716,b8419dcf-9ac6-4dab-9a7b-8af4718b74e1,Hauptstraße 36,2025-07-12 20:00:00+00:00,0.017648656980356305
3717,b8419dcf-9ac6-4dab-9a7b-8af4718b74e1,Hauptstraße 36,2025-07-12 21:00:00+00:00,0.01680509871927805
3718,b8419dcf-9ac6-4dab-9a7b-8af4718b74e1,Hauptstraße 36,2025-07-12 22:00:00+00:00,0.025477383851806028
3719,b8419dcf-9ac6-4dab-9a7b-8af4718b74e1,Hauptstraße 36,2025-07-12 23:00:00+00:00,0.02547243601977024
3720,b8419dcf-9ac6-4dab-9a7b-8af4718b74e1,Hauptstraße 36,2025-07-13 00:00:00+00:00,0.026173742115424663
3721,b8419dcf-9ac6-4dab-9a7b-8af4718b74e1,Hauptstraße 36,2025-07-13 01:00:00+00:00,0.02570263401079562
3722,b8419dcf-9ac6-4dab-9a7b-8af4718b74e1,Hauptstraße 36,2025-07-13 02:00:00+00:00,0.02669041757707976
3723,b8419dcf-9ac6-4dab-9a7b-8af4718b74e1,Hauptstraße 36,2025-07-13 03:00:00+00:00,0.026016149883523253
3724,b8419dcf-9ac6-4dab-9a7b-8af4718b74e1,Hauptstraße 36,2025-07-13 04:00:00+00:00,0.026047120746512966
3725,b8419dcf-9ac6-4dab-9a7b-8af4718b74e1,Hauptstraße 36,2025-07-13 05:00:00+00:00,0.025656982177801234
3726,b8419dcf-9ac6-4dab-9a7b-8af4718b74e1,Hauptstraße 36,2025-07-13 06:00:00+00:00,0.024364829614082914
3727,b8419dcf-9ac6-4dab-9a7b-8af4718b74e1,Hauptstraße 36,2025-07-13 07:00:00+00:00,0.02318767222052374
3728,b8419dcf-9ac6-4dab-9a7b-8af4718b74e1,Hauptstraße 36,2025-07-13 08:00:00+00:00,0.019753951576098987
3729,b8419dcf-9ac6-4dab-9a7b-8af4718b74e1,Hauptstraße 36,2025-07-13 09:00:00+00:00,0.02074770854092663
3730,b8419dcf-9ac6-4dab-9a7b-8af4718b74e1,Hauptstraße 36,2025-07-13 10:00:00+00:00,0.021602423406358606
3731,b8419dcf-9ac6-4dab-9a7b-8af4718b74e1,Hauptstraße 36,2025-07-13 11:00:00+00:00,0.02184482432986243
3732,b8419dcf-9ac6-4dab-9a7b-8af4718b74e1,Hauptstraße 36,2025-07-13 12:00:00+00:00,0.022109618392318026
3733,b8419dcf-9ac6-4dab-9a7b-8af4718b74e1,Hauptstraße 36,2025-07-13 13:00:00+00:00,0.021814866577752053
3734,b8419dcf-9ac6-4dab-9a7b-8af4718b74e1,Hauptstraße 36,2025-07-13 14:00:00+00:00,0.024706697159296607
3735,b8419dcf-9ac6-4dab-9a7b-8af4718b74e1,Hauptstraße 36,2025-07-13 15:00:00+00:00,0.024851802672725035
3736,b8419dcf-9ac6-4dab-9a7b-8af4718b74e1,Hauptstraße 36,2025-07-13 16:00:00+00:00,0.024875349610841604
3737,b8419dcf-9ac6-4dab-9a7b-8af4718b74e1,Hauptstraße 36,2025-07-13 17:00:00+00:00,0.023970858533675806
3738,b8419dcf-9ac6-4dab-9a7b-8af4718b74e1,Hauptstraße 36,2025-07-13 18:00:00+00:00,0.023573992223302576
3739,b8419dcf-9ac6-4dab-9a7b-8af4718b74e1,Hauptstraße 36,2025-07-13 19:00:00+00:00,0.02266488535082454
3740,b8419dcf-9ac6-4dab-9a7b-8af4718b74e1,Hauptstraße 36,2025-07-13 20:00:00+00:00,0.022380156841691295
3741,b8419dcf-9ac6-4dab-9a7b-8af4718b74e1,Hauptstraße 36,2025-07-13 21:00:00+00:00,0.020348246551555458
3742,b8419dcf-9ac6-4dab-9a7b-8af4718b74e1,Hauptstraße 36,2025-07-13 22:00:00+00:00,0.01174227076738239
3743,b8419dcf-9ac6-4dab-9a7b-8af4718b74e1,Hauptstraße 36,2025-07-13 23:00:00+00:00,0.015579267075838316
3744,ba9989f9-0b51-4f44-955c-c4ac37d21bda,Rosengarten,2025-07-01 00:00:00+00:00,0.014430854360968307
3745,ba9989f9-0b51-4f44-955c-c4ac37d21bda,Rosengarten,2025-07-01 01:00:00+00:00,0.01396113293767487
3746,ba9989f9-0b51-4f44-955c-c4ac37d21bda,Rosengarten,2025-07-01 02:00:00+00:00,0.013621796725994034
3747,ba9989f9-0b51-4f44-955c-c4ac37d21bda,Rosengarten,2025-07-01 03:00:00+00:00,0.011374362014005561
3748,ba9989f9-0b51-4f44-955c-c4ac37d21bda,Rosengarten,2025-07-01 04:00:00+00:00,0.011315127860718043
3749,ba9989f9-0b51-4f44-955c-c4ac37d21bda,Rosengarten,2025-07-01 05:00:00+00:00,0.011695885567013618
3750,ba9989f9-0b51-4f44-955c-c4ac37d21bda,Rosengarten,2025-07-01 06:00:00+00:00,0.011532983713679834
3751,ba9989f9-0b51-4f44-955c-c4ac37d21bda,Rosengarten,2025-07-01 07:00:00+00:00,0.01112702699140455
3752,ba9989f9-0b51-4f44-955c-c4ac37d21bda,Rosengarten,2025-07-01 08:00:00+00:00,0.010660420944800292
3753,ba9989f9-0b51-4f44-955c-c4ac37d21bda,Rosengarten,2025-07-01 09:00:00+00:00,0.004821990273029059
3754,ba9989f9-0b51-4f44-955c-c4ac37d21bda,Rosengarten,2025-07-01 10:00:00+00:00,0.005378039030210461
3755,ba9989f9-0b51-4f44-955c-c4ac37d21bda,Rosengarten,2025-07-01 11:00:00+00:00,0.005891607333792668
3756,ba9989f9-0b51-4f44-955c-c4ac37d21bda,Rosengarten,2025-07-01 12:00:00+00:00,0.008169842134013993
3757,ba9989f9-0b51-4f44-955c-c4ac37d21bda,Rosengarten,2025-07-01 13:00:00+00:00,0.008387807522702986
3758,ba9989f9-0b51-4f44-955c-c4ac37d21bda,Rosengarten,2025-07-01 14:00:00+00:00,0.008660906006297826
3759,ba9989f9-0b51-4f44-955c-c4ac37d21bda,Rosengarten,2025-07-01 15:00:00+00:00,0.020548943336759568
3760,ba9989f9-0b51-4f44-955c-c4ac37d21bda,Rosengarten,2025-07-01 16:00:00+00:00,0.020446634653762057
3761,ba9989f9-0b51-4f44-955c-c4ac37d21bda,Rosengarten,2025-07-01 17:00:00+00:00,0.020976132770111563
3762,ba9989f9-0b51-4f44-955c-c4ac37d21bda,Rosengarten,2025-07-01 18:00:00+00:00,0.019818716826069935
3763,ba9989f9-0b51-4f44-955c-c4ac37d21bda,Rosengarten,2025-07-01 19:00:00+00:00,0.019330448376879236
3764,ba9989f9-0b51-4f44-955c-c4ac37d21bda,Rosengarten,2025-07-01 20:00:00+00:00,0.018976268794733943
3765,ba9989f9-0b51-4f44-955c-c4ac37d21bda,Rosengarten,2025-07-01 21:00:00+00:00,0.017621525797320858
3766,ba9989f9-0b51-4f44-955c-c4ac37d21bda,Rosengarten,2025-07-01 22:00:00+00:00,0.017967940054155453
3767,ba9989f9-0b51-4f44-955c-c4ac37d21bda,Rosengarten,2025-07-01 23:00:00+00:00,0.018051448612450467
3768,ba9989f9-0b51-4f44-955c-c4ac37d21bda,Rosengarten,2025-07-02 00:00:00+00:00,0.018624286848228973
3769,ba9989f9-0b51-4f44-955c-c4ac37d21bda,Rosengarten,2025-07-02 01:00:00+00:00,0.019108526254640254
3770,ba9989f9-0b51-4f44-955c-c4ac37d21bda,Rosengarten,2025-07-02 02:00:00+00:00,0.019185098473467777
3771,ba9989f9-0b51-4f44-955c-c4ac37d21bda,Rosengarten,2025-07-02 03:00:00+00:00,0.019354349590357332
3772,ba9989f9-0b51-4f44-955c-c4ac37d21bda,Rosengarten,2025-07-02 04:00:00+00:00,0.019274105944372222
3773,ba9989f9-0b51-4f44-955c-c4ac37d21bda,Rosengarten,2025-07-02 05:00:00+00:00,0.01823228310725437
3774,ba9989f9-0b51-4f44-955c-c4ac37d21bda,Rosengarten,2025-07-02 06:00:00+00:00,0.01711609257859394
3775,ba9989f9-0b51-4f44-955c-c4ac37d21bda,Rosengarten,2025-07-02 07:00:00+00:00,0.017470567032407968
3776,ba9989f9-0b51-4f44-955c-c4ac37d21bda,Rosengarten,2025-07-02 08:00:00+00:00,0.018193798159129256
3777,ba9989f9-0b51-4f44-955c-c4ac37d21bda,Rosengarten,2025-07-02 09:00:00+00:00,0.018646966181697304
3778,ba9989f9-0b51-4f44-955c-c4ac37d21bda,Rosengarten,2025-07-02 10:00:00+00:00,0.019504742303926115
3779,ba9989f9-0b51-4f44-955c-c4ac37d21bda,Rosengarten,2025-07-02 11:00:00+00:00,0.020826022139203947
3780,ba9989f9-0b51-4f44-955c-c4ac37d21bda,Rosengarten,2025-07-02 12:00:00+00:00,0.019536649063515984
3781,ba9989f9-0b51-4f44-955c-c4ac37d21bda,Rosengarten,2025-07-02 13:00:00+00:00,0.018571870982366456
3782,ba9989f9-0b51-4f44-955c-c4ac37d21bda,Rosengarten,2025-07-02 14:00:00+00:00,0.01802071419636312
3783,ba9989f9-0b51-4f44-955c-c4ac37d21bda,Rosengarten,2025-07-02 15:00:00+00:00,0.010608328109928926
3784,ba9989f9-0b51-4f44-955c-c4ac37d21bda,Rosengarten,2025-07-02 16:00:00+00:00,0.008906255333083372
3785,ba9989f9-0b51-4f44-955c-c4ac37d21bda,Rosengarten,2025-07-02 17:00:00+00:00,0.007843007674514355
3786,ba9989f9-0b51-4f44-955c-c4ac37d21bda,Rosengarten,2025-07-02 18:00:00+00:00,0.00828425233687979
3787,ba9989f9-0b51-4f44-955c-c4ac37d21bda,Rosengarten,2025-07-02 19:00:00+00:00,0.008478680473422687
3788,ba9989f9-0b51-4f44-955c-c4ac37d21bda,Rosengarten,2025-07-02 20:00:00+00:00,0.008456410882510607
3789,ba9989f9-0b51-4f44-955c-c4ac37d21bda,Rosengarten,2025-07-02 21:00:00+00:00,0.008966615500626721
3790,ba9989f9-0b51-4f44-955c-c4ac37d21bda,Rosengarten,2025-07-02 22:00:00+00:00,0.009100373633375517
3791,ba9989f9-0b51-4f44-955c-c4ac37d21bda,Rosengarten,2025-07-02 23:00:00+00:00,0.009102395949933843
3792,ba9989f9-0b51-4f44-955c-c4ac37d21bda,Rosengarten,2025-07-03 00:00:00+00:00,0.009033112794153168
3793,ba9989f9-0b51-4f44-955c-c4ac37d21bda,Rosengarten,2025-07-03 01:00:00+00:00,0.009014009076819504
3794,ba9989f9-0b51-4f44-955c-c4ac37d21bda,Rosengarten,2025-07-03 02:00:00+00:00,0.009406402414294909
3795,ba9989f9-0b51-4f44-955c-c4ac37d21bda,Rosengarten,2025-07-03 03:00:00+00:00,0.008657774758152376
3796,ba9989f9-0b51-4f44-955c-c4ac37d21bda,Rosengarten,2025-07-03 04:00:00+00:00,0.008299487396227278
3797,ba9989f9-0b51-4f44-955c-c4ac37d21bda,Rosengarten,2025-07-03 05:00:00+00:00,0.00802386711990039
3798,ba9989f9-0b51-4f44-955c-c4ac37d21bda,Rosengarten,2025-07-03 06:00:00+00:00,0.007500799915274371
3799,ba9989f9-0b51-4f44-955c-c4ac37d21bda,Rosengarten,2025-07-03 07:00:00+00:00,0.006383583897468444
3800,ba9989f9-0b51-4f44-955c-c4ac37d21bda,Rosengarten,2025-07-03 08:00:00+00:00,0.0056300550409048005
3801,ba9989f9-0b51-4f44-955c-c4ac37d21bda,Rosengarten,2025-07-03 09:00:00+00:00,0.00657116149205884
3802,ba9989f9-0b51-4f44-955c-c4ac37d21bda,Rosengarten,2025-07-03 10:00:00+00:00,0.02102363550387695
3803,ba9989f9-0b51-4f44-955c-c4ac37d21bda,Rosengarten,2025-07-03 11:00:00+00:00,0.021982938059874522
3804,ba9989f9-0b51-4f44-955c-c4ac37d21bda,Rosengarten,2025-07-03 12:00:00+00:00,0.02129391168894297
3805,ba9989f9-0b51-4f44-955c-c4ac37d21bda,Rosengarten,2025-07-03 13:00:00+00:00,0.028108591425441247
3806,ba9989f9-0b51-4f44-955c-c4ac37d21bda,Rosengarten,2025-07-03 14:00:00+00:00,0.026552831458225908
3807,ba9989f9-0b51-4f44-955c-c4ac37d21bda,Rosengarten,2025-07-03 15:00:00+00:00,0.02515463921714458
3808,ba9989f9-0b51-4f44-955c-c4ac37d21bda,Rosengarten,2025-07-03 16:00:00+00:00,0.022154840027421616
3809,ba9989f9-0b51-4f44-955c-c4ac37d21bda,Rosengarten,2025-07-03 17:00:00+00:00,0.021601552988716407
3810,ba9989f9-0b51-4f44-955c-c4ac37d21bda,Rosengarten,2025-07-03 18:00:00+00:00,0.021853582725832675
3811,ba9989f9-0b51-4f44-955c-c4ac37d21bda,Rosengarten,2025-07-03 19:00:00+00:00,0.02216009546677776
3812,ba9989f9-0b51-4f44-955c-c4ac37d21bda,Rosengarten,2025-07-03 20:00:00+00:00,0.021390044293012236
3813,ba9989f9-0b51-4f44-955c-c4ac37d21bda,Rosengarten,2025-07-03 21:00:00+00:00,0.02142158297564876
3814,ba9989f9-0b51-4f44-955c-c4ac37d21bda,Rosengarten,2025-07-03 22:00:00+00:00,0.021875728387805327
3815,ba9989f9-0b51-4f44-955c-c4ac37d21bda,Rosengarten,2025-07-03 23:00:00+00:00,0.022609760809238138
3816,ba9989f9-0b51-4f44-955c-c4ac37d21bda,Rosengarten,2025-07-04 00:00:00+00:00,0.023094187633282828
3817,ba9989f9-0b51-4f44-955c-c4ac37d21bda,Rosengarten,2025-07-04 01:00:00+00:00,0.0232873275300269
3818,ba9989f9-0b51-4f44-955c-c4ac37d21bda,Rosengarten,2025-07-04 02:00:00+00:00,0.023086198204015616
3819,ba9989f9-0b51-4f44-955c-c4ac37d21bda,Rosengarten,2025-07-04 03:00:00+00:00,0.023082640847572264
3820,ba9989f9-0b51-4f44-955c-c4ac37d21bda,Rosengarten,2025-07-04 04:00:00+00:00,0.023208309973476678
3821,ba9989f9-0b51-4f44-955c-c4ac37d21bda,Rosengarten,2025-07-04 05:00:00+00:00,0.02605798932344057
3822,ba9989f9-0b51-4f44-955c-c4ac37d21bda,Rosengarten,2025-07-04 06:00:00+00:00,0.02924865484379969
3823,ba9989f9-0b51-4f44-955c-c4ac37d21bda,Rosengarten,2025-07-04 07:00:00+00:00,0.02757446644349563
3824,ba9989f9-0b51-4f44-955c-c4ac37d21bda,Rosengarten,2025-07-04 08:00:00+00:00,0.027021731922167103
3825,ba9989f9-0b51-4f44-955c-c4ac37d21bda,Rosengarten,2025-07-04 09:00:00+00:00,0.02755445969213819
3826,ba9989f9-0b51-4f44-955c-c4ac37d21bda,Rosengarten,2025-07-04 10:00:00+00:00,0.023022933329759236
3827,ba9989f9-0b51-4f44-955c-c4ac37d21bda,Rosengarten,2025-07-04 11:00:00+00:00,0.01888160577751907
3828,ba9989f9-0b51-4f44-955c-c4ac37d21bda,Rosengarten,2025-07-04 12:00:00+00:00,0.019154279693638816
3829,ba9989f9-0b51-4f44-955c-c4ac37d21bda,Rosengarten,2025-07-04 13:00:00+00:00,0.022028911142436422
3830,ba9989f9-0b51-4f44-955c-c4ac37d21bda,Rosengarten,2025-07-04 14:00:00+00:00,0.023014973774564754
3831,ba9989f9-0b51-4f44-955c-c4ac37d21bda,Rosengarten,2025-07-04 15:00:00+00:00,0.026827078988579025
3832,ba9989f9-0b51-4f44-955c-c4ac37d21bda,Rosengarten,2025-07-04 16:00:00+00:00,0.050870051755155826
3833,ba9989f9-0b51-4f44-955c-c4ac37d21bda,Rosengarten,2025-07-04 17:00:00+00:00,0.08537229177786869
3834,ba9989f9-0b51-4f44-955c-c4ac37d21bda,Rosengarten,2025-07-04 18:00:00+00:00,0.08485682728277413
3835,ba9989f9-0b51-4f44-955c-c4ac37d21bda,Rosengarten,2025-07-04 19:00:00+00:00,0.08064162885574931
3836,ba9989f9-0b51-4f44-955c-c4ac37d21bda,Rosengarten,2025-07-04 20:00:00+00:00,0.08282533199618708
3837,ba9989f9-0b51-4f44-955c-c4ac37d21bda,Rosengarten,2025-07-04 21:00:00+00:00,0.08620373460142128
3838,ba9989f9-0b51-4f44-955c-c4ac37d21bda,Rosengarten,2025-07-04 22:00:00+00:00,0.08736375758418401
3839,ba9989f9-0b51-4f44-955c-c4ac37d21bda,Rosengarten,2025-07-04 23:00:00+00:00,0.08886362363129888
3840,ba9989f9-0b51-4f44-955c-c4ac37d21bda,Rosengarten,2025-07-05 00:00:00+00:00,0.09043307061564439
3841,ba9989f9-0b51-4f44-955c-c4ac37d21bda,Rosengarten,2025-07-05 01:00:00+00:00,0.09082311586645657
3842,ba9989f9-0b51-4f44-955c-c4ac37d21bda,Rosengarten,2025-07-05 02:00:00+00:00,0.09176025265245276
3843,ba9989f9-0b51-4f44-955c-c4ac37d21bda,Rosengarten,2025-07-05 03:00:00+00:00,0.09410621613185972
3844,ba9989f9-0b51-4f44-955c-c4ac37d21bda,Rosengarten,2025-07-05 04:00:00+00:00,0.09135796928787933
3845,ba9989f9-0b51-4f44-955c-c4ac37d21bda,Rosengarten,2025-07-05 05:00:00+00:00,0.08642792565142594
3846,ba9989f9-0b51-4f44-955c-c4ac37d21bda,Rosengarten,2025-07-05 06:00:00+00:00,0.08204611301133286
3847,ba9989f9-0b51-4f44-955c-c4ac37d21bda,Rosengarten,2025-07-05 07:00:00+00:00,0.08008845586882432
3848,ba9989f9-0b51-4f44-955c-c4ac37d21bda,Rosengarten,2025-07-05 08:00:00+00:00,0.08300537116048969
3849,ba9989f9-0b51-4f44-955c-c4ac37d21bda,Rosengarten,2025-07-05 09:00:00+00:00,0.07591163994691226
3850,ba9989f9-0b51-4f44-955c-c4ac37d21bda,Rosengarten,2025-07-05 10:00:00+00:00,0.0842037031116807
3851,ba9989f9-0b51-4f44-955c-c4ac37d21bda,Rosengarten,2025-07-05 11:00:00+00:00,0.10056121218507492
3852,ba9989f9-0b51-4f44-955c-c4ac37d21bda,Rosengarten,2025-07-05 12:00:00+00:00,0.09639469956318654
3853,ba9989f9-0b51-4f44-955c-c4ac37d21bda,Rosengarten,2025-07-05 13:00:00+00:00,0.07863525886878842
3854,ba9989f9-0b51-4f44-955c-c4ac37d21bda,Rosengarten,2025-07-05 14:00:00+00:00,0.048199617646656694
3855,ba9989f9-0b51-4f44-955c-c4ac37d21bda,Rosengarten,2025-07-05 15:00:00+00:00,0.041080824944532496
3856,ba9989f9-0b51-4f44-955c-c4ac37d21bda,Rosengarten,2025-07-05 16:00:00+00:00,0.06282724368514057
3857,ba9989f9-0b51-4f44-955c-c4ac37d21bda,Rosengarten,2025-07-05 17:00:00+00:00,0.04148291444764992
3858,ba9989f9-0b51-4f44-955c-c4ac37d21bda,Rosengarten,2025-07-05 18:00:00+00:00,0.030113438296573727
3859,ba9989f9-0b51-4f44-955c-c4ac37d21bda,Rosengarten,2025-07-05 19:00:00+00:00,0.02257476932298354
3860,ba9989f9-0b51-4f44-955c-c4ac37d21bda,Rosengarten,2025-07-05 20:00:00+00:00,0.02308827164343224
3861,ba9989f9-0b51-4f44-955c-c4ac37d21bda,Rosengarten,2025-07-05 21:00:00+00:00,0.022371455273689802
3862,ba9989f9-0b51-4f44-955c-c4ac37d21bda,Rosengarten,2025-07-05 22:00:00+00:00,0.02090225357227029
3863,ba9989f9-0b51-4f44-955c-c4ac37d21bda,Rosengarten,2025-07-05 23:00:00+00:00,0.022816408349284063
3864,ba9989f9-0b51-4f44-955c-c4ac37d21bda,Rosengarten,2025-07-06 00:00:00+00:00,0.02374792311060807
3865,ba9989f9-0b51-4f44-955c-c4ac37d21bda,Rosengarten,2025-07-06 01:00:00+00:00,0.023779555214466605
3866,ba9989f9-0b51-4f44-955c-c4ac37d21bda,Rosengarten,2025-07-06 02:00:00+00:00,0.024459232845071163
3867,ba9989f9-0b51-4f44-955c-c4ac37d21bda,Rosengarten,2025-07-06 03:00:00+00:00,0.02479775120590145
3868,ba9989f9-0b51-4f44-955c-c4ac37d21bda,Rosengarten,2025-07-06 04:00:00+00:00,0.02444376016864297
3869,ba9989f9-0b51-4f44-955c-c4ac37d21bda,Rosengarten,2025-07-06 05:00:00+00:00,0.02707213563641442
3870,ba9989f9-0b51-4f44-955c-c4ac37d21bda,Rosengarten,2025-07-06 06:00:00+00:00,0.03040733057697138
3871,ba9989f9-0b51-4f44-955c-c4ac37d21bda,Rosengarten,2025-07-06 07:00:00+00:00,0.031421617593282734
3872,ba9989f9-0b51-4f44-955c-c4ac37d21bda,Rosengarten,2025-07-06 08:00:00+00:00,0.025853413132614925
3873,ba9989f9-0b51-4f44-955c-c4ac37d21bda,Rosengarten,2025-07-06 09:00:00+00:00,0.02466803402488383
3874,ba9989f9-0b51-4f44-955c-c4ac37d21bda,Rosengarten,2025-07-06 10:00:00+00:00,0.03277299336779605
3875,ba9989f9-0b51-4f44-955c-c4ac37d21bda,Rosengarten,2025-07-06 11:00:00+00:00,0.03466611609090862
3876,ba9989f9-0b51-4f44-955c-c4ac37d21bda,Rosengarten,2025-07-06 12:00:00+00:00,0.03562790643450955
3877,ba9989f9-0b51-4f44-955c-c4ac37d21bda,Rosengarten,2025-07-06 13:00:00+00:00,0.05289602126673101
3878,ba9989f9-0b51-4f44-955c-c4ac37d21bda,Rosengarten,2025-07-06 14:00:00+00:00,0.05097298516305768
3879,ba9989f9-0b51-4f44-955c-c4ac37d21bda,Rosengarten,2025-07-06 15:00:00+00:00,0.05224725352684742
3880,ba9989f9-0b51-4f44-955c-c4ac37d21bda,Rosengarten,2025-07-06 16:00:00+00:00,0.05279906249353038
3881,ba9989f9-0b51-4f44-955c-c4ac37d21bda,Rosengarten,2025-07-06 17:00:00+00:00,0.0541594097297693
3882,ba9989f9-0b51-4f44-955c-c4ac37d21bda,Rosengarten,2025-07-06 18:00:00+00:00,0.05135841456116633
3883,ba9989f9-0b51-4f44-955c-c4ac37d21bda,Rosengarten,2025-07-06 19:00:00+00:00,0.04580666465625367
3884,ba9989f9-0b51-4f44-955c-c4ac37d21bda,Rosengarten,2025-07-06 20:00:00+00:00,0.04498520489587537
3885,ba9989f9-0b51-4f44-955c-c4ac37d21bda,Rosengarten,2025-07-06 21:00:00+00:00,0.04298743663658671
3886,ba9989f9-0b51-4f44-955c-c4ac37d21bda,Rosengarten,2025-07-06 22:00:00+00:00,0.043895042328628356
3887,ba9989f9-0b51-4f44-955c-c4ac37d21bda,Rosengarten,2025-07-06 23:00:00+00:00,0.045020794812411905
3888,ba9989f9-0b51-4f44-955c-c4ac37d21bda,Rosengarten,2025-07-07 00:00:00+00:00,0.046450716172597536
3889,ba9989f9-0b51-4f44-955c-c4ac37d21bda,Rosengarten,2025-07-07 01:00:00+00:00,0.0463211830251325
3890,ba9989f9-0b51-4f44-955c-c4ac37d21bda,Rosengarten,2025-07-07 02:00:00+00:00,0.0458645855633775
3891,ba9989f9-0b51-4f44-955c-c4ac37d21bda,Rosengarten,2025-07-07 03:00:00+00:00,0.04167048075145423
3892,ba9989f9-0b51-4f44-955c-c4ac37d21bda,Rosengarten,2025-07-07 04:00:00+00:00,0.04624710093195921
3893,ba9989f9-0b51-4f44-955c-c4ac37d21bda,Rosengarten,2025-07-07 05:00:00+00:00,0.05530026687632428
3894,ba9989f9-0b51-4f44-955c-c4ac37d21bda,Rosengarten,2025-07-07 06:00:00+00:00,0.05861321529476406
3895,ba9989f9-0b51-4f44-955c-c4ac37d21bda,Rosengarten,2025-07-07 07:00:00+00:00,0.05896881816547945
3896,ba9989f9-0b51-4f44-955c-c4ac37d21bda,Rosengarten,2025-07-07 08:00:00+00:00,0.05866211584164855
3897,ba9989f9-0b51-4f44-955c-c4ac37d21bda,Rosengarten,2025-07-07 09:00:00+00:00,0.057591477976824096
3898,ba9989f9-0b51-4f44-955c-c4ac37d21bda,Rosengarten,2025-07-07 10:00:00+00:00,0.06393507450008357
3899,ba9989f9-0b51-4f44-955c-c4ac37d21bda,Rosengarten,2025-07-07 11:00:00+00:00,0.07211207825180861
3900,ba9989f9-0b51-4f44-955c-c4ac37d21bda,Rosengarten,2025-07-07 12:00:00+00:00,0.08560795262339707
3901,ba9989f9-0b51-4f44-955c-c4ac37d21bda,Rosengarten,2025-07-07 13:00:00+00:00,0.06153424207762031
3902,ba9989f9-0b51-4f44-955c-c4ac37d21bda,Rosengarten,2025-07-07 14:00:00+00:00,0.029297087028259085
3903,ba9989f9-0b51-4f44-955c-c4ac37d21bda,Rosengarten,2025-07-07 15:00:00+00:00,0.011872228134890809
3904,ba9989f9-0b51-4f44-955c-c4ac37d21bda,Rosengarten,2025-07-07 16:00:00+00:00,0.013014452703336177
3905,ba9989f9-0b51-4f44-955c-c4ac37d21bda,Rosengarten,2025-07-07 17:00:00+00:00,0.012150476549980253
3906,ba9989f9-0b51-4f44-955c-c4ac37d21bda,Rosengarten,2025-07-07 18:00:00+00:00,0.012056116014049508
3907,ba9989f9-0b51-4f44-955c-c4ac37d21bda,Rosengarten,2025-07-07 19:00:00+00:00,0.012436594690694826
3908,ba9989f9-0b51-4f44-955c-c4ac37d21bda,Rosengarten,2025-07-07 20:00:00+00:00,0.01148129485994573
3909,ba9989f9-0b51-4f44-955c-c4ac37d21bda,Rosengarten,2025-07-07 21:00:00+00:00,0.011397547506906741
3910,ba9989f9-0b51-4f44-955c-c4ac37d21bda,Rosengarten,2025-07-07 22:00:00+00:00,0.011330722884776238
3911,ba9989f9-0b51-4f44-955c-c4ac37d21bda,Rosengarten,2025-07-07 23:00:00+00:00,0.011906469166065966
3912,ba9989f9-0b51-4f44-955c-c4ac37d21bda,Rosengarten,2025-07-08 00:00:00+00:00,0.011435323580909807
3913,ba9989f9-0b51-4f44-955c-c4ac37d21bda,Rosengarten,2025-07-08 01:00:00+00:00,0.010979544654917102
3914,ba9989f9-0b51-4f44-955c-c4ac37d21bda,Rosengarten,2025-07-08 02:00:00+00:00,0.01079631441065464
3915,ba9989f9-0b51-4f44-955c-c4ac37d21bda,Rosengarten,2025-07-08 03:00:00+00:00,0.010462029340821242
3916,ba9989f9-0b51-4f44-955c-c4ac37d21bda,Rosengarten,2025-07-08 04:00:00+00:00,0.010545263306189007
3917,ba9989f9-0b51-4f44-955c-c4ac37d21bda,Rosengarten,2025-07-08 05:00:00+00:00,0.010657706301978641
3918,ba9989f9-0b51-4f44-955c-c4ac37d21bda,Rosengarten,2025-07-08 06:00:00+00:00,0.01050993251002525
3919,ba9989f9-0b51-4f44-955c-c4ac37d21bda,Rosengarten,2025-07-08 07:00:00+00:00,0.010811566346680212
3920,ba9989f9-0b51-4f44-955c-c4ac37d21bda,Rosengarten,2025-07-08 08:00:00+00:00,0.010683164352170772
3921,ba9989f9-0b51-4f44-955c-c4ac37d21bda,Rosengarten,2025-07-08 09:00:00+00:00,0.012972387998694898
3922,ba9989f9-0b51-4f44-955c-c4ac37d21bda,Rosengarten,2025-07-08 10:00:00+00:00,0.012836641745107883
3923,ba9989f9-0b51-4f44-955c-c4ac37d21bda,Rosengarten,2025-07-08 11:00:00+00:00,0.01273609925127684
3924,ba9989f9-0b51-4f44-955c-c4ac37d21bda,Rosengarten,2025-07-08 12:00:00+00:00,0.011887297534859535
3925,ba9989f9-0b51-4f44-955c-c4ac37d21bda,Rosengarten,2025-07-08 13:00:00+00:00,0.014186592106689737
3926,ba9989f9-0b51-4f44-955c-c4ac37d21bda,Rosengarten,2025-07-08 14:00:00+00:00,0.01498013039939086
3927,ba9989f9-0b51-4f44-955c-c4ac37d21bda,Rosengarten,2025-07-08 15:00:00+00:00,0.019672149627070045
3928,ba9989f9-0b51-4f44-955c-c4ac37d21bda,Rosengarten,2025-07-08 16:00:00+00:00,0.019297957596028228
3929,ba9989f9-0b51-4f44-955c-c4ac37d21bda,Rosengarten,2025-07-08 17:00:00+00:00,0.017946791091714376
3930,ba9989f9-0b51-4f44-955c-c4ac37d21bda,Rosengarten,2025-07-08 18:00:00+00:00,0.016578877501097315
3931,ba9989f9-0b51-4f44-955c-c4ac37d21bda,Rosengarten,2025-07-08 19:00:00+00:00,0.016109673605954104
3932,ba9989f9-0b51-4f44-955c-c4ac37d21bda,Rosengarten,2025-07-08 20:00:00+00:00,0.01602273266681286
3933,ba9989f9-0b51-4f44-955c-c4ac37d21bda,Rosengarten,2025-07-08 21:00:00+00:00,0.01501658995097066
3934,ba9989f9-0b51-4f44-955c-c4ac37d21bda,Rosengarten,2025-07-08 22:00:00+00:00,0.015378953269246714
3935,ba9989f9-0b51-4f44-955c-c4ac37d21bda,Rosengarten,2025-07-08 23:00:00+00:00,0.014750448929848633
3936,ba9989f9-0b51-4f44-955c-c4ac37d21bda,Rosengarten,2025-07-09 00:00:00+00:00,0.015258553526686324
3937,ba9989f9-0b51-4f44-955c-c4ac37d21bda,Rosengarten,2025-07-09 01:00:00+00:00,0.0156047210363061
3938,ba9989f9-0b51-4f44-955c-c4ac37d21bda,Rosengarten,2025-07-09 02:00:00+00:00,0.015374309369264438
3939,ba9989f9-0b51-4f44-955c-c4ac37d21bda,Rosengarten,2025-07-09 03:00:00+00:00,0.01537705583003901
3940,ba9989f9-0b51-4f44-955c-c4ac37d21bda,Rosengarten,2025-07-09 04:00:00+00:00,0.015410533949660512
3941,ba9989f9-0b51-4f44-955c-c4ac37d21bda,Rosengarten,2025-07-09 05:00:00+00:00,0.014598118728302939
3942,ba9989f9-0b51-4f44-955c-c4ac37d21bda,Rosengarten,2025-07-09 06:00:00+00:00,0.01459111290825189
3943,ba9989f9-0b51-4f44-955c-c4ac37d21bda,Rosengarten,2025-07-09 07:00:00+00:00,0.014224499867784105
3944,ba9989f9-0b51-4f44-955c-c4ac37d21bda,Rosengarten,2025-07-09 08:00:00+00:00,0.014902938868803457
3945,ba9989f9-0b51-4f44-955c-c4ac37d21bda,Rosengarten,2025-07-09 09:00:00+00:00,0.01288415528764143
3946,ba9989f9-0b51-4f44-955c-c4ac37d21bda,Rosengarten,2025-07-09 10:00:00+00:00,0.013185452463841663
3947,ba9989f9-0b51-4f44-955c-c4ac37d21bda,Rosengarten,2025-07-09 11:00:00+00:00,0.015883240842832297
3948,ba9989f9-0b51-4f44-955c-c4ac37d21bda,Rosengarten,2025-07-09 12:00:00+00:00,0.019302795547424863
3949,ba9989f9-0b51-4f44-955c-c4ac37d21bda,Rosengarten,2025-07-09 13:00:00+00:00,0.019491526630471455
3950,ba9989f9-0b51-4f44-955c-c4ac37d21bda,Rosengarten,2025-07-09 14:00:00+00:00,0.021591779518913022
3951,ba9989f9-0b51-4f44-955c-c4ac37d21bda,Rosengarten,2025-07-09 15:00:00+00:00,0.01804298156313551
3952,ba9989f9-0b51-4f44-955c-c4ac37d21bda,Rosengarten,2025-07-09 16:00:00+00:00,0.017061387256801418
3953,ba9989f9-0b51-4f44-955c-c4ac37d21bda,Rosengarten,2025-07-09 17:00:00+00:00,0.0166261482815341
3954,ba9989f9-0b51-4f44-955c-c4ac37d21bda,Rosengarten,2025-07-09 18:00:00+00:00,0.016314898273050302
3955,ba9989f9-0b51-4f44-955c-c4ac37d21bda,Rosengarten,2025-07-09 19:00:00+00:00,0.016492703491464977
3956,ba9989f9-0b51-4f44-955c-c4ac37d21bda,Rosengarten,2025-07-09 20:00:00+00:00,0.0162340556315593
3957,ba9989f9-0b51-4f44-955c-c4ac37d21bda,Rosengarten,2025-07-09 21:00:00+00:00,0.016842313093469504
3958,ba9989f9-0b51-4f44-955c-c4ac37d21bda,Rosengarten,2025-07-09 22:00:00+00:00,0.017077679217751992
3959,ba9989f9-0b51-4f44-955c-c4ac37d21bda,Rosengarten,2025-07-09 23:00:00+00:00,0.016763951535797978
3960,ba9989f9-0b51-4f44-955c-c4ac37d21bda,Rosengarten,2025-07-10 00:00:00+00:00,0.016475314120718485
3961,ba9989f9-0b51-4f44-955c-c4ac37d21bda,Rosengarten,2025-07-10 01:00:00+00:00,0.016581195486847736
3962,ba9989f9-0b51-4f44-955c-c4ac37d21bda,Rosengarten,2025-07-10 02:00:00+00:00,0.016856295331842974
3963,ba9989f9-0b51-4f44-955c-c4ac37d21bda,Rosengarten,2025-07-10 03:00:00+00:00,0.016274930408129613
3964,ba9989f9-0b51-4f44-955c-c4ac37d21bda,Rosengarten,2025-07-10 04:00:00+00:00,0.016293561256325802
3965,ba9989f9-0b51-4f44-955c-c4ac37d21bda,Rosengarten,2025-07-10 05:00:00+00:00,0.015836224881398943
3966,ba9989f9-0b51-4f44-955c-c4ac37d21bda,Rosengarten,2025-07-10 06:00:00+00:00,0.0154130976834975
3967,ba9989f9-0b51-4f44-955c-c4ac37d21bda,Rosengarten,2025-07-10 07:00:00+00:00,0.015271007106456326
3968,ba9989f9-0b51-4f44-955c-c4ac37d21bda,Rosengarten,2025-07-10 08:00:00+00:00,0.015395782234831358
3969,ba9989f9-0b51-4f44-955c-c4ac37d21bda,Rosengarten,2025-07-10 09:00:00+00:00,0.015114918220646867
3970,ba9989f9-0b51-4f44-955c-c4ac37d21bda,Rosengarten,2025-07-10 10:00:00+00:00,0.01535200703431933
3971,ba9989f9-0b51-4f44-955c-c4ac37d21bda,Rosengarten,2025-07-10 11:00:00+00:00,0.013482337547639016
3972,ba9989f9-0b51-4f44-955c-c4ac37d21bda,Rosengarten,2025-07-10 12:00:00+00:00,0.009427681580418883
3973,ba9989f9-0b51-4f44-955c-c4ac37d21bda,Rosengarten,2025-07-10 13:00:00+00:00,0.01080120260712874
3974,ba9989f9-0b51-4f44-955c-c4ac37d21bda,Rosengarten,2025-07-10 14:00:00+00:00,0.013678910922984778
3975,ba9989f9-0b51-4f44-955c-c4ac37d21bda,Rosengarten,2025-07-10 15:00:00+00:00,0.07649946094420361
3976,ba9989f9-0b51-4f44-955c-c4ac37d21bda,Rosengarten,2025-07-10 16:00:00+00:00,0.15001322632344533
3977,ba9989f9-0b51-4f44-955c-c4ac37d21bda,Rosengarten,2025-07-10 17:00:00+00:00,0.19983126494650721
3978,ba9989f9-0b51-4f44-955c-c4ac37d21bda,Rosengarten,2025-07-10 18:00:00+00:00,0.19071051003159614
3979,ba9989f9-0b51-4f44-955c-c4ac37d21bda,Rosengarten,2025-07-10 19:00:00+00:00,0.192965378157313
3980,ba9989f9-0b51-4f44-955c-c4ac37d21bda,Rosengarten,2025-07-10 20:00:00+00:00,0.16877510237491236
3981,ba9989f9-0b51-4f44-955c-c4ac37d21bda,Rosengarten,2025-07-10 21:00:00+00:00,0.1472494894746987
3982,ba9989f9-0b51-4f44-955c-c4ac37d21bda,Rosengarten,2025-07-10 22:00:00+00:00,0.13715640831142337
3983,ba9989f9-0b51-4f44-955c-c4ac37d21bda,Rosengarten,2025-07-10 23:00:00+00:00,0.13162098483057819
3984,ba9989f9-0b51-4f44-955c-c4ac37d21bda,Rosengarten,2025-07-11 00:00:00+00:00,0.12491785717329136
3985,ba9989f9-0b51-4f44-955c-c4ac37d21bda,Rosengarten,2025-07-11 01:00:00+00:00,0.12182518866346687
3986,ba9989f9-0b51-4f44-955c-c4ac37d21bda,Rosengarten,2025-07-11 02:00:00+00:00,0.12085598197540535
3987,ba9989f9-0b51-4f44-955c-c4ac37d21bda,Rosengarten,2025-07-11 03:00:00+00:00,0.12219608136294348
3988,ba9989f9-0b51-4f44-955c-c4ac37d21bda,Rosengarten,2025-07-11 04:00:00+00:00,0.12085356844231131
3989,ba9989f9-0b51-4f44-955c-c4ac37d21bda,Rosengarten,2025-07-11 05:00:00+00:00,0.1258110451854057
3990,ba9989f9-0b51-4f44-955c-c4ac37d21bda,Rosengarten,2025-07-11 06:00:00+00:00,0.13071900242863474
3991,ba9989f9-0b51-4f44-955c-c4ac37d21bda,Rosengarten,2025-07-11 07:00:00+00:00,0.14561401439999141
3992,ba9989f9-0b51-4f44-955c-c4ac37d21bda,Rosengarten,2025-07-11 08:00:00+00:00,0.15842393591219442
3993,ba9989f9-0b51-4f44-955c-c4ac37d21bda,Rosengarten,2025-07-11 09:00:00+00:00,0.1645461429890265
3994,ba9989f9-0b51-4f44-955c-c4ac37d21bda,Rosengarten,2025-07-11 10:00:00+00:00,0.15614026335833694
3995,ba9989f9-0b51-4f44-955c-c4ac37d21bda,Rosengarten,2025-07-11 11:00:00+00:00,0.14412629562025056
3996,ba9989f9-0b51-4f44-955c-c4ac37d21bda,Rosengarten,2025-07-11 12:00:00+00:00,0.131250464726679
3997,ba9989f9-0b51-4f44-955c-c4ac37d21bda,Rosengarten,2025-07-11 13:00:00+00:00,0.14427337937616985
3998,ba9989f9-0b51-4f44-955c-c4ac37d21bda,Rosengarten,2025-07-11 14:00:00+00:00,0.15161946955890884
3999,ba9989f9-0b51-4f44-955c-c4ac37d21bda,Rosengarten,2025-07-11 15:00:00+00:00,0.16909821621062232
4000,ba9989f9-0b51-4f44-955c-c4ac37d21bda,Rosengarten,2025-07-11 16:00:00+00:00,0.16169087669125526
4001,ba9989f9-0b51-4f44-955c-c4ac37d21bda,Rosengarten,2025-07-11 17:00:00+00:00,0.12373889217930663
4002,ba9989f9-0b51-4f44-955c-c4ac37d21bda,Rosengarten,2025-07-11 18:00:00+00:00,0.11309680462866838
4003,ba9989f9-0b51-4f44-955c-c4ac37d21bda,Rosengarten,2025-07-11 19:00:00+00:00,0.0731608037567408
4004,ba9989f9-0b51-4f44-955c-c4ac37d21bda,Rosengarten,2025-07-11 20:00:00+00:00,0.07358084771964184
4005,ba9989f9-0b51-4f44-955c-c4ac37d21bda,Rosengarten,2025-07-11 21:00:00+00:00,0.0757607474987198
4006,ba9989f9-0b51-4f44-955c-c4ac37d21bda,Rosengarten,2025-07-11 22:00:00+00:00,0.07158810703899755
4007,ba9989f9-0b51-4f44-955c-c4ac37d21bda,Rosengarten,2025-07-11 23:00:00+00:00,0.07349061272365934
4008,ba9989f9-0b51-4f44-955c-c4ac37d21bda,Rosengarten,2025-07-12 00:00:00+00:00,0.07445104087229364
4009,ba9989f9-0b51-4f44-955c-c4ac37d21bda,Rosengarten,2025-07-12 01:00:00+00:00,0.07446433231319133
4010,ba9989f9-0b51-4f44-955c-c4ac37d21bda,Rosengarten,2025-07-12 02:00:00+00:00,0.07553141833008566
4011,ba9989f9-0b51-4f44-955c-c4ac37d21bda,Rosengarten,2025-07-12 03:00:00+00:00,0.0753391146809091
4012,ba9989f9-0b51-4f44-955c-c4ac37d21bda,Rosengarten,2025-07-12 04:00:00+00:00,0.07353882921558783
4013,ba9989f9-0b51-4f44-955c-c4ac37d21bda,Rosengarten,2025-07-12 05:00:00+00:00,0.0699285173832247
4014,ba9989f9-0b51-4f44-955c-c4ac37d21bda,Rosengarten,2025-07-12 06:00:00+00:00,0.06969858328343577
4015,ba9989f9-0b51-4f44-955c-c4ac37d21bda,Rosengarten,2025-07-12 07:00:00+00:00,0.06921713161457752
4016,ba9989f9-0b51-4f44-955c-c4ac37d21bda,Rosengarten,2025-07-12 08:00:00+00:00,0.0733512593909929
4017,ba9989f9-0b51-4f44-955c-c4ac37d21bda,Rosengarten,2025-07-12 09:00:00+00:00,0.06771649257735488
4018,ba9989f9-0b51-4f44-955c-c4ac37d21bda,Rosengarten,2025-07-12 10:00:00+00:00,0.07684616891632105
4019,ba9989f9-0b51-4f44-955c-c4ac37d21bda,Rosengarten,2025-07-12 11:00:00+00:00,0.07809181046849409
4020,ba9989f9-0b51-4f44-955c-c4ac37d21bda,Rosengarten,2025-07-12 12:00:00+00:00,0.07932596101813821
4021,ba9989f9-0b51-4f44-955c-c4ac37d21bda,Rosengarten,2025-07-12 13:00:00+00:00,0.06844829949892878
4022,ba9989f9-0b51-4f44-955c-c4ac37d21bda,Rosengarten,2025-07-12 14:00:00+00:00,0.04214789371358478
4023,ba9989f9-0b51-4f44-955c-c4ac37d21bda,Rosengarten,2025-07-12 15:00:00+00:00,0.0403036525859608
4024,ba9989f9-0b51-4f44-955c-c4ac37d21bda,Rosengarten,2025-07-12 16:00:00+00:00,0.05308532824405029
4025,ba9989f9-0b51-4f44-955c-c4ac37d21bda,Rosengarten,2025-07-12 17:00:00+00:00,0.03973764008068925
4026,ba9989f9-0b51-4f44-955c-c4ac37d21bda,Rosengarten,2025-07-12 18:00:00+00:00,0.027226363318970954
4027,ba9989f9-0b51-4f44-955c-c4ac37d21bda,Rosengarten,2025-07-12 19:00:00+00:00,0.02424778394055195
4028,ba9989f9-0b51-4f44-955c-c4ac37d21bda,Rosengarten,2025-07-12 20:00:00+00:00,0.023963693651790498
4029,ba9989f9-0b51-4f44-955c-c4ac37d21bda,Rosengarten,2025-07-12 21:00:00+00:00,0.023522882560587773
4030,ba9989f9-0b51-4f44-955c-c4ac37d21bda,Rosengarten,2025-07-12 22:00:00+00:00,0.02292450987400423
4031,ba9989f9-0b51-4f44-955c-c4ac37d21bda,Rosengarten,2025-07-12 23:00:00+00:00,0.023931954694519458
4032,ba9989f9-0b51-4f44-955c-c4ac37d21bda,Rosengarten,2025-07-13 00:00:00+00:00,0.02426423658657569
4033,ba9989f9-0b51-4f44-955c-c4ac37d21bda,Rosengarten,2025-07-13 01:00:00+00:00,0.024459970684869308
4034,ba9989f9-0b51-4f44-955c-c4ac37d21bda,Rosengarten,2025-07-13 02:00:00+00:00,0.02500040854109263
4035,ba9989f9-0b51-4f44-955c-c4ac37d21bda,Rosengarten,2025-07-13 03:00:00+00:00,0.025120560212469834
4036,ba9989f9-0b51-4f44-955c-c4ac37d21bda,Rosengarten,2025-07-13 04:00:00+00:00,0.022484336148321085
4037,ba9989f9-0b51-4f44-955c-c4ac37d21bda,Rosengarten,2025-07-13 05:00:00+00:00,0.02661284068693904
4038,ba9989f9-0b51-4f44-955c-c4ac37d21bda,Rosengarten,2025-07-13 06:00:00+00:00,0.03435280560077667
4039,ba9989f9-0b51-4f44-955c-c4ac37d21bda,Rosengarten,2025-07-13 07:00:00+00:00,0.0364729453257401
4040,ba9989f9-0b51-4f44-955c-c4ac37d21bda,Rosengarten,2025-07-13 08:00:00+00:00,0.032873328679890575
4041,ba9989f9-0b51-4f44-955c-c4ac37d21bda,Rosengarten,2025-07-13 09:00:00+00:00,0.03239054948111468
4042,ba9989f9-0b51-4f44-955c-c4ac37d21bda,Rosengarten,2025-07-13 10:00:00+00:00,0.03678053180900454
4043,ba9989f9-0b51-4f44-955c-c4ac37d21bda,Rosengarten,2025-07-13 11:00:00+00:00,0.03962840553671281
4044,ba9989f9-0b51-4f44-955c-c4ac37d21bda,Rosengarten,2025-07-13 12:00:00+00:00,0.042933265958859344
4045,ba9989f9-0b51-4f44-955c-c4ac37d21bda,Rosengarten,2025-07-13 13:00:00+00:00,0.055756535150024926
4046,ba9989f9-0b51-4f44-955c-c4ac37d21bda,Rosengarten,2025-07-13 14:00:00+00:00,0.054129178922196486
4047,ba9989f9-0b51-4f44-955c-c4ac37d21bda,Rosengarten,2025-07-13 15:00:00+00:00,0.05592512256209732
4048,ba9989f9-0b51-4f44-955c-c4ac37d21bda,Rosengarten,2025-07-13 16:00:00+00:00,0.05808211871152047
4049,ba9989f9-0b51-4f44-955c-c4ac37d21bda,Rosengarten,2025-07-13 17:00:00+00:00,0.05314133303152738
4050,ba9989f9-0b51-4f44-955c-c4ac37d21bda,Rosengarten,2025-07-13 18:00:00+00:00,0.04789649107684267
4051,ba9989f9-0b51-4f44-955c-c4ac37d21bda,Rosengarten,2025-07-13 19:00:00+00:00,0.04483413021193956
4052,ba9989f9-0b51-4f44-955c-c4ac37d21bda,Rosengarten,2025-07-13 20:00:00+00:00,0.04388387954416577
4053,ba9989f9-0b51-4f44-955c-c4ac37d21bda,Rosengarten,2025-07-13 21:00:00+00:00,0.04323841278374945
4054,ba9989f9-0b51-4f44-955c-c4ac37d21bda,Rosengarten,2025-07-13 22:00:00+00:00,0.04373537126177919
4055,ba9989f9-0b51-4f44-955c-c4ac37d21bda,Rosengarten,2025-07-13 23:00:00+00:00,0.04468707134176387
4056,bb71e93c-fc02-464c-acf0-f2c6c453762d,Stresemannstraße 6,2025-07-01 00:00:00+00:00,0.014636405381308218
4057,bb71e93c-fc02-464c-acf0-f2c6c453762d,Stresemannstraße 6,2025-07-01 01:00:00+00:00,0.01332726341246903
4058,bb71e93c-fc02-464c-acf0-f2c6c453762d,Stresemannstraße 6,2025-07-01 02:00:00+00:00,0.013447371103641819
4059,bb71e93c-fc02-464c-acf0-f2c6c453762d,Stresemannstraße 6,2025-07-01 03:00:00+00:00,0.013263830180992678
4060,bb71e93c-fc02-464c-acf0-f2c6c453762d,Stresemannstraße 6,2025-07-01 04:00:00+00:00,0.013049346018752647
4061,bb71e93c-fc02-464c-acf0-f2c6c453762d,Stresemannstraße 6,2025-07-01 05:00:00+00:00,0.014041554298110175
4062,bb71e93c-fc02-464c-acf0-f2c6c453762d,Stresemannstraße 6,2025-07-01 06:00:00+00:00,0.01684433728306734
4063,bb71e93c-fc02-464c-acf0-f2c6c453762d,Stresemannstraße 6,2025-07-01 07:00:00+00:00,0.014394524087479887
4064,bb71e93c-fc02-464c-acf0-f2c6c453762d,Stresemannstraße 6,2025-07-01 08:00:00+00:00,0.0155871853923891
4065,bb71e93c-fc02-464c-acf0-f2c6c453762d,Stresemannstraße 6,2025-07-01 09:00:00+00:00,0.012352328249438214
4066,bb71e93c-fc02-464c-acf0-f2c6c453762d,Stresemannstraße 6,2025-07-01 10:00:00+00:00,0.0130232039929359
4067,bb71e93c-fc02-464c-acf0-f2c6c453762d,Stresemannstraße 6,2025-07-01 11:00:00+00:00,0.014363186494841548
4068,bb71e93c-fc02-464c-acf0-f2c6c453762d,Stresemannstraße 6,2025-07-01 12:00:00+00:00,0.023717467870892444
4069,bb71e93c-fc02-464c-acf0-f2c6c453762d,Stresemannstraße 6,2025-07-01 13:00:00+00:00,0.025329050380835008
4070,bb71e93c-fc02-464c-acf0-f2c6c453762d,Stresemannstraße 6,2025-07-01 14:00:00+00:00,0.024740285832399556
4071,bb71e93c-fc02-464c-acf0-f2c6c453762d,Stresemannstraße 6,2025-07-01 15:00:00+00:00,0.020479896475390377
4072,bb71e93c-fc02-464c-acf0-f2c6c453762d,Stresemannstraße 6,2025-07-01 16:00:00+00:00,0.020934909920098173
4073,bb71e93c-fc02-464c-acf0-f2c6c453762d,Stresemannstraße 6,2025-07-01 17:00:00+00:00,0.018499785679623907
4074,bb71e93c-fc02-464c-acf0-f2c6c453762d,Stresemannstraße 6,2025-07-01 18:00:00+00:00,0.0169271021818602
4075,bb71e93c-fc02-464c-acf0-f2c6c453762d,Stresemannstraße 6,2025-07-01 19:00:00+00:00,0.016128462134909604
4076,bb71e93c-fc02-464c-acf0-f2c6c453762d,Stresemannstraße 6,2025-07-01 20:00:00+00:00,0.01621762926950263
4077,bb71e93c-fc02-464c-acf0-f2c6c453762d,Stresemannstraße 6,2025-07-01 21:00:00+00:00,0.01651597991813916
4078,bb71e93c-fc02-464c-acf0-f2c6c453762d,Stresemannstraße 6,2025-07-01 22:00:00+00:00,0.017048299113075052
4079,bb71e93c-fc02-464c-acf0-f2c6c453762d,Stresemannstraße 6,2025-07-01 23:00:00+00:00,0.017833099080784214
4080,bb71e93c-fc02-464c-acf0-f2c6c453762d,Stresemannstraße 6,2025-07-02 00:00:00+00:00,0.02585807567190048
4081,bb71e93c-fc02-464c-acf0-f2c6c453762d,Stresemannstraße 6,2025-07-02 01:00:00+00:00,0.025824248366406236
4082,bb71e93c-fc02-464c-acf0-f2c6c453762d,Stresemannstraße 6,2025-07-02 02:00:00+00:00,0.026331455271812725
4083,bb71e93c-fc02-464c-acf0-f2c6c453762d,Stresemannstraße 6,2025-07-02 03:00:00+00:00,0.02612554183761655
4084,bb71e93c-fc02-464c-acf0-f2c6c453762d,Stresemannstraße 6,2025-07-02 04:00:00+00:00,0.025571288867927217
4085,bb71e93c-fc02-464c-acf0-f2c6c453762d,Stresemannstraße 6,2025-07-02 05:00:00+00:00,0.025548204239940992
4086,bb71e93c-fc02-464c-acf0-f2c6c453762d,Stresemannstraße 6,2025-07-02 06:00:00+00:00,0.025965225511348042
4087,bb71e93c-fc02-464c-acf0-f2c6c453762d,Stresemannstraße 6,2025-07-02 07:00:00+00:00,0.02653406325861368
4088,bb71e93c-fc02-464c-acf0-f2c6c453762d,Stresemannstraße 6,2025-07-02 08:00:00+00:00,0.02513666132084913
4089,bb71e93c-fc02-464c-acf0-f2c6c453762d,Stresemannstraße 6,2025-07-02 09:00:00+00:00,0.023449376757339466
4090,bb71e93c-fc02-464c-acf0-f2c6c453762d,Stresemannstraße 6,2025-07-02 10:00:00+00:00,0.02380167329679815
4091,bb71e93c-fc02-464c-acf0-f2c6c453762d,Stresemannstraße 6,2025-07-02 11:00:00+00:00,0.022361302678033275
4092,bb71e93c-fc02-464c-acf0-f2c6c453762d,Stresemannstraße 6,2025-07-02 12:00:00+00:00,0.026507536352000937
4093,bb71e93c-fc02-464c-acf0-f2c6c453762d,Stresemannstraße 6,2025-07-02 13:00:00+00:00,0.0284136314818789
4094,bb71e93c-fc02-464c-acf0-f2c6c453762d,Stresemannstraße 6,2025-07-02 14:00:00+00:00,0.02821820847126598
4095,bb71e93c-fc02-464c-acf0-f2c6c453762d,Stresemannstraße 6,2025-07-02 15:00:00+00:00,0.027645707653176737
4096,bb71e93c-fc02-464c-acf0-f2c6c453762d,Stresemannstraße 6,2025-07-02 16:00:00+00:00,0.027678160616832048
4097,bb71e93c-fc02-464c-acf0-f2c6c453762d,Stresemannstraße 6,2025-07-02 17:00:00+00:00,0.027737807032236286
4098,bb71e93c-fc02-464c-acf0-f2c6c453762d,Stresemannstraße 6,2025-07-02 18:00:00+00:00,0.02560504171743474
4099,bb71e93c-fc02-464c-acf0-f2c6c453762d,Stresemannstraße 6,2025-07-02 19:00:00+00:00,0.024553933656712826
4100,bb71e93c-fc02-464c-acf0-f2c6c453762d,Stresemannstraße 6,2025-07-02 20:00:00+00:00,0.02443312793539171
4101,bb71e93c-fc02-464c-acf0-f2c6c453762d,Stresemannstraße 6,2025-07-02 21:00:00+00:00,0.023408329576395864
4102,bb71e93c-fc02-464c-acf0-f2c6c453762d,Stresemannstraße 6,2025-07-02 22:00:00+00:00,0.023517598591002862
4103,bb71e93c-fc02-464c-acf0-f2c6c453762d,Stresemannstraße 6,2025-07-02 23:00:00+00:00,0.023378510422426238
4104,bb71e93c-fc02-464c-acf0-f2c6c453762d,Stresemannstraße 6,2025-07-03 00:00:00+00:00,0.013828287466347202
4105,bb71e93c-fc02-464c-acf0-f2c6c453762d,Stresemannstraße 6,2025-07-03 01:00:00+00:00,0.014123569453433222
4106,bb71e93c-fc02-464c-acf0-f2c6c453762d,Stresemannstraße 6,2025-07-03 02:00:00+00:00,0.01517006469653352
4107,bb71e93c-fc02-464c-acf0-f2c6c453762d,Stresemannstraße 6,2025-07-03 03:00:00+00:00,0.015125082021899197
4108,bb71e93c-fc02-464c-acf0-f2c6c453762d,Stresemannstraße 6,2025-07-03 04:00:00+00:00,0.01509221583634448
4109,bb71e93c-fc02-464c-acf0-f2c6c453762d,Stresemannstraße 6,2025-07-03 05:00:00+00:00,0.014896097675796253
4110,bb71e93c-fc02-464c-acf0-f2c6c453762d,Stresemannstraße 6,2025-07-03 06:00:00+00:00,0.015442936819834326
4111,bb71e93c-fc02-464c-acf0-f2c6c453762d,Stresemannstraße 6,2025-07-03 07:00:00+00:00,0.012855032712250587
4112,bb71e93c-fc02-464c-acf0-f2c6c453762d,Stresemannstraße 6,2025-07-03 08:00:00+00:00,0.0108358815379658
4113,bb71e93c-fc02-464c-acf0-f2c6c453762d,Stresemannstraße 6,2025-07-03 09:00:00+00:00,0.010955734131006378
4114,bb71e93c-fc02-464c-acf0-f2c6c453762d,Stresemannstraße 6,2025-07-03 10:00:00+00:00,0.019123462762616776
4115,bb71e93c-fc02-464c-acf0-f2c6c453762d,Stresemannstraße 6,2025-07-03 11:00:00+00:00,0.021718583247338486
4116,bb71e93c-fc02-464c-acf0-f2c6c453762d,Stresemannstraße 6,2025-07-03 12:00:00+00:00,0.020839660657122498
4117,bb71e93c-fc02-464c-acf0-f2c6c453762d,Stresemannstraße 6,2025-07-03 13:00:00+00:00,0.015160091361216866
4118,bb71e93c-fc02-464c-acf0-f2c6c453762d,Stresemannstraße 6,2025-07-03 14:00:00+00:00,0.013630841736541383
4119,bb71e93c-fc02-464c-acf0-f2c6c453762d,Stresemannstraße 6,2025-07-03 15:00:00+00:00,0.015364857307899691
4120,bb71e93c-fc02-464c-acf0-f2c6c453762d,Stresemannstraße 6,2025-07-03 16:00:00+00:00,0.020188331252729577
4121,bb71e93c-fc02-464c-acf0-f2c6c453762d,Stresemannstraße 6,2025-07-03 17:00:00+00:00,0.01712349101383953
4122,bb71e93c-fc02-464c-acf0-f2c6c453762d,Stresemannstraße 6,2025-07-03 18:00:00+00:00,0.015025459511977958
4123,bb71e93c-fc02-464c-acf0-f2c6c453762d,Stresemannstraße 6,2025-07-03 19:00:00+00:00,0.01174532405802838
4124,bb71e93c-fc02-464c-acf0-f2c6c453762d,Stresemannstraße 6,2025-07-03 20:00:00+00:00,0.01011946340546274
4125,bb71e93c-fc02-464c-acf0-f2c6c453762d,Stresemannstraße 6,2025-07-03 21:00:00+00:00,0.009739962387997686
4126,bb71e93c-fc02-464c-acf0-f2c6c453762d,Stresemannstraße 6,2025-07-03 22:00:00+00:00,0.009426698093487961
4127,bb71e93c-fc02-464c-acf0-f2c6c453762d,Stresemannstraße 6,2025-07-03 23:00:00+00:00,0.009514775063194954
4128,bb71e93c-fc02-464c-acf0-f2c6c453762d,Stresemannstraße 6,2025-07-04 00:00:00+00:00,0.008849124475989123
4129,bb71e93c-fc02-464c-acf0-f2c6c453762d,Stresemannstraße 6,2025-07-04 01:00:00+00:00,0.010279034013777548
4130,bb71e93c-fc02-464c-acf0-f2c6c453762d,Stresemannstraße 6,2025-07-04 02:00:00+00:00,0.01087087004589693
4131,bb71e93c-fc02-464c-acf0-f2c6c453762d,Stresemannstraße 6,2025-07-04 03:00:00+00:00,0.011422680648853704
4132,bb71e93c-fc02-464c-acf0-f2c6c453762d,Stresemannstraße 6,2025-07-04 04:00:00+00:00,0.010761574772817728
4133,bb71e93c-fc02-464c-acf0-f2c6c453762d,Stresemannstraße 6,2025-07-04 05:00:00+00:00,0.010924274799214807
4134,bb71e93c-fc02-464c-acf0-f2c6c453762d,Stresemannstraße 6,2025-07-04 06:00:00+00:00,0.01065987502051559
4135,bb71e93c-fc02-464c-acf0-f2c6c453762d,Stresemannstraße 6,2025-07-04 07:00:00+00:00,0.02527095977535631
4136,bb71e93c-fc02-464c-acf0-f2c6c453762d,Stresemannstraße 6,2025-07-04 08:00:00+00:00,0.029158498517326475
4137,bb71e93c-fc02-464c-acf0-f2c6c453762d,Stresemannstraße 6,2025-07-04 09:00:00+00:00,0.029991354738195062
4138,bb71e93c-fc02-464c-acf0-f2c6c453762d,Stresemannstraße 6,2025-07-04 10:00:00+00:00,0.027679808726588137
4139,bb71e93c-fc02-464c-acf0-f2c6c453762d,Stresemannstraße 6,2025-07-04 11:00:00+00:00,0.0334249006938638
4140,bb71e93c-fc02-464c-acf0-f2c6c453762d,Stresemannstraße 6,2025-07-04 12:00:00+00:00,0.04171555428616384
4141,bb71e93c-fc02-464c-acf0-f2c6c453762d,Stresemannstraße 6,2025-07-04 13:00:00+00:00,0.04396578783866376
4142,bb71e93c-fc02-464c-acf0-f2c6c453762d,Stresemannstraße 6,2025-07-04 14:00:00+00:00,0.04579914661689919
4143,bb71e93c-fc02-464c-acf0-f2c6c453762d,Stresemannstraße 6,2025-07-04 15:00:00+00:00,0.0746529631012747
4144,bb71e93c-fc02-464c-acf0-f2c6c453762d,Stresemannstraße 6,2025-07-04 16:00:00+00:00,0.08123192961800495
4145,bb71e93c-fc02-464c-acf0-f2c6c453762d,Stresemannstraße 6,2025-07-04 17:00:00+00:00,0.0839125209053357
4146,bb71e93c-fc02-464c-acf0-f2c6c453762d,Stresemannstraße 6,2025-07-04 18:00:00+00:00,0.08302341507541071
4147,bb71e93c-fc02-464c-acf0-f2c6c453762d,Stresemannstraße 6,2025-07-04 19:00:00+00:00,0.07444678658551854
4148,bb71e93c-fc02-464c-acf0-f2c6c453762d,Stresemannstraße 6,2025-07-04 20:00:00+00:00,0.07020423024250122
4149,bb71e93c-fc02-464c-acf0-f2c6c453762d,Stresemannstraße 6,2025-07-04 21:00:00+00:00,0.0709453425770094
4150,bb71e93c-fc02-464c-acf0-f2c6c453762d,Stresemannstraße 6,2025-07-04 22:00:00+00:00,0.0745494581114594
4151,bb71e93c-fc02-464c-acf0-f2c6c453762d,Stresemannstraße 6,2025-07-04 23:00:00+00:00,0.07382196386177199
4152,bb71e93c-fc02-464c-acf0-f2c6c453762d,Stresemannstraße 6,2025-07-05 00:00:00+00:00,0.06979778711279606
4153,bb71e93c-fc02-464c-acf0-f2c6c453762d,Stresemannstraße 6,2025-07-05 01:00:00+00:00,0.06707889160994404
4154,bb71e93c-fc02-464c-acf0-f2c6c453762d,Stresemannstraße 6,2025-07-05 02:00:00+00:00,0.07316367324257159
4155,bb71e93c-fc02-464c-acf0-f2c6c453762d,Stresemannstraße 6,2025-07-05 03:00:00+00:00,0.07589221211852303
4156,bb71e93c-fc02-464c-acf0-f2c6c453762d,Stresemannstraße 6,2025-07-05 04:00:00+00:00,0.07694389715597375
4157,bb71e93c-fc02-464c-acf0-f2c6c453762d,Stresemannstraße 6,2025-07-05 05:00:00+00:00,0.08011566425398024
4158,bb71e93c-fc02-464c-acf0-f2c6c453762d,Stresemannstraße 6,2025-07-05 06:00:00+00:00,0.08776378943071886
4159,bb71e93c-fc02-464c-acf0-f2c6c453762d,Stresemannstraße 6,2025-07-05 07:00:00+00:00,0.08518474971701799
4160,bb71e93c-fc02-464c-acf0-f2c6c453762d,Stresemannstraße 6,2025-07-05 08:00:00+00:00,0.0909321773848643
4161,bb71e93c-fc02-464c-acf0-f2c6c453762d,Stresemannstraße 6,2025-07-05 09:00:00+00:00,0.05735754345129049
4162,bb71e93c-fc02-464c-acf0-f2c6c453762d,Stresemannstraße 6,2025-07-05 10:00:00+00:00,0.07498225664623445
4163,bb71e93c-fc02-464c-acf0-f2c6c453762d,Stresemannstraße 6,2025-07-05 11:00:00+00:00,0.07116364131354527
4164,bb71e93c-fc02-464c-acf0-f2c6c453762d,Stresemannstraße 6,2025-07-05 12:00:00+00:00,0.06314821645232613
4165,bb71e93c-fc02-464c-acf0-f2c6c453762d,Stresemannstraße 6,2025-07-05 13:00:00+00:00,0.06968480756972122
4166,bb71e93c-fc02-464c-acf0-f2c6c453762d,Stresemannstraße 6,2025-07-05 14:00:00+00:00,0.059630980901195334
4167,bb71e93c-fc02-464c-acf0-f2c6c453762d,Stresemannstraße 6,2025-07-05 15:00:00+00:00,0.06906323717679606
4168,bb71e93c-fc02-464c-acf0-f2c6c453762d,Stresemannstraße 6,2025-07-05 16:00:00+00:00,0.07595327864808002
4169,bb71e93c-fc02-464c-acf0-f2c6c453762d,Stresemannstraße 6,2025-07-05 17:00:00+00:00,0.07252927100573213
4170,bb71e93c-fc02-464c-acf0-f2c6c453762d,Stresemannstraße 6,2025-07-05 18:00:00+00:00,0.06461174784259188
4171,bb71e93c-fc02-464c-acf0-f2c6c453762d,Stresemannstraße 6,2025-07-05 19:00:00+00:00,0.05551088071585895
4172,bb71e93c-fc02-464c-acf0-f2c6c453762d,Stresemannstraße 6,2025-07-05 20:00:00+00:00,0.05382098288238506
4173,bb71e93c-fc02-464c-acf0-f2c6c453762d,Stresemannstraße 6,2025-07-05 21:00:00+00:00,0.05168678579318365
4174,bb71e93c-fc02-464c-acf0-f2c6c453762d,Stresemannstraße 6,2025-07-05 22:00:00+00:00,0.050849779780996966
4175,bb71e93c-fc02-464c-acf0-f2c6c453762d,Stresemannstraße 6,2025-07-05 23:00:00+00:00,0.05307663306059613
4176,bb71e93c-fc02-464c-acf0-f2c6c453762d,Stresemannstraße 6,2025-07-06 00:00:00+00:00,0.05233373572935895
4177,bb71e93c-fc02-464c-acf0-f2c6c453762d,Stresemannstraße 6,2025-07-06 01:00:00+00:00,0.04963062021328636
4178,bb71e93c-fc02-464c-acf0-f2c6c453762d,Stresemannstraße 6,2025-07-06 02:00:00+00:00,0.04871208538838454
4179,bb71e93c-fc02-464c-acf0-f2c6c453762d,Stresemannstraße 6,2025-07-06 03:00:00+00:00,0.04922029289370522
4180,bb71e93c-fc02-464c-acf0-f2c6c453762d,Stresemannstraße 6,2025-07-06 04:00:00+00:00,0.050896764745164996
4181,bb71e93c-fc02-464c-acf0-f2c6c453762d,Stresemannstraße 6,2025-07-06 05:00:00+00:00,0.054709976658952476
4182,bb71e93c-fc02-464c-acf0-f2c6c453762d,Stresemannstraße 6,2025-07-06 06:00:00+00:00,0.058786949354255
4183,bb71e93c-fc02-464c-acf0-f2c6c453762d,Stresemannstraße 6,2025-07-06 07:00:00+00:00,0.056821113259542
4184,bb71e93c-fc02-464c-acf0-f2c6c453762d,Stresemannstraße 6,2025-07-06 08:00:00+00:00,0.03417374806817842
4185,bb71e93c-fc02-464c-acf0-f2c6c453762d,Stresemannstraße 6,2025-07-06 09:00:00+00:00,0.032654940901891284
4186,bb71e93c-fc02-464c-acf0-f2c6c453762d,Stresemannstraße 6,2025-07-06 10:00:00+00:00,0.048516139752115155
4187,bb71e93c-fc02-464c-acf0-f2c6c453762d,Stresemannstraße 6,2025-07-06 11:00:00+00:00,0.06678525138858421
4188,bb71e93c-fc02-464c-acf0-f2c6c453762d,Stresemannstraße 6,2025-07-06 12:00:00+00:00,0.03813277658834668
4189,bb71e93c-fc02-464c-acf0-f2c6c453762d,Stresemannstraße 6,2025-07-06 13:00:00+00:00,0.04130432448858259
4190,bb71e93c-fc02-464c-acf0-f2c6c453762d,Stresemannstraße 6,2025-07-06 14:00:00+00:00,0.029298177735769152
4191,bb71e93c-fc02-464c-acf0-f2c6c453762d,Stresemannstraße 6,2025-07-06 15:00:00+00:00,0.024874433220210806
4192,bb71e93c-fc02-464c-acf0-f2c6c453762d,Stresemannstraße 6,2025-07-06 16:00:00+00:00,0.021084116943159058
4193,bb71e93c-fc02-464c-acf0-f2c6c453762d,Stresemannstraße 6,2025-07-06 17:00:00+00:00,0.01979425776448916
4194,bb71e93c-fc02-464c-acf0-f2c6c453762d,Stresemannstraße 6,2025-07-06 18:00:00+00:00,0.02014257656371705
4195,bb71e93c-fc02-464c-acf0-f2c6c453762d,Stresemannstraße 6,2025-07-06 19:00:00+00:00,0.01975207304633675
4196,bb71e93c-fc02-464c-acf0-f2c6c453762d,Stresemannstraße 6,2025-07-06 20:00:00+00:00,0.019173491551786263
4197,bb71e93c-fc02-464c-acf0-f2c6c453762d,Stresemannstraße 6,2025-07-06 21:00:00+00:00,0.018095072902611458
4198,bb71e93c-fc02-464c-acf0-f2c6c453762d,Stresemannstraße 6,2025-07-06 22:00:00+00:00,0.017484345015250705
4199,bb71e93c-fc02-464c-acf0-f2c6c453762d,Stresemannstraße 6,2025-07-06 23:00:00+00:00,0.018449310136526027
4200,bb71e93c-fc02-464c-acf0-f2c6c453762d,Stresemannstraße 6,2025-07-07 00:00:00+00:00,0.019658148651098044
4201,bb71e93c-fc02-464c-acf0-f2c6c453762d,Stresemannstraße 6,2025-07-07 01:00:00+00:00,0.024704411565079794
4202,bb71e93c-fc02-464c-acf0-f2c6c453762d,Stresemannstraße 6,2025-07-07 02:00:00+00:00,0.023295727628752195
4203,bb71e93c-fc02-464c-acf0-f2c6c453762d,Stresemannstraße 6,2025-07-07 03:00:00+00:00,0.022680319195992678
4204,bb71e93c-fc02-464c-acf0-f2c6c453762d,Stresemannstraße 6,2025-07-07 04:00:00+00:00,0.023449581794762746
4205,bb71e93c-fc02-464c-acf0-f2c6c453762d,Stresemannstraße 6,2025-07-07 05:00:00+00:00,0.024256576984568384
4206,bb71e93c-fc02-464c-acf0-f2c6c453762d,Stresemannstraße 6,2025-07-07 06:00:00+00:00,0.02431950844425349
4207,bb71e93c-fc02-464c-acf0-f2c6c453762d,Stresemannstraße 6,2025-07-07 07:00:00+00:00,0.027507318981348377
4208,bb71e93c-fc02-464c-acf0-f2c6c453762d,Stresemannstraße 6,2025-07-07 08:00:00+00:00,0.029488221703440738
4209,bb71e93c-fc02-464c-acf0-f2c6c453762d,Stresemannstraße 6,2025-07-07 09:00:00+00:00,0.02724573095747301
4210,bb71e93c-fc02-464c-acf0-f2c6c453762d,Stresemannstraße 6,2025-07-07 10:00:00+00:00,0.024454858239553498
4211,bb71e93c-fc02-464c-acf0-f2c6c453762d,Stresemannstraße 6,2025-07-07 11:00:00+00:00,0.022810028117660218
4212,bb71e93c-fc02-464c-acf0-f2c6c453762d,Stresemannstraße 6,2025-07-07 12:00:00+00:00,0.024629707942603277
4213,bb71e93c-fc02-464c-acf0-f2c6c453762d,Stresemannstraße 6,2025-07-07 13:00:00+00:00,0.02179166455029262
4214,bb71e93c-fc02-464c-acf0-f2c6c453762d,Stresemannstraße 6,2025-07-07 14:00:00+00:00,0.021488642400077435
4215,bb71e93c-fc02-464c-acf0-f2c6c453762d,Stresemannstraße 6,2025-07-07 15:00:00+00:00,0.028194673607181038
4216,bb71e93c-fc02-464c-acf0-f2c6c453762d,Stresemannstraße 6,2025-07-07 16:00:00+00:00,0.026079923740065694
4217,bb71e93c-fc02-464c-acf0-f2c6c453762d,Stresemannstraße 6,2025-07-07 17:00:00+00:00,0.022492770352791278
4218,bb71e93c-fc02-464c-acf0-f2c6c453762d,Stresemannstraße 6,2025-07-07 18:00:00+00:00,0.02242044278337977
4219,bb71e93c-fc02-464c-acf0-f2c6c453762d,Stresemannstraße 6,2025-07-07 19:00:00+00:00,0.020698635642098617
4220,bb71e93c-fc02-464c-acf0-f2c6c453762d,Stresemannstraße 6,2025-07-07 20:00:00+00:00,0.020743264848879454
4221,bb71e93c-fc02-464c-acf0-f2c6c453762d,Stresemannstraße 6,2025-07-07 21:00:00+00:00,0.021003929573184154
4222,bb71e93c-fc02-464c-acf0-f2c6c453762d,Stresemannstraße 6,2025-07-07 22:00:00+00:00,0.020896431558334806
4223,bb71e93c-fc02-464c-acf0-f2c6c453762d,Stresemannstraße 6,2025-07-07 23:00:00+00:00,0.021299775001495224
4224,bb71e93c-fc02-464c-acf0-f2c6c453762d,Stresemannstraße 6,2025-07-08 00:00:00+00:00,0.024491458517553796
4225,bb71e93c-fc02-464c-acf0-f2c6c453762d,Stresemannstraße 6,2025-07-08 01:00:00+00:00,0.018499200670642337
4226,bb71e93c-fc02-464c-acf0-f2c6c453762d,Stresemannstraße 6,2025-07-08 02:00:00+00:00,0.018588542761965
4227,bb71e93c-fc02-464c-acf0-f2c6c453762d,Stresemannstraße 6,2025-07-08 03:00:00+00:00,0.017343061840711344
4228,bb71e93c-fc02-464c-acf0-f2c6c453762d,Stresemannstraße 6,2025-07-08 04:00:00+00:00,0.016502161614519274
4229,bb71e93c-fc02-464c-acf0-f2c6c453762d,Stresemannstraße 6,2025-07-08 05:00:00+00:00,0.01669960807979054
4230,bb71e93c-fc02-464c-acf0-f2c6c453762d,Stresemannstraße 6,2025-07-08 06:00:00+00:00,0.017548679432948355
4231,bb71e93c-fc02-464c-acf0-f2c6c453762d,Stresemannstraße 6,2025-07-08 07:00:00+00:00,0.017615366110776406
4232,bb71e93c-fc02-464c-acf0-f2c6c453762d,Stresemannstraße 6,2025-07-08 08:00:00+00:00,0.017489516721265082
4233,bb71e93c-fc02-464c-acf0-f2c6c453762d,Stresemannstraße 6,2025-07-08 09:00:00+00:00,0.019329485563753534
4234,bb71e93c-fc02-464c-acf0-f2c6c453762d,Stresemannstraße 6,2025-07-08 10:00:00+00:00,0.021299076502333817
4235,bb71e93c-fc02-464c-acf0-f2c6c453762d,Stresemannstraße 6,2025-07-08 11:00:00+00:00,0.0301793870604868
4236,bb71e93c-fc02-464c-acf0-f2c6c453762d,Stresemannstraße 6,2025-07-08 12:00:00+00:00,0.032361977821688495
4237,bb71e93c-fc02-464c-acf0-f2c6c453762d,Stresemannstraße 6,2025-07-08 13:00:00+00:00,0.03558572200152474
4238,bb71e93c-fc02-464c-acf0-f2c6c453762d,Stresemannstraße 6,2025-07-08 14:00:00+00:00,0.03719352256094742
4239,bb71e93c-fc02-464c-acf0-f2c6c453762d,Stresemannstraße 6,2025-07-08 15:00:00+00:00,0.03381541102497954
4240,bb71e93c-fc02-464c-acf0-f2c6c453762d,Stresemannstraße 6,2025-07-08 16:00:00+00:00,0.03231066253502561
4241,bb71e93c-fc02-464c-acf0-f2c6c453762d,Stresemannstraße 6,2025-07-08 17:00:00+00:00,0.02910909210344415
4242,bb71e93c-fc02-464c-acf0-f2c6c453762d,Stresemannstraße 6,2025-07-08 18:00:00+00:00,0.026894503873890325
4243,bb71e93c-fc02-464c-acf0-f2c6c453762d,Stresemannstraße 6,2025-07-08 19:00:00+00:00,0.025905908071934228
4244,bb71e93c-fc02-464c-acf0-f2c6c453762d,Stresemannstraße 6,2025-07-08 20:00:00+00:00,0.026227950343375675
4245,bb71e93c-fc02-464c-acf0-f2c6c453762d,Stresemannstraße 6,2025-07-08 21:00:00+00:00,0.026793385376882747
4246,bb71e93c-fc02-464c-acf0-f2c6c453762d,Stresemannstraße 6,2025-07-08 22:00:00+00:00,0.02733544390588649
4247,bb71e93c-fc02-464c-acf0-f2c6c453762d,Stresemannstraße 6,2025-07-08 23:00:00+00:00,0.029133955009550287
4248,bb71e93c-fc02-464c-acf0-f2c6c453762d,Stresemannstraße 6,2025-07-09 00:00:00+00:00,0.03392445381037956
4249,bb71e93c-fc02-464c-acf0-f2c6c453762d,Stresemannstraße 6,2025-07-09 01:00:00+00:00,0.0348972024208465
4250,bb71e93c-fc02-464c-acf0-f2c6c453762d,Stresemannstraße 6,2025-07-09 02:00:00+00:00,0.036804308500059855
4251,bb71e93c-fc02-464c-acf0-f2c6c453762d,Stresemannstraße 6,2025-07-09 03:00:00+00:00,0.038948855712356706
4252,bb71e93c-fc02-464c-acf0-f2c6c453762d,Stresemannstraße 6,2025-07-09 04:00:00+00:00,0.03860086912403873
4253,bb71e93c-fc02-464c-acf0-f2c6c453762d,Stresemannstraße 6,2025-07-09 05:00:00+00:00,0.03947860970443426
4254,bb71e93c-fc02-464c-acf0-f2c6c453762d,Stresemannstraße 6,2025-07-09 06:00:00+00:00,0.038231296422967534
4255,bb71e93c-fc02-464c-acf0-f2c6c453762d,Stresemannstraße 6,2025-07-09 07:00:00+00:00,0.03822818480190695
4256,bb71e93c-fc02-464c-acf0-f2c6c453762d,Stresemannstraße 6,2025-07-09 08:00:00+00:00,0.036651716173039556
4257,bb71e93c-fc02-464c-acf0-f2c6c453762d,Stresemannstraße 6,2025-07-09 09:00:00+00:00,0.03497200384216043
4258,bb71e93c-fc02-464c-acf0-f2c6c453762d,Stresemannstraße 6,2025-07-09 10:00:00+00:00,0.04263240101792542
4259,bb71e93c-fc02-464c-acf0-f2c6c453762d,Stresemannstraße 6,2025-07-09 11:00:00+00:00,0.03975920134517577
4260,bb71e93c-fc02-464c-acf0-f2c6c453762d,Stresemannstraße 6,2025-07-09 12:00:00+00:00,0.04226478736782649
4261,bb71e93c-fc02-464c-acf0-f2c6c453762d,Stresemannstraße 6,2025-07-09 13:00:00+00:00,0.03179663255783395
4262,bb71e93c-fc02-464c-acf0-f2c6c453762d,Stresemannstraße 6,2025-07-09 14:00:00+00:00,0.03205526277585077
4263,bb71e93c-fc02-464c-acf0-f2c6c453762d,Stresemannstraße 6,2025-07-09 15:00:00+00:00,0.03724896037595531
4264,bb71e93c-fc02-464c-acf0-f2c6c453762d,Stresemannstraße 6,2025-07-09 16:00:00+00:00,0.03554732139604271
4265,bb71e93c-fc02-464c-acf0-f2c6c453762d,Stresemannstraße 6,2025-07-09 17:00:00+00:00,0.032705702216219115
4266,bb71e93c-fc02-464c-acf0-f2c6c453762d,Stresemannstraße 6,2025-07-09 18:00:00+00:00,0.030986699785777283
4267,bb71e93c-fc02-464c-acf0-f2c6c453762d,Stresemannstraße 6,2025-07-09 19:00:00+00:00,0.029738922026159277
4268,bb71e93c-fc02-464c-acf0-f2c6c453762d,Stresemannstraße 6,2025-07-09 20:00:00+00:00,0.02925938087922061
4269,bb71e93c-fc02-464c-acf0-f2c6c453762d,Stresemannstraße 6,2025-07-09 21:00:00+00:00,0.028956975790489014
4270,bb71e93c-fc02-464c-acf0-f2c6c453762d,Stresemannstraße 6,2025-07-09 22:00:00+00:00,0.029763280162702813
4271,bb71e93c-fc02-464c-acf0-f2c6c453762d,Stresemannstraße 6,2025-07-09 23:00:00+00:00,0.02917263328965216
4272,bb71e93c-fc02-464c-acf0-f2c6c453762d,Stresemannstraße 6,2025-07-10 00:00:00+00:00,0.01948152795368219
4273,bb71e93c-fc02-464c-acf0-f2c6c453762d,Stresemannstraße 6,2025-07-10 01:00:00+00:00,0.019217097930687196
4274,bb71e93c-fc02-464c-acf0-f2c6c453762d,Stresemannstraße 6,2025-07-10 02:00:00+00:00,0.020277373782231246
4275,bb71e93c-fc02-464c-acf0-f2c6c453762d,Stresemannstraße 6,2025-07-10 03:00:00+00:00,0.020347489930725764
4276,bb71e93c-fc02-464c-acf0-f2c6c453762d,Stresemannstraße 6,2025-07-10 04:00:00+00:00,0.020452406617662684
4277,bb71e93c-fc02-464c-acf0-f2c6c453762d,Stresemannstraße 6,2025-07-10 05:00:00+00:00,0.020076749043123402
4278,bb71e93c-fc02-464c-acf0-f2c6c453762d,Stresemannstraße 6,2025-07-10 06:00:00+00:00,0.020531605312044794
4279,bb71e93c-fc02-464c-acf0-f2c6c453762d,Stresemannstraße 6,2025-07-10 07:00:00+00:00,0.021463176232864097
4280,bb71e93c-fc02-464c-acf0-f2c6c453762d,Stresemannstraße 6,2025-07-10 08:00:00+00:00,0.01963836850061333
4281,bb71e93c-fc02-464c-acf0-f2c6c453762d,Stresemannstraße 6,2025-07-10 09:00:00+00:00,0.022721955761133995
4282,bb71e93c-fc02-464c-acf0-f2c6c453762d,Stresemannstraße 6,2025-07-10 10:00:00+00:00,0.024443783234883006
4283,bb71e93c-fc02-464c-acf0-f2c6c453762d,Stresemannstraße 6,2025-07-10 11:00:00+00:00,0.02639137552399091
4284,bb71e93c-fc02-464c-acf0-f2c6c453762d,Stresemannstraße 6,2025-07-10 12:00:00+00:00,0.0290648560697004
4285,bb71e93c-fc02-464c-acf0-f2c6c453762d,Stresemannstraße 6,2025-07-10 13:00:00+00:00,0.02907360171958938
4286,bb71e93c-fc02-464c-acf0-f2c6c453762d,Stresemannstraße 6,2025-07-10 14:00:00+00:00,0.0351423282660869
4287,bb71e93c-fc02-464c-acf0-f2c6c453762d,Stresemannstraße 6,2025-07-10 15:00:00+00:00,0.03519372426702987
4288,bb71e93c-fc02-464c-acf0-f2c6c453762d,Stresemannstraße 6,2025-07-10 16:00:00+00:00,0.03498675517494772
4289,bb71e93c-fc02-464c-acf0-f2c6c453762d,Stresemannstraße 6,2025-07-10 17:00:00+00:00,0.02959197439286075
4290,bb71e93c-fc02-464c-acf0-f2c6c453762d,Stresemannstraße 6,2025-07-10 18:00:00+00:00,0.027496499439471123
4291,bb71e93c-fc02-464c-acf0-f2c6c453762d,Stresemannstraße 6,2025-07-10 19:00:00+00:00,0.02481730015834065
4292,bb71e93c-fc02-464c-acf0-f2c6c453762d,Stresemannstraße 6,2025-07-10 20:00:00+00:00,0.02207270719822997
4293,bb71e93c-fc02-464c-acf0-f2c6c453762d,Stresemannstraße 6,2025-07-10 21:00:00+00:00,0.021963634075583546
4294,bb71e93c-fc02-464c-acf0-f2c6c453762d,Stresemannstraße 6,2025-07-10 22:00:00+00:00,0.02213560763553717
4295,bb71e93c-fc02-464c-acf0-f2c6c453762d,Stresemannstraße 6,2025-07-10 23:00:00+00:00,0.02233563045890185
4296,bb71e93c-fc02-464c-acf0-f2c6c453762d,Stresemannstraße 6,2025-07-11 00:00:00+00:00,0.02224323419052753
4297,bb71e93c-fc02-464c-acf0-f2c6c453762d,Stresemannstraße 6,2025-07-11 01:00:00+00:00,0.023648113586295705
4298,bb71e93c-fc02-464c-acf0-f2c6c453762d,Stresemannstraße 6,2025-07-11 02:00:00+00:00,0.023920270405505477
4299,bb71e93c-fc02-464c-acf0-f2c6c453762d,Stresemannstraße 6,2025-07-11 03:00:00+00:00,0.024987269232359534
4300,bb71e93c-fc02-464c-acf0-f2c6c453762d,Stresemannstraße 6,2025-07-11 04:00:00+00:00,0.02375677954459221
4301,bb71e93c-fc02-464c-acf0-f2c6c453762d,Stresemannstraße 6,2025-07-11 05:00:00+00:00,0.02211646310806287
4302,bb71e93c-fc02-464c-acf0-f2c6c453762d,Stresemannstraße 6,2025-07-11 06:00:00+00:00,0.022689048771346237
4303,bb71e93c-fc02-464c-acf0-f2c6c453762d,Stresemannstraße 6,2025-07-11 07:00:00+00:00,0.038783127432418865
4304,bb71e93c-fc02-464c-acf0-f2c6c453762d,Stresemannstraße 6,2025-07-11 08:00:00+00:00,0.03697143972133289
4305,bb71e93c-fc02-464c-acf0-f2c6c453762d,Stresemannstraße 6,2025-07-11 09:00:00+00:00,0.03941672008133081
4306,bb71e93c-fc02-464c-acf0-f2c6c453762d,Stresemannstraße 6,2025-07-11 10:00:00+00:00,0.039271253818153426
4307,bb71e93c-fc02-464c-acf0-f2c6c453762d,Stresemannstraße 6,2025-07-11 11:00:00+00:00,0.04423234232377113
4308,bb71e93c-fc02-464c-acf0-f2c6c453762d,Stresemannstraße 6,2025-07-11 12:00:00+00:00,0.0382656353647612
4309,bb71e93c-fc02-464c-acf0-f2c6c453762d,Stresemannstraße 6,2025-07-11 13:00:00+00:00,0.05469288233442644
4310,bb71e93c-fc02-464c-acf0-f2c6c453762d,Stresemannstraße 6,2025-07-11 14:00:00+00:00,0.046154791176551
4311,bb71e93c-fc02-464c-acf0-f2c6c453762d,Stresemannstraße 6,2025-07-11 15:00:00+00:00,0.07329048243178708
4312,bb71e93c-fc02-464c-acf0-f2c6c453762d,Stresemannstraße 6,2025-07-11 16:00:00+00:00,0.0822361065773883
4313,bb71e93c-fc02-464c-acf0-f2c6c453762d,Stresemannstraße 6,2025-07-11 17:00:00+00:00,0.08283629860450707
4314,bb71e93c-fc02-464c-acf0-f2c6c453762d,Stresemannstraße 6,2025-07-11 18:00:00+00:00,0.08256588414557899
4315,bb71e93c-fc02-464c-acf0-f2c6c453762d,Stresemannstraße 6,2025-07-11 19:00:00+00:00,0.07477752599189286
4316,bb71e93c-fc02-464c-acf0-f2c6c453762d,Stresemannstraße 6,2025-07-11 20:00:00+00:00,0.07145514309327201
4317,bb71e93c-fc02-464c-acf0-f2c6c453762d,Stresemannstraße 6,2025-07-11 21:00:00+00:00,0.07166122263558455
4318,bb71e93c-fc02-464c-acf0-f2c6c453762d,Stresemannstraße 6,2025-07-11 22:00:00+00:00,0.07521408276714585
4319,bb71e93c-fc02-464c-acf0-f2c6c453762d,Stresemannstraße 6,2025-07-11 23:00:00+00:00,0.07452986600128939
4320,bb71e93c-fc02-464c-acf0-f2c6c453762d,Stresemannstraße 6,2025-07-12 00:00:00+00:00,0.0713766559595773
4321,bb71e93c-fc02-464c-acf0-f2c6c453762d,Stresemannstraße 6,2025-07-12 01:00:00+00:00,0.06730393797147828
4322,bb71e93c-fc02-464c-acf0-f2c6c453762d,Stresemannstraße 6,2025-07-12 02:00:00+00:00,0.07392730277266633
4323,bb71e93c-fc02-464c-acf0-f2c6c453762d,Stresemannstraße 6,2025-07-12 03:00:00+00:00,0.07666916093538707
4324,bb71e93c-fc02-464c-acf0-f2c6c453762d,Stresemannstraße 6,2025-07-12 04:00:00+00:00,0.07802582161727131
4325,bb71e93c-fc02-464c-acf0-f2c6c453762d,Stresemannstraße 6,2025-07-12 05:00:00+00:00,0.08064102314251219
4326,bb71e93c-fc02-464c-acf0-f2c6c453762d,Stresemannstraße 6,2025-07-12 06:00:00+00:00,0.0896592674711556
4327,bb71e93c-fc02-464c-acf0-f2c6c453762d,Stresemannstraße 6,2025-07-12 07:00:00+00:00,0.08655625430268
4328,bb71e93c-fc02-464c-acf0-f2c6c453762d,Stresemannstraße 6,2025-07-12 08:00:00+00:00,0.09276370771630806
4329,bb71e93c-fc02-464c-acf0-f2c6c453762d,Stresemannstraße 6,2025-07-12 09:00:00+00:00,0.05867218543108385
4330,bb71e93c-fc02-464c-acf0-f2c6c453762d,Stresemannstraße 6,2025-07-12 10:00:00+00:00,0.054204464739257545
4331,bb71e93c-fc02-464c-acf0-f2c6c453762d,Stresemannstraße 6,2025-07-12 11:00:00+00:00,0.07313745451410349
4332,bb71e93c-fc02-464c-acf0-f2c6c453762d,Stresemannstraße 6,2025-07-12 12:00:00+00:00,0.06632585462640744
4333,bb71e93c-fc02-464c-acf0-f2c6c453762d,Stresemannstraße 6,2025-07-12 13:00:00+00:00,0.06203372681240236
4334,bb71e93c-fc02-464c-acf0-f2c6c453762d,Stresemannstraße 6,2025-07-12 14:00:00+00:00,0.05098767559356963
4335,bb71e93c-fc02-464c-acf0-f2c6c453762d,Stresemannstraße 6,2025-07-12 15:00:00+00:00,0.05470818325981326
4336,bb71e93c-fc02-464c-acf0-f2c6c453762d,Stresemannstraße 6,2025-07-12 16:00:00+00:00,0.059523106390478954
4337,bb71e93c-fc02-464c-acf0-f2c6c453762d,Stresemannstraße 6,2025-07-12 17:00:00+00:00,0.05708526991233293
4338,bb71e93c-fc02-464c-acf0-f2c6c453762d,Stresemannstraße 6,2025-07-12 18:00:00+00:00,0.05330477613194763
4339,bb71e93c-fc02-464c-acf0-f2c6c453762d,Stresemannstraße 6,2025-07-12 19:00:00+00:00,0.049629681403453765
4340,bb71e93c-fc02-464c-acf0-f2c6c453762d,Stresemannstraße 6,2025-07-12 20:00:00+00:00,0.045614620431992506
4341,bb71e93c-fc02-464c-acf0-f2c6c453762d,Stresemannstraße 6,2025-07-12 21:00:00+00:00,0.04162630753211156
4342,bb71e93c-fc02-464c-acf0-f2c6c453762d,Stresemannstraße 6,2025-07-12 22:00:00+00:00,0.040325826150913936
4343,bb71e93c-fc02-464c-acf0-f2c6c453762d,Stresemannstraße 6,2025-07-12 23:00:00+00:00,0.04544207040858524
4344,bb71e93c-fc02-464c-acf0-f2c6c453762d,Stresemannstraße 6,2025-07-13 00:00:00+00:00,0.05339844362003796
4345,bb71e93c-fc02-464c-acf0-f2c6c453762d,Stresemannstraße 6,2025-07-13 01:00:00+00:00,0.05404550592487586
4346,bb71e93c-fc02-464c-acf0-f2c6c453762d,Stresemannstraße 6,2025-07-13 02:00:00+00:00,0.057697862068435794
4347,bb71e93c-fc02-464c-acf0-f2c6c453762d,Stresemannstraße 6,2025-07-13 03:00:00+00:00,0.058897539211003484
4348,bb71e93c-fc02-464c-acf0-f2c6c453762d,Stresemannstraße 6,2025-07-13 04:00:00+00:00,0.05817169707577931
4349,bb71e93c-fc02-464c-acf0-f2c6c453762d,Stresemannstraße 6,2025-07-13 05:00:00+00:00,0.058062354968969214
4350,bb71e93c-fc02-464c-acf0-f2c6c453762d,Stresemannstraße 6,2025-07-13 06:00:00+00:00,0.057919385175567405
4351,bb71e93c-fc02-464c-acf0-f2c6c453762d,Stresemannstraße 6,2025-07-13 07:00:00+00:00,0.053231082566362324
4352,bb71e93c-fc02-464c-acf0-f2c6c453762d,Stresemannstraße 6,2025-07-13 08:00:00+00:00,0.03591972520912102
4353,bb71e93c-fc02-464c-acf0-f2c6c453762d,Stresemannstraße 6,2025-07-13 09:00:00+00:00,0.03676656927606389
4354,bb71e93c-fc02-464c-acf0-f2c6c453762d,Stresemannstraße 6,2025-07-13 10:00:00+00:00,0.0563838302644547
4355,bb71e93c-fc02-464c-acf0-f2c6c453762d,Stresemannstraße 6,2025-07-13 11:00:00+00:00,0.051694411054939486
4356,bb71e93c-fc02-464c-acf0-f2c6c453762d,Stresemannstraße 6,2025-07-13 12:00:00+00:00,0.055195230903732344
4357,bb71e93c-fc02-464c-acf0-f2c6c453762d,Stresemannstraße 6,2025-07-13 13:00:00+00:00,0.05670859793237438
4358,bb71e93c-fc02-464c-acf0-f2c6c453762d,Stresemannstraße 6,2025-07-13 14:00:00+00:00,0.043776839929915094
4359,bb71e93c-fc02-464c-acf0-f2c6c453762d,Stresemannstraße 6,2025-07-13 15:00:00+00:00,0.0386376262120661
4360,bb71e93c-fc02-464c-acf0-f2c6c453762d,Stresemannstraße 6,2025-07-13 16:00:00+00:00,0.03576886864739037
4361,bb71e93c-fc02-464c-acf0-f2c6c453762d,Stresemannstraße 6,2025-07-13 17:00:00+00:00,0.03305373092908382
4362,bb71e93c-fc02-464c-acf0-f2c6c453762d,Stresemannstraße 6,2025-07-13 18:00:00+00:00,0.03389483271853586
4363,bb71e93c-fc02-464c-acf0-f2c6c453762d,Stresemannstraße 6,2025-07-13 19:00:00+00:00,0.03363896122966139
4364,bb71e93c-fc02-464c-acf0-f2c6c453762d,Stresemannstraße 6,2025-07-13 20:00:00+00:00,0.03318600629801437
4365,bb71e93c-fc02-464c-acf0-f2c6c453762d,Stresemannstraße 6,2025-07-13 21:00:00+00:00,0.033146344974107025
4366,bb71e93c-fc02-464c-acf0-f2c6c453762d,Stresemannstraße 6,2025-07-13 22:00:00+00:00,0.03291601121383056
4367,bb71e93c-fc02-464c-acf0-f2c6c453762d,Stresemannstraße 6,2025-07-13 23:00:00+00:00,0.027944736810435876
4368,bc5edd25-415e-40fb-8607-ad8c0b10ea4c,Kurpark,2025-07-01 00:00:00+00:00,0.01779364304106914
4369,bc5edd25-415e-40fb-8607-ad8c0b10ea4c,Kurpark,2025-07-01 01:00:00+00:00,0.01999725067456613
4370,bc5edd25-415e-40fb-8607-ad8c0b10ea4c,Kurpark,2025-07-01 02:00:00+00:00,0.021050517440899863
4371,bc5edd25-415e-40fb-8607-ad8c0b10ea4c,Kurpark,2025-07-01 03:00:00+00:00,0.021842733859747294
4372,bc5edd25-415e-40fb-8607-ad8c0b10ea4c,Kurpark,2025-07-01 04:00:00+00:00,0.024763740760209173
4373,bc5edd25-415e-40fb-8607-ad8c0b10ea4c,Kurpark,2025-07-01 05:00:00+00:00,0.029085133756007055
4374,bc5edd25-415e-40fb-8607-ad8c0b10ea4c,Kurpark,2025-07-01 06:00:00+00:00,0.03395489165252831
4375,bc5edd25-415e-40fb-8607-ad8c0b10ea4c,Kurpark,2025-07-01 07:00:00+00:00,0.027581242997944132
4376,bc5edd25-415e-40fb-8607-ad8c0b10ea4c,Kurpark,2025-07-01 08:00:00+00:00,0.030077329188210458
4377,bc5edd25-415e-40fb-8607-ad8c0b10ea4c,Kurpark,2025-07-01 09:00:00+00:00,0.04033907716526836
4378,bc5edd25-415e-40fb-8607-ad8c0b10ea4c,Kurpark,2025-07-01 10:00:00+00:00,0.04763858344338865
4379,bc5edd25-415e-40fb-8607-ad8c0b10ea4c,Kurpark,2025-07-01 11:00:00+00:00,0.059748961476076785
4380,bc5edd25-415e-40fb-8607-ad8c0b10ea4c,Kurpark,2025-07-01 12:00:00+00:00,0.07412857628842047
4381,bc5edd25-415e-40fb-8607-ad8c0b10ea4c,Kurpark,2025-07-01 13:00:00+00:00,0.06963118794969439
4382,bc5edd25-415e-40fb-8607-ad8c0b10ea4c,Kurpark,2025-07-01 14:00:00+00:00,0.06457220429626391
4383,bc5edd25-415e-40fb-8607-ad8c0b10ea4c,Kurpark,2025-07-01 15:00:00+00:00,0.07399852366772505
4384,bc5edd25-415e-40fb-8607-ad8c0b10ea4c,Kurpark,2025-07-01 16:00:00+00:00,0.09218799633592085
4385,bc5edd25-415e-40fb-8607-ad8c0b10ea4c,Kurpark,2025-07-01 17:00:00+00:00,0.07910727101507081
4386,bc5edd25-415e-40fb-8607-ad8c0b10ea4c,Kurpark,2025-07-01 18:00:00+00:00,0.06372097757395702
4387,bc5edd25-415e-40fb-8607-ad8c0b10ea4c,Kurpark,2025-07-01 19:00:00+00:00,0.04931328867499802
4388,bc5edd25-415e-40fb-8607-ad8c0b10ea4c,Kurpark,2025-07-01 20:00:00+00:00,0.043500750184727224
4389,bc5edd25-415e-40fb-8607-ad8c0b10ea4c,Kurpark,2025-07-01 21:00:00+00:00,0.04512271895136574
4390,bc5edd25-415e-40fb-8607-ad8c0b10ea4c,Kurpark,2025-07-01 22:00:00+00:00,0.04564597212073028
4391,bc5edd25-415e-40fb-8607-ad8c0b10ea4c,Kurpark,2025-07-01 23:00:00+00:00,0.04226226499328784
4392,bc5edd25-415e-40fb-8607-ad8c0b10ea4c,Kurpark,2025-07-02 00:00:00+00:00,0.037001676087608355
4393,bc5edd25-415e-40fb-8607-ad8c0b10ea4c,Kurpark,2025-07-02 01:00:00+00:00,0.040713509330988044
4394,bc5edd25-415e-40fb-8607-ad8c0b10ea4c,Kurpark,2025-07-02 02:00:00+00:00,0.03774173332802345
4395,bc5edd25-415e-40fb-8607-ad8c0b10ea4c,Kurpark,2025-07-02 03:00:00+00:00,0.03581074431347021
4396,bc5edd25-415e-40fb-8607-ad8c0b10ea4c,Kurpark,2025-07-02 04:00:00+00:00,0.04123812462596785
4397,bc5edd25-415e-40fb-8607-ad8c0b10ea4c,Kurpark,2025-07-02 05:00:00+00:00,0.0534224995968949
4398,bc5edd25-415e-40fb-8607-ad8c0b10ea4c,Kurpark,2025-07-02 06:00:00+00:00,0.04535081762431643
4399,bc5edd25-415e-40fb-8607-ad8c0b10ea4c,Kurpark,2025-07-02 07:00:00+00:00,0.03894918060356109
4400,bc5edd25-415e-40fb-8607-ad8c0b10ea4c,Kurpark,2025-07-02 08:00:00+00:00,0.04709561216365544
4401,bc5edd25-415e-40fb-8607-ad8c0b10ea4c,Kurpark,2025-07-02 09:00:00+00:00,0.056880636644917465
4402,bc5edd25-415e-40fb-8607-ad8c0b10ea4c,Kurpark,2025-07-02 10:00:00+00:00,0.0666273071595682
4403,bc5edd25-415e-40fb-8607-ad8c0b10ea4c,Kurpark,2025-07-02 11:00:00+00:00,0.062016300494953186
4404,bc5edd25-415e-40fb-8607-ad8c0b10ea4c,Kurpark,2025-07-02 12:00:00+00:00,0.0566511528910164
4405,bc5edd25-415e-40fb-8607-ad8c0b10ea4c,Kurpark,2025-07-02 13:00:00+00:00,0.07167199907568396
4406,bc5edd25-415e-40fb-8607-ad8c0b10ea4c,Kurpark,2025-07-02 14:00:00+00:00,0.08488743256719292
4407,bc5edd25-415e-40fb-8607-ad8c0b10ea4c,Kurpark,2025-07-02 15:00:00+00:00,0.08045866754994832
4408,bc5edd25-415e-40fb-8607-ad8c0b10ea4c,Kurpark,2025-07-02 16:00:00+00:00,0.08268693454961747
4409,bc5edd25-415e-40fb-8607-ad8c0b10ea4c,Kurpark,2025-07-02 17:00:00+00:00,0.07339741587784825
4410,bc5edd25-415e-40fb-8607-ad8c0b10ea4c,Kurpark,2025-07-02 18:00:00+00:00,0.06549246991204515
4411,bc5edd25-415e-40fb-8607-ad8c0b10ea4c,Kurpark,2025-07-02 19:00:00+00:00,0.061371100450977364
4412,bc5edd25-415e-40fb-8607-ad8c0b10ea4c,Kurpark,2025-07-02 20:00:00+00:00,0.053440994304401586
4413,bc5edd25-415e-40fb-8607-ad8c0b10ea4c,Kurpark,2025-07-02 21:00:00+00:00,0.051616486397892604
4414,bc5edd25-415e-40fb-8607-ad8c0b10ea4c,Kurpark,2025-07-02 22:00:00+00:00,0.05383492747170046
4415,bc5edd25-415e-40fb-8607-ad8c0b10ea4c,Kurpark,2025-07-02 23:00:00+00:00,0.05545301471915494
4416,bc5edd25-415e-40fb-8607-ad8c0b10ea4c,Kurpark,2025-07-03 00:00:00+00:00,0.05686871202287249
4417,bc5edd25-415e-40fb-8607-ad8c0b10ea4c,Kurpark,2025-07-03 01:00:00+00:00,0.05270125118238669
4418,bc5edd25-415e-40fb-8607-ad8c0b10ea4c,Kurpark,2025-07-03 02:00:00+00:00,0.054466402817893673
4419,bc5edd25-415e-40fb-8607-ad8c0b10ea4c,Kurpark,2025-07-03 03:00:00+00:00,0.05407481023655605
4420,bc5edd25-415e-40fb-8607-ad8c0b10ea4c,Kurpark,2025-07-03 04:00:00+00:00,0.0560249137951205
4421,bc5edd25-415e-40fb-8607-ad8c0b10ea4c,Kurpark,2025-07-03 05:00:00+00:00,0.0636536566786279
4422,bc5edd25-415e-40fb-8607-ad8c0b10ea4c,Kurpark,2025-07-03 06:00:00+00:00,0.04622582562651833
4423,bc5edd25-415e-40fb-8607-ad8c0b10ea4c,Kurpark,2025-07-03 07:00:00+00:00,0.04879143044685399
4424,bc5edd25-415e-40fb-8607-ad8c0b10ea4c,Kurpark,2025-07-03 08:00:00+00:00,0.04630099560704377
4425,bc5edd25-415e-40fb-8607-ad8c0b10ea4c,Kurpark,2025-07-03 09:00:00+00:00,0.04362178717739639
4426,bc5edd25-415e-40fb-8607-ad8c0b10ea4c,Kurpark,2025-07-03 10:00:00+00:00,0.09518218737944478
4427,bc5edd25-415e-40fb-8607-ad8c0b10ea4c,Kurpark,2025-07-03 11:00:00+00:00,0.10899451329553458
4428,bc5edd25-415e-40fb-8607-ad8c0b10ea4c,Kurpark,2025-07-03 12:00:00+00:00,0.12830719444932356
4429,bc5edd25-415e-40fb-8607-ad8c0b10ea4c,Kurpark,2025-07-03 13:00:00+00:00,0.16120785007484345
4430,bc5edd25-415e-40fb-8607-ad8c0b10ea4c,Kurpark,2025-07-03 14:00:00+00:00,0.16482111207661992
4431,bc5edd25-415e-40fb-8607-ad8c0b10ea4c,Kurpark,2025-07-03 15:00:00+00:00,0.16126177286910715
4432,bc5edd25-415e-40fb-8607-ad8c0b10ea4c,Kurpark,2025-07-03 16:00:00+00:00,0.16349401440195419
4433,bc5edd25-415e-40fb-8607-ad8c0b10ea4c,Kurpark,2025-07-03 17:00:00+00:00,0.1496602950406377
4434,bc5edd25-415e-40fb-8607-ad8c0b10ea4c,Kurpark,2025-07-03 18:00:00+00:00,0.14366867737431768
4435,bc5edd25-415e-40fb-8607-ad8c0b10ea4c,Kurpark,2025-07-03 19:00:00+00:00,0.141835207030339
4436,bc5edd25-415e-40fb-8607-ad8c0b10ea4c,Kurpark,2025-07-03 20:00:00+00:00,0.13573886011151437
4437,bc5edd25-415e-40fb-8607-ad8c0b10ea4c,Kurpark,2025-07-03 21:00:00+00:00,0.13247887385626583
4438,bc5edd25-415e-40fb-8607-ad8c0b10ea4c,Kurpark,2025-07-03 22:00:00+00:00,0.1360468219762871
4439,bc5edd25-415e-40fb-8607-ad8c0b10ea4c,Kurpark,2025-07-03 23:00:00+00:00,0.14176558291682068
4440,bc5edd25-415e-40fb-8607-ad8c0b10ea4c,Kurpark,2025-07-04 00:00:00+00:00,0.14370124012429464
4441,bc5edd25-415e-40fb-8607-ad8c0b10ea4c,Kurpark,2025-07-04 01:00:00+00:00,0.15885233550455644
4442,bc5edd25-415e-40fb-8607-ad8c0b10ea4c,Kurpark,2025-07-04 02:00:00+00:00,0.16782748723185037
4443,bc5edd25-415e-40fb-8607-ad8c0b10ea4c,Kurpark,2025-07-04 03:00:00+00:00,0.16157933717468875
4444,bc5edd25-415e-40fb-8607-ad8c0b10ea4c,Kurpark,2025-07-04 04:00:00+00:00,0.14825044580520175
4445,bc5edd25-415e-40fb-8607-ad8c0b10ea4c,Kurpark,2025-07-04 05:00:00+00:00,0.12871499745974893
4446,bc5edd25-415e-40fb-8607-ad8c0b10ea4c,Kurpark,2025-07-04 06:00:00+00:00,0.12026353920305001
4447,bc5edd25-415e-40fb-8607-ad8c0b10ea4c,Kurpark,2025-07-04 07:00:00+00:00,0.10438246724935754
4448,bc5edd25-415e-40fb-8607-ad8c0b10ea4c,Kurpark,2025-07-04 08:00:00+00:00,0.10808585183267556
4449,bc5edd25-415e-40fb-8607-ad8c0b10ea4c,Kurpark,2025-07-04 09:00:00+00:00,0.10800779530334158
4450,bc5edd25-415e-40fb-8607-ad8c0b10ea4c,Kurpark,2025-07-04 10:00:00+00:00,0.12662759406419977
4451,bc5edd25-415e-40fb-8607-ad8c0b10ea4c,Kurpark,2025-07-04 11:00:00+00:00,0.11410908610643361
4452,bc5edd25-415e-40fb-8607-ad8c0b10ea4c,Kurpark,2025-07-04 12:00:00+00:00,0.06210901563236731
4453,bc5edd25-415e-40fb-8607-ad8c0b10ea4c,Kurpark,2025-07-04 13:00:00+00:00,0.13592519875815906
4454,bc5edd25-415e-40fb-8607-ad8c0b10ea4c,Kurpark,2025-07-04 14:00:00+00:00,0.26985602444820334
4455,bc5edd25-415e-40fb-8607-ad8c0b10ea4c,Kurpark,2025-07-04 15:00:00+00:00,0.2957711609545
4456,bc5edd25-415e-40fb-8607-ad8c0b10ea4c,Kurpark,2025-07-04 16:00:00+00:00,0.27606840787195874
4457,bc5edd25-415e-40fb-8607-ad8c0b10ea4c,Kurpark,2025-07-04 17:00:00+00:00,0.256904776485823
4458,bc5edd25-415e-40fb-8607-ad8c0b10ea4c,Kurpark,2025-07-04 18:00:00+00:00,0.24313899967808877
4459,bc5edd25-415e-40fb-8607-ad8c0b10ea4c,Kurpark,2025-07-04 19:00:00+00:00,0.2352137249702775
4460,bc5edd25-415e-40fb-8607-ad8c0b10ea4c,Kurpark,2025-07-04 20:00:00+00:00,0.22424389178354087
4461,bc5edd25-415e-40fb-8607-ad8c0b10ea4c,Kurpark,2025-07-04 21:00:00+00:00,0.20846147497995055
4462,bc5edd25-415e-40fb-8607-ad8c0b10ea4c,Kurpark,2025-07-04 22:00:00+00:00,0.2032571173777527
4463,bc5edd25-415e-40fb-8607-ad8c0b10ea4c,Kurpark,2025-07-04 23:00:00+00:00,0.20371007910430444
4464,bc5edd25-415e-40fb-8607-ad8c0b10ea4c,Kurpark,2025-07-05 00:00:00+00:00,0.20371733225693628
4465,bc5edd25-415e-40fb-8607-ad8c0b10ea4c,Kurpark,2025-07-05 01:00:00+00:00,0.20816771507373327
4466,bc5edd25-415e-40fb-8607-ad8c0b10ea4c,Kurpark,2025-07-05 02:00:00+00:00,0.20778330699128114
4467,bc5edd25-415e-40fb-8607-ad8c0b10ea4c,Kurpark,2025-07-05 03:00:00+00:00,0.2100574061635845
4468,bc5edd25-415e-40fb-8607-ad8c0b10ea4c,Kurpark,2025-07-05 04:00:00+00:00,0.214838548916093
4469,bc5edd25-415e-40fb-8607-ad8c0b10ea4c,Kurpark,2025-07-05 05:00:00+00:00,0.22600602095815436
4470,bc5edd25-415e-40fb-8607-ad8c0b10ea4c,Kurpark,2025-07-05 06:00:00+00:00,0.22857090724886636
4471,bc5edd25-415e-40fb-8607-ad8c0b10ea4c,Kurpark,2025-07-05 07:00:00+00:00,0.2337120878481023
4472,bc5edd25-415e-40fb-8607-ad8c0b10ea4c,Kurpark,2025-07-05 08:00:00+00:00,0.36299646556858417
4473,bc5edd25-415e-40fb-8607-ad8c0b10ea4c,Kurpark,2025-07-05 09:00:00+00:00,0.3793654749341143
4474,bc5edd25-415e-40fb-8607-ad8c0b10ea4c,Kurpark,2025-07-05 10:00:00+00:00,0.4559984229082933
4475,bc5edd25-415e-40fb-8607-ad8c0b10ea4c,Kurpark,2025-07-05 11:00:00+00:00,0.3881488275854626
4476,bc5edd25-415e-40fb-8607-ad8c0b10ea4c,Kurpark,2025-07-05 12:00:00+00:00,0.3406155616692885
4477,bc5edd25-415e-40fb-8607-ad8c0b10ea4c,Kurpark,2025-07-05 13:00:00+00:00,0.44950461987696355
4478,bc5edd25-415e-40fb-8607-ad8c0b10ea4c,Kurpark,2025-07-05 14:00:00+00:00,0.3373998411863433
4479,bc5edd25-415e-40fb-8607-ad8c0b10ea4c,Kurpark,2025-07-05 15:00:00+00:00,0.5616713213515084
4480,bc5edd25-415e-40fb-8607-ad8c0b10ea4c,Kurpark,2025-07-05 16:00:00+00:00,0.6842964823040709
4481,bc5edd25-415e-40fb-8607-ad8c0b10ea4c,Kurpark,2025-07-05 17:00:00+00:00,0.7028611423224419
4482,bc5edd25-415e-40fb-8607-ad8c0b10ea4c,Kurpark,2025-07-05 18:00:00+00:00,0.5580154030831318
4483,bc5edd25-415e-40fb-8607-ad8c0b10ea4c,Kurpark,2025-07-05 19:00:00+00:00,0.41902934833862365
4484,bc5edd25-415e-40fb-8607-ad8c0b10ea4c,Kurpark,2025-07-05 20:00:00+00:00,0.25640286075036
4485,bc5edd25-415e-40fb-8607-ad8c0b10ea4c,Kurpark,2025-07-05 21:00:00+00:00,0.18890502682690194
4486,bc5edd25-415e-40fb-8607-ad8c0b10ea4c,Kurpark,2025-07-05 22:00:00+00:00,0.1852119884422433
4487,bc5edd25-415e-40fb-8607-ad8c0b10ea4c,Kurpark,2025-07-05 23:00:00+00:00,0.19525051857573558
4488,bc5edd25-415e-40fb-8607-ad8c0b10ea4c,Kurpark,2025-07-06 00:00:00+00:00,0.2072579851043693
4489,bc5edd25-415e-40fb-8607-ad8c0b10ea4c,Kurpark,2025-07-06 01:00:00+00:00,0.21461614457818515
4490,bc5edd25-415e-40fb-8607-ad8c0b10ea4c,Kurpark,2025-07-06 02:00:00+00:00,0.2550201198361581
4491,bc5edd25-415e-40fb-8607-ad8c0b10ea4c,Kurpark,2025-07-06 03:00:00+00:00,0.32509374596883517
4492,bc5edd25-415e-40fb-8607-ad8c0b10ea4c,Kurpark,2025-07-06 04:00:00+00:00,0.31471315160089247
4493,bc5edd25-415e-40fb-8607-ad8c0b10ea4c,Kurpark,2025-07-06 05:00:00+00:00,0.3066108565327278
4494,bc5edd25-415e-40fb-8607-ad8c0b10ea4c,Kurpark,2025-07-06 06:00:00+00:00,0.27501912199019435
4495,bc5edd25-415e-40fb-8607-ad8c0b10ea4c,Kurpark,2025-07-06 07:00:00+00:00,0.2887500696974434
4496,bc5edd25-415e-40fb-8607-ad8c0b10ea4c,Kurpark,2025-07-06 08:00:00+00:00,0.2279753888287739
4497,bc5edd25-415e-40fb-8607-ad8c0b10ea4c,Kurpark,2025-07-06 09:00:00+00:00,0.2759812075579794
4498,bc5edd25-415e-40fb-8607-ad8c0b10ea4c,Kurpark,2025-07-06 10:00:00+00:00,0.15051911684715524
4499,bc5edd25-415e-40fb-8607-ad8c0b10ea4c,Kurpark,2025-07-06 11:00:00+00:00,0.15239813785575412
4500,bc5edd25-415e-40fb-8607-ad8c0b10ea4c,Kurpark,2025-07-06 12:00:00+00:00,0.1740790654370223
4501,bc5edd25-415e-40fb-8607-ad8c0b10ea4c,Kurpark,2025-07-06 13:00:00+00:00,0.25176754480102226
4502,bc5edd25-415e-40fb-8607-ad8c0b10ea4c,Kurpark,2025-07-06 14:00:00+00:00,0.3739473720437596
4503,bc5edd25-415e-40fb-8607-ad8c0b10ea4c,Kurpark,2025-07-06 15:00:00+00:00,0.5904108080522186
4504,bc5edd25-415e-40fb-8607-ad8c0b10ea4c,Kurpark,2025-07-06 16:00:00+00:00,0.7263718707764949
4505,bc5edd25-415e-40fb-8607-ad8c0b10ea4c,Kurpark,2025-07-06 17:00:00+00:00,0.6005191207900575
4506,bc5edd25-415e-40fb-8607-ad8c0b10ea4c,Kurpark,2025-07-06 18:00:00+00:00,0.32558868527981344
4507,bc5edd25-415e-40fb-8607-ad8c0b10ea4c,Kurpark,2025-07-06 19:00:00+00:00,0.12471917511760257
4508,bc5edd25-415e-40fb-8607-ad8c0b10ea4c,Kurpark,2025-07-06 20:00:00+00:00,0.060812456866501954
4509,bc5edd25-415e-40fb-8607-ad8c0b10ea4c,Kurpark,2025-07-06 21:00:00+00:00,0.05840740697210629
4510,bc5edd25-415e-40fb-8607-ad8c0b10ea4c,Kurpark,2025-07-06 22:00:00+00:00,0.08711098339124125
4511,bc5edd25-415e-40fb-8607-ad8c0b10ea4c,Kurpark,2025-07-06 23:00:00+00:00,0.13161505781342256
4512,bc5edd25-415e-40fb-8607-ad8c0b10ea4c,Kurpark,2025-07-07 00:00:00+00:00,0.1561107832994355
4513,bc5edd25-415e-40fb-8607-ad8c0b10ea4c,Kurpark,2025-07-07 01:00:00+00:00,0.18447913384662792
4514,bc5edd25-415e-40fb-8607-ad8c0b10ea4c,Kurpark,2025-07-07 02:00:00+00:00,0.1717295842618834
4515,bc5edd25-415e-40fb-8607-ad8c0b10ea4c,Kurpark,2025-07-07 03:00:00+00:00,0.19133743499613937
4516,bc5edd25-415e-40fb-8607-ad8c0b10ea4c,Kurpark,2025-07-07 04:00:00+00:00,0.1917632893609192
4517,bc5edd25-415e-40fb-8607-ad8c0b10ea4c,Kurpark,2025-07-07 05:00:00+00:00,0.23009351637475545
4518,bc5edd25-415e-40fb-8607-ad8c0b10ea4c,Kurpark,2025-07-07 06:00:00+00:00,0.18989193337865048
4519,bc5edd25-415e-40fb-8607-ad8c0b10ea4c,Kurpark,2025-07-07 07:00:00+00:00,0.15080535209390067
4520,bc5edd25-415e-40fb-8607-ad8c0b10ea4c,Kurpark,2025-07-07 08:00:00+00:00,0.2020603253171421
4521,bc5edd25-415e-40fb-8607-ad8c0b10ea4c,Kurpark,2025-07-07 09:00:00+00:00,0.34090182867268126
4522,bc5edd25-415e-40fb-8607-ad8c0b10ea4c,Kurpark,2025-07-07 10:00:00+00:00,0.45740990880928256
4523,bc5edd25-415e-40fb-8607-ad8c0b10ea4c,Kurpark,2025-07-07 11:00:00+00:00,0.4719550761753885
4524,bc5edd25-415e-40fb-8607-ad8c0b10ea4c,Kurpark,2025-07-07 12:00:00+00:00,0.3500742065272622
4525,bc5edd25-415e-40fb-8607-ad8c0b10ea4c,Kurpark,2025-07-07 13:00:00+00:00,0.12560001293936282
4526,bc5edd25-415e-40fb-8607-ad8c0b10ea4c,Kurpark,2025-07-07 14:00:00+00:00,0.08067789192635925
4527,bc5edd25-415e-40fb-8607-ad8c0b10ea4c,Kurpark,2025-07-07 15:00:00+00:00,0.08629110570082417
4528,bc5edd25-415e-40fb-8607-ad8c0b10ea4c,Kurpark,2025-07-07 16:00:00+00:00,0.08579031923790173
4529,bc5edd25-415e-40fb-8607-ad8c0b10ea4c,Kurpark,2025-07-07 17:00:00+00:00,0.08773516428733254
4530,bc5edd25-415e-40fb-8607-ad8c0b10ea4c,Kurpark,2025-07-07 18:00:00+00:00,0.09299691546876208
4531,bc5edd25-415e-40fb-8607-ad8c0b10ea4c,Kurpark,2025-07-07 19:00:00+00:00,0.09168510167168416
4532,bc5edd25-415e-40fb-8607-ad8c0b10ea4c,Kurpark,2025-07-07 20:00:00+00:00,0.0923023339957949
4533,bc5edd25-415e-40fb-8607-ad8c0b10ea4c,Kurpark,2025-07-07 21:00:00+00:00,0.09559141067143302
4534,bc5edd25-415e-40fb-8607-ad8c0b10ea4c,Kurpark,2025-07-07 22:00:00+00:00,0.09682053514654144
4535,bc5edd25-415e-40fb-8607-ad8c0b10ea4c,Kurpark,2025-07-07 23:00:00+00:00,0.09129772996657422
4536,bc5edd25-415e-40fb-8607-ad8c0b10ea4c,Kurpark,2025-07-08 00:00:00+00:00,0.08599623897884187
4537,bc5edd25-415e-40fb-8607-ad8c0b10ea4c,Kurpark,2025-07-08 01:00:00+00:00,0.08836818312323785
4538,bc5edd25-415e-40fb-8607-ad8c0b10ea4c,Kurpark,2025-07-08 02:00:00+00:00,0.08943014936584576
4539,bc5edd25-415e-40fb-8607-ad8c0b10ea4c,Kurpark,2025-07-08 03:00:00+00:00,0.08503748398034855
4540,bc5edd25-415e-40fb-8607-ad8c0b10ea4c,Kurpark,2025-07-08 04:00:00+00:00,0.08195960696712895
4541,bc5edd25-415e-40fb-8607-ad8c0b10ea4c,Kurpark,2025-07-08 05:00:00+00:00,0.08115158668571851
4542,bc5edd25-415e-40fb-8607-ad8c0b10ea4c,Kurpark,2025-07-08 06:00:00+00:00,0.09367047208586694
4543,bc5edd25-415e-40fb-8607-ad8c0b10ea4c,Kurpark,2025-07-08 07:00:00+00:00,0.09716191715563173
4544,bc5edd25-415e-40fb-8607-ad8c0b10ea4c,Kurpark,2025-07-08 08:00:00+00:00,0.07816842164621034
4545,bc5edd25-415e-40fb-8607-ad8c0b10ea4c,Kurpark,2025-07-08 09:00:00+00:00,0.0803550805656693
4546,bc5edd25-415e-40fb-8607-ad8c0b10ea4c,Kurpark,2025-07-08 10:00:00+00:00,0.08509338915701398
4547,bc5edd25-415e-40fb-8607-ad8c0b10ea4c,Kurpark,2025-07-08 11:00:00+00:00,0.1062016418935763
4548,bc5edd25-415e-40fb-8607-ad8c0b10ea4c,Kurpark,2025-07-08 12:00:00+00:00,0.10088458668787005
4549,bc5edd25-415e-40fb-8607-ad8c0b10ea4c,Kurpark,2025-07-08 13:00:00+00:00,0.15979160441022344
4550,bc5edd25-415e-40fb-8607-ad8c0b10ea4c,Kurpark,2025-07-08 14:00:00+00:00,0.16268745478082883
4551,bc5edd25-415e-40fb-8607-ad8c0b10ea4c,Kurpark,2025-07-08 15:00:00+00:00,0.1568003943272496
4552,bc5edd25-415e-40fb-8607-ad8c0b10ea4c,Kurpark,2025-07-08 16:00:00+00:00,0.14939107682532154
4553,bc5edd25-415e-40fb-8607-ad8c0b10ea4c,Kurpark,2025-07-08 17:00:00+00:00,0.14778669677689482
4554,bc5edd25-415e-40fb-8607-ad8c0b10ea4c,Kurpark,2025-07-08 18:00:00+00:00,0.15699484934415198
4555,bc5edd25-415e-40fb-8607-ad8c0b10ea4c,Kurpark,2025-07-08 19:00:00+00:00,0.15588165297391232
4556,bc5edd25-415e-40fb-8607-ad8c0b10ea4c,Kurpark,2025-07-08 20:00:00+00:00,0.149058276448587
4557,bc5edd25-415e-40fb-8607-ad8c0b10ea4c,Kurpark,2025-07-08 21:00:00+00:00,0.1484512540578818
4558,bc5edd25-415e-40fb-8607-ad8c0b10ea4c,Kurpark,2025-07-08 22:00:00+00:00,0.1508373617413866
4559,bc5edd25-415e-40fb-8607-ad8c0b10ea4c,Kurpark,2025-07-08 23:00:00+00:00,0.15208526783094684
4560,bc5edd25-415e-40fb-8607-ad8c0b10ea4c,Kurpark,2025-07-09 00:00:00+00:00,0.14979990171345434
4561,bc5edd25-415e-40fb-8607-ad8c0b10ea4c,Kurpark,2025-07-09 01:00:00+00:00,0.15314657225486314
4562,bc5edd25-415e-40fb-8607-ad8c0b10ea4c,Kurpark,2025-07-09 02:00:00+00:00,0.15824697306087385
4563,bc5edd25-415e-40fb-8607-ad8c0b10ea4c,Kurpark,2025-07-09 03:00:00+00:00,0.15473041612702154
4564,bc5edd25-415e-40fb-8607-ad8c0b10ea4c,Kurpark,2025-07-09 04:00:00+00:00,0.13499957911029778
4565,bc5edd25-415e-40fb-8607-ad8c0b10ea4c,Kurpark,2025-07-09 05:00:00+00:00,0.1194476946947562
4566,bc5edd25-415e-40fb-8607-ad8c0b10ea4c,Kurpark,2025-07-09 06:00:00+00:00,0.11375983630151176
4567,bc5edd25-415e-40fb-8607-ad8c0b10ea4c,Kurpark,2025-07-09 07:00:00+00:00,0.11563585533889441
4568,bc5edd25-415e-40fb-8607-ad8c0b10ea4c,Kurpark,2025-07-09 08:00:00+00:00,0.13351740092745737
4569,bc5edd25-415e-40fb-8607-ad8c0b10ea4c,Kurpark,2025-07-09 09:00:00+00:00,0.1426927489393775
4570,bc5edd25-415e-40fb-8607-ad8c0b10ea4c,Kurpark,2025-07-09 10:00:00+00:00,0.15491601664330884
4571,bc5edd25-415e-40fb-8607-ad8c0b10ea4c,Kurpark,2025-07-09 11:00:00+00:00,0.16029292852008797
4572,bc5edd25-415e-40fb-8607-ad8c0b10ea4c,Kurpark,2025-07-09 12:00:00+00:00,0.17064752760833354
4573,bc5edd25-415e-40fb-8607-ad8c0b10ea4c,Kurpark,2025-07-09 13:00:00+00:00,0.21742886088431934
4574,bc5edd25-415e-40fb-8607-ad8c0b10ea4c,Kurpark,2025-07-09 14:00:00+00:00,0.28873268961576704
4575,bc5edd25-415e-40fb-8607-ad8c0b10ea4c,Kurpark,2025-07-09 15:00:00+00:00,0.32055097478959016
4576,bc5edd25-415e-40fb-8607-ad8c0b10ea4c,Kurpark,2025-07-09 16:00:00+00:00,0.317235425133053
4577,bc5edd25-415e-40fb-8607-ad8c0b10ea4c,Kurpark,2025-07-09 17:00:00+00:00,0.31226118187026647
4578,bc5edd25-415e-40fb-8607-ad8c0b10ea4c,Kurpark,2025-07-09 18:00:00+00:00,0.31555831848863725
4579,bc5edd25-415e-40fb-8607-ad8c0b10ea4c,Kurpark,2025-07-09 19:00:00+00:00,0.3163283450554425
4580,bc5edd25-415e-40fb-8607-ad8c0b10ea4c,Kurpark,2025-07-09 20:00:00+00:00,0.3122535293658187
4581,bc5edd25-415e-40fb-8607-ad8c0b10ea4c,Kurpark,2025-07-09 21:00:00+00:00,0.3150925129142623
4582,bc5edd25-415e-40fb-8607-ad8c0b10ea4c,Kurpark,2025-07-09 22:00:00+00:00,0.32382796868829156
4583,bc5edd25-415e-40fb-8607-ad8c0b10ea4c,Kurpark,2025-07-09 23:00:00+00:00,0.3306827840334328
4584,bc5edd25-415e-40fb-8607-ad8c0b10ea4c,Kurpark,2025-07-10 00:00:00+00:00,0.33373192187870016
4585,bc5edd25-415e-40fb-8607-ad8c0b10ea4c,Kurpark,2025-07-10 01:00:00+00:00,0.3404273361290734
4586,bc5edd25-415e-40fb-8607-ad8c0b10ea4c,Kurpark,2025-07-10 02:00:00+00:00,0.34386616468405534
4587,bc5edd25-415e-40fb-8607-ad8c0b10ea4c,Kurpark,2025-07-10 03:00:00+00:00,0.3368088083209465
4588,bc5edd25-415e-40fb-8607-ad8c0b10ea4c,Kurpark,2025-07-10 04:00:00+00:00,0.32196417516782744
4589,bc5edd25-415e-40fb-8607-ad8c0b10ea4c,Kurpark,2025-07-10 05:00:00+00:00,0.31820223764522665
4590,bc5edd25-415e-40fb-8607-ad8c0b10ea4c,Kurpark,2025-07-10 06:00:00+00:00,0.3002584887198185
4591,bc5edd25-415e-40fb-8607-ad8c0b10ea4c,Kurpark,2025-07-10 07:00:00+00:00,0.2905323986554667
4592,bc5edd25-415e-40fb-8607-ad8c0b10ea4c,Kurpark,2025-07-10 08:00:00+00:00,0.2753202101333534
4593,bc5edd25-415e-40fb-8607-ad8c0b10ea4c,Kurpark,2025-07-10 09:00:00+00:00,0.27495489342312
4594,bc5edd25-415e-40fb-8607-ad8c0b10ea4c,Kurpark,2025-07-10 10:00:00+00:00,0.24354145190577137
4595,bc5edd25-415e-40fb-8607-ad8c0b10ea4c,Kurpark,2025-07-10 11:00:00+00:00,0.0801190398856946
4596,bc5edd25-415e-40fb-8607-ad8c0b10ea4c,Kurpark,2025-07-10 12:00:00+00:00,0.08515050990437216
4597,bc5edd25-415e-40fb-8607-ad8c0b10ea4c,Kurpark,2025-07-10 13:00:00+00:00,0.09964210788152658
4598,bc5edd25-415e-40fb-8607-ad8c0b10ea4c,Kurpark,2025-07-10 14:00:00+00:00,0.1136909768634396
4599,bc5edd25-415e-40fb-8607-ad8c0b10ea4c,Kurpark,2025-07-10 15:00:00+00:00,0.1254145033597848
4600,bc5edd25-415e-40fb-8607-ad8c0b10ea4c,Kurpark,2025-07-10 16:00:00+00:00,0.13444774148155325
4601,bc5edd25-415e-40fb-8607-ad8c0b10ea4c,Kurpark,2025-07-10 17:00:00+00:00,0.13238496684226372
4602,bc5edd25-415e-40fb-8607-ad8c0b10ea4c,Kurpark,2025-07-10 18:00:00+00:00,0.12144178155706188
4603,bc5edd25-415e-40fb-8607-ad8c0b10ea4c,Kurpark,2025-07-10 19:00:00+00:00,0.11760489959637195
4604,bc5edd25-415e-40fb-8607-ad8c0b10ea4c,Kurpark,2025-07-10 20:00:00+00:00,0.12426909913581079
4605,bc5edd25-415e-40fb-8607-ad8c0b10ea4c,Kurpark,2025-07-10 21:00:00+00:00,0.12324006973494474
4606,bc5edd25-415e-40fb-8607-ad8c0b10ea4c,Kurpark,2025-07-10 22:00:00+00:00,0.1321207541555291
4607,bc5edd25-415e-40fb-8607-ad8c0b10ea4c,Kurpark,2025-07-10 23:00:00+00:00,0.13861147449341035
4608,bc5edd25-415e-40fb-8607-ad8c0b10ea4c,Kurpark,2025-07-11 00:00:00+00:00,0.14851546627583734
4609,bc5edd25-415e-40fb-8607-ad8c0b10ea4c,Kurpark,2025-07-11 01:00:00+00:00,0.16380888711504377
4610,bc5edd25-415e-40fb-8607-ad8c0b10ea4c,Kurpark,2025-07-11 02:00:00+00:00,0.16650405604535273
4611,bc5edd25-415e-40fb-8607-ad8c0b10ea4c,Kurpark,2025-07-11 03:00:00+00:00,0.1546807594373557
4612,bc5edd25-415e-40fb-8607-ad8c0b10ea4c,Kurpark,2025-07-11 04:00:00+00:00,0.14219972230574277
4613,bc5edd25-415e-40fb-8607-ad8c0b10ea4c,Kurpark,2025-07-11 05:00:00+00:00,0.12282202533212591
4614,bc5edd25-415e-40fb-8607-ad8c0b10ea4c,Kurpark,2025-07-11 06:00:00+00:00,0.10297781020510123
4615,bc5edd25-415e-40fb-8607-ad8c0b10ea4c,Kurpark,2025-07-11 07:00:00+00:00,0.09524200258501389
4616,bc5edd25-415e-40fb-8607-ad8c0b10ea4c,Kurpark,2025-07-11 08:00:00+00:00,0.10026550155222035
4617,bc5edd25-415e-40fb-8607-ad8c0b10ea4c,Kurpark,2025-07-11 09:00:00+00:00,0.1372763093783054
4618,bc5edd25-415e-40fb-8607-ad8c0b10ea4c,Kurpark,2025-07-11 10:00:00+00:00,0.15281125704355616
4619,bc5edd25-415e-40fb-8607-ad8c0b10ea4c,Kurpark,2025-07-11 11:00:00+00:00,0.14344594456740323
4620,bc5edd25-415e-40fb-8607-ad8c0b10ea4c,Kurpark,2025-07-11 12:00:00+00:00,0.0693021741848889
4621,bc5edd25-415e-40fb-8607-ad8c0b10ea4c,Kurpark,2025-07-11 13:00:00+00:00,0.139356239930609
4622,bc5edd25-415e-40fb-8607-ad8c0b10ea4c,Kurpark,2025-07-11 14:00:00+00:00,0.24985046732561753
4623,bc5edd25-415e-40fb-8607-ad8c0b10ea4c,Kurpark,2025-07-11 15:00:00+00:00,0.2986565717616048
4624,bc5edd25-415e-40fb-8607-ad8c0b10ea4c,Kurpark,2025-07-11 16:00:00+00:00,0.28408687050989295
4625,bc5edd25-415e-40fb-8607-ad8c0b10ea4c,Kurpark,2025-07-11 17:00:00+00:00,0.2709172006818722
4626,bc5edd25-415e-40fb-8607-ad8c0b10ea4c,Kurpark,2025-07-11 18:00:00+00:00,0.2535792645872813
4627,bc5edd25-415e-40fb-8607-ad8c0b10ea4c,Kurpark,2025-07-11 19:00:00+00:00,0.24109004442036833
4628,bc5edd25-415e-40fb-8607-ad8c0b10ea4c,Kurpark,2025-07-11 20:00:00+00:00,0.2364214373738631
4629,bc5edd25-415e-40fb-8607-ad8c0b10ea4c,Kurpark,2025-07-11 21:00:00+00:00,0.21934521153238554
4630,bc5edd25-415e-40fb-8607-ad8c0b10ea4c,Kurpark,2025-07-11 22:00:00+00:00,0.21344648958041143
4631,bc5edd25-415e-40fb-8607-ad8c0b10ea4c,Kurpark,2025-07-11 23:00:00+00:00,0.2173896972185232
4632,bc5edd25-415e-40fb-8607-ad8c0b10ea4c,Kurpark,2025-07-12 00:00:00+00:00,0.21517509571607452
4633,bc5edd25-415e-40fb-8607-ad8c0b10ea4c,Kurpark,2025-07-12 01:00:00+00:00,0.22288067182379215
4634,bc5edd25-415e-40fb-8607-ad8c0b10ea4c,Kurpark,2025-07-12 02:00:00+00:00,0.22500220067398047
4635,bc5edd25-415e-40fb-8607-ad8c0b10ea4c,Kurpark,2025-07-12 03:00:00+00:00,0.2205974745662361
4636,bc5edd25-415e-40fb-8607-ad8c0b10ea4c,Kurpark,2025-07-12 04:00:00+00:00,0.21884077597232257
4637,bc5edd25-415e-40fb-8607-ad8c0b10ea4c,Kurpark,2025-07-12 05:00:00+00:00,0.22822873185627618
4638,bc5edd25-415e-40fb-8607-ad8c0b10ea4c,Kurpark,2025-07-12 06:00:00+00:00,0.2426859739671983
4639,bc5edd25-415e-40fb-8607-ad8c0b10ea4c,Kurpark,2025-07-12 07:00:00+00:00,0.24606692460858082
4640,bc5edd25-415e-40fb-8607-ad8c0b10ea4c,Kurpark,2025-07-12 08:00:00+00:00,0.3367971697650124
4641,bc5edd25-415e-40fb-8607-ad8c0b10ea4c,Kurpark,2025-07-12 09:00:00+00:00,0.35372437305640964
4642,bc5edd25-415e-40fb-8607-ad8c0b10ea4c,Kurpark,2025-07-12 10:00:00+00:00,0.35141737303088516
4643,bc5edd25-415e-40fb-8607-ad8c0b10ea4c,Kurpark,2025-07-12 11:00:00+00:00,0.3211931196575525
4644,bc5edd25-415e-40fb-8607-ad8c0b10ea4c,Kurpark,2025-07-12 12:00:00+00:00,0.29775668062592975
4645,bc5edd25-415e-40fb-8607-ad8c0b10ea4c,Kurpark,2025-07-12 13:00:00+00:00,0.35623270847769817
4646,bc5edd25-415e-40fb-8607-ad8c0b10ea4c,Kurpark,2025-07-12 14:00:00+00:00,0.26543668912286156
4647,bc5edd25-415e-40fb-8607-ad8c0b10ea4c,Kurpark,2025-07-12 15:00:00+00:00,0.42344457034263144
4648,bc5edd25-415e-40fb-8607-ad8c0b10ea4c,Kurpark,2025-07-12 16:00:00+00:00,0.5620792087982612
4649,bc5edd25-415e-40fb-8607-ad8c0b10ea4c,Kurpark,2025-07-12 17:00:00+00:00,0.5264177904844944
4650,bc5edd25-415e-40fb-8607-ad8c0b10ea4c,Kurpark,2025-07-12 18:00:00+00:00,0.42039126927320863
4651,bc5edd25-415e-40fb-8607-ad8c0b10ea4c,Kurpark,2025-07-12 19:00:00+00:00,0.29023621790177184
4652,bc5edd25-415e-40fb-8607-ad8c0b10ea4c,Kurpark,2025-07-12 20:00:00+00:00,0.20882213745782421
4653,bc5edd25-415e-40fb-8607-ad8c0b10ea4c,Kurpark,2025-07-12 21:00:00+00:00,0.21045740754715478
4654,bc5edd25-415e-40fb-8607-ad8c0b10ea4c,Kurpark,2025-07-12 22:00:00+00:00,0.2035337820782201
4655,bc5edd25-415e-40fb-8607-ad8c0b10ea4c,Kurpark,2025-07-12 23:00:00+00:00,0.20137145282334856
4656,bc5edd25-415e-40fb-8607-ad8c0b10ea4c,Kurpark,2025-07-13 00:00:00+00:00,0.20664383209396112
4657,bc5edd25-415e-40fb-8607-ad8c0b10ea4c,Kurpark,2025-07-13 01:00:00+00:00,0.20864219491835614
4658,bc5edd25-415e-40fb-8607-ad8c0b10ea4c,Kurpark,2025-07-13 02:00:00+00:00,0.21594825778928584
4659,bc5edd25-415e-40fb-8607-ad8c0b10ea4c,Kurpark,2025-07-13 03:00:00+00:00,0.2575401917040133
4660,bc5edd25-415e-40fb-8607-ad8c0b10ea4c,Kurpark,2025-07-13 04:00:00+00:00,0.2677537368711171
4661,bc5edd25-415e-40fb-8607-ad8c0b10ea4c,Kurpark,2025-07-13 05:00:00+00:00,0.2812606341863886
4662,bc5edd25-415e-40fb-8607-ad8c0b10ea4c,Kurpark,2025-07-13 06:00:00+00:00,0.3077893045785887
4663,bc5edd25-415e-40fb-8607-ad8c0b10ea4c,Kurpark,2025-07-13 07:00:00+00:00,0.26857760345522935
4664,bc5edd25-415e-40fb-8607-ad8c0b10ea4c,Kurpark,2025-07-13 08:00:00+00:00,0.21527712488035
4665,bc5edd25-415e-40fb-8607-ad8c0b10ea4c,Kurpark,2025-07-13 09:00:00+00:00,0.21479891829377498
4666,bc5edd25-415e-40fb-8607-ad8c0b10ea4c,Kurpark,2025-07-13 10:00:00+00:00,0.15031493985919545
4667,bc5edd25-415e-40fb-8607-ad8c0b10ea4c,Kurpark,2025-07-13 11:00:00+00:00,0.1395395748787585
4668,bc5edd25-415e-40fb-8607-ad8c0b10ea4c,Kurpark,2025-07-13 12:00:00+00:00,0.17588346070562716
4669,bc5edd25-415e-40fb-8607-ad8c0b10ea4c,Kurpark,2025-07-13 13:00:00+00:00,0.23489827589483872
4670,bc5edd25-415e-40fb-8607-ad8c0b10ea4c,Kurpark,2025-07-13 14:00:00+00:00,0.5074128323801694
4671,bc5edd25-415e-40fb-8607-ad8c0b10ea4c,Kurpark,2025-07-13 15:00:00+00:00,0.7884444929750494
4672,bc5edd25-415e-40fb-8607-ad8c0b10ea4c,Kurpark,2025-07-13 16:00:00+00:00,0.8785332041970729
4673,bc5edd25-415e-40fb-8607-ad8c0b10ea4c,Kurpark,2025-07-13 17:00:00+00:00,0.6570045077080672
4674,bc5edd25-415e-40fb-8607-ad8c0b10ea4c,Kurpark,2025-07-13 18:00:00+00:00,0.34481753332157034
4675,bc5edd25-415e-40fb-8607-ad8c0b10ea4c,Kurpark,2025-07-13 19:00:00+00:00,0.1544090236500961
4676,bc5edd25-415e-40fb-8607-ad8c0b10ea4c,Kurpark,2025-07-13 20:00:00+00:00,0.06138638207346667
4677,bc5edd25-415e-40fb-8607-ad8c0b10ea4c,Kurpark,2025-07-13 21:00:00+00:00,0.06039203101794852
4678,bc5edd25-415e-40fb-8607-ad8c0b10ea4c,Kurpark,2025-07-13 22:00:00+00:00,0.09023036896598742
4679,bc5edd25-415e-40fb-8607-ad8c0b10ea4c,Kurpark,2025-07-13 23:00:00+00:00,0.12844777206286662
4680,c294766d-4a58-496f-b00e-665dc626bdea,Schulstraße 6,2025-07-01 00:00:00+00:00,0.009520065416860284
4681,c294766d-4a58-496f-b00e-665dc626bdea,Schulstraße 6,2025-07-01 01:00:00+00:00,0.009393766565914785
4682,c294766d-4a58-496f-b00e-665dc626bdea,Schulstraße 6,2025-07-01 02:00:00+00:00,0.009409684155946386
4683,c294766d-4a58-496f-b00e-665dc626bdea,Schulstraße 6,2025-07-01 03:00:00+00:00,0.009597699047124273
4684,c294766d-4a58-496f-b00e-665dc626bdea,Schulstraße 6,2025-07-01 04:00:00+00:00,0.009109790316882286
4685,c294766d-4a58-496f-b00e-665dc626bdea,Schulstraße 6,2025-07-01 05:00:00+00:00,0.008538413027487115
4686,c294766d-4a58-496f-b00e-665dc626bdea,Schulstraße 6,2025-07-01 06:00:00+00:00,0.008244556122541652
4687,c294766d-4a58-496f-b00e-665dc626bdea,Schulstraße 6,2025-07-01 07:00:00+00:00,0.007795670504320822
4688,c294766d-4a58-496f-b00e-665dc626bdea,Schulstraße 6,2025-07-01 08:00:00+00:00,0.007303792820961737
4689,c294766d-4a58-496f-b00e-665dc626bdea,Schulstraße 6,2025-07-01 09:00:00+00:00,0.0073478590617464664
4690,c294766d-4a58-496f-b00e-665dc626bdea,Schulstraße 6,2025-07-01 10:00:00+00:00,0.008006830175561969
4691,c294766d-4a58-496f-b00e-665dc626bdea,Schulstraße 6,2025-07-01 11:00:00+00:00,0.008917725116712242
4692,c294766d-4a58-496f-b00e-665dc626bdea,Schulstraße 6,2025-07-01 12:00:00+00:00,0.008188617118402734
4693,c294766d-4a58-496f-b00e-665dc626bdea,Schulstraße 6,2025-07-01 13:00:00+00:00,0.007584724917330802
4694,c294766d-4a58-496f-b00e-665dc626bdea,Schulstraße 6,2025-07-01 14:00:00+00:00,0.007332119090697646
4695,c294766d-4a58-496f-b00e-665dc626bdea,Schulstraße 6,2025-07-01 15:00:00+00:00,0.007760496765194397
4696,c294766d-4a58-496f-b00e-665dc626bdea,Schulstraße 6,2025-07-01 16:00:00+00:00,0.00861057731014681
4697,c294766d-4a58-496f-b00e-665dc626bdea,Schulstraße 6,2025-07-01 17:00:00+00:00,0.00830057546486359
4698,c294766d-4a58-496f-b00e-665dc626bdea,Schulstraße 6,2025-07-01 18:00:00+00:00,0.008435894357605332
4699,c294766d-4a58-496f-b00e-665dc626bdea,Schulstraße 6,2025-07-01 19:00:00+00:00,0.007828374862592703
4700,c294766d-4a58-496f-b00e-665dc626bdea,Schulstraße 6,2025-07-01 20:00:00+00:00,0.008200128065492024
4701,c294766d-4a58-496f-b00e-665dc626bdea,Schulstraße 6,2025-07-01 21:00:00+00:00,0.007452713057880898
4702,c294766d-4a58-496f-b00e-665dc626bdea,Schulstraße 6,2025-07-01 22:00:00+00:00,0.009702325675935852
4703,c294766d-4a58-496f-b00e-665dc626bdea,Schulstraße 6,2025-07-01 23:00:00+00:00,0.009997340831538354
4704,c294766d-4a58-496f-b00e-665dc626bdea,Schulstraße 6,2025-07-02 00:00:00+00:00,0.010373202503663005
4705,c294766d-4a58-496f-b00e-665dc626bdea,Schulstraße 6,2025-07-02 01:00:00+00:00,0.010203913404134072
4706,c294766d-4a58-496f-b00e-665dc626bdea,Schulstraße 6,2025-07-02 02:00:00+00:00,0.011773342549442196
4707,c294766d-4a58-496f-b00e-665dc626bdea,Schulstraße 6,2025-07-02 03:00:00+00:00,0.011873704264549026
4708,c294766d-4a58-496f-b00e-665dc626bdea,Schulstraße 6,2025-07-02 04:00:00+00:00,0.011371067044036402
4709,c294766d-4a58-496f-b00e-665dc626bdea,Schulstraße 6,2025-07-02 05:00:00+00:00,0.012246156439318083
4710,c294766d-4a58-496f-b00e-665dc626bdea,Schulstraße 6,2025-07-02 06:00:00+00:00,0.012707347215893694
4711,c294766d-4a58-496f-b00e-665dc626bdea,Schulstraße 6,2025-07-02 07:00:00+00:00,0.016057687017247805
4712,c294766d-4a58-496f-b00e-665dc626bdea,Schulstraße 6,2025-07-02 08:00:00+00:00,0.01595710041516523
4713,c294766d-4a58-496f-b00e-665dc626bdea,Schulstraße 6,2025-07-02 09:00:00+00:00,0.015841304201635542
4714,c294766d-4a58-496f-b00e-665dc626bdea,Schulstraße 6,2025-07-02 10:00:00+00:00,0.017915529587326274
4715,c294766d-4a58-496f-b00e-665dc626bdea,Schulstraße 6,2025-07-02 11:00:00+00:00,0.019109073610356377
4716,c294766d-4a58-496f-b00e-665dc626bdea,Schulstraße 6,2025-07-02 12:00:00+00:00,0.01911889496372265
4717,c294766d-4a58-496f-b00e-665dc626bdea,Schulstraße 6,2025-07-02 13:00:00+00:00,0.01893932711077177
4718,c294766d-4a58-496f-b00e-665dc626bdea,Schulstraße 6,2025-07-02 14:00:00+00:00,0.018317296597477235
4719,c294766d-4a58-496f-b00e-665dc626bdea,Schulstraße 6,2025-07-02 15:00:00+00:00,0.018310848619376503
4720,c294766d-4a58-496f-b00e-665dc626bdea,Schulstraße 6,2025-07-02 16:00:00+00:00,0.017604329547802756
4721,c294766d-4a58-496f-b00e-665dc626bdea,Schulstraße 6,2025-07-02 17:00:00+00:00,0.017997862507387736
4722,c294766d-4a58-496f-b00e-665dc626bdea,Schulstraße 6,2025-07-02 18:00:00+00:00,0.0186102489743083
4723,c294766d-4a58-496f-b00e-665dc626bdea,Schulstraße 6,2025-07-02 19:00:00+00:00,0.018619808117177554
4724,c294766d-4a58-496f-b00e-665dc626bdea,Schulstraße 6,2025-07-02 20:00:00+00:00,0.018100632576870997
4725,c294766d-4a58-496f-b00e-665dc626bdea,Schulstraße 6,2025-07-02 21:00:00+00:00,0.017759716623586937
4726,c294766d-4a58-496f-b00e-665dc626bdea,Schulstraße 6,2025-07-02 22:00:00+00:00,0.015387708862029177
4727,c294766d-4a58-496f-b00e-665dc626bdea,Schulstraße 6,2025-07-02 23:00:00+00:00,0.015223307505188206
4728,c294766d-4a58-496f-b00e-665dc626bdea,Schulstraße 6,2025-07-03 00:00:00+00:00,0.015682274359751648
4729,c294766d-4a58-496f-b00e-665dc626bdea,Schulstraße 6,2025-07-03 01:00:00+00:00,0.018301902237253347
4730,c294766d-4a58-496f-b00e-665dc626bdea,Schulstraße 6,2025-07-03 02:00:00+00:00,0.016755580524167018
4731,c294766d-4a58-496f-b00e-665dc626bdea,Schulstraße 6,2025-07-03 03:00:00+00:00,0.0165878554292788
4732,c294766d-4a58-496f-b00e-665dc626bdea,Schulstraße 6,2025-07-03 04:00:00+00:00,0.016264468581864037
4733,c294766d-4a58-496f-b00e-665dc626bdea,Schulstraße 6,2025-07-03 05:00:00+00:00,0.014452805803956205
4734,c294766d-4a58-496f-b00e-665dc626bdea,Schulstraße 6,2025-07-03 06:00:00+00:00,0.012913691525476938
4735,c294766d-4a58-496f-b00e-665dc626bdea,Schulstraße 6,2025-07-03 07:00:00+00:00,0.007478080433261572
4736,c294766d-4a58-496f-b00e-665dc626bdea,Schulstraße 6,2025-07-03 08:00:00+00:00,0.006942676483207316
4737,c294766d-4a58-496f-b00e-665dc626bdea,Schulstraße 6,2025-07-03 09:00:00+00:00,0.00702393706816735
4738,c294766d-4a58-496f-b00e-665dc626bdea,Schulstraße 6,2025-07-03 10:00:00+00:00,0.007395557758469159
4739,c294766d-4a58-496f-b00e-665dc626bdea,Schulstraße 6,2025-07-03 11:00:00+00:00,0.007452537124184889
4740,c294766d-4a58-496f-b00e-665dc626bdea,Schulstraße 6,2025-07-03 12:00:00+00:00,0.008448460424392613
4741,c294766d-4a58-496f-b00e-665dc626bdea,Schulstraße 6,2025-07-03 13:00:00+00:00,0.008447995859884056
4742,c294766d-4a58-496f-b00e-665dc626bdea,Schulstraße 6,2025-07-03 14:00:00+00:00,0.008297967746299569
4743,c294766d-4a58-496f-b00e-665dc626bdea,Schulstraße 6,2025-07-03 15:00:00+00:00,0.008402434746642071
4744,c294766d-4a58-496f-b00e-665dc626bdea,Schulstraße 6,2025-07-03 16:00:00+00:00,0.0074596784115277485
4745,c294766d-4a58-496f-b00e-665dc626bdea,Schulstraße 6,2025-07-03 17:00:00+00:00,0.006920969757489518
4746,c294766d-4a58-496f-b00e-665dc626bdea,Schulstraße 6,2025-07-03 18:00:00+00:00,0.007439038168771955
4747,c294766d-4a58-496f-b00e-665dc626bdea,Schulstraße 6,2025-07-03 19:00:00+00:00,0.006685772556057318
4748,c294766d-4a58-496f-b00e-665dc626bdea,Schulstraße 6,2025-07-03 20:00:00+00:00,0.006495829245688118
4749,c294766d-4a58-496f-b00e-665dc626bdea,Schulstraße 6,2025-07-03 21:00:00+00:00,0.006379008953283447
4750,c294766d-4a58-496f-b00e-665dc626bdea,Schulstraße 6,2025-07-03 22:00:00+00:00,0.006987108146572407
4751,c294766d-4a58-496f-b00e-665dc626bdea,Schulstraße 6,2025-07-03 23:00:00+00:00,0.008458189426860422
4752,c294766d-4a58-496f-b00e-665dc626bdea,Schulstraße 6,2025-07-04 00:00:00+00:00,0.008051711980990514
4753,c294766d-4a58-496f-b00e-665dc626bdea,Schulstraße 6,2025-07-04 01:00:00+00:00,0.02427230756723239
4754,c294766d-4a58-496f-b00e-665dc626bdea,Schulstraße 6,2025-07-04 02:00:00+00:00,0.033359186102863814
4755,c294766d-4a58-496f-b00e-665dc626bdea,Schulstraße 6,2025-07-04 03:00:00+00:00,0.03542985439953523
4756,c294766d-4a58-496f-b00e-665dc626bdea,Schulstraße 6,2025-07-04 04:00:00+00:00,0.03503533714413662
4757,c294766d-4a58-496f-b00e-665dc626bdea,Schulstraße 6,2025-07-04 05:00:00+00:00,0.03490274961827825
4758,c294766d-4a58-496f-b00e-665dc626bdea,Schulstraße 6,2025-07-04 06:00:00+00:00,0.035329849120342455
4759,c294766d-4a58-496f-b00e-665dc626bdea,Schulstraße 6,2025-07-04 07:00:00+00:00,0.034917988659141426
4760,c294766d-4a58-496f-b00e-665dc626bdea,Schulstraße 6,2025-07-04 08:00:00+00:00,0.03521594493848818
4761,c294766d-4a58-496f-b00e-665dc626bdea,Schulstraße 6,2025-07-04 09:00:00+00:00,0.036129119862470783
4762,c294766d-4a58-496f-b00e-665dc626bdea,Schulstraße 6,2025-07-04 10:00:00+00:00,0.0365005926476061
4763,c294766d-4a58-496f-b00e-665dc626bdea,Schulstraße 6,2025-07-04 11:00:00+00:00,0.03694651260241878
4764,c294766d-4a58-496f-b00e-665dc626bdea,Schulstraße 6,2025-07-04 12:00:00+00:00,0.03650638014621806
4765,c294766d-4a58-496f-b00e-665dc626bdea,Schulstraße 6,2025-07-04 13:00:00+00:00,0.03829137023490758
4766,c294766d-4a58-496f-b00e-665dc626bdea,Schulstraße 6,2025-07-04 14:00:00+00:00,0.03930249349326923
4767,c294766d-4a58-496f-b00e-665dc626bdea,Schulstraße 6,2025-07-04 15:00:00+00:00,0.04038008919248885
4768,c294766d-4a58-496f-b00e-665dc626bdea,Schulstraße 6,2025-07-04 16:00:00+00:00,0.04033666144118568
4769,c294766d-4a58-496f-b00e-665dc626bdea,Schulstraße 6,2025-07-04 17:00:00+00:00,0.04022595132626482
4770,c294766d-4a58-496f-b00e-665dc626bdea,Schulstraße 6,2025-07-04 18:00:00+00:00,0.04028902735054019
4771,c294766d-4a58-496f-b00e-665dc626bdea,Schulstraße 6,2025-07-04 19:00:00+00:00,0.04039590626754054
4772,c294766d-4a58-496f-b00e-665dc626bdea,Schulstraße 6,2025-07-04 20:00:00+00:00,0.04027457630468208
4773,c294766d-4a58-496f-b00e-665dc626bdea,Schulstraße 6,2025-07-04 21:00:00+00:00,0.0395642152532267
4774,c294766d-4a58-496f-b00e-665dc626bdea,Schulstraße 6,2025-07-04 22:00:00+00:00,0.03980478327439998
4775,c294766d-4a58-496f-b00e-665dc626bdea,Schulstraße 6,2025-07-04 23:00:00+00:00,0.03925025041627415
4776,c294766d-4a58-496f-b00e-665dc626bdea,Schulstraße 6,2025-07-05 00:00:00+00:00,0.0411155113937023
4777,c294766d-4a58-496f-b00e-665dc626bdea,Schulstraße 6,2025-07-05 01:00:00+00:00,0.024025972368522698
4778,c294766d-4a58-496f-b00e-665dc626bdea,Schulstraße 6,2025-07-05 02:00:00+00:00,0.015972646925107924
4779,c294766d-4a58-496f-b00e-665dc626bdea,Schulstraße 6,2025-07-05 03:00:00+00:00,0.01597130926932126
4780,c294766d-4a58-496f-b00e-665dc626bdea,Schulstraße 6,2025-07-05 04:00:00+00:00,0.01844885651599635
4781,c294766d-4a58-496f-b00e-665dc626bdea,Schulstraße 6,2025-07-05 05:00:00+00:00,0.01885362254177181
4782,c294766d-4a58-496f-b00e-665dc626bdea,Schulstraße 6,2025-07-05 06:00:00+00:00,0.0199335858727154
4783,c294766d-4a58-496f-b00e-665dc626bdea,Schulstraße 6,2025-07-05 07:00:00+00:00,0.01944270346169157
4784,c294766d-4a58-496f-b00e-665dc626bdea,Schulstraße 6,2025-07-05 08:00:00+00:00,0.019682492998699796
4785,c294766d-4a58-496f-b00e-665dc626bdea,Schulstraße 6,2025-07-05 09:00:00+00:00,0.015310264643769033
4786,c294766d-4a58-496f-b00e-665dc626bdea,Schulstraße 6,2025-07-05 10:00:00+00:00,0.01822502877476617
4787,c294766d-4a58-496f-b00e-665dc626bdea,Schulstraße 6,2025-07-05 11:00:00+00:00,0.018411983908579364
4788,c294766d-4a58-496f-b00e-665dc626bdea,Schulstraße 6,2025-07-05 12:00:00+00:00,0.019471182129162774
4789,c294766d-4a58-496f-b00e-665dc626bdea,Schulstraße 6,2025-07-05 13:00:00+00:00,0.019744087505709943
4790,c294766d-4a58-496f-b00e-665dc626bdea,Schulstraße 6,2025-07-05 14:00:00+00:00,0.017626813051727766
4791,c294766d-4a58-496f-b00e-665dc626bdea,Schulstraße 6,2025-07-05 15:00:00+00:00,0.01780412830121621
4792,c294766d-4a58-496f-b00e-665dc626bdea,Schulstraße 6,2025-07-05 16:00:00+00:00,0.017534227452131387
4793,c294766d-4a58-496f-b00e-665dc626bdea,Schulstraße 6,2025-07-05 17:00:00+00:00,0.016789339913224715
4794,c294766d-4a58-496f-b00e-665dc626bdea,Schulstraße 6,2025-07-05 18:00:00+00:00,0.016966252458068314
4795,c294766d-4a58-496f-b00e-665dc626bdea,Schulstraße 6,2025-07-05 19:00:00+00:00,0.016681849458583177
4796,c294766d-4a58-496f-b00e-665dc626bdea,Schulstraße 6,2025-07-05 20:00:00+00:00,0.016339862888167325
4797,c294766d-4a58-496f-b00e-665dc626bdea,Schulstraße 6,2025-07-05 21:00:00+00:00,0.015925816835304883
4798,c294766d-4a58-496f-b00e-665dc626bdea,Schulstraße 6,2025-07-05 22:00:00+00:00,0.016761512374429206
4799,c294766d-4a58-496f-b00e-665dc626bdea,Schulstraße 6,2025-07-05 23:00:00+00:00,0.016750944471116063
4800,c294766d-4a58-496f-b00e-665dc626bdea,Schulstraße 6,2025-07-06 00:00:00+00:00,0.014791554129288708
4801,c294766d-4a58-496f-b00e-665dc626bdea,Schulstraße 6,2025-07-06 01:00:00+00:00,0.015037703643765584
4802,c294766d-4a58-496f-b00e-665dc626bdea,Schulstraße 6,2025-07-06 02:00:00+00:00,0.015334784256197713
4803,c294766d-4a58-496f-b00e-665dc626bdea,Schulstraße 6,2025-07-06 03:00:00+00:00,0.01668823428857975
4804,c294766d-4a58-496f-b00e-665dc626bdea,Schulstraße 6,2025-07-06 04:00:00+00:00,0.015394303896995146
4805,c294766d-4a58-496f-b00e-665dc626bdea,Schulstraße 6,2025-07-06 05:00:00+00:00,0.016264907566465103
4806,c294766d-4a58-496f-b00e-665dc626bdea,Schulstraße 6,2025-07-06 06:00:00+00:00,0.017482301288174726
4807,c294766d-4a58-496f-b00e-665dc626bdea,Schulstraße 6,2025-07-06 07:00:00+00:00,0.018328483584281133
4808,c294766d-4a58-496f-b00e-665dc626bdea,Schulstraße 6,2025-07-06 08:00:00+00:00,0.016542036641370647
4809,c294766d-4a58-496f-b00e-665dc626bdea,Schulstraße 6,2025-07-06 09:00:00+00:00,0.017411993328529267
4810,c294766d-4a58-496f-b00e-665dc626bdea,Schulstraße 6,2025-07-06 10:00:00+00:00,0.013393337138296827
4811,c294766d-4a58-496f-b00e-665dc626bdea,Schulstraße 6,2025-07-06 11:00:00+00:00,0.01373237261412933
4812,c294766d-4a58-496f-b00e-665dc626bdea,Schulstraße 6,2025-07-06 12:00:00+00:00,0.012784926427634645
4813,c294766d-4a58-496f-b00e-665dc626bdea,Schulstraße 6,2025-07-06 13:00:00+00:00,0.012527401623310857
4814,c294766d-4a58-496f-b00e-665dc626bdea,Schulstraße 6,2025-07-06 14:00:00+00:00,0.012809021959981133
4815,c294766d-4a58-496f-b00e-665dc626bdea,Schulstraße 6,2025-07-06 15:00:00+00:00,0.012516936595104344
4816,c294766d-4a58-496f-b00e-665dc626bdea,Schulstraße 6,2025-07-06 16:00:00+00:00,0.012584837454375197
4817,c294766d-4a58-496f-b00e-665dc626bdea,Schulstraße 6,2025-07-06 17:00:00+00:00,0.011858903600095306
4818,c294766d-4a58-496f-b00e-665dc626bdea,Schulstraße 6,2025-07-06 18:00:00+00:00,0.01185608885947344
4819,c294766d-4a58-496f-b00e-665dc626bdea,Schulstraße 6,2025-07-06 19:00:00+00:00,0.012207884798344223
4820,c294766d-4a58-496f-b00e-665dc626bdea,Schulstraße 6,2025-07-06 20:00:00+00:00,0.012605495119213586
4821,c294766d-4a58-496f-b00e-665dc626bdea,Schulstraße 6,2025-07-06 21:00:00+00:00,0.011093732297019846
4822,c294766d-4a58-496f-b00e-665dc626bdea,Schulstraße 6,2025-07-06 22:00:00+00:00,0.010332309322901849
4823,c294766d-4a58-496f-b00e-665dc626bdea,Schulstraße 6,2025-07-06 23:00:00+00:00,0.012326976317335658
4824,c294766d-4a58-496f-b00e-665dc626bdea,Schulstraße 6,2025-07-07 00:00:00+00:00,0.014256067249976748
4825,c294766d-4a58-496f-b00e-665dc626bdea,Schulstraße 6,2025-07-07 01:00:00+00:00,0.015343259956182688
4826,c294766d-4a58-496f-b00e-665dc626bdea,Schulstraße 6,2025-07-07 02:00:00+00:00,0.015139319371517324
4827,c294766d-4a58-496f-b00e-665dc626bdea,Schulstraße 6,2025-07-07 03:00:00+00:00,0.012998166119860082
4828,c294766d-4a58-496f-b00e-665dc626bdea,Schulstraße 6,2025-07-07 04:00:00+00:00,0.013025653971885817
4829,c294766d-4a58-496f-b00e-665dc626bdea,Schulstraße 6,2025-07-07 05:00:00+00:00,0.01242262355631606
4830,c294766d-4a58-496f-b00e-665dc626bdea,Schulstraße 6,2025-07-07 06:00:00+00:00,0.012017040357315907
4831,c294766d-4a58-496f-b00e-665dc626bdea,Schulstraße 6,2025-07-07 07:00:00+00:00,0.014242240035947939
4832,c294766d-4a58-496f-b00e-665dc626bdea,Schulstraße 6,2025-07-07 08:00:00+00:00,0.015069300625088633
4833,c294766d-4a58-496f-b00e-665dc626bdea,Schulstraße 6,2025-07-07 09:00:00+00:00,0.014494024373836718
4834,c294766d-4a58-496f-b00e-665dc626bdea,Schulstraße 6,2025-07-07 10:00:00+00:00,0.01449025754784417
4835,c294766d-4a58-496f-b00e-665dc626bdea,Schulstraße 6,2025-07-07 11:00:00+00:00,0.015098449438665064
4836,c294766d-4a58-496f-b00e-665dc626bdea,Schulstraße 6,2025-07-07 12:00:00+00:00,0.015240312808787787
4837,c294766d-4a58-496f-b00e-665dc626bdea,Schulstraße 6,2025-07-07 13:00:00+00:00,0.014511881321618675
4838,c294766d-4a58-496f-b00e-665dc626bdea,Schulstraße 6,2025-07-07 14:00:00+00:00,0.01499648004590761
4839,c294766d-4a58-496f-b00e-665dc626bdea,Schulstraße 6,2025-07-07 15:00:00+00:00,0.014330178492666212
4840,c294766d-4a58-496f-b00e-665dc626bdea,Schulstraße 6,2025-07-07 16:00:00+00:00,0.014012219198917234
4841,c294766d-4a58-496f-b00e-665dc626bdea,Schulstraße 6,2025-07-07 17:00:00+00:00,0.013405737730310084
4842,c294766d-4a58-496f-b00e-665dc626bdea,Schulstraße 6,2025-07-07 18:00:00+00:00,0.013001737767943888
4843,c294766d-4a58-496f-b00e-665dc626bdea,Schulstraße 6,2025-07-07 19:00:00+00:00,0.013266987646142292
4844,c294766d-4a58-496f-b00e-665dc626bdea,Schulstraße 6,2025-07-07 20:00:00+00:00,0.012531883233718873
4845,c294766d-4a58-496f-b00e-665dc626bdea,Schulstraße 6,2025-07-07 21:00:00+00:00,0.012882982183631975
4846,c294766d-4a58-496f-b00e-665dc626bdea,Schulstraße 6,2025-07-07 22:00:00+00:00,0.019601736156788677
4847,c294766d-4a58-496f-b00e-665dc626bdea,Schulstraße 6,2025-07-07 23:00:00+00:00,0.018370832198501812
4848,c294766d-4a58-496f-b00e-665dc626bdea,Schulstraße 6,2025-07-08 00:00:00+00:00,0.01750373652077558
4849,c294766d-4a58-496f-b00e-665dc626bdea,Schulstraße 6,2025-07-08 01:00:00+00:00,0.016633061009134406
4850,c294766d-4a58-496f-b00e-665dc626bdea,Schulstraße 6,2025-07-08 02:00:00+00:00,0.016957610420834428
4851,c294766d-4a58-496f-b00e-665dc626bdea,Schulstraße 6,2025-07-08 03:00:00+00:00,0.0166533805668894
4852,c294766d-4a58-496f-b00e-665dc626bdea,Schulstraße 6,2025-07-08 04:00:00+00:00,0.017332871818742965
4853,c294766d-4a58-496f-b00e-665dc626bdea,Schulstraße 6,2025-07-08 05:00:00+00:00,0.016349965978791924
4854,c294766d-4a58-496f-b00e-665dc626bdea,Schulstraße 6,2025-07-08 06:00:00+00:00,0.01604888922400258
4855,c294766d-4a58-496f-b00e-665dc626bdea,Schulstraße 6,2025-07-08 07:00:00+00:00,0.01429563210926794
4856,c294766d-4a58-496f-b00e-665dc626bdea,Schulstraße 6,2025-07-08 08:00:00+00:00,0.013950001038021935
4857,c294766d-4a58-496f-b00e-665dc626bdea,Schulstraße 6,2025-07-08 09:00:00+00:00,0.013899203828354922
4858,c294766d-4a58-496f-b00e-665dc626bdea,Schulstraße 6,2025-07-08 10:00:00+00:00,0.01577511081655026
4859,c294766d-4a58-496f-b00e-665dc626bdea,Schulstraße 6,2025-07-08 11:00:00+00:00,0.015902326452327805
4860,c294766d-4a58-496f-b00e-665dc626bdea,Schulstraße 6,2025-07-08 12:00:00+00:00,0.017114419615716654
4861,c294766d-4a58-496f-b00e-665dc626bdea,Schulstraße 6,2025-07-08 13:00:00+00:00,0.015823727666490622
4862,c294766d-4a58-496f-b00e-665dc626bdea,Schulstraße 6,2025-07-08 14:00:00+00:00,0.015725333235193657
4863,c294766d-4a58-496f-b00e-665dc626bdea,Schulstraße 6,2025-07-08 15:00:00+00:00,0.015626208143429833
4864,c294766d-4a58-496f-b00e-665dc626bdea,Schulstraße 6,2025-07-08 16:00:00+00:00,0.015502322087560305
4865,c294766d-4a58-496f-b00e-665dc626bdea,Schulstraße 6,2025-07-08 17:00:00+00:00,0.014863465439884874
4866,c294766d-4a58-496f-b00e-665dc626bdea,Schulstraße 6,2025-07-08 18:00:00+00:00,0.015048350261876208
4867,c294766d-4a58-496f-b00e-665dc626bdea,Schulstraße 6,2025-07-08 19:00:00+00:00,0.014420492040111458
4868,c294766d-4a58-496f-b00e-665dc626bdea,Schulstraße 6,2025-07-08 20:00:00+00:00,0.014793487190892692
4869,c294766d-4a58-496f-b00e-665dc626bdea,Schulstraße 6,2025-07-08 21:00:00+00:00,0.01412396125614598
4870,c294766d-4a58-496f-b00e-665dc626bdea,Schulstraße 6,2025-07-08 22:00:00+00:00,0.01107435121865433
4871,c294766d-4a58-496f-b00e-665dc626bdea,Schulstraße 6,2025-07-08 23:00:00+00:00,0.011234946440242843
4872,c294766d-4a58-496f-b00e-665dc626bdea,Schulstraße 6,2025-07-09 00:00:00+00:00,0.011148473661442112
4873,c294766d-4a58-496f-b00e-665dc626bdea,Schulstraße 6,2025-07-09 01:00:00+00:00,0.011356168355656912
4874,c294766d-4a58-496f-b00e-665dc626bdea,Schulstraße 6,2025-07-09 02:00:00+00:00,0.01310235877749422
4875,c294766d-4a58-496f-b00e-665dc626bdea,Schulstraße 6,2025-07-09 03:00:00+00:00,0.013216300576501626
4876,c294766d-4a58-496f-b00e-665dc626bdea,Schulstraße 6,2025-07-09 04:00:00+00:00,0.013032856325280043
4877,c294766d-4a58-496f-b00e-665dc626bdea,Schulstraße 6,2025-07-09 05:00:00+00:00,0.013791239045336304
4878,c294766d-4a58-496f-b00e-665dc626bdea,Schulstraße 6,2025-07-09 06:00:00+00:00,0.014375520479013795
4879,c294766d-4a58-496f-b00e-665dc626bdea,Schulstraße 6,2025-07-09 07:00:00+00:00,0.014961323887496276
4880,c294766d-4a58-496f-b00e-665dc626bdea,Schulstraße 6,2025-07-09 08:00:00+00:00,0.015076030111947587
4881,c294766d-4a58-496f-b00e-665dc626bdea,Schulstraße 6,2025-07-09 09:00:00+00:00,0.014698399595028673
4882,c294766d-4a58-496f-b00e-665dc626bdea,Schulstraße 6,2025-07-09 10:00:00+00:00,0.013126049352027592
4883,c294766d-4a58-496f-b00e-665dc626bdea,Schulstraße 6,2025-07-09 11:00:00+00:00,0.014747895700665503
4884,c294766d-4a58-496f-b00e-665dc626bdea,Schulstraße 6,2025-07-09 12:00:00+00:00,0.014807311502938536
4885,c294766d-4a58-496f-b00e-665dc626bdea,Schulstraße 6,2025-07-09 13:00:00+00:00,0.015152436879253038
4886,c294766d-4a58-496f-b00e-665dc626bdea,Schulstraße 6,2025-07-09 14:00:00+00:00,0.014588037611419129
4887,c294766d-4a58-496f-b00e-665dc626bdea,Schulstraße 6,2025-07-09 15:00:00+00:00,0.014345224002728522
4888,c294766d-4a58-496f-b00e-665dc626bdea,Schulstraße 6,2025-07-09 16:00:00+00:00,0.01434437018011073
4889,c294766d-4a58-496f-b00e-665dc626bdea,Schulstraße 6,2025-07-09 17:00:00+00:00,0.013869169500679715
4890,c294766d-4a58-496f-b00e-665dc626bdea,Schulstraße 6,2025-07-09 18:00:00+00:00,0.013320008366830956
4891,c294766d-4a58-496f-b00e-665dc626bdea,Schulstraße 6,2025-07-09 19:00:00+00:00,0.013323375199103609
4892,c294766d-4a58-496f-b00e-665dc626bdea,Schulstraße 6,2025-07-09 20:00:00+00:00,0.012788774498824939
4893,c294766d-4a58-496f-b00e-665dc626bdea,Schulstraße 6,2025-07-09 21:00:00+00:00,0.012444008663871861
4894,c294766d-4a58-496f-b00e-665dc626bdea,Schulstraße 6,2025-07-09 22:00:00+00:00,0.009941053348168305
4895,c294766d-4a58-496f-b00e-665dc626bdea,Schulstraße 6,2025-07-09 23:00:00+00:00,0.009577066299740629
4896,c294766d-4a58-496f-b00e-665dc626bdea,Schulstraße 6,2025-07-10 00:00:00+00:00,0.009795217866507605
4897,c294766d-4a58-496f-b00e-665dc626bdea,Schulstraße 6,2025-07-10 01:00:00+00:00,0.012285700890033707
4898,c294766d-4a58-496f-b00e-665dc626bdea,Schulstraße 6,2025-07-10 02:00:00+00:00,0.010650254710828295
4899,c294766d-4a58-496f-b00e-665dc626bdea,Schulstraße 6,2025-07-10 03:00:00+00:00,0.010552580967201027
4900,c294766d-4a58-496f-b00e-665dc626bdea,Schulstraße 6,2025-07-10 04:00:00+00:00,0.010369482912879039
4901,c294766d-4a58-496f-b00e-665dc626bdea,Schulstraße 6,2025-07-10 05:00:00+00:00,0.008906323455271795
4902,c294766d-4a58-496f-b00e-665dc626bdea,Schulstraße 6,2025-07-10 06:00:00+00:00,0.008226615755493183
4903,c294766d-4a58-496f-b00e-665dc626bdea,Schulstraße 6,2025-07-10 07:00:00+00:00,0.007920187625407872
4904,c294766d-4a58-496f-b00e-665dc626bdea,Schulstraße 6,2025-07-10 08:00:00+00:00,0.007617231360274226
4905,c294766d-4a58-496f-b00e-665dc626bdea,Schulstraße 6,2025-07-10 09:00:00+00:00,0.006002914782857884
4906,c294766d-4a58-496f-b00e-665dc626bdea,Schulstraße 6,2025-07-10 10:00:00+00:00,0.006328869036975077
4907,c294766d-4a58-496f-b00e-665dc626bdea,Schulstraße 6,2025-07-10 11:00:00+00:00,0.006240585723465932
4908,c294766d-4a58-496f-b00e-665dc626bdea,Schulstraße 6,2025-07-10 12:00:00+00:00,0.006388596627626763
4909,c294766d-4a58-496f-b00e-665dc626bdea,Schulstraße 6,2025-07-10 13:00:00+00:00,0.006736535826339247
4910,c294766d-4a58-496f-b00e-665dc626bdea,Schulstraße 6,2025-07-10 14:00:00+00:00,0.007037979705346236
4911,c294766d-4a58-496f-b00e-665dc626bdea,Schulstraße 6,2025-07-10 15:00:00+00:00,0.007254208001820255
4912,c294766d-4a58-496f-b00e-665dc626bdea,Schulstraße 6,2025-07-10 16:00:00+00:00,0.007931584596716165
4913,c294766d-4a58-496f-b00e-665dc626bdea,Schulstraße 6,2025-07-10 17:00:00+00:00,0.006946269205913541
4914,c294766d-4a58-496f-b00e-665dc626bdea,Schulstraße 6,2025-07-10 18:00:00+00:00,0.006904937915554919
4915,c294766d-4a58-496f-b00e-665dc626bdea,Schulstraße 6,2025-07-10 19:00:00+00:00,0.0075896078956342785
4916,c294766d-4a58-496f-b00e-665dc626bdea,Schulstraße 6,2025-07-10 20:00:00+00:00,0.00726422041677832
4917,c294766d-4a58-496f-b00e-665dc626bdea,Schulstraße 6,2025-07-10 21:00:00+00:00,0.006656088762290214
4918,c294766d-4a58-496f-b00e-665dc626bdea,Schulstraße 6,2025-07-10 22:00:00+00:00,0.014434640334599713
4919,c294766d-4a58-496f-b00e-665dc626bdea,Schulstraße 6,2025-07-10 23:00:00+00:00,0.015747944744281348
4920,c294766d-4a58-496f-b00e-665dc626bdea,Schulstraße 6,2025-07-11 00:00:00+00:00,0.015361601422220946
4921,c294766d-4a58-496f-b00e-665dc626bdea,Schulstraße 6,2025-07-11 01:00:00+00:00,0.015434256033478167
4922,c294766d-4a58-496f-b00e-665dc626bdea,Schulstraße 6,2025-07-11 02:00:00+00:00,0.017404306265243474
4923,c294766d-4a58-496f-b00e-665dc626bdea,Schulstraße 6,2025-07-11 03:00:00+00:00,0.018869698534059575
4924,c294766d-4a58-496f-b00e-665dc626bdea,Schulstraße 6,2025-07-11 04:00:00+00:00,0.018606973648375942
4925,c294766d-4a58-496f-b00e-665dc626bdea,Schulstraße 6,2025-07-11 05:00:00+00:00,0.01842931075219117
4926,c294766d-4a58-496f-b00e-665dc626bdea,Schulstraße 6,2025-07-11 06:00:00+00:00,0.018483799843931423
4927,c294766d-4a58-496f-b00e-665dc626bdea,Schulstraße 6,2025-07-11 07:00:00+00:00,0.018364409788116712
4928,c294766d-4a58-496f-b00e-665dc626bdea,Schulstraße 6,2025-07-11 08:00:00+00:00,0.019735956039725014
4929,c294766d-4a58-496f-b00e-665dc626bdea,Schulstraße 6,2025-07-11 09:00:00+00:00,0.020732494805891417
4930,c294766d-4a58-496f-b00e-665dc626bdea,Schulstraße 6,2025-07-11 10:00:00+00:00,0.021334096501600296
4931,c294766d-4a58-496f-b00e-665dc626bdea,Schulstraße 6,2025-07-11 11:00:00+00:00,0.021654125189276088
4932,c294766d-4a58-496f-b00e-665dc626bdea,Schulstraße 6,2025-07-11 12:00:00+00:00,0.02150827237674307
4933,c294766d-4a58-496f-b00e-665dc626bdea,Schulstraße 6,2025-07-11 13:00:00+00:00,0.022814625977299108
4934,c294766d-4a58-496f-b00e-665dc626bdea,Schulstraße 6,2025-07-11 14:00:00+00:00,0.02408948679773617
4935,c294766d-4a58-496f-b00e-665dc626bdea,Schulstraße 6,2025-07-11 15:00:00+00:00,0.02473281647041596
4936,c294766d-4a58-496f-b00e-665dc626bdea,Schulstraße 6,2025-07-11 16:00:00+00:00,0.024607079943365487
4937,c294766d-4a58-496f-b00e-665dc626bdea,Schulstraße 6,2025-07-11 17:00:00+00:00,0.024262633307312716
4938,c294766d-4a58-496f-b00e-665dc626bdea,Schulstraße 6,2025-07-11 18:00:00+00:00,0.025166431823289103
4939,c294766d-4a58-496f-b00e-665dc626bdea,Schulstraße 6,2025-07-11 19:00:00+00:00,0.024318177945877584
4940,c294766d-4a58-496f-b00e-665dc626bdea,Schulstraße 6,2025-07-11 20:00:00+00:00,0.024604839520386897
4941,c294766d-4a58-496f-b00e-665dc626bdea,Schulstraße 6,2025-07-11 21:00:00+00:00,0.02439228681379204
4942,c294766d-4a58-496f-b00e-665dc626bdea,Schulstraße 6,2025-07-11 22:00:00+00:00,0.01778308353853409
4943,c294766d-4a58-496f-b00e-665dc626bdea,Schulstraße 6,2025-07-11 23:00:00+00:00,0.017147159171713364
4944,c294766d-4a58-496f-b00e-665dc626bdea,Schulstraße 6,2025-07-12 00:00:00+00:00,0.01910468004464818
4945,c294766d-4a58-496f-b00e-665dc626bdea,Schulstraße 6,2025-07-12 01:00:00+00:00,0.017663093136135937
4946,c294766d-4a58-496f-b00e-665dc626bdea,Schulstraße 6,2025-07-12 02:00:00+00:00,0.016169883943695094
4947,c294766d-4a58-496f-b00e-665dc626bdea,Schulstraße 6,2025-07-12 03:00:00+00:00,0.016968408911141774
4948,c294766d-4a58-496f-b00e-665dc626bdea,Schulstraße 6,2025-07-12 04:00:00+00:00,0.019596383590051017
4949,c294766d-4a58-496f-b00e-665dc626bdea,Schulstraße 6,2025-07-12 05:00:00+00:00,0.01960385769847587
4950,c294766d-4a58-496f-b00e-665dc626bdea,Schulstraße 6,2025-07-12 06:00:00+00:00,0.020031000903322615
4951,c294766d-4a58-496f-b00e-665dc626bdea,Schulstraße 6,2025-07-12 07:00:00+00:00,0.01964580155539494
4952,c294766d-4a58-496f-b00e-665dc626bdea,Schulstraße 6,2025-07-12 08:00:00+00:00,0.02021117692875123
4953,c294766d-4a58-496f-b00e-665dc626bdea,Schulstraße 6,2025-07-12 09:00:00+00:00,0.01603423680101595
4954,c294766d-4a58-496f-b00e-665dc626bdea,Schulstraße 6,2025-07-12 10:00:00+00:00,0.016429234427841565
4955,c294766d-4a58-496f-b00e-665dc626bdea,Schulstraße 6,2025-07-12 11:00:00+00:00,0.016972329668093752
4956,c294766d-4a58-496f-b00e-665dc626bdea,Schulstraße 6,2025-07-12 12:00:00+00:00,0.01805595509942646
4957,c294766d-4a58-496f-b00e-665dc626bdea,Schulstraße 6,2025-07-12 13:00:00+00:00,0.018359695818308968
4958,c294766d-4a58-496f-b00e-665dc626bdea,Schulstraße 6,2025-07-12 14:00:00+00:00,0.016167417458745146
4959,c294766d-4a58-496f-b00e-665dc626bdea,Schulstraße 6,2025-07-12 15:00:00+00:00,0.016304281568942376
4960,c294766d-4a58-496f-b00e-665dc626bdea,Schulstraße 6,2025-07-12 16:00:00+00:00,0.016081593298533033
4961,c294766d-4a58-496f-b00e-665dc626bdea,Schulstraße 6,2025-07-12 17:00:00+00:00,0.01521473092418613
4962,c294766d-4a58-496f-b00e-665dc626bdea,Schulstraße 6,2025-07-12 18:00:00+00:00,0.014684895896426528
4963,c294766d-4a58-496f-b00e-665dc626bdea,Schulstraße 6,2025-07-12 19:00:00+00:00,0.013680763598909318
4964,c294766d-4a58-496f-b00e-665dc626bdea,Schulstraße 6,2025-07-12 20:00:00+00:00,0.013534353577858206
4965,c294766d-4a58-496f-b00e-665dc626bdea,Schulstraße 6,2025-07-12 21:00:00+00:00,0.013043241557730841
4966,c294766d-4a58-496f-b00e-665dc626bdea,Schulstraße 6,2025-07-12 22:00:00+00:00,0.014287717069146399
4967,c294766d-4a58-496f-b00e-665dc626bdea,Schulstraße 6,2025-07-12 23:00:00+00:00,0.01424165961453513
4968,c294766d-4a58-496f-b00e-665dc626bdea,Schulstraße 6,2025-07-13 00:00:00+00:00,0.012154459676097618
4969,c294766d-4a58-496f-b00e-665dc626bdea,Schulstraße 6,2025-07-13 01:00:00+00:00,0.01227685207677174
4970,c294766d-4a58-496f-b00e-665dc626bdea,Schulstraße 6,2025-07-13 02:00:00+00:00,0.013113628419093042
4971,c294766d-4a58-496f-b00e-665dc626bdea,Schulstraße 6,2025-07-13 03:00:00+00:00,0.012893154072087165
4972,c294766d-4a58-496f-b00e-665dc626bdea,Schulstraße 6,2025-07-13 04:00:00+00:00,0.011901054294472241
4973,c294766d-4a58-496f-b00e-665dc626bdea,Schulstraße 6,2025-07-13 05:00:00+00:00,0.013014432828610027
4974,c294766d-4a58-496f-b00e-665dc626bdea,Schulstraße 6,2025-07-13 06:00:00+00:00,0.014627688164657858
4975,c294766d-4a58-496f-b00e-665dc626bdea,Schulstraße 6,2025-07-13 07:00:00+00:00,0.015580980368529018
4976,c294766d-4a58-496f-b00e-665dc626bdea,Schulstraße 6,2025-07-13 08:00:00+00:00,0.013733397532938018
4977,c294766d-4a58-496f-b00e-665dc626bdea,Schulstraße 6,2025-07-13 09:00:00+00:00,0.014654922358098316
4978,c294766d-4a58-496f-b00e-665dc626bdea,Schulstraße 6,2025-07-13 10:00:00+00:00,0.013253180557540645
4979,c294766d-4a58-496f-b00e-665dc626bdea,Schulstraße 6,2025-07-13 11:00:00+00:00,0.012631355209389643
4980,c294766d-4a58-496f-b00e-665dc626bdea,Schulstraße 6,2025-07-13 12:00:00+00:00,0.011249863104788493
4981,c294766d-4a58-496f-b00e-665dc626bdea,Schulstraße 6,2025-07-13 13:00:00+00:00,0.010284172869931977
4982,c294766d-4a58-496f-b00e-665dc626bdea,Schulstraße 6,2025-07-13 14:00:00+00:00,0.01014719634421115
4983,c294766d-4a58-496f-b00e-665dc626bdea,Schulstraße 6,2025-07-13 15:00:00+00:00,0.009769618251671093
4984,c294766d-4a58-496f-b00e-665dc626bdea,Schulstraße 6,2025-07-13 16:00:00+00:00,0.009790581632427986
4985,c294766d-4a58-496f-b00e-665dc626bdea,Schulstraße 6,2025-07-13 17:00:00+00:00,0.009937549057273225
4986,c294766d-4a58-496f-b00e-665dc626bdea,Schulstraße 6,2025-07-13 18:00:00+00:00,0.010476637268635985
4987,c294766d-4a58-496f-b00e-665dc626bdea,Schulstraße 6,2025-07-13 19:00:00+00:00,0.010728686686363401
4988,c294766d-4a58-496f-b00e-665dc626bdea,Schulstraße 6,2025-07-13 20:00:00+00:00,0.011101884638056558
4989,c294766d-4a58-496f-b00e-665dc626bdea,Schulstraße 6,2025-07-13 21:00:00+00:00,0.009825555586657023
4990,c294766d-4a58-496f-b00e-665dc626bdea,Schulstraße 6,2025-07-13 22:00:00+00:00,0.00918277052811084
4991,c294766d-4a58-496f-b00e-665dc626bdea,Schulstraße 6,2025-07-13 23:00:00+00:00,0.0110717656672009
4992,cca912bc-7296-42fe-a37c-6f19b2840556,Friedrichstraße 11,2025-07-01 00:00:00+00:00,0.019066051686759743
4993,cca912bc-7296-42fe-a37c-6f19b2840556,Friedrichstraße 11,2025-07-01 01:00:00+00:00,0.019050445741504926
4994,cca912bc-7296-42fe-a37c-6f19b2840556,Friedrichstraße 11,2025-07-01 02:00:00+00:00,0.01914608785112224
4995,cca912bc-7296-42fe-a37c-6f19b2840556,Friedrichstraße 11,2025-07-01 03:00:00+00:00,0.01936429296164987
4996,cca912bc-7296-42fe-a37c-6f19b2840556,Friedrichstraße 11,2025-07-01 04:00:00+00:00,0.019845108610256
4997,cca912bc-7296-42fe-a37c-6f19b2840556,Friedrichstraße 11,2025-07-01 05:00:00+00:00,0.021653672624872566
4998,cca912bc-7296-42fe-a37c-6f19b2840556,Friedrichstraße 11,2025-07-01 06:00:00+00:00,0.020705980109723472
4999,cca912bc-7296-42fe-a37c-6f19b2840556,Friedrichstraße 11,2025-07-01 07:00:00+00:00,0.019901109285679015
5000,cca912bc-7296-42fe-a37c-6f19b2840556,Friedrichstraße 11,2025-07-01 08:00:00+00:00,0.02037906158510357
5001,cca912bc-7296-42fe-a37c-6f19b2840556,Friedrichstraße 11,2025-07-01 09:00:00+00:00,0.020882828719005722
5002,cca912bc-7296-42fe-a37c-6f19b2840556,Friedrichstraße 11,2025-07-01 10:00:00+00:00,0.020542607452923762
5003,cca912bc-7296-42fe-a37c-6f19b2840556,Friedrichstraße 11,2025-07-01 11:00:00+00:00,0.023033465070111503
5004,cca912bc-7296-42fe-a37c-6f19b2840556,Friedrichstraße 11,2025-07-01 12:00:00+00:00,0.023354853991438964
5005,cca912bc-7296-42fe-a37c-6f19b2840556,Friedrichstraße 11,2025-07-01 13:00:00+00:00,0.024060329624534547
5006,cca912bc-7296-42fe-a37c-6f19b2840556,Friedrichstraße 11,2025-07-01 14:00:00+00:00,0.023438818456383938
5007,cca912bc-7296-42fe-a37c-6f19b2840556,Friedrichstraße 11,2025-07-01 15:00:00+00:00,0.022968722066879353
5008,cca912bc-7296-42fe-a37c-6f19b2840556,Friedrichstraße 11,2025-07-01 16:00:00+00:00,0.023104637209150437
5009,cca912bc-7296-42fe-a37c-6f19b2840556,Friedrichstraße 11,2025-07-01 17:00:00+00:00,0.019834465254642306
5010,cca912bc-7296-42fe-a37c-6f19b2840556,Friedrichstraße 11,2025-07-01 18:00:00+00:00,0.019144863124127734
5011,cca912bc-7296-42fe-a37c-6f19b2840556,Friedrichstraße 11,2025-07-01 19:00:00+00:00,0.019066477075247217
5012,cca912bc-7296-42fe-a37c-6f19b2840556,Friedrichstraße 11,2025-07-01 20:00:00+00:00,0.018481185746270692
5013,cca912bc-7296-42fe-a37c-6f19b2840556,Friedrichstraße 11,2025-07-01 21:00:00+00:00,0.017165402925023648
5014,cca912bc-7296-42fe-a37c-6f19b2840556,Friedrichstraße 11,2025-07-01 22:00:00+00:00,0.018483264034616954
5015,cca912bc-7296-42fe-a37c-6f19b2840556,Friedrichstraße 11,2025-07-01 23:00:00+00:00,0.01806537624664069
5016,cca912bc-7296-42fe-a37c-6f19b2840556,Friedrichstraße 11,2025-07-02 00:00:00+00:00,0.017407814208404097
5017,cca912bc-7296-42fe-a37c-6f19b2840556,Friedrichstraße 11,2025-07-02 01:00:00+00:00,0.017469185101895497
5018,cca912bc-7296-42fe-a37c-6f19b2840556,Friedrichstraße 11,2025-07-02 02:00:00+00:00,0.01728679693627002
5019,cca912bc-7296-42fe-a37c-6f19b2840556,Friedrichstraße 11,2025-07-02 03:00:00+00:00,0.017978706802838647
5020,cca912bc-7296-42fe-a37c-6f19b2840556,Friedrichstraße 11,2025-07-02 04:00:00+00:00,0.018676088223831207
5021,cca912bc-7296-42fe-a37c-6f19b2840556,Friedrichstraße 11,2025-07-02 05:00:00+00:00,0.01726737894317538
5022,cca912bc-7296-42fe-a37c-6f19b2840556,Friedrichstraße 11,2025-07-02 06:00:00+00:00,0.016155795758861672
5023,cca912bc-7296-42fe-a37c-6f19b2840556,Friedrichstraße 11,2025-07-02 07:00:00+00:00,0.017122570057751307
5024,cca912bc-7296-42fe-a37c-6f19b2840556,Friedrichstraße 11,2025-07-02 08:00:00+00:00,0.018217765032660885
5025,cca912bc-7296-42fe-a37c-6f19b2840556,Friedrichstraße 11,2025-07-02 09:00:00+00:00,0.01974642283388753
5026,cca912bc-7296-42fe-a37c-6f19b2840556,Friedrichstraße 11,2025-07-02 10:00:00+00:00,0.019913821667692663
5027,cca912bc-7296-42fe-a37c-6f19b2840556,Friedrichstraße 11,2025-07-02 11:00:00+00:00,0.021930441010731775
5028,cca912bc-7296-42fe-a37c-6f19b2840556,Friedrichstraße 11,2025-07-02 12:00:00+00:00,0.025241957131302038
5029,cca912bc-7296-42fe-a37c-6f19b2840556,Friedrichstraße 11,2025-07-02 13:00:00+00:00,0.028382132452136017
5030,cca912bc-7296-42fe-a37c-6f19b2840556,Friedrichstraße 11,2025-07-02 14:00:00+00:00,0.02820066189274604
5031,cca912bc-7296-42fe-a37c-6f19b2840556,Friedrichstraße 11,2025-07-02 15:00:00+00:00,0.027249011085923838
5032,cca912bc-7296-42fe-a37c-6f19b2840556,Friedrichstraße 11,2025-07-02 16:00:00+00:00,0.025475854940453964
5033,cca912bc-7296-42fe-a37c-6f19b2840556,Friedrichstraße 11,2025-07-02 17:00:00+00:00,0.02304773263512188
5034,cca912bc-7296-42fe-a37c-6f19b2840556,Friedrichstraße 11,2025-07-02 18:00:00+00:00,0.02151851143725693
5035,cca912bc-7296-42fe-a37c-6f19b2840556,Friedrichstraße 11,2025-07-02 19:00:00+00:00,0.02143382927512284
5036,cca912bc-7296-42fe-a37c-6f19b2840556,Friedrichstraße 11,2025-07-02 20:00:00+00:00,0.021386236584190605
5037,cca912bc-7296-42fe-a37c-6f19b2840556,Friedrichstraße 11,2025-07-02 21:00:00+00:00,0.020252454117063855
5038,cca912bc-7296-42fe-a37c-6f19b2840556,Friedrichstraße 11,2025-07-02 22:00:00+00:00,0.014534733353135376
5039,cca912bc-7296-42fe-a37c-6f19b2840556,Friedrichstraße 11,2025-07-02 23:00:00+00:00,0.015341602331046322
5040,cca912bc-7296-42fe-a37c-6f19b2840556,Friedrichstraße 11,2025-07-03 00:00:00+00:00,0.015204407269532682
5041,cca912bc-7296-42fe-a37c-6f19b2840556,Friedrichstraße 11,2025-07-03 01:00:00+00:00,0.021529264991082566
5042,cca912bc-7296-42fe-a37c-6f19b2840556,Friedrichstraße 11,2025-07-03 02:00:00+00:00,0.021389755016647173
5043,cca912bc-7296-42fe-a37c-6f19b2840556,Friedrichstraße 11,2025-07-03 03:00:00+00:00,0.02083147808200807
5044,cca912bc-7296-42fe-a37c-6f19b2840556,Friedrichstraße 11,2025-07-03 04:00:00+00:00,0.02047114551233072
5045,cca912bc-7296-42fe-a37c-6f19b2840556,Friedrichstraße 11,2025-07-03 05:00:00+00:00,0.020707629070616896
5046,cca912bc-7296-42fe-a37c-6f19b2840556,Friedrichstraße 11,2025-07-03 06:00:00+00:00,0.01787248652728495
5047,cca912bc-7296-42fe-a37c-6f19b2840556,Friedrichstraße 11,2025-07-03 07:00:00+00:00,0.01744517927660467
5048,cca912bc-7296-42fe-a37c-6f19b2840556,Friedrichstraße 11,2025-07-03 08:00:00+00:00,0.018248177601163748
5049,cca912bc-7296-42fe-a37c-6f19b2840556,Friedrichstraße 11,2025-07-03 09:00:00+00:00,0.01984240279582459
5050,cca912bc-7296-42fe-a37c-6f19b2840556,Friedrichstraße 11,2025-07-03 10:00:00+00:00,0.0207964983059047
5051,cca912bc-7296-42fe-a37c-6f19b2840556,Friedrichstraße 11,2025-07-03 11:00:00+00:00,0.021363663024672838
5052,cca912bc-7296-42fe-a37c-6f19b2840556,Friedrichstraße 11,2025-07-03 12:00:00+00:00,0.020070059224772233
5053,cca912bc-7296-42fe-a37c-6f19b2840556,Friedrichstraße 11,2025-07-03 13:00:00+00:00,0.017410128573851814
5054,cca912bc-7296-42fe-a37c-6f19b2840556,Friedrichstraße 11,2025-07-03 14:00:00+00:00,0.017627967534721112
5055,cca912bc-7296-42fe-a37c-6f19b2840556,Friedrichstraße 11,2025-07-03 15:00:00+00:00,0.019718504023663857
5056,cca912bc-7296-42fe-a37c-6f19b2840556,Friedrichstraße 11,2025-07-03 16:00:00+00:00,0.019806501641133935
5057,cca912bc-7296-42fe-a37c-6f19b2840556,Friedrichstraße 11,2025-07-03 17:00:00+00:00,0.018732460313629386
5058,cca912bc-7296-42fe-a37c-6f19b2840556,Friedrichstraße 11,2025-07-03 18:00:00+00:00,0.01730491038536931
5059,cca912bc-7296-42fe-a37c-6f19b2840556,Friedrichstraße 11,2025-07-03 19:00:00+00:00,0.017450776547564058
5060,cca912bc-7296-42fe-a37c-6f19b2840556,Friedrichstraße 11,2025-07-03 20:00:00+00:00,0.017106669789248477
5061,cca912bc-7296-42fe-a37c-6f19b2840556,Friedrichstraße 11,2025-07-03 21:00:00+00:00,0.01725174207355491
5062,cca912bc-7296-42fe-a37c-6f19b2840556,Friedrichstraße 11,2025-07-03 22:00:00+00:00,0.017056465768432574
5063,cca912bc-7296-42fe-a37c-6f19b2840556,Friedrichstraße 11,2025-07-03 23:00:00+00:00,0.015835760182509043
5064,cca912bc-7296-42fe-a37c-6f19b2840556,Friedrichstraße 11,2025-07-04 00:00:00+00:00,0.015538272317791754
5065,cca912bc-7296-42fe-a37c-6f19b2840556,Friedrichstraße 11,2025-07-04 01:00:00+00:00,0.00966122238238986
5066,cca912bc-7296-42fe-a37c-6f19b2840556,Friedrichstraße 11,2025-07-04 02:00:00+00:00,0.014725814347004299
5067,cca912bc-7296-42fe-a37c-6f19b2840556,Friedrichstraße 11,2025-07-04 03:00:00+00:00,0.014566570754068985
5068,cca912bc-7296-42fe-a37c-6f19b2840556,Friedrichstraße 11,2025-07-04 04:00:00+00:00,0.014394633567487231
5069,cca912bc-7296-42fe-a37c-6f19b2840556,Friedrichstraße 11,2025-07-04 05:00:00+00:00,0.014464777454175704
5070,cca912bc-7296-42fe-a37c-6f19b2840556,Friedrichstraße 11,2025-07-04 06:00:00+00:00,0.014271512456928667
5071,cca912bc-7296-42fe-a37c-6f19b2840556,Friedrichstraße 11,2025-07-04 07:00:00+00:00,0.014723596605616784
5072,cca912bc-7296-42fe-a37c-6f19b2840556,Friedrichstraße 11,2025-07-04 08:00:00+00:00,0.014768633721510912
5073,cca912bc-7296-42fe-a37c-6f19b2840556,Friedrichstraße 11,2025-07-04 09:00:00+00:00,0.018505308310729197
5074,cca912bc-7296-42fe-a37c-6f19b2840556,Friedrichstraße 11,2025-07-04 10:00:00+00:00,0.019896695883827323
5075,cca912bc-7296-42fe-a37c-6f19b2840556,Friedrichstraße 11,2025-07-04 11:00:00+00:00,0.020847573287312036
5076,cca912bc-7296-42fe-a37c-6f19b2840556,Friedrichstraße 11,2025-07-04 12:00:00+00:00,0.01936644782293324
5077,cca912bc-7296-42fe-a37c-6f19b2840556,Friedrichstraße 11,2025-07-04 13:00:00+00:00,0.02254633996031901
5078,cca912bc-7296-42fe-a37c-6f19b2840556,Friedrichstraße 11,2025-07-04 14:00:00+00:00,0.026361439830301935
5079,cca912bc-7296-42fe-a37c-6f19b2840556,Friedrichstraße 11,2025-07-04 15:00:00+00:00,0.02823199514072903
5080,cca912bc-7296-42fe-a37c-6f19b2840556,Friedrichstraße 11,2025-07-04 16:00:00+00:00,0.036737807913854906
5081,cca912bc-7296-42fe-a37c-6f19b2840556,Friedrichstraße 11,2025-07-04 17:00:00+00:00,0.03720219411150002
5082,cca912bc-7296-42fe-a37c-6f19b2840556,Friedrichstraße 11,2025-07-04 18:00:00+00:00,0.03721010245676156
5083,cca912bc-7296-42fe-a37c-6f19b2840556,Friedrichstraße 11,2025-07-04 19:00:00+00:00,0.03567601420749163
5084,cca912bc-7296-42fe-a37c-6f19b2840556,Friedrichstraße 11,2025-07-04 20:00:00+00:00,0.03222430616121139
5085,cca912bc-7296-42fe-a37c-6f19b2840556,Friedrichstraße 11,2025-07-04 21:00:00+00:00,0.029103597030633668
5086,cca912bc-7296-42fe-a37c-6f19b2840556,Friedrichstraße 11,2025-07-04 22:00:00+00:00,0.03187518128585914
5087,cca912bc-7296-42fe-a37c-6f19b2840556,Friedrichstraße 11,2025-07-04 23:00:00+00:00,0.029730245685699274
5088,cca912bc-7296-42fe-a37c-6f19b2840556,Friedrichstraße 11,2025-07-05 00:00:00+00:00,0.028874080579616424
5089,cca912bc-7296-42fe-a37c-6f19b2840556,Friedrichstraße 11,2025-07-05 01:00:00+00:00,0.02837450973626105
5090,cca912bc-7296-42fe-a37c-6f19b2840556,Friedrichstraße 11,2025-07-05 02:00:00+00:00,0.023714112054076256
5091,cca912bc-7296-42fe-a37c-6f19b2840556,Friedrichstraße 11,2025-07-05 03:00:00+00:00,0.02453895067711985
5092,cca912bc-7296-42fe-a37c-6f19b2840556,Friedrichstraße 11,2025-07-05 04:00:00+00:00,0.026043929370255472
5093,cca912bc-7296-42fe-a37c-6f19b2840556,Friedrichstraße 11,2025-07-05 05:00:00+00:00,0.02643017606819935
5094,cca912bc-7296-42fe-a37c-6f19b2840556,Friedrichstraße 11,2025-07-05 06:00:00+00:00,0.02760709401689392
5095,cca912bc-7296-42fe-a37c-6f19b2840556,Friedrichstraße 11,2025-07-05 07:00:00+00:00,0.02993419853920741
5096,cca912bc-7296-42fe-a37c-6f19b2840556,Friedrichstraße 11,2025-07-05 08:00:00+00:00,0.040986228111780924
5097,cca912bc-7296-42fe-a37c-6f19b2840556,Friedrichstraße 11,2025-07-05 09:00:00+00:00,0.03312579930822766
5098,cca912bc-7296-42fe-a37c-6f19b2840556,Friedrichstraße 11,2025-07-05 10:00:00+00:00,0.033330175383569194
5099,cca912bc-7296-42fe-a37c-6f19b2840556,Friedrichstraße 11,2025-07-05 11:00:00+00:00,0.033574590628972854
5100,cca912bc-7296-42fe-a37c-6f19b2840556,Friedrichstraße 11,2025-07-05 12:00:00+00:00,0.03465287284411646
5101,cca912bc-7296-42fe-a37c-6f19b2840556,Friedrichstraße 11,2025-07-05 13:00:00+00:00,0.03169392024983659
5102,cca912bc-7296-42fe-a37c-6f19b2840556,Friedrichstraße 11,2025-07-05 14:00:00+00:00,0.0266066066324293
5103,cca912bc-7296-42fe-a37c-6f19b2840556,Friedrichstraße 11,2025-07-05 15:00:00+00:00,0.029698995124998635
5104,cca912bc-7296-42fe-a37c-6f19b2840556,Friedrichstraße 11,2025-07-05 16:00:00+00:00,0.029468446725973586
5105,cca912bc-7296-42fe-a37c-6f19b2840556,Friedrichstraße 11,2025-07-05 17:00:00+00:00,0.02933933984734945
5106,cca912bc-7296-42fe-a37c-6f19b2840556,Friedrichstraße 11,2025-07-05 18:00:00+00:00,0.027763437742118854
5107,cca912bc-7296-42fe-a37c-6f19b2840556,Friedrichstraße 11,2025-07-05 19:00:00+00:00,0.02967360708667021
5108,cca912bc-7296-42fe-a37c-6f19b2840556,Friedrichstraße 11,2025-07-05 20:00:00+00:00,0.029322915069721723
5109,cca912bc-7296-42fe-a37c-6f19b2840556,Friedrichstraße 11,2025-07-05 21:00:00+00:00,0.027149687910139494
5110,cca912bc-7296-42fe-a37c-6f19b2840556,Friedrichstraße 11,2025-07-05 22:00:00+00:00,0.028223256070764986
5111,cca912bc-7296-42fe-a37c-6f19b2840556,Friedrichstraße 11,2025-07-05 23:00:00+00:00,0.02765759284123493
5112,cca912bc-7296-42fe-a37c-6f19b2840556,Friedrichstraße 11,2025-07-06 00:00:00+00:00,0.028036394631224825
5113,cca912bc-7296-42fe-a37c-6f19b2840556,Friedrichstraße 11,2025-07-06 01:00:00+00:00,0.02783342909886583
5114,cca912bc-7296-42fe-a37c-6f19b2840556,Friedrichstraße 11,2025-07-06 02:00:00+00:00,0.026559083347170838
5115,cca912bc-7296-42fe-a37c-6f19b2840556,Friedrichstraße 11,2025-07-06 03:00:00+00:00,0.030668443137742973
5116,cca912bc-7296-42fe-a37c-6f19b2840556,Friedrichstraße 11,2025-07-06 04:00:00+00:00,0.030323234649327912
5117,cca912bc-7296-42fe-a37c-6f19b2840556,Friedrichstraße 11,2025-07-06 05:00:00+00:00,0.031356868965363174
5118,cca912bc-7296-42fe-a37c-6f19b2840556,Friedrichstraße 11,2025-07-06 06:00:00+00:00,0.03047257104304976
5119,cca912bc-7296-42fe-a37c-6f19b2840556,Friedrichstraße 11,2025-07-06 07:00:00+00:00,0.030686925687861074
5120,cca912bc-7296-42fe-a37c-6f19b2840556,Friedrichstraße 11,2025-07-06 08:00:00+00:00,0.02626239194079861
5121,cca912bc-7296-42fe-a37c-6f19b2840556,Friedrichstraße 11,2025-07-06 09:00:00+00:00,0.026424066609453106
5122,cca912bc-7296-42fe-a37c-6f19b2840556,Friedrichstraße 11,2025-07-06 10:00:00+00:00,0.021847810961269132
5123,cca912bc-7296-42fe-a37c-6f19b2840556,Friedrichstraße 11,2025-07-06 11:00:00+00:00,0.023570015690044348
5124,cca912bc-7296-42fe-a37c-6f19b2840556,Friedrichstraße 11,2025-07-06 12:00:00+00:00,0.019803723184980016
5125,cca912bc-7296-42fe-a37c-6f19b2840556,Friedrichstraße 11,2025-07-06 13:00:00+00:00,0.020565290703142614
5126,cca912bc-7296-42fe-a37c-6f19b2840556,Friedrichstraße 11,2025-07-06 14:00:00+00:00,0.023844502847950345
5127,cca912bc-7296-42fe-a37c-6f19b2840556,Friedrichstraße 11,2025-07-06 15:00:00+00:00,0.026514658448690807
5128,cca912bc-7296-42fe-a37c-6f19b2840556,Friedrichstraße 11,2025-07-06 16:00:00+00:00,0.027790508678056217
5129,cca912bc-7296-42fe-a37c-6f19b2840556,Friedrichstraße 11,2025-07-06 17:00:00+00:00,0.029516904643226576
5130,cca912bc-7296-42fe-a37c-6f19b2840556,Friedrichstraße 11,2025-07-06 18:00:00+00:00,0.028442043940651883
5131,cca912bc-7296-42fe-a37c-6f19b2840556,Friedrichstraße 11,2025-07-06 19:00:00+00:00,0.023926993723615914
5132,cca912bc-7296-42fe-a37c-6f19b2840556,Friedrichstraße 11,2025-07-06 20:00:00+00:00,0.023501810538215467
5133,cca912bc-7296-42fe-a37c-6f19b2840556,Friedrichstraße 11,2025-07-06 21:00:00+00:00,0.02204101142220478
5134,cca912bc-7296-42fe-a37c-6f19b2840556,Friedrichstraße 11,2025-07-06 22:00:00+00:00,0.014619916857694504
5135,cca912bc-7296-42fe-a37c-6f19b2840556,Friedrichstraße 11,2025-07-06 23:00:00+00:00,0.022546854285868303
5136,cca912bc-7296-42fe-a37c-6f19b2840556,Friedrichstraße 11,2025-07-07 00:00:00+00:00,0.023556166345125654
5137,cca912bc-7296-42fe-a37c-6f19b2840556,Friedrichstraße 11,2025-07-07 01:00:00+00:00,0.023468341210698414
5138,cca912bc-7296-42fe-a37c-6f19b2840556,Friedrichstraße 11,2025-07-07 02:00:00+00:00,0.023721373667523714
5139,cca912bc-7296-42fe-a37c-6f19b2840556,Friedrichstraße 11,2025-07-07 03:00:00+00:00,0.0205715674642294
5140,cca912bc-7296-42fe-a37c-6f19b2840556,Friedrichstraße 11,2025-07-07 04:00:00+00:00,0.02170775096227017
5141,cca912bc-7296-42fe-a37c-6f19b2840556,Friedrichstraße 11,2025-07-07 05:00:00+00:00,0.020826578889890427
5142,cca912bc-7296-42fe-a37c-6f19b2840556,Friedrichstraße 11,2025-07-07 06:00:00+00:00,0.019661546002466723
5143,cca912bc-7296-42fe-a37c-6f19b2840556,Friedrichstraße 11,2025-07-07 07:00:00+00:00,0.019474414406162148
5144,cca912bc-7296-42fe-a37c-6f19b2840556,Friedrichstraße 11,2025-07-07 08:00:00+00:00,0.01801411170481098
5145,cca912bc-7296-42fe-a37c-6f19b2840556,Friedrichstraße 11,2025-07-07 09:00:00+00:00,0.020030814977467875
5146,cca912bc-7296-42fe-a37c-6f19b2840556,Friedrichstraße 11,2025-07-07 10:00:00+00:00,0.02013340241000686
5147,cca912bc-7296-42fe-a37c-6f19b2840556,Friedrichstraße 11,2025-07-07 11:00:00+00:00,0.020902866032648168
5148,cca912bc-7296-42fe-a37c-6f19b2840556,Friedrichstraße 11,2025-07-07 12:00:00+00:00,0.020817812314403054
5149,cca912bc-7296-42fe-a37c-6f19b2840556,Friedrichstraße 11,2025-07-07 13:00:00+00:00,0.019167071490714078
5150,cca912bc-7296-42fe-a37c-6f19b2840556,Friedrichstraße 11,2025-07-07 14:00:00+00:00,0.018982994677207706
5151,cca912bc-7296-42fe-a37c-6f19b2840556,Friedrichstraße 11,2025-07-07 15:00:00+00:00,0.02006788095349831
5152,cca912bc-7296-42fe-a37c-6f19b2840556,Friedrichstraße 11,2025-07-07 16:00:00+00:00,0.020909205081221478
5153,cca912bc-7296-42fe-a37c-6f19b2840556,Friedrichstraße 11,2025-07-07 17:00:00+00:00,0.01980692503749215
5154,cca912bc-7296-42fe-a37c-6f19b2840556,Friedrichstraße 11,2025-07-07 18:00:00+00:00,0.019307923120123496
5155,cca912bc-7296-42fe-a37c-6f19b2840556,Friedrichstraße 11,2025-07-07 19:00:00+00:00,0.01939416287469316
5156,cca912bc-7296-42fe-a37c-6f19b2840556,Friedrichstraße 11,2025-07-07 20:00:00+00:00,0.01977606382799336
5157,cca912bc-7296-42fe-a37c-6f19b2840556,Friedrichstraße 11,2025-07-07 21:00:00+00:00,0.019639560386312184
5158,cca912bc-7296-42fe-a37c-6f19b2840556,Friedrichstraße 11,2025-07-07 22:00:00+00:00,0.020221517038554463
5159,cca912bc-7296-42fe-a37c-6f19b2840556,Friedrichstraße 11,2025-07-07 23:00:00+00:00,0.012475722751988601
5160,cca912bc-7296-42fe-a37c-6f19b2840556,Friedrichstraße 11,2025-07-08 00:00:00+00:00,0.019275380174547715
5161,cca912bc-7296-42fe-a37c-6f19b2840556,Friedrichstraße 11,2025-07-08 01:00:00+00:00,0.022755846228753016
5162,cca912bc-7296-42fe-a37c-6f19b2840556,Friedrichstraße 11,2025-07-08 02:00:00+00:00,0.02232793740661488
5163,cca912bc-7296-42fe-a37c-6f19b2840556,Friedrichstraße 11,2025-07-08 03:00:00+00:00,0.021268773334146243
5164,cca912bc-7296-42fe-a37c-6f19b2840556,Friedrichstraße 11,2025-07-08 04:00:00+00:00,0.021180622370435827
5165,cca912bc-7296-42fe-a37c-6f19b2840556,Friedrichstraße 11,2025-07-08 05:00:00+00:00,0.021292095419584142
5166,cca912bc-7296-42fe-a37c-6f19b2840556,Friedrichstraße 11,2025-07-08 06:00:00+00:00,0.021417877387248666
5167,cca912bc-7296-42fe-a37c-6f19b2840556,Friedrichstraße 11,2025-07-08 07:00:00+00:00,0.02150834406020027
5168,cca912bc-7296-42fe-a37c-6f19b2840556,Friedrichstraße 11,2025-07-08 08:00:00+00:00,0.02117508457895374
5169,cca912bc-7296-42fe-a37c-6f19b2840556,Friedrichstraße 11,2025-07-08 09:00:00+00:00,0.020601967797751343
5170,cca912bc-7296-42fe-a37c-6f19b2840556,Friedrichstraße 11,2025-07-08 10:00:00+00:00,0.020819952264177002
5171,cca912bc-7296-42fe-a37c-6f19b2840556,Friedrichstraße 11,2025-07-08 11:00:00+00:00,0.021550284804962454
5172,cca912bc-7296-42fe-a37c-6f19b2840556,Friedrichstraße 11,2025-07-08 12:00:00+00:00,0.023359988926645297
5173,cca912bc-7296-42fe-a37c-6f19b2840556,Friedrichstraße 11,2025-07-08 13:00:00+00:00,0.02365435416801242
5174,cca912bc-7296-42fe-a37c-6f19b2840556,Friedrichstraße 11,2025-07-08 14:00:00+00:00,0.022843017377005025
5175,cca912bc-7296-42fe-a37c-6f19b2840556,Friedrichstraße 11,2025-07-08 15:00:00+00:00,0.02239670275906049
5176,cca912bc-7296-42fe-a37c-6f19b2840556,Friedrichstraße 11,2025-07-08 16:00:00+00:00,0.023563887694334994
5177,cca912bc-7296-42fe-a37c-6f19b2840556,Friedrichstraße 11,2025-07-08 17:00:00+00:00,0.023795871657155
5178,cca912bc-7296-42fe-a37c-6f19b2840556,Friedrichstraße 11,2025-07-08 18:00:00+00:00,0.021712216862832215
5179,cca912bc-7296-42fe-a37c-6f19b2840556,Friedrichstraße 11,2025-07-08 19:00:00+00:00,0.021332580779553852
5180,cca912bc-7296-42fe-a37c-6f19b2840556,Friedrichstraße 11,2025-07-08 20:00:00+00:00,0.020288099874401493
5181,cca912bc-7296-42fe-a37c-6f19b2840556,Friedrichstraße 11,2025-07-08 21:00:00+00:00,0.01925557208787944
5182,cca912bc-7296-42fe-a37c-6f19b2840556,Friedrichstraße 11,2025-07-08 22:00:00+00:00,0.024809335207262077
5183,cca912bc-7296-42fe-a37c-6f19b2840556,Friedrichstraße 11,2025-07-08 23:00:00+00:00,0.024701069221707648
5184,cca912bc-7296-42fe-a37c-6f19b2840556,Friedrichstraße 11,2025-07-09 00:00:00+00:00,0.016993156492086568
5185,cca912bc-7296-42fe-a37c-6f19b2840556,Friedrichstraße 11,2025-07-09 01:00:00+00:00,0.01250287152579597
5186,cca912bc-7296-42fe-a37c-6f19b2840556,Friedrichstraße 11,2025-07-09 02:00:00+00:00,0.013079311678482752
5187,cca912bc-7296-42fe-a37c-6f19b2840556,Friedrichstraße 11,2025-07-09 03:00:00+00:00,0.012955928591629614
5188,cca912bc-7296-42fe-a37c-6f19b2840556,Friedrichstraße 11,2025-07-09 04:00:00+00:00,0.013472827756089567
5189,cca912bc-7296-42fe-a37c-6f19b2840556,Friedrichstraße 11,2025-07-09 05:00:00+00:00,0.01375105562532288
5190,cca912bc-7296-42fe-a37c-6f19b2840556,Friedrichstraße 11,2025-07-09 06:00:00+00:00,0.013707428550443568
5191,cca912bc-7296-42fe-a37c-6f19b2840556,Friedrichstraße 11,2025-07-09 07:00:00+00:00,0.013307311287930527
5192,cca912bc-7296-42fe-a37c-6f19b2840556,Friedrichstraße 11,2025-07-09 08:00:00+00:00,0.015477552490167442
5193,cca912bc-7296-42fe-a37c-6f19b2840556,Friedrichstraße 11,2025-07-09 09:00:00+00:00,0.016194659192420666
5194,cca912bc-7296-42fe-a37c-6f19b2840556,Friedrichstraße 11,2025-07-09 10:00:00+00:00,0.01738116714576187
5195,cca912bc-7296-42fe-a37c-6f19b2840556,Friedrichstraße 11,2025-07-09 11:00:00+00:00,0.01825624011928873
5196,cca912bc-7296-42fe-a37c-6f19b2840556,Friedrichstraße 11,2025-07-09 12:00:00+00:00,0.01813132186431383
5197,cca912bc-7296-42fe-a37c-6f19b2840556,Friedrichstraße 11,2025-07-09 13:00:00+00:00,0.023519888506024725
5198,cca912bc-7296-42fe-a37c-6f19b2840556,Friedrichstraße 11,2025-07-09 14:00:00+00:00,0.024114043048498107
5199,cca912bc-7296-42fe-a37c-6f19b2840556,Friedrichstraße 11,2025-07-09 15:00:00+00:00,0.024078216073498856
5200,cca912bc-7296-42fe-a37c-6f19b2840556,Friedrichstraße 11,2025-07-09 16:00:00+00:00,0.02296628018628112
5201,cca912bc-7296-42fe-a37c-6f19b2840556,Friedrichstraße 11,2025-07-09 17:00:00+00:00,0.021619211573133557
5202,cca912bc-7296-42fe-a37c-6f19b2840556,Friedrichstraße 11,2025-07-09 18:00:00+00:00,0.021487348239920375
5203,cca912bc-7296-42fe-a37c-6f19b2840556,Friedrichstraße 11,2025-07-09 19:00:00+00:00,0.020549609440823197
5204,cca912bc-7296-42fe-a37c-6f19b2840556,Friedrichstraße 11,2025-07-09 20:00:00+00:00,0.0204278028794496
5205,cca912bc-7296-42fe-a37c-6f19b2840556,Friedrichstraße 11,2025-07-09 21:00:00+00:00,0.019121232555786585
5206,cca912bc-7296-42fe-a37c-6f19b2840556,Friedrichstraße 11,2025-07-09 22:00:00+00:00,0.012986092538093463
5207,cca912bc-7296-42fe-a37c-6f19b2840556,Friedrichstraße 11,2025-07-09 23:00:00+00:00,0.013379478428931306
5208,cca912bc-7296-42fe-a37c-6f19b2840556,Friedrichstraße 11,2025-07-10 00:00:00+00:00,0.01362671279541947
5209,cca912bc-7296-42fe-a37c-6f19b2840556,Friedrichstraße 11,2025-07-10 01:00:00+00:00,0.019605129907893253
5210,cca912bc-7296-42fe-a37c-6f19b2840556,Friedrichstraße 11,2025-07-10 02:00:00+00:00,0.01977724518127125
5211,cca912bc-7296-42fe-a37c-6f19b2840556,Friedrichstraße 11,2025-07-10 03:00:00+00:00,0.019395508622444466
5212,cca912bc-7296-42fe-a37c-6f19b2840556,Friedrichstraße 11,2025-07-10 04:00:00+00:00,0.019414677789981485
5213,cca912bc-7296-42fe-a37c-6f19b2840556,Friedrichstraße 11,2025-07-10 05:00:00+00:00,0.019814070281370517
5214,cca912bc-7296-42fe-a37c-6f19b2840556,Friedrichstraße 11,2025-07-10 06:00:00+00:00,0.017654154289476906
5215,cca912bc-7296-42fe-a37c-6f19b2840556,Friedrichstraße 11,2025-07-10 07:00:00+00:00,0.017153571027183925
5216,cca912bc-7296-42fe-a37c-6f19b2840556,Friedrichstraße 11,2025-07-10 08:00:00+00:00,0.019036437895794966
5217,cca912bc-7296-42fe-a37c-6f19b2840556,Friedrichstraße 11,2025-07-10 09:00:00+00:00,0.019448141078773358
5218,cca912bc-7296-42fe-a37c-6f19b2840556,Friedrichstraße 11,2025-07-10 10:00:00+00:00,0.021750304422575067
5219,cca912bc-7296-42fe-a37c-6f19b2840556,Friedrichstraße 11,2025-07-10 11:00:00+00:00,0.022041900812755054
5220,cca912bc-7296-42fe-a37c-6f19b2840556,Friedrichstraße 11,2025-07-10 12:00:00+00:00,0.0231035481838168
5221,cca912bc-7296-42fe-a37c-6f19b2840556,Friedrichstraße 11,2025-07-10 13:00:00+00:00,0.01911048815888482
5222,cca912bc-7296-42fe-a37c-6f19b2840556,Friedrichstraße 11,2025-07-10 14:00:00+00:00,0.019162568460559012
5223,cca912bc-7296-42fe-a37c-6f19b2840556,Friedrichstraße 11,2025-07-10 15:00:00+00:00,0.01867789655810859
5224,cca912bc-7296-42fe-a37c-6f19b2840556,Friedrichstraße 11,2025-07-10 16:00:00+00:00,0.019958783649667074
5225,cca912bc-7296-42fe-a37c-6f19b2840556,Friedrichstraße 11,2025-07-10 17:00:00+00:00,0.019236924555165204
5226,cca912bc-7296-42fe-a37c-6f19b2840556,Friedrichstraße 11,2025-07-10 18:00:00+00:00,0.019322662515324603
5227,cca912bc-7296-42fe-a37c-6f19b2840556,Friedrichstraße 11,2025-07-10 19:00:00+00:00,0.018470218118316055
5228,cca912bc-7296-42fe-a37c-6f19b2840556,Friedrichstraße 11,2025-07-10 20:00:00+00:00,0.017802647867331375
5229,cca912bc-7296-42fe-a37c-6f19b2840556,Friedrichstraße 11,2025-07-10 21:00:00+00:00,0.01768773640153
5230,cca912bc-7296-42fe-a37c-6f19b2840556,Friedrichstraße 11,2025-07-10 22:00:00+00:00,0.01736936935754397
5231,cca912bc-7296-42fe-a37c-6f19b2840556,Friedrichstraße 11,2025-07-10 23:00:00+00:00,0.015833681138750944
5232,cca912bc-7296-42fe-a37c-6f19b2840556,Friedrichstraße 11,2025-07-11 00:00:00+00:00,0.015520014091665335
5233,cca912bc-7296-42fe-a37c-6f19b2840556,Friedrichstraße 11,2025-07-11 01:00:00+00:00,0.00944278702122564
5234,cca912bc-7296-42fe-a37c-6f19b2840556,Friedrichstraße 11,2025-07-11 02:00:00+00:00,0.012619084934154793
5235,cca912bc-7296-42fe-a37c-6f19b2840556,Friedrichstraße 11,2025-07-11 03:00:00+00:00,0.012948673122739287
5236,cca912bc-7296-42fe-a37c-6f19b2840556,Friedrichstraße 11,2025-07-11 04:00:00+00:00,0.012929196102590619
5237,cca912bc-7296-42fe-a37c-6f19b2840556,Friedrichstraße 11,2025-07-11 05:00:00+00:00,0.010781983366747157
5238,cca912bc-7296-42fe-a37c-6f19b2840556,Friedrichstraße 11,2025-07-11 06:00:00+00:00,0.010660432881742891
5239,cca912bc-7296-42fe-a37c-6f19b2840556,Friedrichstraße 11,2025-07-11 07:00:00+00:00,0.010681261377204607
5240,cca912bc-7296-42fe-a37c-6f19b2840556,Friedrichstraße 11,2025-07-11 08:00:00+00:00,0.010777161008727693
5241,cca912bc-7296-42fe-a37c-6f19b2840556,Friedrichstraße 11,2025-07-11 09:00:00+00:00,0.013123055766125396
5242,cca912bc-7296-42fe-a37c-6f19b2840556,Friedrichstraße 11,2025-07-11 10:00:00+00:00,0.012822627563881795
5243,cca912bc-7296-42fe-a37c-6f19b2840556,Friedrichstraße 11,2025-07-11 11:00:00+00:00,0.013828480168922418
5244,cca912bc-7296-42fe-a37c-6f19b2840556,Friedrichstraße 11,2025-07-11 12:00:00+00:00,0.01290249555494017
5245,cca912bc-7296-42fe-a37c-6f19b2840556,Friedrichstraße 11,2025-07-11 13:00:00+00:00,0.019268126762729886
5246,cca912bc-7296-42fe-a37c-6f19b2840556,Friedrichstraße 11,2025-07-11 14:00:00+00:00,0.024886809901882464
5247,cca912bc-7296-42fe-a37c-6f19b2840556,Friedrichstraße 11,2025-07-11 15:00:00+00:00,0.026760978000126986
5248,cca912bc-7296-42fe-a37c-6f19b2840556,Friedrichstraße 11,2025-07-11 16:00:00+00:00,0.030579679852125154
5249,cca912bc-7296-42fe-a37c-6f19b2840556,Friedrichstraße 11,2025-07-11 17:00:00+00:00,0.029273571056247564
5250,cca912bc-7296-42fe-a37c-6f19b2840556,Friedrichstraße 11,2025-07-11 18:00:00+00:00,0.031021785761471656
5251,cca912bc-7296-42fe-a37c-6f19b2840556,Friedrichstraße 11,2025-07-11 19:00:00+00:00,0.02888599765859192
5252,cca912bc-7296-42fe-a37c-6f19b2840556,Friedrichstraße 11,2025-07-11 20:00:00+00:00,0.02822476947514022
5253,cca912bc-7296-42fe-a37c-6f19b2840556,Friedrichstraße 11,2025-07-11 21:00:00+00:00,0.025100393415721116
5254,cca912bc-7296-42fe-a37c-6f19b2840556,Friedrichstraße 11,2025-07-11 22:00:00+00:00,0.028238686871615744
5255,cca912bc-7296-42fe-a37c-6f19b2840556,Friedrichstraße 11,2025-07-11 23:00:00+00:00,0.029163025319344095
5256,cca912bc-7296-42fe-a37c-6f19b2840556,Friedrichstraße 11,2025-07-12 00:00:00+00:00,0.028837962897853748
5257,cca912bc-7296-42fe-a37c-6f19b2840556,Friedrichstraße 11,2025-07-12 01:00:00+00:00,0.029614247709444298
5258,cca912bc-7296-42fe-a37c-6f19b2840556,Friedrichstraße 11,2025-07-12 02:00:00+00:00,0.027430534735668668
5259,cca912bc-7296-42fe-a37c-6f19b2840556,Friedrichstraße 11,2025-07-12 03:00:00+00:00,0.02784984887932532
5260,cca912bc-7296-42fe-a37c-6f19b2840556,Friedrichstraße 11,2025-07-12 04:00:00+00:00,0.029250651333473075
5261,cca912bc-7296-42fe-a37c-6f19b2840556,Friedrichstraße 11,2025-07-12 05:00:00+00:00,0.030607312396376766
5262,cca912bc-7296-42fe-a37c-6f19b2840556,Friedrichstraße 11,2025-07-12 06:00:00+00:00,0.03255160028483825
5263,cca912bc-7296-42fe-a37c-6f19b2840556,Friedrichstraße 11,2025-07-12 07:00:00+00:00,0.03471633032472808
5264,cca912bc-7296-42fe-a37c-6f19b2840556,Friedrichstraße 11,2025-07-12 08:00:00+00:00,0.04539232587163706
5265,cca912bc-7296-42fe-a37c-6f19b2840556,Friedrichstraße 11,2025-07-12 09:00:00+00:00,0.037343527221387965
5266,cca912bc-7296-42fe-a37c-6f19b2840556,Friedrichstraße 11,2025-07-12 10:00:00+00:00,0.034801265315485795
5267,cca912bc-7296-42fe-a37c-6f19b2840556,Friedrichstraße 11,2025-07-12 11:00:00+00:00,0.034067421220345624
5268,cca912bc-7296-42fe-a37c-6f19b2840556,Friedrichstraße 11,2025-07-12 12:00:00+00:00,0.03214103734429015
5269,cca912bc-7296-42fe-a37c-6f19b2840556,Friedrichstraße 11,2025-07-12 13:00:00+00:00,0.030261708214208878
5270,cca912bc-7296-42fe-a37c-6f19b2840556,Friedrichstraße 11,2025-07-12 14:00:00+00:00,0.026641120981688863
5271,cca912bc-7296-42fe-a37c-6f19b2840556,Friedrichstraße 11,2025-07-12 15:00:00+00:00,0.027332847639995328
5272,cca912bc-7296-42fe-a37c-6f19b2840556,Friedrichstraße 11,2025-07-12 16:00:00+00:00,0.024654256349714788
5273,cca912bc-7296-42fe-a37c-6f19b2840556,Friedrichstraße 11,2025-07-12 17:00:00+00:00,0.02482242436557401
5274,cca912bc-7296-42fe-a37c-6f19b2840556,Friedrichstraße 11,2025-07-12 18:00:00+00:00,0.02520613616032193
5275,cca912bc-7296-42fe-a37c-6f19b2840556,Friedrichstraße 11,2025-07-12 19:00:00+00:00,0.027393870936751597
5276,cca912bc-7296-42fe-a37c-6f19b2840556,Friedrichstraße 11,2025-07-12 20:00:00+00:00,0.02699127491188546
5277,cca912bc-7296-42fe-a37c-6f19b2840556,Friedrichstraße 11,2025-07-12 21:00:00+00:00,0.025898470345820778
5278,cca912bc-7296-42fe-a37c-6f19b2840556,Friedrichstraße 11,2025-07-12 22:00:00+00:00,0.027191347757805916
5279,cca912bc-7296-42fe-a37c-6f19b2840556,Friedrichstraße 11,2025-07-12 23:00:00+00:00,0.023622887752178027
5280,cca912bc-7296-42fe-a37c-6f19b2840556,Friedrichstraße 11,2025-07-13 00:00:00+00:00,0.023346068164391477
5281,cca912bc-7296-42fe-a37c-6f19b2840556,Friedrichstraße 11,2025-07-13 01:00:00+00:00,0.032553789609295856
5282,cca912bc-7296-42fe-a37c-6f19b2840556,Friedrichstraße 11,2025-07-13 02:00:00+00:00,0.03147160124701235
5283,cca912bc-7296-42fe-a37c-6f19b2840556,Friedrichstraße 11,2025-07-13 03:00:00+00:00,0.031616192159659655
5284,cca912bc-7296-42fe-a37c-6f19b2840556,Friedrichstraße 11,2025-07-13 04:00:00+00:00,0.03086444184661315
5285,cca912bc-7296-42fe-a37c-6f19b2840556,Friedrichstraße 11,2025-07-13 05:00:00+00:00,0.03185223542946715
5286,cca912bc-7296-42fe-a37c-6f19b2840556,Friedrichstraße 11,2025-07-13 06:00:00+00:00,0.031434501131632105
5287,cca912bc-7296-42fe-a37c-6f19b2840556,Friedrichstraße 11,2025-07-13 07:00:00+00:00,0.03172774631509626
5288,cca912bc-7296-42fe-a37c-6f19b2840556,Friedrichstraße 11,2025-07-13 08:00:00+00:00,0.02768132861312592
5289,cca912bc-7296-42fe-a37c-6f19b2840556,Friedrichstraße 11,2025-07-13 09:00:00+00:00,0.026668712169867822
5290,cca912bc-7296-42fe-a37c-6f19b2840556,Friedrichstraße 11,2025-07-13 10:00:00+00:00,0.025339757206864235
5291,cca912bc-7296-42fe-a37c-6f19b2840556,Friedrichstraße 11,2025-07-13 11:00:00+00:00,0.0256483517838697
5292,cca912bc-7296-42fe-a37c-6f19b2840556,Friedrichstraße 11,2025-07-13 12:00:00+00:00,0.026091484400466845
5293,cca912bc-7296-42fe-a37c-6f19b2840556,Friedrichstraße 11,2025-07-13 13:00:00+00:00,0.026879781986240085
5294,cca912bc-7296-42fe-a37c-6f19b2840556,Friedrichstraße 11,2025-07-13 14:00:00+00:00,0.030288081930356016
5295,cca912bc-7296-42fe-a37c-6f19b2840556,Friedrichstraße 11,2025-07-13 15:00:00+00:00,0.032986945372002516
5296,cca912bc-7296-42fe-a37c-6f19b2840556,Friedrichstraße 11,2025-07-13 16:00:00+00:00,0.03360687712805278
5297,cca912bc-7296-42fe-a37c-6f19b2840556,Friedrichstraße 11,2025-07-13 17:00:00+00:00,0.0348684261030862
5298,cca912bc-7296-42fe-a37c-6f19b2840556,Friedrichstraße 11,2025-07-13 18:00:00+00:00,0.03421229398857195
5299,cca912bc-7296-42fe-a37c-6f19b2840556,Friedrichstraße 11,2025-07-13 19:00:00+00:00,0.030133886451353207
5300,cca912bc-7296-42fe-a37c-6f19b2840556,Friedrichstraße 11,2025-07-13 20:00:00+00:00,0.0291515600633248
5301,cca912bc-7296-42fe-a37c-6f19b2840556,Friedrichstraße 11,2025-07-13 21:00:00+00:00,0.02781654850682641
5302,cca912bc-7296-42fe-a37c-6f19b2840556,Friedrichstraße 11,2025-07-13 22:00:00+00:00,0.020671387005697737
5303,cca912bc-7296-42fe-a37c-6f19b2840556,Friedrichstraße 11,2025-07-13 23:00:00+00:00,0.02852211755289636
5304,d1a25cbb-e2d7-49d7-a75b-0e570b6d1e88,Kurpark - Zentrum Süd,2025-07-01 00:00:00+00:00,0.010801122468991672
5305,d1a25cbb-e2d7-49d7-a75b-0e570b6d1e88,Kurpark - Zentrum Süd,2025-07-01 01:00:00+00:00,0.010904637976932354
5306,d1a25cbb-e2d7-49d7-a75b-0e570b6d1e88,Kurpark - Zentrum Süd,2025-07-01 02:00:00+00:00,0.011081653330910555
5307,d1a25cbb-e2d7-49d7-a75b-0e570b6d1e88,Kurpark - Zentrum Süd,2025-07-01 03:00:00+00:00,0.010835572965731214
5308,d1a25cbb-e2d7-49d7-a75b-0e570b6d1e88,Kurpark - Zentrum Süd,2025-07-01 04:00:00+00:00,0.011410442981460264
5309,d1a25cbb-e2d7-49d7-a75b-0e570b6d1e88,Kurpark - Zentrum Süd,2025-07-01 05:00:00+00:00,0.012299940388549218
5310,d1a25cbb-e2d7-49d7-a75b-0e570b6d1e88,Kurpark - Zentrum Süd,2025-07-01 06:00:00+00:00,0.011484298767067774
5311,d1a25cbb-e2d7-49d7-a75b-0e570b6d1e88,Kurpark - Zentrum Süd,2025-07-01 07:00:00+00:00,0.011146839076788524
5312,d1a25cbb-e2d7-49d7-a75b-0e570b6d1e88,Kurpark - Zentrum Süd,2025-07-01 08:00:00+00:00,0.011198592296329956
5313,d1a25cbb-e2d7-49d7-a75b-0e570b6d1e88,Kurpark - Zentrum Süd,2025-07-01 09:00:00+00:00,0.010543809920706311
5314,d1a25cbb-e2d7-49d7-a75b-0e570b6d1e88,Kurpark - Zentrum Süd,2025-07-01 10:00:00+00:00,0.01211354813979021
5315,d1a25cbb-e2d7-49d7-a75b-0e570b6d1e88,Kurpark - Zentrum Süd,2025-07-01 11:00:00+00:00,0.013136895660485886
5316,d1a25cbb-e2d7-49d7-a75b-0e570b6d1e88,Kurpark - Zentrum Süd,2025-07-01 12:00:00+00:00,0.012776699669139075
5317,d1a25cbb-e2d7-49d7-a75b-0e570b6d1e88,Kurpark - Zentrum Süd,2025-07-01 13:00:00+00:00,0.012998226152155437
5318,d1a25cbb-e2d7-49d7-a75b-0e570b6d1e88,Kurpark - Zentrum Süd,2025-07-01 14:00:00+00:00,0.012583094048117405
5319,d1a25cbb-e2d7-49d7-a75b-0e570b6d1e88,Kurpark - Zentrum Süd,2025-07-01 15:00:00+00:00,0.012059036536409625
5320,d1a25cbb-e2d7-49d7-a75b-0e570b6d1e88,Kurpark - Zentrum Süd,2025-07-01 16:00:00+00:00,0.01145969345351806
5321,d1a25cbb-e2d7-49d7-a75b-0e570b6d1e88,Kurpark - Zentrum Süd,2025-07-01 17:00:00+00:00,0.009534211532228587
5322,d1a25cbb-e2d7-49d7-a75b-0e570b6d1e88,Kurpark - Zentrum Süd,2025-07-01 18:00:00+00:00,0.009331082845642135
5323,d1a25cbb-e2d7-49d7-a75b-0e570b6d1e88,Kurpark - Zentrum Süd,2025-07-01 19:00:00+00:00,0.009163359448831813
5324,d1a25cbb-e2d7-49d7-a75b-0e570b6d1e88,Kurpark - Zentrum Süd,2025-07-01 20:00:00+00:00,0.008884565295314362
5325,d1a25cbb-e2d7-49d7-a75b-0e570b6d1e88,Kurpark - Zentrum Süd,2025-07-01 21:00:00+00:00,0.008833187945233018
5326,d1a25cbb-e2d7-49d7-a75b-0e570b6d1e88,Kurpark - Zentrum Süd,2025-07-01 22:00:00+00:00,0.010208569252090963
5327,d1a25cbb-e2d7-49d7-a75b-0e570b6d1e88,Kurpark - Zentrum Süd,2025-07-01 23:00:00+00:00,0.010456823743013315
5328,d1a25cbb-e2d7-49d7-a75b-0e570b6d1e88,Kurpark - Zentrum Süd,2025-07-02 00:00:00+00:00,0.041058234196917086
5329,d1a25cbb-e2d7-49d7-a75b-0e570b6d1e88,Kurpark - Zentrum Süd,2025-07-02 01:00:00+00:00,0.04627346792902447
5330,d1a25cbb-e2d7-49d7-a75b-0e570b6d1e88,Kurpark - Zentrum Süd,2025-07-02 02:00:00+00:00,0.046392734214228855
5331,d1a25cbb-e2d7-49d7-a75b-0e570b6d1e88,Kurpark - Zentrum Süd,2025-07-02 03:00:00+00:00,0.046830580595093964
5332,d1a25cbb-e2d7-49d7-a75b-0e570b6d1e88,Kurpark - Zentrum Süd,2025-07-02 04:00:00+00:00,0.046366232588988573
5333,d1a25cbb-e2d7-49d7-a75b-0e570b6d1e88,Kurpark - Zentrum Süd,2025-07-02 05:00:00+00:00,0.04566301171406304
5334,d1a25cbb-e2d7-49d7-a75b-0e570b6d1e88,Kurpark - Zentrum Süd,2025-07-02 06:00:00+00:00,0.04579174196619113
5335,d1a25cbb-e2d7-49d7-a75b-0e570b6d1e88,Kurpark - Zentrum Süd,2025-07-02 07:00:00+00:00,0.04524429803489454
5336,d1a25cbb-e2d7-49d7-a75b-0e570b6d1e88,Kurpark - Zentrum Süd,2025-07-02 08:00:00+00:00,0.04517564305688633
5337,d1a25cbb-e2d7-49d7-a75b-0e570b6d1e88,Kurpark - Zentrum Süd,2025-07-02 09:00:00+00:00,0.04542466521260891
5338,d1a25cbb-e2d7-49d7-a75b-0e570b6d1e88,Kurpark - Zentrum Süd,2025-07-02 10:00:00+00:00,0.04562424118035584
5339,d1a25cbb-e2d7-49d7-a75b-0e570b6d1e88,Kurpark - Zentrum Süd,2025-07-02 11:00:00+00:00,0.04729783378920961
5340,d1a25cbb-e2d7-49d7-a75b-0e570b6d1e88,Kurpark - Zentrum Süd,2025-07-02 12:00:00+00:00,0.05014105470152977
5341,d1a25cbb-e2d7-49d7-a75b-0e570b6d1e88,Kurpark - Zentrum Süd,2025-07-02 13:00:00+00:00,0.05137650996727183
5342,d1a25cbb-e2d7-49d7-a75b-0e570b6d1e88,Kurpark - Zentrum Süd,2025-07-02 14:00:00+00:00,0.05100043575659711
5343,d1a25cbb-e2d7-49d7-a75b-0e570b6d1e88,Kurpark - Zentrum Süd,2025-07-02 15:00:00+00:00,0.05041759262182445
5344,d1a25cbb-e2d7-49d7-a75b-0e570b6d1e88,Kurpark - Zentrum Süd,2025-07-02 16:00:00+00:00,0.05225161879815159
5345,d1a25cbb-e2d7-49d7-a75b-0e570b6d1e88,Kurpark - Zentrum Süd,2025-07-02 17:00:00+00:00,0.051621059815263895
5346,d1a25cbb-e2d7-49d7-a75b-0e570b6d1e88,Kurpark - Zentrum Süd,2025-07-02 18:00:00+00:00,0.05177235121304105
5347,d1a25cbb-e2d7-49d7-a75b-0e570b6d1e88,Kurpark - Zentrum Süd,2025-07-02 19:00:00+00:00,0.05240001028331821
5348,d1a25cbb-e2d7-49d7-a75b-0e570b6d1e88,Kurpark - Zentrum Süd,2025-07-02 20:00:00+00:00,0.05428929798316394
5349,d1a25cbb-e2d7-49d7-a75b-0e570b6d1e88,Kurpark - Zentrum Süd,2025-07-02 21:00:00+00:00,0.05373639068288972
5350,d1a25cbb-e2d7-49d7-a75b-0e570b6d1e88,Kurpark - Zentrum Süd,2025-07-02 22:00:00+00:00,0.05253074228254391
5351,d1a25cbb-e2d7-49d7-a75b-0e570b6d1e88,Kurpark - Zentrum Süd,2025-07-02 23:00:00+00:00,0.05303076159817048
5352,d1a25cbb-e2d7-49d7-a75b-0e570b6d1e88,Kurpark - Zentrum Süd,2025-07-03 00:00:00+00:00,0.021579207006979524
5353,d1a25cbb-e2d7-49d7-a75b-0e570b6d1e88,Kurpark - Zentrum Süd,2025-07-03 01:00:00+00:00,0.01594310513765769
5354,d1a25cbb-e2d7-49d7-a75b-0e570b6d1e88,Kurpark - Zentrum Süd,2025-07-03 02:00:00+00:00,0.01561900454579319
5355,d1a25cbb-e2d7-49d7-a75b-0e570b6d1e88,Kurpark - Zentrum Süd,2025-07-03 03:00:00+00:00,0.015084598005578638
5356,d1a25cbb-e2d7-49d7-a75b-0e570b6d1e88,Kurpark - Zentrum Süd,2025-07-03 04:00:00+00:00,0.014925331230249991
5357,d1a25cbb-e2d7-49d7-a75b-0e570b6d1e88,Kurpark - Zentrum Süd,2025-07-03 05:00:00+00:00,0.014354048318486766
5358,d1a25cbb-e2d7-49d7-a75b-0e570b6d1e88,Kurpark - Zentrum Süd,2025-07-03 06:00:00+00:00,0.013113147364623375
5359,d1a25cbb-e2d7-49d7-a75b-0e570b6d1e88,Kurpark - Zentrum Süd,2025-07-03 07:00:00+00:00,0.013558114658716638
5360,d1a25cbb-e2d7-49d7-a75b-0e570b6d1e88,Kurpark - Zentrum Süd,2025-07-03 08:00:00+00:00,0.01367724143643018
5361,d1a25cbb-e2d7-49d7-a75b-0e570b6d1e88,Kurpark - Zentrum Süd,2025-07-03 09:00:00+00:00,0.014247249503949221
5362,d1a25cbb-e2d7-49d7-a75b-0e570b6d1e88,Kurpark - Zentrum Süd,2025-07-03 10:00:00+00:00,0.01493893443656366
5363,d1a25cbb-e2d7-49d7-a75b-0e570b6d1e88,Kurpark - Zentrum Süd,2025-07-03 11:00:00+00:00,0.015370887269289065
5364,d1a25cbb-e2d7-49d7-a75b-0e570b6d1e88,Kurpark - Zentrum Süd,2025-07-03 12:00:00+00:00,0.013941881958591884
5365,d1a25cbb-e2d7-49d7-a75b-0e570b6d1e88,Kurpark - Zentrum Süd,2025-07-03 13:00:00+00:00,0.015132456177544348
5366,d1a25cbb-e2d7-49d7-a75b-0e570b6d1e88,Kurpark - Zentrum Süd,2025-07-03 14:00:00+00:00,0.015131526340977561
5367,d1a25cbb-e2d7-49d7-a75b-0e570b6d1e88,Kurpark - Zentrum Süd,2025-07-03 15:00:00+00:00,0.020074918588660083
5368,d1a25cbb-e2d7-49d7-a75b-0e570b6d1e88,Kurpark - Zentrum Süd,2025-07-03 16:00:00+00:00,0.019257868441452
5369,d1a25cbb-e2d7-49d7-a75b-0e570b6d1e88,Kurpark - Zentrum Süd,2025-07-03 17:00:00+00:00,0.01926081240656645
5370,d1a25cbb-e2d7-49d7-a75b-0e570b6d1e88,Kurpark - Zentrum Süd,2025-07-03 18:00:00+00:00,0.01992179386492339
5371,d1a25cbb-e2d7-49d7-a75b-0e570b6d1e88,Kurpark - Zentrum Süd,2025-07-03 19:00:00+00:00,0.019355597380013592
5372,d1a25cbb-e2d7-49d7-a75b-0e570b6d1e88,Kurpark - Zentrum Süd,2025-07-03 20:00:00+00:00,0.016655007814007017
5373,d1a25cbb-e2d7-49d7-a75b-0e570b6d1e88,Kurpark - Zentrum Süd,2025-07-03 21:00:00+00:00,0.016117817053043593
5374,d1a25cbb-e2d7-49d7-a75b-0e570b6d1e88,Kurpark - Zentrum Süd,2025-07-03 22:00:00+00:00,0.01602703383677471
5375,d1a25cbb-e2d7-49d7-a75b-0e570b6d1e88,Kurpark - Zentrum Süd,2025-07-03 23:00:00+00:00,0.0154059736130075
5376,d1a25cbb-e2d7-49d7-a75b-0e570b6d1e88,Kurpark - Zentrum Süd,2025-07-04 00:00:00+00:00,0.014775004675016318
5377,d1a25cbb-e2d7-49d7-a75b-0e570b6d1e88,Kurpark - Zentrum Süd,2025-07-04 01:00:00+00:00,0.014138089729425846
5378,d1a25cbb-e2d7-49d7-a75b-0e570b6d1e88,Kurpark - Zentrum Süd,2025-07-04 02:00:00+00:00,0.014436957822896583
5379,d1a25cbb-e2d7-49d7-a75b-0e570b6d1e88,Kurpark - Zentrum Süd,2025-07-04 03:00:00+00:00,0.014080793283560543
5380,d1a25cbb-e2d7-49d7-a75b-0e570b6d1e88,Kurpark - Zentrum Süd,2025-07-04 04:00:00+00:00,0.014064450165213172
5381,d1a25cbb-e2d7-49d7-a75b-0e570b6d1e88,Kurpark - Zentrum Süd,2025-07-04 05:00:00+00:00,0.01379132267852717
5382,d1a25cbb-e2d7-49d7-a75b-0e570b6d1e88,Kurpark - Zentrum Süd,2025-07-04 06:00:00+00:00,0.014968862694981107
5383,d1a25cbb-e2d7-49d7-a75b-0e570b6d1e88,Kurpark - Zentrum Süd,2025-07-04 07:00:00+00:00,0.014195338420811181
5384,d1a25cbb-e2d7-49d7-a75b-0e570b6d1e88,Kurpark - Zentrum Süd,2025-07-04 08:00:00+00:00,0.013534067019779158
5385,d1a25cbb-e2d7-49d7-a75b-0e570b6d1e88,Kurpark - Zentrum Süd,2025-07-04 09:00:00+00:00,0.014663986169507136
5386,d1a25cbb-e2d7-49d7-a75b-0e570b6d1e88,Kurpark - Zentrum Süd,2025-07-04 10:00:00+00:00,0.01387385937780512
5387,d1a25cbb-e2d7-49d7-a75b-0e570b6d1e88,Kurpark - Zentrum Süd,2025-07-04 11:00:00+00:00,0.013882264024456055
5388,d1a25cbb-e2d7-49d7-a75b-0e570b6d1e88,Kurpark - Zentrum Süd,2025-07-04 12:00:00+00:00,0.013904837942338903
5389,d1a25cbb-e2d7-49d7-a75b-0e570b6d1e88,Kurpark - Zentrum Süd,2025-07-04 13:00:00+00:00,0.017992937882662905
5390,d1a25cbb-e2d7-49d7-a75b-0e570b6d1e88,Kurpark - Zentrum Süd,2025-07-04 14:00:00+00:00,0.021296347798137646
5391,d1a25cbb-e2d7-49d7-a75b-0e570b6d1e88,Kurpark - Zentrum Süd,2025-07-04 15:00:00+00:00,0.022557518879841885
5392,d1a25cbb-e2d7-49d7-a75b-0e570b6d1e88,Kurpark - Zentrum Süd,2025-07-04 16:00:00+00:00,0.02378162956079668
5393,d1a25cbb-e2d7-49d7-a75b-0e570b6d1e88,Kurpark - Zentrum Süd,2025-07-04 17:00:00+00:00,0.02273403953250602
5394,d1a25cbb-e2d7-49d7-a75b-0e570b6d1e88,Kurpark - Zentrum Süd,2025-07-04 18:00:00+00:00,0.021857996900243547
5395,d1a25cbb-e2d7-49d7-a75b-0e570b6d1e88,Kurpark - Zentrum Süd,2025-07-04 19:00:00+00:00,0.021072320735384825
5396,d1a25cbb-e2d7-49d7-a75b-0e570b6d1e88,Kurpark - Zentrum Süd,2025-07-04 20:00:00+00:00,0.01874608922039133
5397,d1a25cbb-e2d7-49d7-a75b-0e570b6d1e88,Kurpark - Zentrum Süd,2025-07-04 21:00:00+00:00,0.01835807486033356
5398,d1a25cbb-e2d7-49d7-a75b-0e570b6d1e88,Kurpark - Zentrum Süd,2025-07-04 22:00:00+00:00,0.017598396488691315
5399,d1a25cbb-e2d7-49d7-a75b-0e570b6d1e88,Kurpark - Zentrum Süd,2025-07-04 23:00:00+00:00,0.017289691495674536
5400,d1a25cbb-e2d7-49d7-a75b-0e570b6d1e88,Kurpark - Zentrum Süd,2025-07-05 00:00:00+00:00,0.018304872061592266
5401,d1a25cbb-e2d7-49d7-a75b-0e570b6d1e88,Kurpark - Zentrum Süd,2025-07-05 01:00:00+00:00,0.0181327045917567
5402,d1a25cbb-e2d7-49d7-a75b-0e570b6d1e88,Kurpark - Zentrum Süd,2025-07-05 02:00:00+00:00,0.017981978035515163
5403,d1a25cbb-e2d7-49d7-a75b-0e570b6d1e88,Kurpark - Zentrum Süd,2025-07-05 03:00:00+00:00,0.0182390024855282
5404,d1a25cbb-e2d7-49d7-a75b-0e570b6d1e88,Kurpark - Zentrum Süd,2025-07-05 04:00:00+00:00,0.017938938960599775
5405,d1a25cbb-e2d7-49d7-a75b-0e570b6d1e88,Kurpark - Zentrum Süd,2025-07-05 05:00:00+00:00,0.018328041728184422
5406,d1a25cbb-e2d7-49d7-a75b-0e570b6d1e88,Kurpark - Zentrum Süd,2025-07-05 06:00:00+00:00,0.018828786125631103
5407,d1a25cbb-e2d7-49d7-a75b-0e570b6d1e88,Kurpark - Zentrum Süd,2025-07-05 07:00:00+00:00,0.019546936495662547
5408,d1a25cbb-e2d7-49d7-a75b-0e570b6d1e88,Kurpark - Zentrum Süd,2025-07-05 08:00:00+00:00,0.02845635138808202
5409,d1a25cbb-e2d7-49d7-a75b-0e570b6d1e88,Kurpark - Zentrum Süd,2025-07-05 09:00:00+00:00,0.026689612987499337
5410,d1a25cbb-e2d7-49d7-a75b-0e570b6d1e88,Kurpark - Zentrum Süd,2025-07-05 10:00:00+00:00,0.0327314741539831
5411,d1a25cbb-e2d7-49d7-a75b-0e570b6d1e88,Kurpark - Zentrum Süd,2025-07-05 11:00:00+00:00,0.03337491778111115
5412,d1a25cbb-e2d7-49d7-a75b-0e570b6d1e88,Kurpark - Zentrum Süd,2025-07-05 12:00:00+00:00,0.06035825264185588
5413,d1a25cbb-e2d7-49d7-a75b-0e570b6d1e88,Kurpark - Zentrum Süd,2025-07-05 13:00:00+00:00,0.04736610714719499
5414,d1a25cbb-e2d7-49d7-a75b-0e570b6d1e88,Kurpark - Zentrum Süd,2025-07-05 14:00:00+00:00,0.04396343166098728
5415,d1a25cbb-e2d7-49d7-a75b-0e570b6d1e88,Kurpark - Zentrum Süd,2025-07-05 15:00:00+00:00,0.045977870844665154
5416,d1a25cbb-e2d7-49d7-a75b-0e570b6d1e88,Kurpark - Zentrum Süd,2025-07-05 16:00:00+00:00,0.045734062817776894
5417,d1a25cbb-e2d7-49d7-a75b-0e570b6d1e88,Kurpark - Zentrum Süd,2025-07-05 17:00:00+00:00,0.044695229669385224
5418,d1a25cbb-e2d7-49d7-a75b-0e570b6d1e88,Kurpark - Zentrum Süd,2025-07-05 18:00:00+00:00,0.04262568913853941
5419,d1a25cbb-e2d7-49d7-a75b-0e570b6d1e88,Kurpark - Zentrum Süd,2025-07-05 19:00:00+00:00,0.0442617568375718
5420,d1a25cbb-e2d7-49d7-a75b-0e570b6d1e88,Kurpark - Zentrum Süd,2025-07-05 20:00:00+00:00,0.04557575511119297
5421,d1a25cbb-e2d7-49d7-a75b-0e570b6d1e88,Kurpark - Zentrum Süd,2025-07-05 21:00:00+00:00,0.044487065799504455
5422,d1a25cbb-e2d7-49d7-a75b-0e570b6d1e88,Kurpark - Zentrum Süd,2025-07-05 22:00:00+00:00,0.04405125641737384
5423,d1a25cbb-e2d7-49d7-a75b-0e570b6d1e88,Kurpark - Zentrum Süd,2025-07-05 23:00:00+00:00,0.04484252170771626
5424,d1a25cbb-e2d7-49d7-a75b-0e570b6d1e88,Kurpark - Zentrum Süd,2025-07-06 00:00:00+00:00,0.04322855025960766
5425,d1a25cbb-e2d7-49d7-a75b-0e570b6d1e88,Kurpark - Zentrum Süd,2025-07-06 01:00:00+00:00,0.0429496468689735
5426,d1a25cbb-e2d7-49d7-a75b-0e570b6d1e88,Kurpark - Zentrum Süd,2025-07-06 02:00:00+00:00,0.04376125638889409
5427,d1a25cbb-e2d7-49d7-a75b-0e570b6d1e88,Kurpark - Zentrum Süd,2025-07-06 03:00:00+00:00,0.04512962641255126
5428,d1a25cbb-e2d7-49d7-a75b-0e570b6d1e88,Kurpark - Zentrum Süd,2025-07-06 04:00:00+00:00,0.04924981546509799
5429,d1a25cbb-e2d7-49d7-a75b-0e570b6d1e88,Kurpark - Zentrum Süd,2025-07-06 05:00:00+00:00,0.054310369274499976
5430,d1a25cbb-e2d7-49d7-a75b-0e570b6d1e88,Kurpark - Zentrum Süd,2025-07-06 06:00:00+00:00,0.053786017486793174
5431,d1a25cbb-e2d7-49d7-a75b-0e570b6d1e88,Kurpark - Zentrum Süd,2025-07-06 07:00:00+00:00,0.053635979992044315
5432,d1a25cbb-e2d7-49d7-a75b-0e570b6d1e88,Kurpark - Zentrum Süd,2025-07-06 08:00:00+00:00,0.04781586770709434
5433,d1a25cbb-e2d7-49d7-a75b-0e570b6d1e88,Kurpark - Zentrum Süd,2025-07-06 09:00:00+00:00,0.04612786248549918
5434,d1a25cbb-e2d7-49d7-a75b-0e570b6d1e88,Kurpark - Zentrum Süd,2025-07-06 10:00:00+00:00,0.0451263393977953
5435,d1a25cbb-e2d7-49d7-a75b-0e570b6d1e88,Kurpark - Zentrum Süd,2025-07-06 11:00:00+00:00,0.05087539134014242
5436,d1a25cbb-e2d7-49d7-a75b-0e570b6d1e88,Kurpark - Zentrum Süd,2025-07-06 12:00:00+00:00,0.034377325850498214
5437,d1a25cbb-e2d7-49d7-a75b-0e570b6d1e88,Kurpark - Zentrum Süd,2025-07-06 13:00:00+00:00,0.021316349304886958
5438,d1a25cbb-e2d7-49d7-a75b-0e570b6d1e88,Kurpark - Zentrum Süd,2025-07-06 14:00:00+00:00,0.022045287938104736
5439,d1a25cbb-e2d7-49d7-a75b-0e570b6d1e88,Kurpark - Zentrum Süd,2025-07-06 15:00:00+00:00,0.021672211821918416
5440,d1a25cbb-e2d7-49d7-a75b-0e570b6d1e88,Kurpark - Zentrum Süd,2025-07-06 16:00:00+00:00,0.021794460437189387
5441,d1a25cbb-e2d7-49d7-a75b-0e570b6d1e88,Kurpark - Zentrum Süd,2025-07-06 17:00:00+00:00,0.018050714080916738
5442,d1a25cbb-e2d7-49d7-a75b-0e570b6d1e88,Kurpark - Zentrum Süd,2025-07-06 18:00:00+00:00,0.014381004443994422
5443,d1a25cbb-e2d7-49d7-a75b-0e570b6d1e88,Kurpark - Zentrum Süd,2025-07-06 19:00:00+00:00,0.012771428509296872
5444,d1a25cbb-e2d7-49d7-a75b-0e570b6d1e88,Kurpark - Zentrum Süd,2025-07-06 20:00:00+00:00,0.012208884652783462
5445,d1a25cbb-e2d7-49d7-a75b-0e570b6d1e88,Kurpark - Zentrum Süd,2025-07-06 21:00:00+00:00,0.012764027815682014
5446,d1a25cbb-e2d7-49d7-a75b-0e570b6d1e88,Kurpark - Zentrum Süd,2025-07-06 22:00:00+00:00,0.045767232254081205
5447,d1a25cbb-e2d7-49d7-a75b-0e570b6d1e88,Kurpark - Zentrum Süd,2025-07-06 23:00:00+00:00,0.052330682491468876
5448,d1a25cbb-e2d7-49d7-a75b-0e570b6d1e88,Kurpark - Zentrum Süd,2025-07-07 00:00:00+00:00,0.054328735623529495
5449,d1a25cbb-e2d7-49d7-a75b-0e570b6d1e88,Kurpark - Zentrum Süd,2025-07-07 01:00:00+00:00,0.05669181208937057
5450,d1a25cbb-e2d7-49d7-a75b-0e570b6d1e88,Kurpark - Zentrum Süd,2025-07-07 02:00:00+00:00,0.05832029335577794
5451,d1a25cbb-e2d7-49d7-a75b-0e570b6d1e88,Kurpark - Zentrum Süd,2025-07-07 03:00:00+00:00,0.058718953102515396
5452,d1a25cbb-e2d7-49d7-a75b-0e570b6d1e88,Kurpark - Zentrum Süd,2025-07-07 04:00:00+00:00,0.05972826124490608
5453,d1a25cbb-e2d7-49d7-a75b-0e570b6d1e88,Kurpark - Zentrum Süd,2025-07-07 05:00:00+00:00,0.06078201221223968
5454,d1a25cbb-e2d7-49d7-a75b-0e570b6d1e88,Kurpark - Zentrum Süd,2025-07-07 06:00:00+00:00,0.060871899472431386
5455,d1a25cbb-e2d7-49d7-a75b-0e570b6d1e88,Kurpark - Zentrum Süd,2025-07-07 07:00:00+00:00,0.05975136733196942
5456,d1a25cbb-e2d7-49d7-a75b-0e570b6d1e88,Kurpark - Zentrum Süd,2025-07-07 08:00:00+00:00,0.06280386598293303
5457,d1a25cbb-e2d7-49d7-a75b-0e570b6d1e88,Kurpark - Zentrum Süd,2025-07-07 09:00:00+00:00,0.06302639307342355
5458,d1a25cbb-e2d7-49d7-a75b-0e570b6d1e88,Kurpark - Zentrum Süd,2025-07-07 10:00:00+00:00,0.07106174078718104
5459,d1a25cbb-e2d7-49d7-a75b-0e570b6d1e88,Kurpark - Zentrum Süd,2025-07-07 11:00:00+00:00,0.07921509598574787
5460,d1a25cbb-e2d7-49d7-a75b-0e570b6d1e88,Kurpark - Zentrum Süd,2025-07-07 12:00:00+00:00,0.07093279821324237
5461,d1a25cbb-e2d7-49d7-a75b-0e570b6d1e88,Kurpark - Zentrum Süd,2025-07-07 13:00:00+00:00,0.06127024738797073
5462,d1a25cbb-e2d7-49d7-a75b-0e570b6d1e88,Kurpark - Zentrum Süd,2025-07-07 14:00:00+00:00,0.051007342735128296
5463,d1a25cbb-e2d7-49d7-a75b-0e570b6d1e88,Kurpark - Zentrum Süd,2025-07-07 15:00:00+00:00,0.05173131879568911
5464,d1a25cbb-e2d7-49d7-a75b-0e570b6d1e88,Kurpark - Zentrum Süd,2025-07-07 16:00:00+00:00,0.051650840980634945
5465,d1a25cbb-e2d7-49d7-a75b-0e570b6d1e88,Kurpark - Zentrum Süd,2025-07-07 17:00:00+00:00,0.05332332039307291
5466,d1a25cbb-e2d7-49d7-a75b-0e570b6d1e88,Kurpark - Zentrum Süd,2025-07-07 18:00:00+00:00,0.05356522368740668
5467,d1a25cbb-e2d7-49d7-a75b-0e570b6d1e88,Kurpark - Zentrum Süd,2025-07-07 19:00:00+00:00,0.05374896415709164
5468,d1a25cbb-e2d7-49d7-a75b-0e570b6d1e88,Kurpark - Zentrum Süd,2025-07-07 20:00:00+00:00,0.053908661765400545
5469,d1a25cbb-e2d7-49d7-a75b-0e570b6d1e88,Kurpark - Zentrum Süd,2025-07-07 21:00:00+00:00,0.05343511664832186
5470,d1a25cbb-e2d7-49d7-a75b-0e570b6d1e88,Kurpark - Zentrum Süd,2025-07-07 22:00:00+00:00,0.017569411177238363
5471,d1a25cbb-e2d7-49d7-a75b-0e570b6d1e88,Kurpark - Zentrum Süd,2025-07-07 23:00:00+00:00,0.010561850977305023
5472,d1a25cbb-e2d7-49d7-a75b-0e570b6d1e88,Kurpark - Zentrum Süd,2025-07-08 00:00:00+00:00,0.010440277534053995
5473,d1a25cbb-e2d7-49d7-a75b-0e570b6d1e88,Kurpark - Zentrum Süd,2025-07-08 01:00:00+00:00,0.010305616870202287
5474,d1a25cbb-e2d7-49d7-a75b-0e570b6d1e88,Kurpark - Zentrum Süd,2025-07-08 02:00:00+00:00,0.009886537523472827
5475,d1a25cbb-e2d7-49d7-a75b-0e570b6d1e88,Kurpark - Zentrum Süd,2025-07-08 03:00:00+00:00,0.010037017279468013
5476,d1a25cbb-e2d7-49d7-a75b-0e570b6d1e88,Kurpark - Zentrum Süd,2025-07-08 04:00:00+00:00,0.009920322599343582
5477,d1a25cbb-e2d7-49d7-a75b-0e570b6d1e88,Kurpark - Zentrum Süd,2025-07-08 05:00:00+00:00,0.009709297646506547
5478,d1a25cbb-e2d7-49d7-a75b-0e570b6d1e88,Kurpark - Zentrum Süd,2025-07-08 06:00:00+00:00,0.009297297272042109
5479,d1a25cbb-e2d7-49d7-a75b-0e570b6d1e88,Kurpark - Zentrum Süd,2025-07-08 07:00:00+00:00,0.009430647200926628
5480,d1a25cbb-e2d7-49d7-a75b-0e570b6d1e88,Kurpark - Zentrum Süd,2025-07-08 08:00:00+00:00,0.00914099970115099
5481,d1a25cbb-e2d7-49d7-a75b-0e570b6d1e88,Kurpark - Zentrum Süd,2025-07-08 09:00:00+00:00,0.00910719115680068
5482,d1a25cbb-e2d7-49d7-a75b-0e570b6d1e88,Kurpark - Zentrum Süd,2025-07-08 10:00:00+00:00,0.008725275326292584
5483,d1a25cbb-e2d7-49d7-a75b-0e570b6d1e88,Kurpark - Zentrum Süd,2025-07-08 11:00:00+00:00,0.008843685093544133
5484,d1a25cbb-e2d7-49d7-a75b-0e570b6d1e88,Kurpark - Zentrum Süd,2025-07-08 12:00:00+00:00,0.009903533116695763
5485,d1a25cbb-e2d7-49d7-a75b-0e570b6d1e88,Kurpark - Zentrum Süd,2025-07-08 13:00:00+00:00,0.011070863849919909
5486,d1a25cbb-e2d7-49d7-a75b-0e570b6d1e88,Kurpark - Zentrum Süd,2025-07-08 14:00:00+00:00,0.011295082966262074
5487,d1a25cbb-e2d7-49d7-a75b-0e570b6d1e88,Kurpark - Zentrum Süd,2025-07-08 15:00:00+00:00,0.009995272658533698
5488,d1a25cbb-e2d7-49d7-a75b-0e570b6d1e88,Kurpark - Zentrum Süd,2025-07-08 16:00:00+00:00,0.0093354249349529
5489,d1a25cbb-e2d7-49d7-a75b-0e570b6d1e88,Kurpark - Zentrum Süd,2025-07-08 17:00:00+00:00,0.007170569982046867
5490,d1a25cbb-e2d7-49d7-a75b-0e570b6d1e88,Kurpark - Zentrum Süd,2025-07-08 18:00:00+00:00,0.007616318714201357
5491,d1a25cbb-e2d7-49d7-a75b-0e570b6d1e88,Kurpark - Zentrum Süd,2025-07-08 19:00:00+00:00,0.0070679973917803
5492,d1a25cbb-e2d7-49d7-a75b-0e570b6d1e88,Kurpark - Zentrum Süd,2025-07-08 20:00:00+00:00,0.006581230744179215
5493,d1a25cbb-e2d7-49d7-a75b-0e570b6d1e88,Kurpark - Zentrum Süd,2025-07-08 21:00:00+00:00,0.006549244495001836
5494,d1a25cbb-e2d7-49d7-a75b-0e570b6d1e88,Kurpark - Zentrum Süd,2025-07-08 22:00:00+00:00,0.007403820652783518
5495,d1a25cbb-e2d7-49d7-a75b-0e570b6d1e88,Kurpark - Zentrum Süd,2025-07-08 23:00:00+00:00,0.007812883536748525
5496,d1a25cbb-e2d7-49d7-a75b-0e570b6d1e88,Kurpark - Zentrum Süd,2025-07-09 00:00:00+00:00,0.03824194127943437
5497,d1a25cbb-e2d7-49d7-a75b-0e570b6d1e88,Kurpark - Zentrum Süd,2025-07-09 01:00:00+00:00,0.04356958478035408
5498,d1a25cbb-e2d7-49d7-a75b-0e570b6d1e88,Kurpark - Zentrum Süd,2025-07-09 02:00:00+00:00,0.043040799927477114
5499,d1a25cbb-e2d7-49d7-a75b-0e570b6d1e88,Kurpark - Zentrum Süd,2025-07-09 03:00:00+00:00,0.04345793713864102
5500,d1a25cbb-e2d7-49d7-a75b-0e570b6d1e88,Kurpark - Zentrum Süd,2025-07-09 04:00:00+00:00,0.043758073911081205
5501,d1a25cbb-e2d7-49d7-a75b-0e570b6d1e88,Kurpark - Zentrum Süd,2025-07-09 05:00:00+00:00,0.043850506847795304
5502,d1a25cbb-e2d7-49d7-a75b-0e570b6d1e88,Kurpark - Zentrum Süd,2025-07-09 06:00:00+00:00,0.04392920610909445
5503,d1a25cbb-e2d7-49d7-a75b-0e570b6d1e88,Kurpark - Zentrum Süd,2025-07-09 07:00:00+00:00,0.04327055559540457
5504,d1a25cbb-e2d7-49d7-a75b-0e570b6d1e88,Kurpark - Zentrum Süd,2025-07-09 08:00:00+00:00,0.04409660521000225
5505,d1a25cbb-e2d7-49d7-a75b-0e570b6d1e88,Kurpark - Zentrum Süd,2025-07-09 09:00:00+00:00,0.04424923498958154
5506,d1a25cbb-e2d7-49d7-a75b-0e570b6d1e88,Kurpark - Zentrum Süd,2025-07-09 10:00:00+00:00,0.0445647856177539
5507,d1a25cbb-e2d7-49d7-a75b-0e570b6d1e88,Kurpark - Zentrum Süd,2025-07-09 11:00:00+00:00,0.0480924928810662
5508,d1a25cbb-e2d7-49d7-a75b-0e570b6d1e88,Kurpark - Zentrum Süd,2025-07-09 12:00:00+00:00,0.05110227853390348
5509,d1a25cbb-e2d7-49d7-a75b-0e570b6d1e88,Kurpark - Zentrum Süd,2025-07-09 13:00:00+00:00,0.05260225780520977
5510,d1a25cbb-e2d7-49d7-a75b-0e570b6d1e88,Kurpark - Zentrum Süd,2025-07-09 14:00:00+00:00,0.06924138380540011
5511,d1a25cbb-e2d7-49d7-a75b-0e570b6d1e88,Kurpark - Zentrum Süd,2025-07-09 15:00:00+00:00,0.07449631126825992
5512,d1a25cbb-e2d7-49d7-a75b-0e570b6d1e88,Kurpark - Zentrum Süd,2025-07-09 16:00:00+00:00,0.07332208304557351
5513,d1a25cbb-e2d7-49d7-a75b-0e570b6d1e88,Kurpark - Zentrum Süd,2025-07-09 17:00:00+00:00,0.07332704784545502
5514,d1a25cbb-e2d7-49d7-a75b-0e570b6d1e88,Kurpark - Zentrum Süd,2025-07-09 18:00:00+00:00,0.07389614370313739
5515,d1a25cbb-e2d7-49d7-a75b-0e570b6d1e88,Kurpark - Zentrum Süd,2025-07-09 19:00:00+00:00,0.07393483652733451
5516,d1a25cbb-e2d7-49d7-a75b-0e570b6d1e88,Kurpark - Zentrum Süd,2025-07-09 20:00:00+00:00,0.0759673313652215
5517,d1a25cbb-e2d7-49d7-a75b-0e570b6d1e88,Kurpark - Zentrum Süd,2025-07-09 21:00:00+00:00,0.07610972070929642
5518,d1a25cbb-e2d7-49d7-a75b-0e570b6d1e88,Kurpark - Zentrum Süd,2025-07-09 22:00:00+00:00,0.07524114268336451
5519,d1a25cbb-e2d7-49d7-a75b-0e570b6d1e88,Kurpark - Zentrum Süd,2025-07-09 23:00:00+00:00,0.07595538040994883
5520,d1a25cbb-e2d7-49d7-a75b-0e570b6d1e88,Kurpark - Zentrum Süd,2025-07-10 00:00:00+00:00,0.045058489019768784
5521,d1a25cbb-e2d7-49d7-a75b-0e570b6d1e88,Kurpark - Zentrum Süd,2025-07-10 01:00:00+00:00,0.03907482568734869
5522,d1a25cbb-e2d7-49d7-a75b-0e570b6d1e88,Kurpark - Zentrum Süd,2025-07-10 02:00:00+00:00,0.038997812606217847
5523,d1a25cbb-e2d7-49d7-a75b-0e570b6d1e88,Kurpark - Zentrum Süd,2025-07-10 03:00:00+00:00,0.038470965363571676
5524,d1a25cbb-e2d7-49d7-a75b-0e570b6d1e88,Kurpark - Zentrum Süd,2025-07-10 04:00:00+00:00,0.0377668834033025
5525,d1a25cbb-e2d7-49d7-a75b-0e570b6d1e88,Kurpark - Zentrum Süd,2025-07-10 05:00:00+00:00,0.037361167694264084
5526,d1a25cbb-e2d7-49d7-a75b-0e570b6d1e88,Kurpark - Zentrum Süd,2025-07-10 06:00:00+00:00,0.036198848027173505
5527,d1a25cbb-e2d7-49d7-a75b-0e570b6d1e88,Kurpark - Zentrum Süd,2025-07-10 07:00:00+00:00,0.03592613244525111
5528,d1a25cbb-e2d7-49d7-a75b-0e570b6d1e88,Kurpark - Zentrum Süd,2025-07-10 08:00:00+00:00,0.035862530775004904
5529,d1a25cbb-e2d7-49d7-a75b-0e570b6d1e88,Kurpark - Zentrum Süd,2025-07-10 09:00:00+00:00,0.03845420403349588
5530,d1a25cbb-e2d7-49d7-a75b-0e570b6d1e88,Kurpark - Zentrum Süd,2025-07-10 10:00:00+00:00,0.03807088978081888
5531,d1a25cbb-e2d7-49d7-a75b-0e570b6d1e88,Kurpark - Zentrum Süd,2025-07-10 11:00:00+00:00,0.03203047954580463
5532,d1a25cbb-e2d7-49d7-a75b-0e570b6d1e88,Kurpark - Zentrum Süd,2025-07-10 12:00:00+00:00,0.02420436750459359
5533,d1a25cbb-e2d7-49d7-a75b-0e570b6d1e88,Kurpark - Zentrum Süd,2025-07-10 13:00:00+00:00,0.026521323862921276
5534,d1a25cbb-e2d7-49d7-a75b-0e570b6d1e88,Kurpark - Zentrum Süd,2025-07-10 14:00:00+00:00,0.021691652371684557
5535,d1a25cbb-e2d7-49d7-a75b-0e570b6d1e88,Kurpark - Zentrum Süd,2025-07-10 15:00:00+00:00,0.0174361929692692
5536,d1a25cbb-e2d7-49d7-a75b-0e570b6d1e88,Kurpark - Zentrum Süd,2025-07-10 16:00:00+00:00,0.016852370114427417
5537,d1a25cbb-e2d7-49d7-a75b-0e570b6d1e88,Kurpark - Zentrum Süd,2025-07-10 17:00:00+00:00,0.016804771385462103
5538,d1a25cbb-e2d7-49d7-a75b-0e570b6d1e88,Kurpark - Zentrum Süd,2025-07-10 18:00:00+00:00,0.016968396884222917
5539,d1a25cbb-e2d7-49d7-a75b-0e570b6d1e88,Kurpark - Zentrum Süd,2025-07-10 19:00:00+00:00,0.016143239813441124
5540,d1a25cbb-e2d7-49d7-a75b-0e570b6d1e88,Kurpark - Zentrum Süd,2025-07-10 20:00:00+00:00,0.013275967002447247
5541,d1a25cbb-e2d7-49d7-a75b-0e570b6d1e88,Kurpark - Zentrum Süd,2025-07-10 21:00:00+00:00,0.013014604114768772
5542,d1a25cbb-e2d7-49d7-a75b-0e570b6d1e88,Kurpark - Zentrum Süd,2025-07-10 22:00:00+00:00,0.012317693966460815
5543,d1a25cbb-e2d7-49d7-a75b-0e570b6d1e88,Kurpark - Zentrum Süd,2025-07-10 23:00:00+00:00,0.011823067034977526
5544,d1a25cbb-e2d7-49d7-a75b-0e570b6d1e88,Kurpark - Zentrum Süd,2025-07-11 00:00:00+00:00,0.011606516583267334
5545,d1a25cbb-e2d7-49d7-a75b-0e570b6d1e88,Kurpark - Zentrum Süd,2025-07-11 01:00:00+00:00,0.011927280935547114
5546,d1a25cbb-e2d7-49d7-a75b-0e570b6d1e88,Kurpark - Zentrum Süd,2025-07-11 02:00:00+00:00,0.011892577700641272
5547,d1a25cbb-e2d7-49d7-a75b-0e570b6d1e88,Kurpark - Zentrum Süd,2025-07-11 03:00:00+00:00,0.01208702919692967
5548,d1a25cbb-e2d7-49d7-a75b-0e570b6d1e88,Kurpark - Zentrum Süd,2025-07-11 04:00:00+00:00,0.013038321403787134
5549,d1a25cbb-e2d7-49d7-a75b-0e570b6d1e88,Kurpark - Zentrum Süd,2025-07-11 05:00:00+00:00,0.012738334846435096
5550,d1a25cbb-e2d7-49d7-a75b-0e570b6d1e88,Kurpark - Zentrum Süd,2025-07-11 06:00:00+00:00,0.012507504822501776
5551,d1a25cbb-e2d7-49d7-a75b-0e570b6d1e88,Kurpark - Zentrum Süd,2025-07-11 07:00:00+00:00,0.011773941478695933
5552,d1a25cbb-e2d7-49d7-a75b-0e570b6d1e88,Kurpark - Zentrum Süd,2025-07-11 08:00:00+00:00,0.012372058800690904
5553,d1a25cbb-e2d7-49d7-a75b-0e570b6d1e88,Kurpark - Zentrum Süd,2025-07-11 09:00:00+00:00,0.01201607683489256
5554,d1a25cbb-e2d7-49d7-a75b-0e570b6d1e88,Kurpark - Zentrum Süd,2025-07-11 10:00:00+00:00,0.012713159076177278
5555,d1a25cbb-e2d7-49d7-a75b-0e570b6d1e88,Kurpark - Zentrum Süd,2025-07-11 11:00:00+00:00,0.012722580763713926
5556,d1a25cbb-e2d7-49d7-a75b-0e570b6d1e88,Kurpark - Zentrum Süd,2025-07-11 12:00:00+00:00,0.012693782447203868
5557,d1a25cbb-e2d7-49d7-a75b-0e570b6d1e88,Kurpark - Zentrum Süd,2025-07-11 13:00:00+00:00,0.012865926825158108
5558,d1a25cbb-e2d7-49d7-a75b-0e570b6d1e88,Kurpark - Zentrum Süd,2025-07-11 14:00:00+00:00,0.01412804276656087
5559,d1a25cbb-e2d7-49d7-a75b-0e570b6d1e88,Kurpark - Zentrum Süd,2025-07-11 15:00:00+00:00,0.022321897403218653
5560,d1a25cbb-e2d7-49d7-a75b-0e570b6d1e88,Kurpark - Zentrum Süd,2025-07-11 16:00:00+00:00,0.02525900695647339
5561,d1a25cbb-e2d7-49d7-a75b-0e570b6d1e88,Kurpark - Zentrum Süd,2025-07-11 17:00:00+00:00,0.0236184377758278
5562,d1a25cbb-e2d7-49d7-a75b-0e570b6d1e88,Kurpark - Zentrum Süd,2025-07-11 18:00:00+00:00,0.023802016770979685
5563,d1a25cbb-e2d7-49d7-a75b-0e570b6d1e88,Kurpark - Zentrum Süd,2025-07-11 19:00:00+00:00,0.022231886044290237
5564,d1a25cbb-e2d7-49d7-a75b-0e570b6d1e88,Kurpark - Zentrum Süd,2025-07-11 20:00:00+00:00,0.020000250365177028
5565,d1a25cbb-e2d7-49d7-a75b-0e570b6d1e88,Kurpark - Zentrum Süd,2025-07-11 21:00:00+00:00,0.019594168849107578
5566,d1a25cbb-e2d7-49d7-a75b-0e570b6d1e88,Kurpark - Zentrum Süd,2025-07-11 22:00:00+00:00,0.019730140524949768
5567,d1a25cbb-e2d7-49d7-a75b-0e570b6d1e88,Kurpark - Zentrum Süd,2025-07-11 23:00:00+00:00,0.019871765941275762
5568,d1a25cbb-e2d7-49d7-a75b-0e570b6d1e88,Kurpark - Zentrum Süd,2025-07-12 00:00:00+00:00,0.020918920364798314
5569,d1a25cbb-e2d7-49d7-a75b-0e570b6d1e88,Kurpark - Zentrum Süd,2025-07-12 01:00:00+00:00,0.020595201002295328
5570,d1a25cbb-e2d7-49d7-a75b-0e570b6d1e88,Kurpark - Zentrum Süd,2025-07-12 02:00:00+00:00,0.020325854980645854
5571,d1a25cbb-e2d7-49d7-a75b-0e570b6d1e88,Kurpark - Zentrum Süd,2025-07-12 03:00:00+00:00,0.019964149433550713
5572,d1a25cbb-e2d7-49d7-a75b-0e570b6d1e88,Kurpark - Zentrum Süd,2025-07-12 04:00:00+00:00,0.020249710881863836
5573,d1a25cbb-e2d7-49d7-a75b-0e570b6d1e88,Kurpark - Zentrum Süd,2025-07-12 05:00:00+00:00,0.01970562848724394
5574,d1a25cbb-e2d7-49d7-a75b-0e570b6d1e88,Kurpark - Zentrum Süd,2025-07-12 06:00:00+00:00,0.02043752050638095
5575,d1a25cbb-e2d7-49d7-a75b-0e570b6d1e88,Kurpark - Zentrum Süd,2025-07-12 07:00:00+00:00,0.02108758577470947
5576,d1a25cbb-e2d7-49d7-a75b-0e570b6d1e88,Kurpark - Zentrum Süd,2025-07-12 08:00:00+00:00,0.029434819333727536
5577,d1a25cbb-e2d7-49d7-a75b-0e570b6d1e88,Kurpark - Zentrum Süd,2025-07-12 09:00:00+00:00,0.027751411299842207
5578,d1a25cbb-e2d7-49d7-a75b-0e570b6d1e88,Kurpark - Zentrum Süd,2025-07-12 10:00:00+00:00,0.030655571244717864
5579,d1a25cbb-e2d7-49d7-a75b-0e570b6d1e88,Kurpark - Zentrum Süd,2025-07-12 11:00:00+00:00,0.030591969357028917
5580,d1a25cbb-e2d7-49d7-a75b-0e570b6d1e88,Kurpark - Zentrum Süd,2025-07-12 12:00:00+00:00,0.031008429072849054
5581,d1a25cbb-e2d7-49d7-a75b-0e570b6d1e88,Kurpark - Zentrum Süd,2025-07-12 13:00:00+00:00,0.03506242517799709
5582,d1a25cbb-e2d7-49d7-a75b-0e570b6d1e88,Kurpark - Zentrum Süd,2025-07-12 14:00:00+00:00,0.03121062174394678
5583,d1a25cbb-e2d7-49d7-a75b-0e570b6d1e88,Kurpark - Zentrum Süd,2025-07-12 15:00:00+00:00,0.029982784591037533
5584,d1a25cbb-e2d7-49d7-a75b-0e570b6d1e88,Kurpark - Zentrum Süd,2025-07-12 16:00:00+00:00,0.027733281166309163
5585,d1a25cbb-e2d7-49d7-a75b-0e570b6d1e88,Kurpark - Zentrum Süd,2025-07-12 17:00:00+00:00,0.025098455439320745
5586,d1a25cbb-e2d7-49d7-a75b-0e570b6d1e88,Kurpark - Zentrum Süd,2025-07-12 18:00:00+00:00,0.02288422107469921
5587,d1a25cbb-e2d7-49d7-a75b-0e570b6d1e88,Kurpark - Zentrum Süd,2025-07-12 19:00:00+00:00,0.022707940952395544
5588,d1a25cbb-e2d7-49d7-a75b-0e570b6d1e88,Kurpark - Zentrum Süd,2025-07-12 20:00:00+00:00,0.0221258061711297
5589,d1a25cbb-e2d7-49d7-a75b-0e570b6d1e88,Kurpark - Zentrum Süd,2025-07-12 21:00:00+00:00,0.021193609709459035
5590,d1a25cbb-e2d7-49d7-a75b-0e570b6d1e88,Kurpark - Zentrum Süd,2025-07-12 22:00:00+00:00,0.02139585281757518
5591,d1a25cbb-e2d7-49d7-a75b-0e570b6d1e88,Kurpark - Zentrum Süd,2025-07-12 23:00:00+00:00,0.021733500404192817
5592,d1a25cbb-e2d7-49d7-a75b-0e570b6d1e88,Kurpark - Zentrum Süd,2025-07-13 00:00:00+00:00,0.021096007919368755
5593,d1a25cbb-e2d7-49d7-a75b-0e570b6d1e88,Kurpark - Zentrum Süd,2025-07-13 01:00:00+00:00,0.0230281703301615
5594,d1a25cbb-e2d7-49d7-a75b-0e570b6d1e88,Kurpark - Zentrum Süd,2025-07-13 02:00:00+00:00,0.02459343070246561
5595,d1a25cbb-e2d7-49d7-a75b-0e570b6d1e88,Kurpark - Zentrum Süd,2025-07-13 03:00:00+00:00,0.024874525491023907
5596,d1a25cbb-e2d7-49d7-a75b-0e570b6d1e88,Kurpark - Zentrum Süd,2025-07-13 04:00:00+00:00,0.02610756148808374
5597,d1a25cbb-e2d7-49d7-a75b-0e570b6d1e88,Kurpark - Zentrum Süd,2025-07-13 05:00:00+00:00,0.02697143417156008
5598,d1a25cbb-e2d7-49d7-a75b-0e570b6d1e88,Kurpark - Zentrum Süd,2025-07-13 06:00:00+00:00,0.02508705784609616
5599,d1a25cbb-e2d7-49d7-a75b-0e570b6d1e88,Kurpark - Zentrum Süd,2025-07-13 07:00:00+00:00,0.02465779395977118
5600,d1a25cbb-e2d7-49d7-a75b-0e570b6d1e88,Kurpark - Zentrum Süd,2025-07-13 08:00:00+00:00,0.021153442210487323
5601,d1a25cbb-e2d7-49d7-a75b-0e570b6d1e88,Kurpark - Zentrum Süd,2025-07-13 09:00:00+00:00,0.029272348660946728
5602,d1a25cbb-e2d7-49d7-a75b-0e570b6d1e88,Kurpark - Zentrum Süd,2025-07-13 10:00:00+00:00,0.027191957333269286
5603,d1a25cbb-e2d7-49d7-a75b-0e570b6d1e88,Kurpark - Zentrum Süd,2025-07-13 11:00:00+00:00,0.02587021901077182
5604,d1a25cbb-e2d7-49d7-a75b-0e570b6d1e88,Kurpark - Zentrum Süd,2025-07-13 12:00:00+00:00,0.026859288605561745
5605,d1a25cbb-e2d7-49d7-a75b-0e570b6d1e88,Kurpark - Zentrum Süd,2025-07-13 13:00:00+00:00,0.021311404142586875
5606,d1a25cbb-e2d7-49d7-a75b-0e570b6d1e88,Kurpark - Zentrum Süd,2025-07-13 14:00:00+00:00,0.0220418589587361
5607,d1a25cbb-e2d7-49d7-a75b-0e570b6d1e88,Kurpark - Zentrum Süd,2025-07-13 15:00:00+00:00,0.02166090358314411
5608,d1a25cbb-e2d7-49d7-a75b-0e570b6d1e88,Kurpark - Zentrum Süd,2025-07-13 16:00:00+00:00,0.021695332761229893
5609,d1a25cbb-e2d7-49d7-a75b-0e570b6d1e88,Kurpark - Zentrum Süd,2025-07-13 17:00:00+00:00,0.01771644871721451
5610,d1a25cbb-e2d7-49d7-a75b-0e570b6d1e88,Kurpark - Zentrum Süd,2025-07-13 18:00:00+00:00,0.014402501261960927
5611,d1a25cbb-e2d7-49d7-a75b-0e570b6d1e88,Kurpark - Zentrum Süd,2025-07-13 19:00:00+00:00,0.012429227327628679
5612,d1a25cbb-e2d7-49d7-a75b-0e570b6d1e88,Kurpark - Zentrum Süd,2025-07-13 20:00:00+00:00,0.012258569513330198
5613,d1a25cbb-e2d7-49d7-a75b-0e570b6d1e88,Kurpark - Zentrum Süd,2025-07-13 21:00:00+00:00,0.0124335868983975
5614,d1a25cbb-e2d7-49d7-a75b-0e570b6d1e88,Kurpark - Zentrum Süd,2025-07-13 22:00:00+00:00,0.04561318068775106
5615,d1a25cbb-e2d7-49d7-a75b-0e570b6d1e88,Kurpark - Zentrum Süd,2025-07-13 23:00:00+00:00,0.05205786346922005
5616,d5261325-e40c-4ed4-bbbf-5ce24d3de844,Karlstraße 15,2025-07-01 00:00:00+00:00,0.02839237395451425
5617,d5261325-e40c-4ed4-bbbf-5ce24d3de844,Karlstraße 15,2025-07-01 01:00:00+00:00,0.02760877532577201
5618,d5261325-e40c-4ed4-bbbf-5ce24d3de844,Karlstraße 15,2025-07-01 02:00:00+00:00,0.02836619566322886
5619,d5261325-e40c-4ed4-bbbf-5ce24d3de844,Karlstraße 15,2025-07-01 03:00:00+00:00,0.027322706191294583
5620,d5261325-e40c-4ed4-bbbf-5ce24d3de844,Karlstraße 15,2025-07-01 04:00:00+00:00,0.027861065777282923
5621,d5261325-e40c-4ed4-bbbf-5ce24d3de844,Karlstraße 15,2025-07-01 05:00:00+00:00,0.02830474381798902
5622,d5261325-e40c-4ed4-bbbf-5ce24d3de844,Karlstraße 15,2025-07-01 06:00:00+00:00,0.031242268881296643
5623,d5261325-e40c-4ed4-bbbf-5ce24d3de844,Karlstraße 15,2025-07-01 07:00:00+00:00,0.027736115660450426
5624,d5261325-e40c-4ed4-bbbf-5ce24d3de844,Karlstraße 15,2025-07-01 08:00:00+00:00,0.029033212257764115
5625,d5261325-e40c-4ed4-bbbf-5ce24d3de844,Karlstraße 15,2025-07-01 09:00:00+00:00,0.028427200857814024
5626,d5261325-e40c-4ed4-bbbf-5ce24d3de844,Karlstraße 15,2025-07-01 10:00:00+00:00,0.0310082517627061
5627,d5261325-e40c-4ed4-bbbf-5ce24d3de844,Karlstraße 15,2025-07-01 11:00:00+00:00,0.03486610858351031
5628,d5261325-e40c-4ed4-bbbf-5ce24d3de844,Karlstraße 15,2025-07-01 12:00:00+00:00,0.05421631927966717
5629,d5261325-e40c-4ed4-bbbf-5ce24d3de844,Karlstraße 15,2025-07-01 13:00:00+00:00,0.0638598821710275
5630,d5261325-e40c-4ed4-bbbf-5ce24d3de844,Karlstraße 15,2025-07-01 14:00:00+00:00,0.07913132757724857
5631,d5261325-e40c-4ed4-bbbf-5ce24d3de844,Karlstraße 15,2025-07-01 15:00:00+00:00,0.07309169374894876
5632,d5261325-e40c-4ed4-bbbf-5ce24d3de844,Karlstraße 15,2025-07-01 16:00:00+00:00,0.06589208219325672
5633,d5261325-e40c-4ed4-bbbf-5ce24d3de844,Karlstraße 15,2025-07-01 17:00:00+00:00,0.061614900881901975
5634,d5261325-e40c-4ed4-bbbf-5ce24d3de844,Karlstraße 15,2025-07-01 18:00:00+00:00,0.054886490228584495
5635,d5261325-e40c-4ed4-bbbf-5ce24d3de844,Karlstraße 15,2025-07-01 19:00:00+00:00,0.048047497457645263
5636,d5261325-e40c-4ed4-bbbf-5ce24d3de844,Karlstraße 15,2025-07-01 20:00:00+00:00,0.04401049074496079
5637,d5261325-e40c-4ed4-bbbf-5ce24d3de844,Karlstraße 15,2025-07-01 21:00:00+00:00,0.04501491916131902
5638,d5261325-e40c-4ed4-bbbf-5ce24d3de844,Karlstraße 15,2025-07-01 22:00:00+00:00,0.047030023327974124
5639,d5261325-e40c-4ed4-bbbf-5ce24d3de844,Karlstraße 15,2025-07-01 23:00:00+00:00,0.04728362986150498
5640,d5261325-e40c-4ed4-bbbf-5ce24d3de844,Karlstraße 15,2025-07-02 00:00:00+00:00,0.04388062552729595
5641,d5261325-e40c-4ed4-bbbf-5ce24d3de844,Karlstraße 15,2025-07-02 01:00:00+00:00,0.04556306636639196
5642,d5261325-e40c-4ed4-bbbf-5ce24d3de844,Karlstraße 15,2025-07-02 02:00:00+00:00,0.04699130585746101
5643,d5261325-e40c-4ed4-bbbf-5ce24d3de844,Karlstraße 15,2025-07-02 03:00:00+00:00,0.04799512961724492
5644,d5261325-e40c-4ed4-bbbf-5ce24d3de844,Karlstraße 15,2025-07-02 04:00:00+00:00,0.047156975238340414
5645,d5261325-e40c-4ed4-bbbf-5ce24d3de844,Karlstraße 15,2025-07-02 05:00:00+00:00,0.0439910016541521
5646,d5261325-e40c-4ed4-bbbf-5ce24d3de844,Karlstraße 15,2025-07-02 06:00:00+00:00,0.04364155308012774
5647,d5261325-e40c-4ed4-bbbf-5ce24d3de844,Karlstraße 15,2025-07-02 07:00:00+00:00,0.0429650182776863
5648,d5261325-e40c-4ed4-bbbf-5ce24d3de844,Karlstraße 15,2025-07-02 08:00:00+00:00,0.03465428077568738
5649,d5261325-e40c-4ed4-bbbf-5ce24d3de844,Karlstraße 15,2025-07-02 09:00:00+00:00,0.03686470486425659
5650,d5261325-e40c-4ed4-bbbf-5ce24d3de844,Karlstraße 15,2025-07-02 10:00:00+00:00,0.02960373981221849
5651,d5261325-e40c-4ed4-bbbf-5ce24d3de844,Karlstraße 15,2025-07-02 11:00:00+00:00,0.03164208871351528
5652,d5261325-e40c-4ed4-bbbf-5ce24d3de844,Karlstraße 15,2025-07-02 12:00:00+00:00,0.04245980693414195
5653,d5261325-e40c-4ed4-bbbf-5ce24d3de844,Karlstraße 15,2025-07-02 13:00:00+00:00,0.044963880338061125
5654,d5261325-e40c-4ed4-bbbf-5ce24d3de844,Karlstraße 15,2025-07-02 14:00:00+00:00,0.04769533301922587
5655,d5261325-e40c-4ed4-bbbf-5ce24d3de844,Karlstraße 15,2025-07-02 15:00:00+00:00,0.040895401519091386
5656,d5261325-e40c-4ed4-bbbf-5ce24d3de844,Karlstraße 15,2025-07-02 16:00:00+00:00,0.03842975799266767
5657,d5261325-e40c-4ed4-bbbf-5ce24d3de844,Karlstraße 15,2025-07-02 17:00:00+00:00,0.033471265623544876
5658,d5261325-e40c-4ed4-bbbf-5ce24d3de844,Karlstraße 15,2025-07-02 18:00:00+00:00,0.03461796023059264
5659,d5261325-e40c-4ed4-bbbf-5ce24d3de844,Karlstraße 15,2025-07-02 19:00:00+00:00,0.03289508784388345
5660,d5261325-e40c-4ed4-bbbf-5ce24d3de844,Karlstraße 15,2025-07-02 20:00:00+00:00,0.029591181918479936
5661,d5261325-e40c-4ed4-bbbf-5ce24d3de844,Karlstraße 15,2025-07-02 21:00:00+00:00,0.02709698301873124
5662,d5261325-e40c-4ed4-bbbf-5ce24d3de844,Karlstraße 15,2025-07-02 22:00:00+00:00,0.023638956715711087
5663,d5261325-e40c-4ed4-bbbf-5ce24d3de844,Karlstraße 15,2025-07-02 23:00:00+00:00,0.023149460612703992
5664,d5261325-e40c-4ed4-bbbf-5ce24d3de844,Karlstraße 15,2025-07-03 00:00:00+00:00,0.022214992458814132
5665,d5261325-e40c-4ed4-bbbf-5ce24d3de844,Karlstraße 15,2025-07-03 01:00:00+00:00,0.023305878135607673
5666,d5261325-e40c-4ed4-bbbf-5ce24d3de844,Karlstraße 15,2025-07-03 02:00:00+00:00,0.023049420665950403
5667,d5261325-e40c-4ed4-bbbf-5ce24d3de844,Karlstraße 15,2025-07-03 03:00:00+00:00,0.023959499853227508
5668,d5261325-e40c-4ed4-bbbf-5ce24d3de844,Karlstraße 15,2025-07-03 04:00:00+00:00,0.02616126606939159
5669,d5261325-e40c-4ed4-bbbf-5ce24d3de844,Karlstraße 15,2025-07-03 05:00:00+00:00,0.028003371564675635
5670,d5261325-e40c-4ed4-bbbf-5ce24d3de844,Karlstraße 15,2025-07-03 06:00:00+00:00,0.02341017741696738
5671,d5261325-e40c-4ed4-bbbf-5ce24d3de844,Karlstraße 15,2025-07-03 07:00:00+00:00,0.02222165619598086
5672,d5261325-e40c-4ed4-bbbf-5ce24d3de844,Karlstraße 15,2025-07-03 08:00:00+00:00,0.027525469864776185
5673,d5261325-e40c-4ed4-bbbf-5ce24d3de844,Karlstraße 15,2025-07-03 09:00:00+00:00,0.028218796048645516
5674,d5261325-e40c-4ed4-bbbf-5ce24d3de844,Karlstraße 15,2025-07-03 10:00:00+00:00,0.04108266953127289
5675,d5261325-e40c-4ed4-bbbf-5ce24d3de844,Karlstraße 15,2025-07-03 11:00:00+00:00,0.05279517212517746
5676,d5261325-e40c-4ed4-bbbf-5ce24d3de844,Karlstraße 15,2025-07-03 12:00:00+00:00,0.049295901313287246
5677,d5261325-e40c-4ed4-bbbf-5ce24d3de844,Karlstraße 15,2025-07-03 13:00:00+00:00,0.04841925511116566
5678,d5261325-e40c-4ed4-bbbf-5ce24d3de844,Karlstraße 15,2025-07-03 14:00:00+00:00,0.04215269932818902
5679,d5261325-e40c-4ed4-bbbf-5ce24d3de844,Karlstraße 15,2025-07-03 15:00:00+00:00,0.03603283733471363
5680,d5261325-e40c-4ed4-bbbf-5ce24d3de844,Karlstraße 15,2025-07-03 16:00:00+00:00,0.035900202879514294
5681,d5261325-e40c-4ed4-bbbf-5ce24d3de844,Karlstraße 15,2025-07-03 17:00:00+00:00,0.03249975571013688
5682,d5261325-e40c-4ed4-bbbf-5ce24d3de844,Karlstraße 15,2025-07-03 18:00:00+00:00,0.031899309340866065
5683,d5261325-e40c-4ed4-bbbf-5ce24d3de844,Karlstraße 15,2025-07-03 19:00:00+00:00,0.028468017596536728
5684,d5261325-e40c-4ed4-bbbf-5ce24d3de844,Karlstraße 15,2025-07-03 20:00:00+00:00,0.02475222188228641
5685,d5261325-e40c-4ed4-bbbf-5ce24d3de844,Karlstraße 15,2025-07-03 21:00:00+00:00,0.02401123838353821
5686,d5261325-e40c-4ed4-bbbf-5ce24d3de844,Karlstraße 15,2025-07-03 22:00:00+00:00,0.024875313107552813
5687,d5261325-e40c-4ed4-bbbf-5ce24d3de844,Karlstraße 15,2025-07-03 23:00:00+00:00,0.026984061313331916
5688,d5261325-e40c-4ed4-bbbf-5ce24d3de844,Karlstraße 15,2025-07-04 00:00:00+00:00,0.026905114077838813
5689,d5261325-e40c-4ed4-bbbf-5ce24d3de844,Karlstraße 15,2025-07-04 01:00:00+00:00,0.02346935773099212
5690,d5261325-e40c-4ed4-bbbf-5ce24d3de844,Karlstraße 15,2025-07-04 02:00:00+00:00,0.025587477468283985
5691,d5261325-e40c-4ed4-bbbf-5ce24d3de844,Karlstraße 15,2025-07-04 03:00:00+00:00,0.02723186959113723
5692,d5261325-e40c-4ed4-bbbf-5ce24d3de844,Karlstraße 15,2025-07-04 04:00:00+00:00,0.026606348603419552
5693,d5261325-e40c-4ed4-bbbf-5ce24d3de844,Karlstraße 15,2025-07-04 05:00:00+00:00,0.024714818585230603
5694,d5261325-e40c-4ed4-bbbf-5ce24d3de844,Karlstraße 15,2025-07-04 06:00:00+00:00,0.02361327105027056
5695,d5261325-e40c-4ed4-bbbf-5ce24d3de844,Karlstraße 15,2025-07-04 07:00:00+00:00,0.024561799524673526
5696,d5261325-e40c-4ed4-bbbf-5ce24d3de844,Karlstraße 15,2025-07-04 08:00:00+00:00,0.027237661656722055
5697,d5261325-e40c-4ed4-bbbf-5ce24d3de844,Karlstraße 15,2025-07-04 09:00:00+00:00,0.030064555306290538
5698,d5261325-e40c-4ed4-bbbf-5ce24d3de844,Karlstraße 15,2025-07-04 10:00:00+00:00,0.02954950823194254
5699,d5261325-e40c-4ed4-bbbf-5ce24d3de844,Karlstraße 15,2025-07-04 11:00:00+00:00,0.03993910307428397
5700,d5261325-e40c-4ed4-bbbf-5ce24d3de844,Karlstraße 15,2025-07-04 12:00:00+00:00,0.06734335110564439
5701,d5261325-e40c-4ed4-bbbf-5ce24d3de844,Karlstraße 15,2025-07-04 13:00:00+00:00,0.10533029753833066
5702,d5261325-e40c-4ed4-bbbf-5ce24d3de844,Karlstraße 15,2025-07-04 14:00:00+00:00,0.1217978891125226
5703,d5261325-e40c-4ed4-bbbf-5ce24d3de844,Karlstraße 15,2025-07-04 15:00:00+00:00,0.1479793735991571
5704,d5261325-e40c-4ed4-bbbf-5ce24d3de844,Karlstraße 15,2025-07-04 16:00:00+00:00,0.15913832102670936
5705,d5261325-e40c-4ed4-bbbf-5ce24d3de844,Karlstraße 15,2025-07-04 17:00:00+00:00,0.15198090089817004
5706,d5261325-e40c-4ed4-bbbf-5ce24d3de844,Karlstraße 15,2025-07-04 18:00:00+00:00,0.1350166825309286
5707,d5261325-e40c-4ed4-bbbf-5ce24d3de844,Karlstraße 15,2025-07-04 19:00:00+00:00,0.12337539653255813
5708,d5261325-e40c-4ed4-bbbf-5ce24d3de844,Karlstraße 15,2025-07-04 20:00:00+00:00,0.10538669774952156
5709,d5261325-e40c-4ed4-bbbf-5ce24d3de844,Karlstraße 15,2025-07-04 21:00:00+00:00,0.09725208416955183
5710,d5261325-e40c-4ed4-bbbf-5ce24d3de844,Karlstraße 15,2025-07-04 22:00:00+00:00,0.09709767954188961
5711,d5261325-e40c-4ed4-bbbf-5ce24d3de844,Karlstraße 15,2025-07-04 23:00:00+00:00,0.09755855316842246
5712,d5261325-e40c-4ed4-bbbf-5ce24d3de844,Karlstraße 15,2025-07-05 00:00:00+00:00,0.10040414499383292
5713,d5261325-e40c-4ed4-bbbf-5ce24d3de844,Karlstraße 15,2025-07-05 01:00:00+00:00,0.09789307834648918
5714,d5261325-e40c-4ed4-bbbf-5ce24d3de844,Karlstraße 15,2025-07-05 02:00:00+00:00,0.10527775325059853
5715,d5261325-e40c-4ed4-bbbf-5ce24d3de844,Karlstraße 15,2025-07-05 03:00:00+00:00,0.11275603200695719
5716,d5261325-e40c-4ed4-bbbf-5ce24d3de844,Karlstraße 15,2025-07-05 04:00:00+00:00,0.11778263472329344
5717,d5261325-e40c-4ed4-bbbf-5ce24d3de844,Karlstraße 15,2025-07-05 05:00:00+00:00,0.11655225703296267
5718,d5261325-e40c-4ed4-bbbf-5ce24d3de844,Karlstraße 15,2025-07-05 06:00:00+00:00,0.12301771854345417
5719,d5261325-e40c-4ed4-bbbf-5ce24d3de844,Karlstraße 15,2025-07-05 07:00:00+00:00,0.13115017977711446
5720,d5261325-e40c-4ed4-bbbf-5ce24d3de844,Karlstraße 15,2025-07-05 08:00:00+00:00,0.16786692587700838
5721,d5261325-e40c-4ed4-bbbf-5ce24d3de844,Karlstraße 15,2025-07-05 09:00:00+00:00,0.14485844404271192
5722,d5261325-e40c-4ed4-bbbf-5ce24d3de844,Karlstraße 15,2025-07-05 10:00:00+00:00,0.159728000816412
5723,d5261325-e40c-4ed4-bbbf-5ce24d3de844,Karlstraße 15,2025-07-05 11:00:00+00:00,0.14272485160720347
5724,d5261325-e40c-4ed4-bbbf-5ce24d3de844,Karlstraße 15,2025-07-05 12:00:00+00:00,0.1404099442942543
5725,d5261325-e40c-4ed4-bbbf-5ce24d3de844,Karlstraße 15,2025-07-05 13:00:00+00:00,0.13787745196240717
5726,d5261325-e40c-4ed4-bbbf-5ce24d3de844,Karlstraße 15,2025-07-05 14:00:00+00:00,0.11611508771494101
5727,d5261325-e40c-4ed4-bbbf-5ce24d3de844,Karlstraße 15,2025-07-05 15:00:00+00:00,0.12498179143358061
5728,d5261325-e40c-4ed4-bbbf-5ce24d3de844,Karlstraße 15,2025-07-05 16:00:00+00:00,0.12122056313328056
5729,d5261325-e40c-4ed4-bbbf-5ce24d3de844,Karlstraße 15,2025-07-05 17:00:00+00:00,0.11522626190125325
5730,d5261325-e40c-4ed4-bbbf-5ce24d3de844,Karlstraße 15,2025-07-05 18:00:00+00:00,0.1051979071206745
5731,d5261325-e40c-4ed4-bbbf-5ce24d3de844,Karlstraße 15,2025-07-05 19:00:00+00:00,0.10265460101319963
5732,d5261325-e40c-4ed4-bbbf-5ce24d3de844,Karlstraße 15,2025-07-05 20:00:00+00:00,0.10081230079801055
5733,d5261325-e40c-4ed4-bbbf-5ce24d3de844,Karlstraße 15,2025-07-05 21:00:00+00:00,0.09388952828500893
5734,d5261325-e40c-4ed4-bbbf-5ce24d3de844,Karlstraße 15,2025-07-05 22:00:00+00:00,0.10566757307010452
5735,d5261325-e40c-4ed4-bbbf-5ce24d3de844,Karlstraße 15,2025-07-05 23:00:00+00:00,0.10902827226216728
5736,d5261325-e40c-4ed4-bbbf-5ce24d3de844,Karlstraße 15,2025-07-06 00:00:00+00:00,0.11197048267671761
5737,d5261325-e40c-4ed4-bbbf-5ce24d3de844,Karlstraße 15,2025-07-06 01:00:00+00:00,0.11541800920978362
5738,d5261325-e40c-4ed4-bbbf-5ce24d3de844,Karlstraße 15,2025-07-06 02:00:00+00:00,0.11423616558508111
5739,d5261325-e40c-4ed4-bbbf-5ce24d3de844,Karlstraße 15,2025-07-06 03:00:00+00:00,0.11236884693786303
5740,d5261325-e40c-4ed4-bbbf-5ce24d3de844,Karlstraße 15,2025-07-06 04:00:00+00:00,0.1147387541765983
5741,d5261325-e40c-4ed4-bbbf-5ce24d3de844,Karlstraße 15,2025-07-06 05:00:00+00:00,0.10907327527005953
5742,d5261325-e40c-4ed4-bbbf-5ce24d3de844,Karlstraße 15,2025-07-06 06:00:00+00:00,0.10129756030557165
5743,d5261325-e40c-4ed4-bbbf-5ce24d3de844,Karlstraße 15,2025-07-06 07:00:00+00:00,0.08759689325849927
5744,d5261325-e40c-4ed4-bbbf-5ce24d3de844,Karlstraße 15,2025-07-06 08:00:00+00:00,0.06590348943174272
5745,d5261325-e40c-4ed4-bbbf-5ce24d3de844,Karlstraße 15,2025-07-06 09:00:00+00:00,0.07365999041444962
5746,d5261325-e40c-4ed4-bbbf-5ce24d3de844,Karlstraße 15,2025-07-06 10:00:00+00:00,0.041403886100336296
5747,d5261325-e40c-4ed4-bbbf-5ce24d3de844,Karlstraße 15,2025-07-06 11:00:00+00:00,0.04359128300688637
5748,d5261325-e40c-4ed4-bbbf-5ce24d3de844,Karlstraße 15,2025-07-06 12:00:00+00:00,0.05062099655358868
5749,d5261325-e40c-4ed4-bbbf-5ce24d3de844,Karlstraße 15,2025-07-06 13:00:00+00:00,0.04634004740978134
5750,d5261325-e40c-4ed4-bbbf-5ce24d3de844,Karlstraße 15,2025-07-06 14:00:00+00:00,0.05082946805093226
5751,d5261325-e40c-4ed4-bbbf-5ce24d3de844,Karlstraße 15,2025-07-06 15:00:00+00:00,0.04619231540540989
5752,d5261325-e40c-4ed4-bbbf-5ce24d3de844,Karlstraße 15,2025-07-06 16:00:00+00:00,0.04942955222908107
5753,d5261325-e40c-4ed4-bbbf-5ce24d3de844,Karlstraße 15,2025-07-06 17:00:00+00:00,0.04666321492721816
5754,d5261325-e40c-4ed4-bbbf-5ce24d3de844,Karlstraße 15,2025-07-06 18:00:00+00:00,0.0357193439374247
5755,d5261325-e40c-4ed4-bbbf-5ce24d3de844,Karlstraße 15,2025-07-06 19:00:00+00:00,0.035199618876502345
5756,d5261325-e40c-4ed4-bbbf-5ce24d3de844,Karlstraße 15,2025-07-06 20:00:00+00:00,0.034785340135528385
5757,d5261325-e40c-4ed4-bbbf-5ce24d3de844,Karlstraße 15,2025-07-06 21:00:00+00:00,0.03321297265288389
5758,d5261325-e40c-4ed4-bbbf-5ce24d3de844,Karlstraße 15,2025-07-06 22:00:00+00:00,0.021796713750078703
5759,d5261325-e40c-4ed4-bbbf-5ce24d3de844,Karlstraße 15,2025-07-06 23:00:00+00:00,0.02371794605530535
5760,d5261325-e40c-4ed4-bbbf-5ce24d3de844,Karlstraße 15,2025-07-07 00:00:00+00:00,0.025301742913396034
5761,d5261325-e40c-4ed4-bbbf-5ce24d3de844,Karlstraße 15,2025-07-07 01:00:00+00:00,0.025748046092108352
5762,d5261325-e40c-4ed4-bbbf-5ce24d3de844,Karlstraße 15,2025-07-07 02:00:00+00:00,0.026943995541596263
5763,d5261325-e40c-4ed4-bbbf-5ce24d3de844,Karlstraße 15,2025-07-07 03:00:00+00:00,0.026905626993012813
5764,d5261325-e40c-4ed4-bbbf-5ce24d3de844,Karlstraße 15,2025-07-07 04:00:00+00:00,0.029942533952296506
5765,d5261325-e40c-4ed4-bbbf-5ce24d3de844,Karlstraße 15,2025-07-07 05:00:00+00:00,0.029508983113558627
5766,d5261325-e40c-4ed4-bbbf-5ce24d3de844,Karlstraße 15,2025-07-07 06:00:00+00:00,0.02699451761712402
5767,d5261325-e40c-4ed4-bbbf-5ce24d3de844,Karlstraße 15,2025-07-07 07:00:00+00:00,0.02897204294461102
5768,d5261325-e40c-4ed4-bbbf-5ce24d3de844,Karlstraße 15,2025-07-07 08:00:00+00:00,0.027650562105000994
5769,d5261325-e40c-4ed4-bbbf-5ce24d3de844,Karlstraße 15,2025-07-07 09:00:00+00:00,0.027419579448227056
5770,d5261325-e40c-4ed4-bbbf-5ce24d3de844,Karlstraße 15,2025-07-07 10:00:00+00:00,0.026908911937943845
5771,d5261325-e40c-4ed4-bbbf-5ce24d3de844,Karlstraße 15,2025-07-07 11:00:00+00:00,0.028008657660810274
5772,d5261325-e40c-4ed4-bbbf-5ce24d3de844,Karlstraße 15,2025-07-07 12:00:00+00:00,0.03222322453859429
5773,d5261325-e40c-4ed4-bbbf-5ce24d3de844,Karlstraße 15,2025-07-07 13:00:00+00:00,0.041372495504148545
5774,d5261325-e40c-4ed4-bbbf-5ce24d3de844,Karlstraße 15,2025-07-07 14:00:00+00:00,0.04021442346801348
5775,d5261325-e40c-4ed4-bbbf-5ce24d3de844,Karlstraße 15,2025-07-07 15:00:00+00:00,0.03674158076829886
5776,d5261325-e40c-4ed4-bbbf-5ce24d3de844,Karlstraße 15,2025-07-07 16:00:00+00:00,0.036223873008422426
5777,d5261325-e40c-4ed4-bbbf-5ce24d3de844,Karlstraße 15,2025-07-07 17:00:00+00:00,0.030496570404401815
5778,d5261325-e40c-4ed4-bbbf-5ce24d3de844,Karlstraße 15,2025-07-07 18:00:00+00:00,0.031065539243601552
5779,d5261325-e40c-4ed4-bbbf-5ce24d3de844,Karlstraße 15,2025-07-07 19:00:00+00:00,0.02723428274874436
5780,d5261325-e40c-4ed4-bbbf-5ce24d3de844,Karlstraße 15,2025-07-07 20:00:00+00:00,0.025486193251361786
5781,d5261325-e40c-4ed4-bbbf-5ce24d3de844,Karlstraße 15,2025-07-07 21:00:00+00:00,0.025112239388716994
5782,d5261325-e40c-4ed4-bbbf-5ce24d3de844,Karlstraße 15,2025-07-07 22:00:00+00:00,0.03024967227172907
5783,d5261325-e40c-4ed4-bbbf-5ce24d3de844,Karlstraße 15,2025-07-07 23:00:00+00:00,0.02850080767883646
5784,d5261325-e40c-4ed4-bbbf-5ce24d3de844,Karlstraße 15,2025-07-08 00:00:00+00:00,0.025316450560277464
5785,d5261325-e40c-4ed4-bbbf-5ce24d3de844,Karlstraße 15,2025-07-08 01:00:00+00:00,0.02341186383179231
5786,d5261325-e40c-4ed4-bbbf-5ce24d3de844,Karlstraße 15,2025-07-08 02:00:00+00:00,0.02555418009935185
5787,d5261325-e40c-4ed4-bbbf-5ce24d3de844,Karlstraße 15,2025-07-08 03:00:00+00:00,0.026654456418741614
5788,d5261325-e40c-4ed4-bbbf-5ce24d3de844,Karlstraße 15,2025-07-08 04:00:00+00:00,0.0250681301209293
5789,d5261325-e40c-4ed4-bbbf-5ce24d3de844,Karlstraße 15,2025-07-08 05:00:00+00:00,0.02327538641768055
5790,d5261325-e40c-4ed4-bbbf-5ce24d3de844,Karlstraße 15,2025-07-08 06:00:00+00:00,0.024854772056274697
5791,d5261325-e40c-4ed4-bbbf-5ce24d3de844,Karlstraße 15,2025-07-08 07:00:00+00:00,0.022208127453858265
5792,d5261325-e40c-4ed4-bbbf-5ce24d3de844,Karlstraße 15,2025-07-08 08:00:00+00:00,0.02443067868107153
5793,d5261325-e40c-4ed4-bbbf-5ce24d3de844,Karlstraße 15,2025-07-08 09:00:00+00:00,0.0246439933302299
5794,d5261325-e40c-4ed4-bbbf-5ce24d3de844,Karlstraße 15,2025-07-08 10:00:00+00:00,0.02574660752732412
5795,d5261325-e40c-4ed4-bbbf-5ce24d3de844,Karlstraße 15,2025-07-08 11:00:00+00:00,0.04108194438684218
5796,d5261325-e40c-4ed4-bbbf-5ce24d3de844,Karlstraße 15,2025-07-08 12:00:00+00:00,0.0532101140050507
5797,d5261325-e40c-4ed4-bbbf-5ce24d3de844,Karlstraße 15,2025-07-08 13:00:00+00:00,0.05273536880485215
5798,d5261325-e40c-4ed4-bbbf-5ce24d3de844,Karlstraße 15,2025-07-08 14:00:00+00:00,0.06705329882379926
5799,d5261325-e40c-4ed4-bbbf-5ce24d3de844,Karlstraße 15,2025-07-08 15:00:00+00:00,0.0657027325663734
5800,d5261325-e40c-4ed4-bbbf-5ce24d3de844,Karlstraße 15,2025-07-08 16:00:00+00:00,0.0545267218935181
5801,d5261325-e40c-4ed4-bbbf-5ce24d3de844,Karlstraße 15,2025-07-08 17:00:00+00:00,0.05466500286602279
5802,d5261325-e40c-4ed4-bbbf-5ce24d3de844,Karlstraße 15,2025-07-08 18:00:00+00:00,0.047765588644516584
5803,d5261325-e40c-4ed4-bbbf-5ce24d3de844,Karlstraße 15,2025-07-08 19:00:00+00:00,0.044181975145023554
5804,d5261325-e40c-4ed4-bbbf-5ce24d3de844,Karlstraße 15,2025-07-08 20:00:00+00:00,0.03985712995107128
5805,d5261325-e40c-4ed4-bbbf-5ce24d3de844,Karlstraße 15,2025-07-08 21:00:00+00:00,0.04086914823471393
5806,d5261325-e40c-4ed4-bbbf-5ce24d3de844,Karlstraße 15,2025-07-08 22:00:00+00:00,0.039886366833831836
5807,d5261325-e40c-4ed4-bbbf-5ce24d3de844,Karlstraße 15,2025-07-08 23:00:00+00:00,0.03887339905770974
5808,d5261325-e40c-4ed4-bbbf-5ce24d3de844,Karlstraße 15,2025-07-09 00:00:00+00:00,0.03717698338375681
5809,d5261325-e40c-4ed4-bbbf-5ce24d3de844,Karlstraße 15,2025-07-09 01:00:00+00:00,0.035236987662507775
5810,d5261325-e40c-4ed4-bbbf-5ce24d3de844,Karlstraße 15,2025-07-09 02:00:00+00:00,0.04183817720696418
5811,d5261325-e40c-4ed4-bbbf-5ce24d3de844,Karlstraße 15,2025-07-09 03:00:00+00:00,0.04374754533035665
5812,d5261325-e40c-4ed4-bbbf-5ce24d3de844,Karlstraße 15,2025-07-09 04:00:00+00:00,0.03933659327108215
5813,d5261325-e40c-4ed4-bbbf-5ce24d3de844,Karlstraße 15,2025-07-09 05:00:00+00:00,0.03525717450056509
5814,d5261325-e40c-4ed4-bbbf-5ce24d3de844,Karlstraße 15,2025-07-09 06:00:00+00:00,0.03266327613792526
5815,d5261325-e40c-4ed4-bbbf-5ce24d3de844,Karlstraße 15,2025-07-09 07:00:00+00:00,0.034015401306672806
5816,d5261325-e40c-4ed4-bbbf-5ce24d3de844,Karlstraße 15,2025-07-09 08:00:00+00:00,0.032701360213341545
5817,d5261325-e40c-4ed4-bbbf-5ce24d3de844,Karlstraße 15,2025-07-09 09:00:00+00:00,0.030959199033357906
5818,d5261325-e40c-4ed4-bbbf-5ce24d3de844,Karlstraße 15,2025-07-09 10:00:00+00:00,0.03072174581135918
5819,d5261325-e40c-4ed4-bbbf-5ce24d3de844,Karlstraße 15,2025-07-09 11:00:00+00:00,0.02808581375753563
5820,d5261325-e40c-4ed4-bbbf-5ce24d3de844,Karlstraße 15,2025-07-09 12:00:00+00:00,0.03509305449413546
5821,d5261325-e40c-4ed4-bbbf-5ce24d3de844,Karlstraße 15,2025-07-09 13:00:00+00:00,0.04473294907882492
5822,d5261325-e40c-4ed4-bbbf-5ce24d3de844,Karlstraße 15,2025-07-09 14:00:00+00:00,0.04426793034531557
5823,d5261325-e40c-4ed4-bbbf-5ce24d3de844,Karlstraße 15,2025-07-09 15:00:00+00:00,0.03796130732317362
5824,d5261325-e40c-4ed4-bbbf-5ce24d3de844,Karlstraße 15,2025-07-09 16:00:00+00:00,0.037986179405003005
5825,d5261325-e40c-4ed4-bbbf-5ce24d3de844,Karlstraße 15,2025-07-09 17:00:00+00:00,0.03342556394541432
5826,d5261325-e40c-4ed4-bbbf-5ce24d3de844,Karlstraße 15,2025-07-09 18:00:00+00:00,0.03168935772130932
5827,d5261325-e40c-4ed4-bbbf-5ce24d3de844,Karlstraße 15,2025-07-09 19:00:00+00:00,0.029262871778896186
5828,d5261325-e40c-4ed4-bbbf-5ce24d3de844,Karlstraße 15,2025-07-09 20:00:00+00:00,0.028041427227066314
5829,d5261325-e40c-4ed4-bbbf-5ce24d3de844,Karlstraße 15,2025-07-09 21:00:00+00:00,0.027607509626191917
5830,d5261325-e40c-4ed4-bbbf-5ce24d3de844,Karlstraße 15,2025-07-09 22:00:00+00:00,0.02242060105469335
5831,d5261325-e40c-4ed4-bbbf-5ce24d3de844,Karlstraße 15,2025-07-09 23:00:00+00:00,0.022215344058219587
5832,d5261325-e40c-4ed4-bbbf-5ce24d3de844,Karlstraße 15,2025-07-10 00:00:00+00:00,0.020632254872056294
5833,d5261325-e40c-4ed4-bbbf-5ce24d3de844,Karlstraße 15,2025-07-10 01:00:00+00:00,0.02035851414577423
5834,d5261325-e40c-4ed4-bbbf-5ce24d3de844,Karlstraße 15,2025-07-10 02:00:00+00:00,0.01983974105158551
5835,d5261325-e40c-4ed4-bbbf-5ce24d3de844,Karlstraße 15,2025-07-10 03:00:00+00:00,0.01940373067296657
5836,d5261325-e40c-4ed4-bbbf-5ce24d3de844,Karlstraße 15,2025-07-10 04:00:00+00:00,0.019670158938676675
5837,d5261325-e40c-4ed4-bbbf-5ce24d3de844,Karlstraße 15,2025-07-10 05:00:00+00:00,0.020694566903949795
5838,d5261325-e40c-4ed4-bbbf-5ce24d3de844,Karlstraße 15,2025-07-10 06:00:00+00:00,0.01951838233895633
5839,d5261325-e40c-4ed4-bbbf-5ce24d3de844,Karlstraße 15,2025-07-10 07:00:00+00:00,0.018914943996097826
5840,d5261325-e40c-4ed4-bbbf-5ce24d3de844,Karlstraße 15,2025-07-10 08:00:00+00:00,0.02181278460903591
5841,d5261325-e40c-4ed4-bbbf-5ce24d3de844,Karlstraße 15,2025-07-10 09:00:00+00:00,0.019608892925653692
5842,d5261325-e40c-4ed4-bbbf-5ce24d3de844,Karlstraße 15,2025-07-10 10:00:00+00:00,0.021989904050861
5843,d5261325-e40c-4ed4-bbbf-5ce24d3de844,Karlstraße 15,2025-07-10 11:00:00+00:00,0.02534149055042447
5844,d5261325-e40c-4ed4-bbbf-5ce24d3de844,Karlstraße 15,2025-07-10 12:00:00+00:00,0.038240661150047
5845,d5261325-e40c-4ed4-bbbf-5ce24d3de844,Karlstraße 15,2025-07-10 13:00:00+00:00,0.0346430332548212
5846,d5261325-e40c-4ed4-bbbf-5ce24d3de844,Karlstraße 15,2025-07-10 14:00:00+00:00,0.03416088748373568
5847,d5261325-e40c-4ed4-bbbf-5ce24d3de844,Karlstraße 15,2025-07-10 15:00:00+00:00,0.031777221514393446
5848,d5261325-e40c-4ed4-bbbf-5ce24d3de844,Karlstraße 15,2025-07-10 16:00:00+00:00,0.034770903897006225
5849,d5261325-e40c-4ed4-bbbf-5ce24d3de844,Karlstraße 15,2025-07-10 17:00:00+00:00,0.029892144526382648
5850,d5261325-e40c-4ed4-bbbf-5ce24d3de844,Karlstraße 15,2025-07-10 18:00:00+00:00,0.028094802348335116
5851,d5261325-e40c-4ed4-bbbf-5ce24d3de844,Karlstraße 15,2025-07-10 19:00:00+00:00,0.026690670592518232
5852,d5261325-e40c-4ed4-bbbf-5ce24d3de844,Karlstraße 15,2025-07-10 20:00:00+00:00,0.025049221620940795
5853,d5261325-e40c-4ed4-bbbf-5ce24d3de844,Karlstraße 15,2025-07-10 21:00:00+00:00,0.02480494949389117
5854,d5261325-e40c-4ed4-bbbf-5ce24d3de844,Karlstraße 15,2025-07-10 22:00:00+00:00,0.02556813930660713
5855,d5261325-e40c-4ed4-bbbf-5ce24d3de844,Karlstraße 15,2025-07-10 23:00:00+00:00,0.024664865941626344
5856,d5261325-e40c-4ed4-bbbf-5ce24d3de844,Karlstraße 15,2025-07-11 00:00:00+00:00,0.023071818312807694
5857,d5261325-e40c-4ed4-bbbf-5ce24d3de844,Karlstraße 15,2025-07-11 01:00:00+00:00,0.019949154954147227
5858,d5261325-e40c-4ed4-bbbf-5ce24d3de844,Karlstraße 15,2025-07-11 02:00:00+00:00,0.018185167559028333
5859,d5261325-e40c-4ed4-bbbf-5ce24d3de844,Karlstraße 15,2025-07-11 03:00:00+00:00,0.01645435764922019
5860,d5261325-e40c-4ed4-bbbf-5ce24d3de844,Karlstraße 15,2025-07-11 04:00:00+00:00,0.015159180979424336
5861,d5261325-e40c-4ed4-bbbf-5ce24d3de844,Karlstraße 15,2025-07-11 05:00:00+00:00,0.014268887294233317
5862,d5261325-e40c-4ed4-bbbf-5ce24d3de844,Karlstraße 15,2025-07-11 06:00:00+00:00,0.015227614502576295
5863,d5261325-e40c-4ed4-bbbf-5ce24d3de844,Karlstraße 15,2025-07-11 07:00:00+00:00,0.018512420411722304
5864,d5261325-e40c-4ed4-bbbf-5ce24d3de844,Karlstraße 15,2025-07-11 08:00:00+00:00,0.03197875949796149
5865,d5261325-e40c-4ed4-bbbf-5ce24d3de844,Karlstraße 15,2025-07-11 09:00:00+00:00,0.03781724890882469
5866,d5261325-e40c-4ed4-bbbf-5ce24d3de844,Karlstraße 15,2025-07-11 10:00:00+00:00,0.039021742285240996
5867,d5261325-e40c-4ed4-bbbf-5ce24d3de844,Karlstraße 15,2025-07-11 11:00:00+00:00,0.042773698569197834
5868,d5261325-e40c-4ed4-bbbf-5ce24d3de844,Karlstraße 15,2025-07-11 12:00:00+00:00,0.04400062763458628
5869,d5261325-e40c-4ed4-bbbf-5ce24d3de844,Karlstraße 15,2025-07-11 13:00:00+00:00,0.10433069659164876
5870,d5261325-e40c-4ed4-bbbf-5ce24d3de844,Karlstraße 15,2025-07-11 14:00:00+00:00,0.14462206808098252
5871,d5261325-e40c-4ed4-bbbf-5ce24d3de844,Karlstraße 15,2025-07-11 15:00:00+00:00,0.148952204506158
5872,d5261325-e40c-4ed4-bbbf-5ce24d3de844,Karlstraße 15,2025-07-11 16:00:00+00:00,0.14150547690253665
5873,d5261325-e40c-4ed4-bbbf-5ce24d3de844,Karlstraße 15,2025-07-11 17:00:00+00:00,0.1345969152057992
5874,d5261325-e40c-4ed4-bbbf-5ce24d3de844,Karlstraße 15,2025-07-11 18:00:00+00:00,0.12186226645175005
5875,d5261325-e40c-4ed4-bbbf-5ce24d3de844,Karlstraße 15,2025-07-11 19:00:00+00:00,0.11385291427739895
5876,d5261325-e40c-4ed4-bbbf-5ce24d3de844,Karlstraße 15,2025-07-11 20:00:00+00:00,0.09894419762792704
5877,d5261325-e40c-4ed4-bbbf-5ce24d3de844,Karlstraße 15,2025-07-11 21:00:00+00:00,0.09119119445211109
5878,d5261325-e40c-4ed4-bbbf-5ce24d3de844,Karlstraße 15,2025-07-11 22:00:00+00:00,0.0906283629093558
5879,d5261325-e40c-4ed4-bbbf-5ce24d3de844,Karlstraße 15,2025-07-11 23:00:00+00:00,0.09423548242242251
5880,d5261325-e40c-4ed4-bbbf-5ce24d3de844,Karlstraße 15,2025-07-12 00:00:00+00:00,0.09796143176529988
5881,d5261325-e40c-4ed4-bbbf-5ce24d3de844,Karlstraße 15,2025-07-12 01:00:00+00:00,0.09640196777058145
5882,d5261325-e40c-4ed4-bbbf-5ce24d3de844,Karlstraße 15,2025-07-12 02:00:00+00:00,0.09800101905232377
5883,d5261325-e40c-4ed4-bbbf-5ce24d3de844,Karlstraße 15,2025-07-12 03:00:00+00:00,0.10724218146271557
5884,d5261325-e40c-4ed4-bbbf-5ce24d3de844,Karlstraße 15,2025-07-12 04:00:00+00:00,0.1146652937088688
5885,d5261325-e40c-4ed4-bbbf-5ce24d3de844,Karlstraße 15,2025-07-12 05:00:00+00:00,0.11773449109214192
5886,d5261325-e40c-4ed4-bbbf-5ce24d3de844,Karlstraße 15,2025-07-12 06:00:00+00:00,0.12259475719393881
5887,d5261325-e40c-4ed4-bbbf-5ce24d3de844,Karlstraße 15,2025-07-12 07:00:00+00:00,0.13084813500179845
5888,d5261325-e40c-4ed4-bbbf-5ce24d3de844,Karlstraße 15,2025-07-12 08:00:00+00:00,0.166778629867627
5889,d5261325-e40c-4ed4-bbbf-5ce24d3de844,Karlstraße 15,2025-07-12 09:00:00+00:00,0.14307617102832
5890,d5261325-e40c-4ed4-bbbf-5ce24d3de844,Karlstraße 15,2025-07-12 10:00:00+00:00,0.1270258835293487
5891,d5261325-e40c-4ed4-bbbf-5ce24d3de844,Karlstraße 15,2025-07-12 11:00:00+00:00,0.12301757606331483
5892,d5261325-e40c-4ed4-bbbf-5ce24d3de844,Karlstraße 15,2025-07-12 12:00:00+00:00,0.11814060916106735
5893,d5261325-e40c-4ed4-bbbf-5ce24d3de844,Karlstraße 15,2025-07-12 13:00:00+00:00,0.10299969626516817
5894,d5261325-e40c-4ed4-bbbf-5ce24d3de844,Karlstraße 15,2025-07-12 14:00:00+00:00,0.0810147649469409
5895,d5261325-e40c-4ed4-bbbf-5ce24d3de844,Karlstraße 15,2025-07-12 15:00:00+00:00,0.08735511213518493
5896,d5261325-e40c-4ed4-bbbf-5ce24d3de844,Karlstraße 15,2025-07-12 16:00:00+00:00,0.08837269667324084
5897,d5261325-e40c-4ed4-bbbf-5ce24d3de844,Karlstraße 15,2025-07-12 17:00:00+00:00,0.08617379017062189
5898,d5261325-e40c-4ed4-bbbf-5ce24d3de844,Karlstraße 15,2025-07-12 18:00:00+00:00,0.07596439777015718
5899,d5261325-e40c-4ed4-bbbf-5ce24d3de844,Karlstraße 15,2025-07-12 19:00:00+00:00,0.07403788414111086
5900,d5261325-e40c-4ed4-bbbf-5ce24d3de844,Karlstraße 15,2025-07-12 20:00:00+00:00,0.07410432130622073
5901,d5261325-e40c-4ed4-bbbf-5ce24d3de844,Karlstraße 15,2025-07-12 21:00:00+00:00,0.06522701465535428
5902,d5261325-e40c-4ed4-bbbf-5ce24d3de844,Karlstraße 15,2025-07-12 22:00:00+00:00,0.08115238266822944
5903,d5261325-e40c-4ed4-bbbf-5ce24d3de844,Karlstraße 15,2025-07-12 23:00:00+00:00,0.08674650479034023
5904,d5261325-e40c-4ed4-bbbf-5ce24d3de844,Karlstraße 15,2025-07-13 00:00:00+00:00,0.09030846711820946
5905,d5261325-e40c-4ed4-bbbf-5ce24d3de844,Karlstraße 15,2025-07-13 01:00:00+00:00,0.09602543314838505
5906,d5261325-e40c-4ed4-bbbf-5ce24d3de844,Karlstraße 15,2025-07-13 02:00:00+00:00,0.09581687394580286
5907,d5261325-e40c-4ed4-bbbf-5ce24d3de844,Karlstraße 15,2025-07-13 03:00:00+00:00,0.0942334265188625
5908,d5261325-e40c-4ed4-bbbf-5ce24d3de844,Karlstraße 15,2025-07-13 04:00:00+00:00,0.09825956023154636
5909,d5261325-e40c-4ed4-bbbf-5ce24d3de844,Karlstraße 15,2025-07-13 05:00:00+00:00,0.0913517568311565
5910,d5261325-e40c-4ed4-bbbf-5ce24d3de844,Karlstraße 15,2025-07-13 06:00:00+00:00,0.07584288956626052
5911,d5261325-e40c-4ed4-bbbf-5ce24d3de844,Karlstraße 15,2025-07-13 07:00:00+00:00,0.052791775824727334
5912,d5261325-e40c-4ed4-bbbf-5ce24d3de844,Karlstraße 15,2025-07-13 08:00:00+00:00,0.03506766722271171
5913,d5261325-e40c-4ed4-bbbf-5ce24d3de844,Karlstraße 15,2025-07-13 09:00:00+00:00,0.033603009164856854
5914,d5261325-e40c-4ed4-bbbf-5ce24d3de844,Karlstraße 15,2025-07-13 10:00:00+00:00,0.040864379502156156
5915,d5261325-e40c-4ed4-bbbf-5ce24d3de844,Karlstraße 15,2025-07-13 11:00:00+00:00,0.045508295915608774
5916,d5261325-e40c-4ed4-bbbf-5ce24d3de844,Karlstraße 15,2025-07-13 12:00:00+00:00,0.05555219336973843
5917,d5261325-e40c-4ed4-bbbf-5ce24d3de844,Karlstraße 15,2025-07-13 13:00:00+00:00,0.05260818725822451
5918,d5261325-e40c-4ed4-bbbf-5ce24d3de844,Karlstraße 15,2025-07-13 14:00:00+00:00,0.05734226845433041
5919,d5261325-e40c-4ed4-bbbf-5ce24d3de844,Karlstraße 15,2025-07-13 15:00:00+00:00,0.04569785838022823
5920,d5261325-e40c-4ed4-bbbf-5ce24d3de844,Karlstraße 15,2025-07-13 16:00:00+00:00,0.043993834114295055
5921,d5261325-e40c-4ed4-bbbf-5ce24d3de844,Karlstraße 15,2025-07-13 17:00:00+00:00,0.041709472117602876
5922,d5261325-e40c-4ed4-bbbf-5ce24d3de844,Karlstraße 15,2025-07-13 18:00:00+00:00,0.039636009526300316
5923,d5261325-e40c-4ed4-bbbf-5ce24d3de844,Karlstraße 15,2025-07-13 19:00:00+00:00,0.03940740483167756
5924,d5261325-e40c-4ed4-bbbf-5ce24d3de844,Karlstraße 15,2025-07-13 20:00:00+00:00,0.038475211379635846
5925,d5261325-e40c-4ed4-bbbf-5ce24d3de844,Karlstraße 15,2025-07-13 21:00:00+00:00,0.0366640935750393
5926,d5261325-e40c-4ed4-bbbf-5ce24d3de844,Karlstraße 15,2025-07-13 22:00:00+00:00,0.026252173258185837
5927,d5261325-e40c-4ed4-bbbf-5ce24d3de844,Karlstraße 15,2025-07-13 23:00:00+00:00,0.02918317787844364
5928,d52b73da-cc5a-4e5d-83dd-3c028d3435ca,Alicestraße 2,2025-07-01 00:00:00+00:00,0.019141446435149014
5929,d52b73da-cc5a-4e5d-83dd-3c028d3435ca,Alicestraße 2,2025-07-01 01:00:00+00:00,0.019271217221506553
5930,d52b73da-cc5a-4e5d-83dd-3c028d3435ca,Alicestraße 2,2025-07-01 02:00:00+00:00,0.018574128647455942
5931,d52b73da-cc5a-4e5d-83dd-3c028d3435ca,Alicestraße 2,2025-07-01 03:00:00+00:00,0.016561870493737623
5932,d52b73da-cc5a-4e5d-83dd-3c028d3435ca,Alicestraße 2,2025-07-01 04:00:00+00:00,0.017302514398641267
5933,d52b73da-cc5a-4e5d-83dd-3c028d3435ca,Alicestraße 2,2025-07-01 05:00:00+00:00,0.018272500049811943
5934,d52b73da-cc5a-4e5d-83dd-3c028d3435ca,Alicestraße 2,2025-07-01 06:00:00+00:00,0.023661405719943338
5935,d52b73da-cc5a-4e5d-83dd-3c028d3435ca,Alicestraße 2,2025-07-01 07:00:00+00:00,0.023612581892613584
5936,d52b73da-cc5a-4e5d-83dd-3c028d3435ca,Alicestraße 2,2025-07-01 08:00:00+00:00,0.024324627933610243
5937,d52b73da-cc5a-4e5d-83dd-3c028d3435ca,Alicestraße 2,2025-07-01 09:00:00+00:00,0.05069224663987616
5938,d52b73da-cc5a-4e5d-83dd-3c028d3435ca,Alicestraße 2,2025-07-01 10:00:00+00:00,0.0538660006345907
5939,d52b73da-cc5a-4e5d-83dd-3c028d3435ca,Alicestraße 2,2025-07-01 11:00:00+00:00,0.05858562416892583
5940,d52b73da-cc5a-4e5d-83dd-3c028d3435ca,Alicestraße 2,2025-07-01 12:00:00+00:00,0.06511775030126067
5941,d52b73da-cc5a-4e5d-83dd-3c028d3435ca,Alicestraße 2,2025-07-01 13:00:00+00:00,0.07160754812353945
5942,d52b73da-cc5a-4e5d-83dd-3c028d3435ca,Alicestraße 2,2025-07-01 14:00:00+00:00,0.06746119572108528
5943,d52b73da-cc5a-4e5d-83dd-3c028d3435ca,Alicestraße 2,2025-07-01 15:00:00+00:00,0.06304073670332894
5944,d52b73da-cc5a-4e5d-83dd-3c028d3435ca,Alicestraße 2,2025-07-01 16:00:00+00:00,0.062191019369511116
5945,d52b73da-cc5a-4e5d-83dd-3c028d3435ca,Alicestraße 2,2025-07-01 17:00:00+00:00,0.05849605776062361
5946,d52b73da-cc5a-4e5d-83dd-3c028d3435ca,Alicestraße 2,2025-07-01 18:00:00+00:00,0.05491524131971106
5947,d52b73da-cc5a-4e5d-83dd-3c028d3435ca,Alicestraße 2,2025-07-01 19:00:00+00:00,0.052866779997901604
5948,d52b73da-cc5a-4e5d-83dd-3c028d3435ca,Alicestraße 2,2025-07-01 20:00:00+00:00,0.05182151271712067
5949,d52b73da-cc5a-4e5d-83dd-3c028d3435ca,Alicestraße 2,2025-07-01 21:00:00+00:00,0.05039750368263751
5950,d52b73da-cc5a-4e5d-83dd-3c028d3435ca,Alicestraße 2,2025-07-01 22:00:00+00:00,0.05045573914839198
5951,d52b73da-cc5a-4e5d-83dd-3c028d3435ca,Alicestraße 2,2025-07-01 23:00:00+00:00,0.0490635402114883
5952,d52b73da-cc5a-4e5d-83dd-3c028d3435ca,Alicestraße 2,2025-07-02 00:00:00+00:00,0.05024576560359204
5953,d52b73da-cc5a-4e5d-83dd-3c028d3435ca,Alicestraße 2,2025-07-02 01:00:00+00:00,0.051520739022814836
5954,d52b73da-cc5a-4e5d-83dd-3c028d3435ca,Alicestraße 2,2025-07-02 02:00:00+00:00,0.053356312125279665
5955,d52b73da-cc5a-4e5d-83dd-3c028d3435ca,Alicestraße 2,2025-07-02 03:00:00+00:00,0.05666946922118843
5956,d52b73da-cc5a-4e5d-83dd-3c028d3435ca,Alicestraße 2,2025-07-02 04:00:00+00:00,0.05868054787826822
5957,d52b73da-cc5a-4e5d-83dd-3c028d3435ca,Alicestraße 2,2025-07-02 05:00:00+00:00,0.06319890996846807
5958,d52b73da-cc5a-4e5d-83dd-3c028d3435ca,Alicestraße 2,2025-07-02 06:00:00+00:00,0.05648689230261952
5959,d52b73da-cc5a-4e5d-83dd-3c028d3435ca,Alicestraße 2,2025-07-02 07:00:00+00:00,0.04416134818218054
5960,d52b73da-cc5a-4e5d-83dd-3c028d3435ca,Alicestraße 2,2025-07-02 08:00:00+00:00,0.02987250745968214
5961,d52b73da-cc5a-4e5d-83dd-3c028d3435ca,Alicestraße 2,2025-07-02 09:00:00+00:00,0.03426887826998811
5962,d52b73da-cc5a-4e5d-83dd-3c028d3435ca,Alicestraße 2,2025-07-02 10:00:00+00:00,0.040340306442025596
5963,d52b73da-cc5a-4e5d-83dd-3c028d3435ca,Alicestraße 2,2025-07-02 11:00:00+00:00,0.04356791039760078
5964,d52b73da-cc5a-4e5d-83dd-3c028d3435ca,Alicestraße 2,2025-07-02 12:00:00+00:00,0.04639937546880577
5965,d52b73da-cc5a-4e5d-83dd-3c028d3435ca,Alicestraße 2,2025-07-02 13:00:00+00:00,0.04784067276887104
5966,d52b73da-cc5a-4e5d-83dd-3c028d3435ca,Alicestraße 2,2025-07-02 14:00:00+00:00,0.04780223545813945
5967,d52b73da-cc5a-4e5d-83dd-3c028d3435ca,Alicestraße 2,2025-07-02 15:00:00+00:00,0.04058065619511863
5968,d52b73da-cc5a-4e5d-83dd-3c028d3435ca,Alicestraße 2,2025-07-02 16:00:00+00:00,0.03641405379959051
5969,d52b73da-cc5a-4e5d-83dd-3c028d3435ca,Alicestraße 2,2025-07-02 17:00:00+00:00,0.036438932094045376
5970,d52b73da-cc5a-4e5d-83dd-3c028d3435ca,Alicestraße 2,2025-07-02 18:00:00+00:00,0.036922559680426986
5971,d52b73da-cc5a-4e5d-83dd-3c028d3435ca,Alicestraße 2,2025-07-02 19:00:00+00:00,0.03510021971171165
5972,d52b73da-cc5a-4e5d-83dd-3c028d3435ca,Alicestraße 2,2025-07-02 20:00:00+00:00,0.033141637850913744
5973,d52b73da-cc5a-4e5d-83dd-3c028d3435ca,Alicestraße 2,2025-07-02 21:00:00+00:00,0.03190401954852815
5974,d52b73da-cc5a-4e5d-83dd-3c028d3435ca,Alicestraße 2,2025-07-02 22:00:00+00:00,0.05879389996835674
5975,d52b73da-cc5a-4e5d-83dd-3c028d3435ca,Alicestraße 2,2025-07-02 23:00:00+00:00,0.06438598070454325
5976,d52b73da-cc5a-4e5d-83dd-3c028d3435ca,Alicestraße 2,2025-07-03 00:00:00+00:00,0.06479403704505722
5977,d52b73da-cc5a-4e5d-83dd-3c028d3435ca,Alicestraße 2,2025-07-03 01:00:00+00:00,0.06484712074019616
5978,d52b73da-cc5a-4e5d-83dd-3c028d3435ca,Alicestraße 2,2025-07-03 02:00:00+00:00,0.07087706324356527
5979,d52b73da-cc5a-4e5d-83dd-3c028d3435ca,Alicestraße 2,2025-07-03 03:00:00+00:00,0.0705314646697088
5980,d52b73da-cc5a-4e5d-83dd-3c028d3435ca,Alicestraße 2,2025-07-03 04:00:00+00:00,0.07040883443180786
5981,d52b73da-cc5a-4e5d-83dd-3c028d3435ca,Alicestraße 2,2025-07-03 05:00:00+00:00,0.07020462526778883
5982,d52b73da-cc5a-4e5d-83dd-3c028d3435ca,Alicestraße 2,2025-07-03 06:00:00+00:00,0.06836418155705673
5983,d52b73da-cc5a-4e5d-83dd-3c028d3435ca,Alicestraße 2,2025-07-03 07:00:00+00:00,0.07333426228374842
5984,d52b73da-cc5a-4e5d-83dd-3c028d3435ca,Alicestraße 2,2025-07-03 08:00:00+00:00,0.09413672920716562
5985,d52b73da-cc5a-4e5d-83dd-3c028d3435ca,Alicestraße 2,2025-07-03 09:00:00+00:00,0.10524572349922381
5986,d52b73da-cc5a-4e5d-83dd-3c028d3435ca,Alicestraße 2,2025-07-03 10:00:00+00:00,0.1064954017173421
5987,d52b73da-cc5a-4e5d-83dd-3c028d3435ca,Alicestraße 2,2025-07-03 11:00:00+00:00,0.101489801679605
5988,d52b73da-cc5a-4e5d-83dd-3c028d3435ca,Alicestraße 2,2025-07-03 12:00:00+00:00,0.08295796157525809
5989,d52b73da-cc5a-4e5d-83dd-3c028d3435ca,Alicestraße 2,2025-07-03 13:00:00+00:00,0.07173974809552074
5990,d52b73da-cc5a-4e5d-83dd-3c028d3435ca,Alicestraße 2,2025-07-03 14:00:00+00:00,0.06489227631758293
5991,d52b73da-cc5a-4e5d-83dd-3c028d3435ca,Alicestraße 2,2025-07-03 15:00:00+00:00,0.06767875662682474
5992,d52b73da-cc5a-4e5d-83dd-3c028d3435ca,Alicestraße 2,2025-07-03 16:00:00+00:00,0.058030263801699476
5993,d52b73da-cc5a-4e5d-83dd-3c028d3435ca,Alicestraße 2,2025-07-03 17:00:00+00:00,0.05532898276705544
5994,d52b73da-cc5a-4e5d-83dd-3c028d3435ca,Alicestraße 2,2025-07-03 18:00:00+00:00,0.05548266315821894
5995,d52b73da-cc5a-4e5d-83dd-3c028d3435ca,Alicestraße 2,2025-07-03 19:00:00+00:00,0.05463964598181916
5996,d52b73da-cc5a-4e5d-83dd-3c028d3435ca,Alicestraße 2,2025-07-03 20:00:00+00:00,0.055325635275890996
5997,d52b73da-cc5a-4e5d-83dd-3c028d3435ca,Alicestraße 2,2025-07-03 21:00:00+00:00,0.05688743637715836
5998,d52b73da-cc5a-4e5d-83dd-3c028d3435ca,Alicestraße 2,2025-07-03 22:00:00+00:00,0.02848191320911724
5999,d52b73da-cc5a-4e5d-83dd-3c028d3435ca,Alicestraße 2,2025-07-03 23:00:00+00:00,0.023278186081835125
6000,d52b73da-cc5a-4e5d-83dd-3c028d3435ca,Alicestraße 2,2025-07-04 00:00:00+00:00,0.0375417093784477
6001,d52b73da-cc5a-4e5d-83dd-3c028d3435ca,Alicestraße 2,2025-07-04 01:00:00+00:00,0.03857994794672423
6002,d52b73da-cc5a-4e5d-83dd-3c028d3435ca,Alicestraße 2,2025-07-04 02:00:00+00:00,0.03259669732980041
6003,d52b73da-cc5a-4e5d-83dd-3c028d3435ca,Alicestraße 2,2025-07-04 03:00:00+00:00,0.03202853835355714
6004,d52b73da-cc5a-4e5d-83dd-3c028d3435ca,Alicestraße 2,2025-07-04 04:00:00+00:00,0.03177151614407049
6005,d52b73da-cc5a-4e5d-83dd-3c028d3435ca,Alicestraße 2,2025-07-04 05:00:00+00:00,0.03124874239631018
6006,d52b73da-cc5a-4e5d-83dd-3c028d3435ca,Alicestraße 2,2025-07-04 06:00:00+00:00,0.031028152922944544
6007,d52b73da-cc5a-4e5d-83dd-3c028d3435ca,Alicestraße 2,2025-07-04 07:00:00+00:00,0.03149884784075443
6008,d52b73da-cc5a-4e5d-83dd-3c028d3435ca,Alicestraße 2,2025-07-04 08:00:00+00:00,0.0363906921812814
6009,d52b73da-cc5a-4e5d-83dd-3c028d3435ca,Alicestraße 2,2025-07-04 09:00:00+00:00,0.03835098448993335
6010,d52b73da-cc5a-4e5d-83dd-3c028d3435ca,Alicestraße 2,2025-07-04 10:00:00+00:00,0.03892893768312146
6011,d52b73da-cc5a-4e5d-83dd-3c028d3435ca,Alicestraße 2,2025-07-04 11:00:00+00:00,0.04446057265407909
6012,d52b73da-cc5a-4e5d-83dd-3c028d3435ca,Alicestraße 2,2025-07-04 12:00:00+00:00,0.05392836157698235
6013,d52b73da-cc5a-4e5d-83dd-3c028d3435ca,Alicestraße 2,2025-07-04 13:00:00+00:00,0.062452669139464005
6014,d52b73da-cc5a-4e5d-83dd-3c028d3435ca,Alicestraße 2,2025-07-04 14:00:00+00:00,0.06956649913331568
6015,d52b73da-cc5a-4e5d-83dd-3c028d3435ca,Alicestraße 2,2025-07-04 15:00:00+00:00,0.11755971112613227
6016,d52b73da-cc5a-4e5d-83dd-3c028d3435ca,Alicestraße 2,2025-07-04 16:00:00+00:00,0.11947903809708128
6017,d52b73da-cc5a-4e5d-83dd-3c028d3435ca,Alicestraße 2,2025-07-04 17:00:00+00:00,0.10482229877781574
6018,d52b73da-cc5a-4e5d-83dd-3c028d3435ca,Alicestraße 2,2025-07-04 18:00:00+00:00,0.09600437947664782
6019,d52b73da-cc5a-4e5d-83dd-3c028d3435ca,Alicestraße 2,2025-07-04 19:00:00+00:00,0.09016498460110138
6020,d52b73da-cc5a-4e5d-83dd-3c028d3435ca,Alicestraße 2,2025-07-04 20:00:00+00:00,0.08258999539814156
6021,d52b73da-cc5a-4e5d-83dd-3c028d3435ca,Alicestraße 2,2025-07-04 21:00:00+00:00,0.08126930382165701
6022,d52b73da-cc5a-4e5d-83dd-3c028d3435ca,Alicestraße 2,2025-07-04 22:00:00+00:00,0.0857088130591683
6023,d52b73da-cc5a-4e5d-83dd-3c028d3435ca,Alicestraße 2,2025-07-04 23:00:00+00:00,0.09098274066071141
6024,d52b73da-cc5a-4e5d-83dd-3c028d3435ca,Alicestraße 2,2025-07-05 00:00:00+00:00,0.07358135740198352
6025,d52b73da-cc5a-4e5d-83dd-3c028d3435ca,Alicestraße 2,2025-07-05 01:00:00+00:00,0.06879606535316724
6026,d52b73da-cc5a-4e5d-83dd-3c028d3435ca,Alicestraße 2,2025-07-05 02:00:00+00:00,0.07349045521808681
6027,d52b73da-cc5a-4e5d-83dd-3c028d3435ca,Alicestraße 2,2025-07-05 03:00:00+00:00,0.08032053124740958
6028,d52b73da-cc5a-4e5d-83dd-3c028d3435ca,Alicestraße 2,2025-07-05 04:00:00+00:00,0.08122640102901318
6029,d52b73da-cc5a-4e5d-83dd-3c028d3435ca,Alicestraße 2,2025-07-05 05:00:00+00:00,0.08512742123317647
6030,d52b73da-cc5a-4e5d-83dd-3c028d3435ca,Alicestraße 2,2025-07-05 06:00:00+00:00,0.08883156171554125
6031,d52b73da-cc5a-4e5d-83dd-3c028d3435ca,Alicestraße 2,2025-07-05 07:00:00+00:00,0.09439706188225945
6032,d52b73da-cc5a-4e5d-83dd-3c028d3435ca,Alicestraße 2,2025-07-05 08:00:00+00:00,0.11551599911014844
6033,d52b73da-cc5a-4e5d-83dd-3c028d3435ca,Alicestraße 2,2025-07-05 09:00:00+00:00,0.11048733511438388
6034,d52b73da-cc5a-4e5d-83dd-3c028d3435ca,Alicestraße 2,2025-07-05 10:00:00+00:00,0.1740421695476785
6035,d52b73da-cc5a-4e5d-83dd-3c028d3435ca,Alicestraße 2,2025-07-05 11:00:00+00:00,0.14572228619703284
6036,d52b73da-cc5a-4e5d-83dd-3c028d3435ca,Alicestraße 2,2025-07-05 12:00:00+00:00,0.14582638304691678
6037,d52b73da-cc5a-4e5d-83dd-3c028d3435ca,Alicestraße 2,2025-07-05 13:00:00+00:00,0.19102028014775824
6038,d52b73da-cc5a-4e5d-83dd-3c028d3435ca,Alicestraße 2,2025-07-05 14:00:00+00:00,0.20126202893519723
6039,d52b73da-cc5a-4e5d-83dd-3c028d3435ca,Alicestraße 2,2025-07-05 15:00:00+00:00,0.23853754405614297
6040,d52b73da-cc5a-4e5d-83dd-3c028d3435ca,Alicestraße 2,2025-07-05 16:00:00+00:00,0.2518262368250838
6041,d52b73da-cc5a-4e5d-83dd-3c028d3435ca,Alicestraße 2,2025-07-05 17:00:00+00:00,0.24473366660752027
6042,d52b73da-cc5a-4e5d-83dd-3c028d3435ca,Alicestraße 2,2025-07-05 18:00:00+00:00,0.2036640792096121
6043,d52b73da-cc5a-4e5d-83dd-3c028d3435ca,Alicestraße 2,2025-07-05 19:00:00+00:00,0.16544504024740814
6044,d52b73da-cc5a-4e5d-83dd-3c028d3435ca,Alicestraße 2,2025-07-05 20:00:00+00:00,0.16343858869517286
6045,d52b73da-cc5a-4e5d-83dd-3c028d3435ca,Alicestraße 2,2025-07-05 21:00:00+00:00,0.1706821661901158
6046,d52b73da-cc5a-4e5d-83dd-3c028d3435ca,Alicestraße 2,2025-07-05 22:00:00+00:00,0.1866112169050578
6047,d52b73da-cc5a-4e5d-83dd-3c028d3435ca,Alicestraße 2,2025-07-05 23:00:00+00:00,0.2046875196717633
6048,d52b73da-cc5a-4e5d-83dd-3c028d3435ca,Alicestraße 2,2025-07-06 00:00:00+00:00,0.19822237625136913
6049,d52b73da-cc5a-4e5d-83dd-3c028d3435ca,Alicestraße 2,2025-07-06 01:00:00+00:00,0.16989217174519472
6050,d52b73da-cc5a-4e5d-83dd-3c028d3435ca,Alicestraße 2,2025-07-06 02:00:00+00:00,0.14534446416115904
6051,d52b73da-cc5a-4e5d-83dd-3c028d3435ca,Alicestraße 2,2025-07-06 03:00:00+00:00,0.12726100523186135
6052,d52b73da-cc5a-4e5d-83dd-3c028d3435ca,Alicestraße 2,2025-07-06 04:00:00+00:00,0.1165373013597906
6053,d52b73da-cc5a-4e5d-83dd-3c028d3435ca,Alicestraße 2,2025-07-06 05:00:00+00:00,0.14027036414782532
6054,d52b73da-cc5a-4e5d-83dd-3c028d3435ca,Alicestraße 2,2025-07-06 06:00:00+00:00,0.15984024193807708
6055,d52b73da-cc5a-4e5d-83dd-3c028d3435ca,Alicestraße 2,2025-07-06 07:00:00+00:00,0.154087052330042
6056,d52b73da-cc5a-4e5d-83dd-3c028d3435ca,Alicestraße 2,2025-07-06 08:00:00+00:00,0.08329933168157024
6057,d52b73da-cc5a-4e5d-83dd-3c028d3435ca,Alicestraße 2,2025-07-06 09:00:00+00:00,0.09310436438767317
6058,d52b73da-cc5a-4e5d-83dd-3c028d3435ca,Alicestraße 2,2025-07-06 10:00:00+00:00,0.08333071073786297
6059,d52b73da-cc5a-4e5d-83dd-3c028d3435ca,Alicestraße 2,2025-07-06 11:00:00+00:00,0.0790640403877729
6060,d52b73da-cc5a-4e5d-83dd-3c028d3435ca,Alicestraße 2,2025-07-06 12:00:00+00:00,0.0407210413251965
6061,d52b73da-cc5a-4e5d-83dd-3c028d3435ca,Alicestraße 2,2025-07-06 13:00:00+00:00,0.0842534867450014
6062,d52b73da-cc5a-4e5d-83dd-3c028d3435ca,Alicestraße 2,2025-07-06 14:00:00+00:00,0.10765642376301855
6063,d52b73da-cc5a-4e5d-83dd-3c028d3435ca,Alicestraße 2,2025-07-06 15:00:00+00:00,0.12399845481583034
6064,d52b73da-cc5a-4e5d-83dd-3c028d3435ca,Alicestraße 2,2025-07-06 16:00:00+00:00,0.11942268162895162
6065,d52b73da-cc5a-4e5d-83dd-3c028d3435ca,Alicestraße 2,2025-07-06 17:00:00+00:00,0.10155440436231658
6066,d52b73da-cc5a-4e5d-83dd-3c028d3435ca,Alicestraße 2,2025-07-06 18:00:00+00:00,0.06611650558032027
6067,d52b73da-cc5a-4e5d-83dd-3c028d3435ca,Alicestraße 2,2025-07-06 19:00:00+00:00,0.05478302192950842
6068,d52b73da-cc5a-4e5d-83dd-3c028d3435ca,Alicestraße 2,2025-07-06 20:00:00+00:00,0.053700973155218525
6069,d52b73da-cc5a-4e5d-83dd-3c028d3435ca,Alicestraße 2,2025-07-06 21:00:00+00:00,0.054905650849461064
6070,d52b73da-cc5a-4e5d-83dd-3c028d3435ca,Alicestraße 2,2025-07-06 22:00:00+00:00,0.08726043278391676
6071,d52b73da-cc5a-4e5d-83dd-3c028d3435ca,Alicestraße 2,2025-07-06 23:00:00+00:00,0.10682759423494481
6072,d52b73da-cc5a-4e5d-83dd-3c028d3435ca,Alicestraße 2,2025-07-07 00:00:00+00:00,0.1112001250845454
6073,d52b73da-cc5a-4e5d-83dd-3c028d3435ca,Alicestraße 2,2025-07-07 01:00:00+00:00,0.11611907795411319
6074,d52b73da-cc5a-4e5d-83dd-3c028d3435ca,Alicestraße 2,2025-07-07 02:00:00+00:00,0.12961063614967544
6075,d52b73da-cc5a-4e5d-83dd-3c028d3435ca,Alicestraße 2,2025-07-07 03:00:00+00:00,0.13969640425619706
6076,d52b73da-cc5a-4e5d-83dd-3c028d3435ca,Alicestraße 2,2025-07-07 04:00:00+00:00,0.1462715257544071
6077,d52b73da-cc5a-4e5d-83dd-3c028d3435ca,Alicestraße 2,2025-07-07 05:00:00+00:00,0.1559762262145619
6078,d52b73da-cc5a-4e5d-83dd-3c028d3435ca,Alicestraße 2,2025-07-07 06:00:00+00:00,0.15761068840146328
6079,d52b73da-cc5a-4e5d-83dd-3c028d3435ca,Alicestraße 2,2025-07-07 07:00:00+00:00,0.14174618335702802
6080,d52b73da-cc5a-4e5d-83dd-3c028d3435ca,Alicestraße 2,2025-07-07 08:00:00+00:00,0.12178559628930448
6081,d52b73da-cc5a-4e5d-83dd-3c028d3435ca,Alicestraße 2,2025-07-07 09:00:00+00:00,0.14577387635293715
6082,d52b73da-cc5a-4e5d-83dd-3c028d3435ca,Alicestraße 2,2025-07-07 10:00:00+00:00,0.17058618089537206
6083,d52b73da-cc5a-4e5d-83dd-3c028d3435ca,Alicestraße 2,2025-07-07 11:00:00+00:00,0.18798486685238752
6084,d52b73da-cc5a-4e5d-83dd-3c028d3435ca,Alicestraße 2,2025-07-07 12:00:00+00:00,0.1923277373150193
6085,d52b73da-cc5a-4e5d-83dd-3c028d3435ca,Alicestraße 2,2025-07-07 13:00:00+00:00,0.12722013843289634
6086,d52b73da-cc5a-4e5d-83dd-3c028d3435ca,Alicestraße 2,2025-07-07 14:00:00+00:00,0.09410727002044425
6087,d52b73da-cc5a-4e5d-83dd-3c028d3435ca,Alicestraße 2,2025-07-07 15:00:00+00:00,0.09776231703470716
6088,d52b73da-cc5a-4e5d-83dd-3c028d3435ca,Alicestraße 2,2025-07-07 16:00:00+00:00,0.09621432193513373
6089,d52b73da-cc5a-4e5d-83dd-3c028d3435ca,Alicestraße 2,2025-07-07 17:00:00+00:00,0.09553200247811794
6090,d52b73da-cc5a-4e5d-83dd-3c028d3435ca,Alicestraße 2,2025-07-07 18:00:00+00:00,0.09555928219878448
6091,d52b73da-cc5a-4e5d-83dd-3c028d3435ca,Alicestraße 2,2025-07-07 19:00:00+00:00,0.09518602327565032
6092,d52b73da-cc5a-4e5d-83dd-3c028d3435ca,Alicestraße 2,2025-07-07 20:00:00+00:00,0.09620882884303089
6093,d52b73da-cc5a-4e5d-83dd-3c028d3435ca,Alicestraße 2,2025-07-07 21:00:00+00:00,0.0970628456555712
6094,d52b73da-cc5a-4e5d-83dd-3c028d3435ca,Alicestraße 2,2025-07-07 22:00:00+00:00,0.05777426919215259
6095,d52b73da-cc5a-4e5d-83dd-3c028d3435ca,Alicestraße 2,2025-07-07 23:00:00+00:00,0.0407078583160627
6096,d52b73da-cc5a-4e5d-83dd-3c028d3435ca,Alicestraße 2,2025-07-08 00:00:00+00:00,0.032142296628426645
6097,d52b73da-cc5a-4e5d-83dd-3c028d3435ca,Alicestraße 2,2025-07-08 01:00:00+00:00,0.029548119063945017
6098,d52b73da-cc5a-4e5d-83dd-3c028d3435ca,Alicestraße 2,2025-07-08 02:00:00+00:00,0.03000048466439821
6099,d52b73da-cc5a-4e5d-83dd-3c028d3435ca,Alicestraße 2,2025-07-08 03:00:00+00:00,0.027008745311341023
6100,d52b73da-cc5a-4e5d-83dd-3c028d3435ca,Alicestraße 2,2025-07-08 04:00:00+00:00,0.02778995073410913
6101,d52b73da-cc5a-4e5d-83dd-3c028d3435ca,Alicestraße 2,2025-07-08 05:00:00+00:00,0.02856017985944888
6102,d52b73da-cc5a-4e5d-83dd-3c028d3435ca,Alicestraße 2,2025-07-08 06:00:00+00:00,0.028035611400833268
6103,d52b73da-cc5a-4e5d-83dd-3c028d3435ca,Alicestraße 2,2025-07-08 07:00:00+00:00,0.02881846613734239
6104,d52b73da-cc5a-4e5d-83dd-3c028d3435ca,Alicestraße 2,2025-07-08 08:00:00+00:00,0.029266598767272847
6105,d52b73da-cc5a-4e5d-83dd-3c028d3435ca,Alicestraße 2,2025-07-08 09:00:00+00:00,0.033600643393194
6106,d52b73da-cc5a-4e5d-83dd-3c028d3435ca,Alicestraße 2,2025-07-08 10:00:00+00:00,0.05668930918086277
6107,d52b73da-cc5a-4e5d-83dd-3c028d3435ca,Alicestraße 2,2025-07-08 11:00:00+00:00,0.08157960565520359
6108,d52b73da-cc5a-4e5d-83dd-3c028d3435ca,Alicestraße 2,2025-07-08 12:00:00+00:00,0.08376410155688713
6109,d52b73da-cc5a-4e5d-83dd-3c028d3435ca,Alicestraße 2,2025-07-08 13:00:00+00:00,0.14339577502931106
6110,d52b73da-cc5a-4e5d-83dd-3c028d3435ca,Alicestraße 2,2025-07-08 14:00:00+00:00,0.15478427229224606
6111,d52b73da-cc5a-4e5d-83dd-3c028d3435ca,Alicestraße 2,2025-07-08 15:00:00+00:00,0.16434406972143156
6112,d52b73da-cc5a-4e5d-83dd-3c028d3435ca,Alicestraße 2,2025-07-08 16:00:00+00:00,0.16254658934858593
6113,d52b73da-cc5a-4e5d-83dd-3c028d3435ca,Alicestraße 2,2025-07-08 17:00:00+00:00,0.14781029280994626
6114,d52b73da-cc5a-4e5d-83dd-3c028d3435ca,Alicestraße 2,2025-07-08 18:00:00+00:00,0.14213580343092047
6115,d52b73da-cc5a-4e5d-83dd-3c028d3435ca,Alicestraße 2,2025-07-08 19:00:00+00:00,0.13565320228277591
6116,d52b73da-cc5a-4e5d-83dd-3c028d3435ca,Alicestraße 2,2025-07-08 20:00:00+00:00,0.13159306138234347
6117,d52b73da-cc5a-4e5d-83dd-3c028d3435ca,Alicestraße 2,2025-07-08 21:00:00+00:00,0.12951022003475726
6118,d52b73da-cc5a-4e5d-83dd-3c028d3435ca,Alicestraße 2,2025-07-08 22:00:00+00:00,0.1263521783052217
6119,d52b73da-cc5a-4e5d-83dd-3c028d3435ca,Alicestraße 2,2025-07-08 23:00:00+00:00,0.12591557263129208
6120,d52b73da-cc5a-4e5d-83dd-3c028d3435ca,Alicestraße 2,2025-07-09 00:00:00+00:00,0.12516207650675015
6121,d52b73da-cc5a-4e5d-83dd-3c028d3435ca,Alicestraße 2,2025-07-09 01:00:00+00:00,0.12873301978794638
6122,d52b73da-cc5a-4e5d-83dd-3c028d3435ca,Alicestraße 2,2025-07-09 02:00:00+00:00,0.1298507149300304
6123,d52b73da-cc5a-4e5d-83dd-3c028d3435ca,Alicestraße 2,2025-07-09 03:00:00+00:00,0.1354205203048031
6124,d52b73da-cc5a-4e5d-83dd-3c028d3435ca,Alicestraße 2,2025-07-09 04:00:00+00:00,0.143269334355653
6125,d52b73da-cc5a-4e5d-83dd-3c028d3435ca,Alicestraße 2,2025-07-09 05:00:00+00:00,0.13898618074789582
6126,d52b73da-cc5a-4e5d-83dd-3c028d3435ca,Alicestraße 2,2025-07-09 06:00:00+00:00,0.13189256844047126
6127,d52b73da-cc5a-4e5d-83dd-3c028d3435ca,Alicestraße 2,2025-07-09 07:00:00+00:00,0.1247536756672681
6128,d52b73da-cc5a-4e5d-83dd-3c028d3435ca,Alicestraße 2,2025-07-09 08:00:00+00:00,0.12133453010106046
6129,d52b73da-cc5a-4e5d-83dd-3c028d3435ca,Alicestraße 2,2025-07-09 09:00:00+00:00,0.09319799051949898
6130,d52b73da-cc5a-4e5d-83dd-3c028d3435ca,Alicestraße 2,2025-07-09 10:00:00+00:00,0.09680166115795244
6131,d52b73da-cc5a-4e5d-83dd-3c028d3435ca,Alicestraße 2,2025-07-09 11:00:00+00:00,0.1643018366605416
6132,d52b73da-cc5a-4e5d-83dd-3c028d3435ca,Alicestraße 2,2025-07-09 12:00:00+00:00,0.2146784875106665
6133,d52b73da-cc5a-4e5d-83dd-3c028d3435ca,Alicestraße 2,2025-07-09 13:00:00+00:00,0.1380283840327713
6134,d52b73da-cc5a-4e5d-83dd-3c028d3435ca,Alicestraße 2,2025-07-09 14:00:00+00:00,0.14303393093850733
6135,d52b73da-cc5a-4e5d-83dd-3c028d3435ca,Alicestraße 2,2025-07-09 15:00:00+00:00,0.1494513747782279
6136,d52b73da-cc5a-4e5d-83dd-3c028d3435ca,Alicestraße 2,2025-07-09 16:00:00+00:00,0.13795616192722224
6137,d52b73da-cc5a-4e5d-83dd-3c028d3435ca,Alicestraße 2,2025-07-09 17:00:00+00:00,0.1297533321165984
6138,d52b73da-cc5a-4e5d-83dd-3c028d3435ca,Alicestraße 2,2025-07-09 18:00:00+00:00,0.1292404949109073
6139,d52b73da-cc5a-4e5d-83dd-3c028d3435ca,Alicestraße 2,2025-07-09 19:00:00+00:00,0.12741171670602916
6140,d52b73da-cc5a-4e5d-83dd-3c028d3435ca,Alicestraße 2,2025-07-09 20:00:00+00:00,0.1274456893106282
6141,d52b73da-cc5a-4e5d-83dd-3c028d3435ca,Alicestraße 2,2025-07-09 21:00:00+00:00,0.12912331336246063
6142,d52b73da-cc5a-4e5d-83dd-3c028d3435ca,Alicestraße 2,2025-07-09 22:00:00+00:00,0.15382616162543344
6143,d52b73da-cc5a-4e5d-83dd-3c028d3435ca,Alicestraße 2,2025-07-09 23:00:00+00:00,0.15763674310573753
6144,d52b73da-cc5a-4e5d-83dd-3c028d3435ca,Alicestraße 2,2025-07-10 00:00:00+00:00,0.15679688918933835
6145,d52b73da-cc5a-4e5d-83dd-3c028d3435ca,Alicestraße 2,2025-07-10 01:00:00+00:00,0.1563746223714853
6146,d52b73da-cc5a-4e5d-83dd-3c028d3435ca,Alicestraße 2,2025-07-10 02:00:00+00:00,0.16013420457202118
6147,d52b73da-cc5a-4e5d-83dd-3c028d3435ca,Alicestraße 2,2025-07-10 03:00:00+00:00,0.1566568425213027
6148,d52b73da-cc5a-4e5d-83dd-3c028d3435ca,Alicestraße 2,2025-07-10 04:00:00+00:00,0.15612591112691718
6149,d52b73da-cc5a-4e5d-83dd-3c028d3435ca,Alicestraße 2,2025-07-10 05:00:00+00:00,0.15648241297580423
6150,d52b73da-cc5a-4e5d-83dd-3c028d3435ca,Alicestraße 2,2025-07-10 06:00:00+00:00,0.1590850887767483
6151,d52b73da-cc5a-4e5d-83dd-3c028d3435ca,Alicestraße 2,2025-07-10 07:00:00+00:00,0.16441667299724086
6152,d52b73da-cc5a-4e5d-83dd-3c028d3435ca,Alicestraße 2,2025-07-10 08:00:00+00:00,0.17516542254519188
6153,d52b73da-cc5a-4e5d-83dd-3c028d3435ca,Alicestraße 2,2025-07-10 09:00:00+00:00,0.1775372527229294
6154,d52b73da-cc5a-4e5d-83dd-3c028d3435ca,Alicestraße 2,2025-07-10 10:00:00+00:00,0.17501635498914953
6155,d52b73da-cc5a-4e5d-83dd-3c028d3435ca,Alicestraße 2,2025-07-10 11:00:00+00:00,0.1382044114177525
6156,d52b73da-cc5a-4e5d-83dd-3c028d3435ca,Alicestraße 2,2025-07-10 12:00:00+00:00,0.07290835089838119
6157,d52b73da-cc5a-4e5d-83dd-3c028d3435ca,Alicestraße 2,2025-07-10 13:00:00+00:00,0.07766184945192676
6158,d52b73da-cc5a-4e5d-83dd-3c028d3435ca,Alicestraße 2,2025-07-10 14:00:00+00:00,0.08207485264367552
6159,d52b73da-cc5a-4e5d-83dd-3c028d3435ca,Alicestraße 2,2025-07-10 15:00:00+00:00,0.08859838789419291
6160,d52b73da-cc5a-4e5d-83dd-3c028d3435ca,Alicestraße 2,2025-07-10 16:00:00+00:00,0.08313749794152839
6161,d52b73da-cc5a-4e5d-83dd-3c028d3435ca,Alicestraße 2,2025-07-10 17:00:00+00:00,0.07884744839956564
6162,d52b73da-cc5a-4e5d-83dd-3c028d3435ca,Alicestraße 2,2025-07-10 18:00:00+00:00,0.07907777170533939
6163,d52b73da-cc5a-4e5d-83dd-3c028d3435ca,Alicestraße 2,2025-07-10 19:00:00+00:00,0.07739723234360832
6164,d52b73da-cc5a-4e5d-83dd-3c028d3435ca,Alicestraße 2,2025-07-10 20:00:00+00:00,0.07647409788800745
6165,d52b73da-cc5a-4e5d-83dd-3c028d3435ca,Alicestraße 2,2025-07-10 21:00:00+00:00,0.07753808890745714
6166,d52b73da-cc5a-4e5d-83dd-3c028d3435ca,Alicestraße 2,2025-07-10 22:00:00+00:00,0.049486680670405646
6167,d52b73da-cc5a-4e5d-83dd-3c028d3435ca,Alicestraße 2,2025-07-10 23:00:00+00:00,0.04478558102804986
6168,d52b73da-cc5a-4e5d-83dd-3c028d3435ca,Alicestraße 2,2025-07-11 00:00:00+00:00,0.04285263492758803
6169,d52b73da-cc5a-4e5d-83dd-3c028d3435ca,Alicestraße 2,2025-07-11 01:00:00+00:00,0.0425023459918656
6170,d52b73da-cc5a-4e5d-83dd-3c028d3435ca,Alicestraße 2,2025-07-11 02:00:00+00:00,0.03874509890697717
6171,d52b73da-cc5a-4e5d-83dd-3c028d3435ca,Alicestraße 2,2025-07-11 03:00:00+00:00,0.03760253585057137
6172,d52b73da-cc5a-4e5d-83dd-3c028d3435ca,Alicestraße 2,2025-07-11 04:00:00+00:00,0.03617388981989595
6173,d52b73da-cc5a-4e5d-83dd-3c028d3435ca,Alicestraße 2,2025-07-11 05:00:00+00:00,0.03747924778212815
6174,d52b73da-cc5a-4e5d-83dd-3c028d3435ca,Alicestraße 2,2025-07-11 06:00:00+00:00,0.04245540105495755
6175,d52b73da-cc5a-4e5d-83dd-3c028d3435ca,Alicestraße 2,2025-07-11 07:00:00+00:00,0.04044841112513404
6176,d52b73da-cc5a-4e5d-83dd-3c028d3435ca,Alicestraße 2,2025-07-11 08:00:00+00:00,0.044352911212381045
6177,d52b73da-cc5a-4e5d-83dd-3c028d3435ca,Alicestraße 2,2025-07-11 09:00:00+00:00,0.04295289440533408
6178,d52b73da-cc5a-4e5d-83dd-3c028d3435ca,Alicestraße 2,2025-07-11 10:00:00+00:00,0.04790745712281018
6179,d52b73da-cc5a-4e5d-83dd-3c028d3435ca,Alicestraße 2,2025-07-11 11:00:00+00:00,0.05192282829842983
6180,d52b73da-cc5a-4e5d-83dd-3c028d3435ca,Alicestraße 2,2025-07-11 12:00:00+00:00,0.05336559416451202
6181,d52b73da-cc5a-4e5d-83dd-3c028d3435ca,Alicestraße 2,2025-07-11 13:00:00+00:00,0.06507083354623233
6182,d52b73da-cc5a-4e5d-83dd-3c028d3435ca,Alicestraße 2,2025-07-11 14:00:00+00:00,0.06764905377255967
6183,d52b73da-cc5a-4e5d-83dd-3c028d3435ca,Alicestraße 2,2025-07-11 15:00:00+00:00,0.11454952863935396
6184,d52b73da-cc5a-4e5d-83dd-3c028d3435ca,Alicestraße 2,2025-07-11 16:00:00+00:00,0.12175926600101987
6185,d52b73da-cc5a-4e5d-83dd-3c028d3435ca,Alicestraße 2,2025-07-11 17:00:00+00:00,0.09838844586418191
6186,d52b73da-cc5a-4e5d-83dd-3c028d3435ca,Alicestraße 2,2025-07-11 18:00:00+00:00,0.08871608662364175
6187,d52b73da-cc5a-4e5d-83dd-3c028d3435ca,Alicestraße 2,2025-07-11 19:00:00+00:00,0.08093469924060273
6188,d52b73da-cc5a-4e5d-83dd-3c028d3435ca,Alicestraße 2,2025-07-11 20:00:00+00:00,0.07556168620723441
6189,d52b73da-cc5a-4e5d-83dd-3c028d3435ca,Alicestraße 2,2025-07-11 21:00:00+00:00,0.07436480390338145
6190,d52b73da-cc5a-4e5d-83dd-3c028d3435ca,Alicestraße 2,2025-07-11 22:00:00+00:00,0.07775160218892706
6191,d52b73da-cc5a-4e5d-83dd-3c028d3435ca,Alicestraße 2,2025-07-11 23:00:00+00:00,0.08243675515590167
6192,d52b73da-cc5a-4e5d-83dd-3c028d3435ca,Alicestraße 2,2025-07-12 00:00:00+00:00,0.08229799891079363
6193,d52b73da-cc5a-4e5d-83dd-3c028d3435ca,Alicestraße 2,2025-07-12 01:00:00+00:00,0.07855379153233913
6194,d52b73da-cc5a-4e5d-83dd-3c028d3435ca,Alicestraße 2,2025-07-12 02:00:00+00:00,0.08344760773432026
6195,d52b73da-cc5a-4e5d-83dd-3c028d3435ca,Alicestraße 2,2025-07-12 03:00:00+00:00,0.08912482480082144
6196,d52b73da-cc5a-4e5d-83dd-3c028d3435ca,Alicestraße 2,2025-07-12 04:00:00+00:00,0.08862045483692178
6197,d52b73da-cc5a-4e5d-83dd-3c028d3435ca,Alicestraße 2,2025-07-12 05:00:00+00:00,0.09144923817417695
6198,d52b73da-cc5a-4e5d-83dd-3c028d3435ca,Alicestraße 2,2025-07-12 06:00:00+00:00,0.09008981542120374
6199,d52b73da-cc5a-4e5d-83dd-3c028d3435ca,Alicestraße 2,2025-07-12 07:00:00+00:00,0.0961832076269321
6200,d52b73da-cc5a-4e5d-83dd-3c028d3435ca,Alicestraße 2,2025-07-12 08:00:00+00:00,0.1146938596752847
6201,d52b73da-cc5a-4e5d-83dd-3c028d3435ca,Alicestraße 2,2025-07-12 09:00:00+00:00,0.10896335699127889
6202,d52b73da-cc5a-4e5d-83dd-3c028d3435ca,Alicestraße 2,2025-07-12 10:00:00+00:00,0.10792837670690189
6203,d52b73da-cc5a-4e5d-83dd-3c028d3435ca,Alicestraße 2,2025-07-12 11:00:00+00:00,0.10298662616817503
6204,d52b73da-cc5a-4e5d-83dd-3c028d3435ca,Alicestraße 2,2025-07-12 12:00:00+00:00,0.10874070909253435
6205,d52b73da-cc5a-4e5d-83dd-3c028d3435ca,Alicestraße 2,2025-07-12 13:00:00+00:00,0.11607907451481872
6206,d52b73da-cc5a-4e5d-83dd-3c028d3435ca,Alicestraße 2,2025-07-12 14:00:00+00:00,0.10554235302220484
6207,d52b73da-cc5a-4e5d-83dd-3c028d3435ca,Alicestraße 2,2025-07-12 15:00:00+00:00,0.11615673279173372
6208,d52b73da-cc5a-4e5d-83dd-3c028d3435ca,Alicestraße 2,2025-07-12 16:00:00+00:00,0.12633803247274958
6209,d52b73da-cc5a-4e5d-83dd-3c028d3435ca,Alicestraße 2,2025-07-12 17:00:00+00:00,0.12014246754164513
6210,d52b73da-cc5a-4e5d-83dd-3c028d3435ca,Alicestraße 2,2025-07-12 18:00:00+00:00,0.0948321819212976
6211,d52b73da-cc5a-4e5d-83dd-3c028d3435ca,Alicestraße 2,2025-07-12 19:00:00+00:00,0.08409867952452878
6212,d52b73da-cc5a-4e5d-83dd-3c028d3435ca,Alicestraße 2,2025-07-12 20:00:00+00:00,0.07457705897310216
6213,d52b73da-cc5a-4e5d-83dd-3c028d3435ca,Alicestraße 2,2025-07-12 21:00:00+00:00,0.07039333193817263
6214,d52b73da-cc5a-4e5d-83dd-3c028d3435ca,Alicestraße 2,2025-07-12 22:00:00+00:00,0.07139931995993268
6215,d52b73da-cc5a-4e5d-83dd-3c028d3435ca,Alicestraße 2,2025-07-12 23:00:00+00:00,0.0754027316154359
6216,d52b73da-cc5a-4e5d-83dd-3c028d3435ca,Alicestraße 2,2025-07-13 00:00:00+00:00,0.07246166799446872
6217,d52b73da-cc5a-4e5d-83dd-3c028d3435ca,Alicestraße 2,2025-07-13 01:00:00+00:00,0.06810486580400506
6218,d52b73da-cc5a-4e5d-83dd-3c028d3435ca,Alicestraße 2,2025-07-13 02:00:00+00:00,0.06953291691024074
6219,d52b73da-cc5a-4e5d-83dd-3c028d3435ca,Alicestraße 2,2025-07-13 03:00:00+00:00,0.06751843680686319
6220,d52b73da-cc5a-4e5d-83dd-3c028d3435ca,Alicestraße 2,2025-07-13 04:00:00+00:00,0.07037146274330335
6221,d52b73da-cc5a-4e5d-83dd-3c028d3435ca,Alicestraße 2,2025-07-13 05:00:00+00:00,0.07928093580712293
6222,d52b73da-cc5a-4e5d-83dd-3c028d3435ca,Alicestraße 2,2025-07-13 06:00:00+00:00,0.08454678411206272
6223,d52b73da-cc5a-4e5d-83dd-3c028d3435ca,Alicestraße 2,2025-07-13 07:00:00+00:00,0.06877220107312816
6224,d52b73da-cc5a-4e5d-83dd-3c028d3435ca,Alicestraße 2,2025-07-13 08:00:00+00:00,0.02166245241962134
6225,d52b73da-cc5a-4e5d-83dd-3c028d3435ca,Alicestraße 2,2025-07-13 09:00:00+00:00,0.04173449686278021
6226,d52b73da-cc5a-4e5d-83dd-3c028d3435ca,Alicestraße 2,2025-07-13 10:00:00+00:00,0.050267414515606505
6227,d52b73da-cc5a-4e5d-83dd-3c028d3435ca,Alicestraße 2,2025-07-13 11:00:00+00:00,0.03646422450625546
6228,d52b73da-cc5a-4e5d-83dd-3c028d3435ca,Alicestraße 2,2025-07-13 12:00:00+00:00,0.045735236044492186
6229,d52b73da-cc5a-4e5d-83dd-3c028d3435ca,Alicestraße 2,2025-07-13 13:00:00+00:00,0.08571741226726119
6230,d52b73da-cc5a-4e5d-83dd-3c028d3435ca,Alicestraße 2,2025-07-13 14:00:00+00:00,0.10930458633293758
6231,d52b73da-cc5a-4e5d-83dd-3c028d3435ca,Alicestraße 2,2025-07-13 15:00:00+00:00,0.12622325404782123
6232,d52b73da-cc5a-4e5d-83dd-3c028d3435ca,Alicestraße 2,2025-07-13 16:00:00+00:00,0.11675300865881606
6233,d52b73da-cc5a-4e5d-83dd-3c028d3435ca,Alicestraße 2,2025-07-13 17:00:00+00:00,0.09619555806372944
6234,d52b73da-cc5a-4e5d-83dd-3c028d3435ca,Alicestraße 2,2025-07-13 18:00:00+00:00,0.06690244109532828
6235,d52b73da-cc5a-4e5d-83dd-3c028d3435ca,Alicestraße 2,2025-07-13 19:00:00+00:00,0.056314193695467404
6236,d52b73da-cc5a-4e5d-83dd-3c028d3435ca,Alicestraße 2,2025-07-13 20:00:00+00:00,0.05452081478165159
6237,d52b73da-cc5a-4e5d-83dd-3c028d3435ca,Alicestraße 2,2025-07-13 21:00:00+00:00,0.05545987895578411
6238,d52b73da-cc5a-4e5d-83dd-3c028d3435ca,Alicestraße 2,2025-07-13 22:00:00+00:00,0.08772941531127247
6239,d52b73da-cc5a-4e5d-83dd-3c028d3435ca,Alicestraße 2,2025-07-13 23:00:00+00:00,0.10572083815379882
6240,db726d5d-f282-4977-ad4f-400853262062,Reinhardstraße 2,2025-07-01 00:00:00+00:00,0.038140717712805174
6241,db726d5d-f282-4977-ad4f-400853262062,Reinhardstraße 2,2025-07-01 01:00:00+00:00,0.03892812792867197
6242,db726d5d-f282-4977-ad4f-400853262062,Reinhardstraße 2,2025-07-01 02:00:00+00:00,0.03930752162643901
6243,db726d5d-f282-4977-ad4f-400853262062,Reinhardstraße 2,2025-07-01 03:00:00+00:00,0.04107830856094417
6244,db726d5d-f282-4977-ad4f-400853262062,Reinhardstraße 2,2025-07-01 04:00:00+00:00,0.0417789750112538
6245,db726d5d-f282-4977-ad4f-400853262062,Reinhardstraße 2,2025-07-01 05:00:00+00:00,0.043441899338760116
6246,db726d5d-f282-4977-ad4f-400853262062,Reinhardstraße 2,2025-07-01 06:00:00+00:00,0.04701467052697345
6247,db726d5d-f282-4977-ad4f-400853262062,Reinhardstraße 2,2025-07-01 07:00:00+00:00,0.04740582961001629
6248,db726d5d-f282-4977-ad4f-400853262062,Reinhardstraße 2,2025-07-01 08:00:00+00:00,0.041261779228665245
6249,db726d5d-f282-4977-ad4f-400853262062,Reinhardstraße 2,2025-07-01 09:00:00+00:00,0.04628909649526088
6250,db726d5d-f282-4977-ad4f-400853262062,Reinhardstraße 2,2025-07-01 10:00:00+00:00,0.05224943703729905
6251,db726d5d-f282-4977-ad4f-400853262062,Reinhardstraße 2,2025-07-01 11:00:00+00:00,0.05585605848790322
6252,db726d5d-f282-4977-ad4f-400853262062,Reinhardstraße 2,2025-07-01 12:00:00+00:00,0.048080609228235996
6253,db726d5d-f282-4977-ad4f-400853262062,Reinhardstraße 2,2025-07-01 13:00:00+00:00,0.046031741783369155
6254,db726d5d-f282-4977-ad4f-400853262062,Reinhardstraße 2,2025-07-01 14:00:00+00:00,0.05074398941243198
6255,db726d5d-f282-4977-ad4f-400853262062,Reinhardstraße 2,2025-07-01 15:00:00+00:00,0.04733283749288469
6256,db726d5d-f282-4977-ad4f-400853262062,Reinhardstraße 2,2025-07-01 16:00:00+00:00,0.03853693224011955
6257,db726d5d-f282-4977-ad4f-400853262062,Reinhardstraße 2,2025-07-01 17:00:00+00:00,0.03572159478218462
6258,db726d5d-f282-4977-ad4f-400853262062,Reinhardstraße 2,2025-07-01 18:00:00+00:00,0.033858793398632535
6259,db726d5d-f282-4977-ad4f-400853262062,Reinhardstraße 2,2025-07-01 19:00:00+00:00,0.031028140870813976
6260,db726d5d-f282-4977-ad4f-400853262062,Reinhardstraße 2,2025-07-01 20:00:00+00:00,0.028632831720376613
6261,db726d5d-f282-4977-ad4f-400853262062,Reinhardstraße 2,2025-07-01 21:00:00+00:00,0.029033746851597566
6262,db726d5d-f282-4977-ad4f-400853262062,Reinhardstraße 2,2025-07-01 22:00:00+00:00,0.0292471183046648
6263,db726d5d-f282-4977-ad4f-400853262062,Reinhardstraße 2,2025-07-01 23:00:00+00:00,0.0297589616836728
6264,db726d5d-f282-4977-ad4f-400853262062,Reinhardstraße 2,2025-07-02 00:00:00+00:00,0.02779051761706069
6265,db726d5d-f282-4977-ad4f-400853262062,Reinhardstraße 2,2025-07-02 01:00:00+00:00,0.026206667808626505
6266,db726d5d-f282-4977-ad4f-400853262062,Reinhardstraße 2,2025-07-02 02:00:00+00:00,0.02821303037312387
6267,db726d5d-f282-4977-ad4f-400853262062,Reinhardstraße 2,2025-07-02 03:00:00+00:00,0.026517173521376548
6268,db726d5d-f282-4977-ad4f-400853262062,Reinhardstraße 2,2025-07-02 04:00:00+00:00,0.028121459029879853
6269,db726d5d-f282-4977-ad4f-400853262062,Reinhardstraße 2,2025-07-02 05:00:00+00:00,0.029664727824466334
6270,db726d5d-f282-4977-ad4f-400853262062,Reinhardstraße 2,2025-07-02 06:00:00+00:00,0.028645913966299372
6271,db726d5d-f282-4977-ad4f-400853262062,Reinhardstraße 2,2025-07-02 07:00:00+00:00,0.029269144674827954
6272,db726d5d-f282-4977-ad4f-400853262062,Reinhardstraße 2,2025-07-02 08:00:00+00:00,0.02159918815417622
6273,db726d5d-f282-4977-ad4f-400853262062,Reinhardstraße 2,2025-07-02 09:00:00+00:00,0.02531984564677878
6274,db726d5d-f282-4977-ad4f-400853262062,Reinhardstraße 2,2025-07-02 10:00:00+00:00,0.030108013081103963
6275,db726d5d-f282-4977-ad4f-400853262062,Reinhardstraße 2,2025-07-02 11:00:00+00:00,0.035388853263998134
6276,db726d5d-f282-4977-ad4f-400853262062,Reinhardstraße 2,2025-07-02 12:00:00+00:00,0.042236894530130825
6277,db726d5d-f282-4977-ad4f-400853262062,Reinhardstraße 2,2025-07-02 13:00:00+00:00,0.05000484532802362
6278,db726d5d-f282-4977-ad4f-400853262062,Reinhardstraße 2,2025-07-02 14:00:00+00:00,0.05300809253432555
6279,db726d5d-f282-4977-ad4f-400853262062,Reinhardstraße 2,2025-07-02 15:00:00+00:00,0.0428119086820847
6280,db726d5d-f282-4977-ad4f-400853262062,Reinhardstraße 2,2025-07-02 16:00:00+00:00,0.04514597833971204
6281,db726d5d-f282-4977-ad4f-400853262062,Reinhardstraße 2,2025-07-02 17:00:00+00:00,0.06279492040497177
6282,db726d5d-f282-4977-ad4f-400853262062,Reinhardstraße 2,2025-07-02 18:00:00+00:00,0.059595069534804986
6283,db726d5d-f282-4977-ad4f-400853262062,Reinhardstraße 2,2025-07-02 19:00:00+00:00,0.050146849887690824
6284,db726d5d-f282-4977-ad4f-400853262062,Reinhardstraße 2,2025-07-02 20:00:00+00:00,0.04024035840891268
6285,db726d5d-f282-4977-ad4f-400853262062,Reinhardstraße 2,2025-07-02 21:00:00+00:00,0.03501415047182716
6286,db726d5d-f282-4977-ad4f-400853262062,Reinhardstraße 2,2025-07-02 22:00:00+00:00,0.033048560389186195
6287,db726d5d-f282-4977-ad4f-400853262062,Reinhardstraße 2,2025-07-02 23:00:00+00:00,0.03314937088509965
6288,db726d5d-f282-4977-ad4f-400853262062,Reinhardstraße 2,2025-07-03 00:00:00+00:00,0.033517874999131406
6289,db726d5d-f282-4977-ad4f-400853262062,Reinhardstraße 2,2025-07-03 01:00:00+00:00,0.03081074753657982
6290,db726d5d-f282-4977-ad4f-400853262062,Reinhardstraße 2,2025-07-03 02:00:00+00:00,0.030759158045219573
6291,db726d5d-f282-4977-ad4f-400853262062,Reinhardstraße 2,2025-07-03 03:00:00+00:00,0.03057707982582104
6292,db726d5d-f282-4977-ad4f-400853262062,Reinhardstraße 2,2025-07-03 04:00:00+00:00,0.031549894964156215
6293,db726d5d-f282-4977-ad4f-400853262062,Reinhardstraße 2,2025-07-03 05:00:00+00:00,0.037311434935745055
6294,db726d5d-f282-4977-ad4f-400853262062,Reinhardstraße 2,2025-07-03 06:00:00+00:00,0.04134282103108884
6295,db726d5d-f282-4977-ad4f-400853262062,Reinhardstraße 2,2025-07-03 07:00:00+00:00,0.03949084063845424
6296,db726d5d-f282-4977-ad4f-400853262062,Reinhardstraße 2,2025-07-03 08:00:00+00:00,0.03984975170758693
6297,db726d5d-f282-4977-ad4f-400853262062,Reinhardstraße 2,2025-07-03 09:00:00+00:00,0.0319928683617678
6298,db726d5d-f282-4977-ad4f-400853262062,Reinhardstraße 2,2025-07-03 10:00:00+00:00,0.03505707202362314
6299,db726d5d-f282-4977-ad4f-400853262062,Reinhardstraße 2,2025-07-03 11:00:00+00:00,0.041364146497402936
6300,db726d5d-f282-4977-ad4f-400853262062,Reinhardstraße 2,2025-07-03 12:00:00+00:00,0.04683163398344688
6301,db726d5d-f282-4977-ad4f-400853262062,Reinhardstraße 2,2025-07-03 13:00:00+00:00,0.04759941216969629
6302,db726d5d-f282-4977-ad4f-400853262062,Reinhardstraße 2,2025-07-03 14:00:00+00:00,0.05076590558902658
6303,db726d5d-f282-4977-ad4f-400853262062,Reinhardstraße 2,2025-07-03 15:00:00+00:00,0.04115398161371029
6304,db726d5d-f282-4977-ad4f-400853262062,Reinhardstraße 2,2025-07-03 16:00:00+00:00,0.040085572720683166
6305,db726d5d-f282-4977-ad4f-400853262062,Reinhardstraße 2,2025-07-03 17:00:00+00:00,0.03538822285541599
6306,db726d5d-f282-4977-ad4f-400853262062,Reinhardstraße 2,2025-07-03 18:00:00+00:00,0.03437670331283057
6307,db726d5d-f282-4977-ad4f-400853262062,Reinhardstraße 2,2025-07-03 19:00:00+00:00,0.03274881777021358
6308,db726d5d-f282-4977-ad4f-400853262062,Reinhardstraße 2,2025-07-03 20:00:00+00:00,0.03199100694399188
6309,db726d5d-f282-4977-ad4f-400853262062,Reinhardstraße 2,2025-07-03 21:00:00+00:00,0.03212564069119433
6310,db726d5d-f282-4977-ad4f-400853262062,Reinhardstraße 2,2025-07-03 22:00:00+00:00,0.03237831094913042
6311,db726d5d-f282-4977-ad4f-400853262062,Reinhardstraße 2,2025-07-03 23:00:00+00:00,0.03295807202226876
6312,db726d5d-f282-4977-ad4f-400853262062,Reinhardstraße 2,2025-07-04 00:00:00+00:00,0.032239221171876546
6313,db726d5d-f282-4977-ad4f-400853262062,Reinhardstraße 2,2025-07-04 01:00:00+00:00,0.031121212864113682
6314,db726d5d-f282-4977-ad4f-400853262062,Reinhardstraße 2,2025-07-04 02:00:00+00:00,0.031429911840011
6315,db726d5d-f282-4977-ad4f-400853262062,Reinhardstraße 2,2025-07-04 03:00:00+00:00,0.03241458106438775
6316,db726d5d-f282-4977-ad4f-400853262062,Reinhardstraße 2,2025-07-04 04:00:00+00:00,0.026632214009164754
6317,db726d5d-f282-4977-ad4f-400853262062,Reinhardstraße 2,2025-07-04 05:00:00+00:00,0.021690677085975933
6318,db726d5d-f282-4977-ad4f-400853262062,Reinhardstraße 2,2025-07-04 06:00:00+00:00,0.02117090771803678
6319,db726d5d-f282-4977-ad4f-400853262062,Reinhardstraße 2,2025-07-04 07:00:00+00:00,0.018717555720268075
6320,db726d5d-f282-4977-ad4f-400853262062,Reinhardstraße 2,2025-07-04 08:00:00+00:00,0.029705895045922758
6321,db726d5d-f282-4977-ad4f-400853262062,Reinhardstraße 2,2025-07-04 09:00:00+00:00,0.03403435045257145
6322,db726d5d-f282-4977-ad4f-400853262062,Reinhardstraße 2,2025-07-04 10:00:00+00:00,0.03416525105816729
6323,db726d5d-f282-4977-ad4f-400853262062,Reinhardstraße 2,2025-07-04 11:00:00+00:00,0.034357047914891865
6324,db726d5d-f282-4977-ad4f-400853262062,Reinhardstraße 2,2025-07-04 12:00:00+00:00,0.03458517466065971
6325,db726d5d-f282-4977-ad4f-400853262062,Reinhardstraße 2,2025-07-04 13:00:00+00:00,0.05972014239208022
6326,db726d5d-f282-4977-ad4f-400853262062,Reinhardstraße 2,2025-07-04 14:00:00+00:00,0.11390627850611335
6327,db726d5d-f282-4977-ad4f-400853262062,Reinhardstraße 2,2025-07-04 15:00:00+00:00,0.12317314818302517
6328,db726d5d-f282-4977-ad4f-400853262062,Reinhardstraße 2,2025-07-04 16:00:00+00:00,0.11957471162642452
6329,db726d5d-f282-4977-ad4f-400853262062,Reinhardstraße 2,2025-07-04 17:00:00+00:00,0.11895987625001633
6330,db726d5d-f282-4977-ad4f-400853262062,Reinhardstraße 2,2025-07-04 18:00:00+00:00,0.1114196966562748
6331,db726d5d-f282-4977-ad4f-400853262062,Reinhardstraße 2,2025-07-04 19:00:00+00:00,0.10562487498922733
6332,db726d5d-f282-4977-ad4f-400853262062,Reinhardstraße 2,2025-07-04 20:00:00+00:00,0.09930759527182327
6333,db726d5d-f282-4977-ad4f-400853262062,Reinhardstraße 2,2025-07-04 21:00:00+00:00,0.08663415402975314
6334,db726d5d-f282-4977-ad4f-400853262062,Reinhardstraße 2,2025-07-04 22:00:00+00:00,0.0848019362725089
6335,db726d5d-f282-4977-ad4f-400853262062,Reinhardstraße 2,2025-07-04 23:00:00+00:00,0.08772884468427179
6336,db726d5d-f282-4977-ad4f-400853262062,Reinhardstraße 2,2025-07-05 00:00:00+00:00,0.08958823193822485
6337,db726d5d-f282-4977-ad4f-400853262062,Reinhardstraße 2,2025-07-05 01:00:00+00:00,0.09067032017809999
6338,db726d5d-f282-4977-ad4f-400853262062,Reinhardstraße 2,2025-07-05 02:00:00+00:00,0.08778531377019991
6339,db726d5d-f282-4977-ad4f-400853262062,Reinhardstraße 2,2025-07-05 03:00:00+00:00,0.0927251492752373
6340,db726d5d-f282-4977-ad4f-400853262062,Reinhardstraße 2,2025-07-05 04:00:00+00:00,0.09940766425675278
6341,db726d5d-f282-4977-ad4f-400853262062,Reinhardstraße 2,2025-07-05 05:00:00+00:00,0.10766396914364397
6342,db726d5d-f282-4977-ad4f-400853262062,Reinhardstraße 2,2025-07-05 06:00:00+00:00,0.11863294299339726
6343,db726d5d-f282-4977-ad4f-400853262062,Reinhardstraße 2,2025-07-05 07:00:00+00:00,0.12802287852262292
6344,db726d5d-f282-4977-ad4f-400853262062,Reinhardstraße 2,2025-07-05 08:00:00+00:00,0.13394027680387566
6345,db726d5d-f282-4977-ad4f-400853262062,Reinhardstraße 2,2025-07-05 09:00:00+00:00,0.12400900690396477
6346,db726d5d-f282-4977-ad4f-400853262062,Reinhardstraße 2,2025-07-05 10:00:00+00:00,0.24235901649113528
6347,db726d5d-f282-4977-ad4f-400853262062,Reinhardstraße 2,2025-07-05 11:00:00+00:00,0.2075177623802391
6348,db726d5d-f282-4977-ad4f-400853262062,Reinhardstraße 2,2025-07-05 12:00:00+00:00,0.17630513148738422
6349,db726d5d-f282-4977-ad4f-400853262062,Reinhardstraße 2,2025-07-05 13:00:00+00:00,0.1953949012240838
6350,db726d5d-f282-4977-ad4f-400853262062,Reinhardstraße 2,2025-07-05 14:00:00+00:00,0.1694033757595399
6351,db726d5d-f282-4977-ad4f-400853262062,Reinhardstraße 2,2025-07-05 15:00:00+00:00,0.18870901413059987
6352,db726d5d-f282-4977-ad4f-400853262062,Reinhardstraße 2,2025-07-05 16:00:00+00:00,0.2009106982706625
6353,db726d5d-f282-4977-ad4f-400853262062,Reinhardstraße 2,2025-07-05 17:00:00+00:00,0.1964991636793641
6354,db726d5d-f282-4977-ad4f-400853262062,Reinhardstraße 2,2025-07-05 18:00:00+00:00,0.18774025029085933
6355,db726d5d-f282-4977-ad4f-400853262062,Reinhardstraße 2,2025-07-05 19:00:00+00:00,0.166297392011788
6356,db726d5d-f282-4977-ad4f-400853262062,Reinhardstraße 2,2025-07-05 20:00:00+00:00,0.15179300691803435
6357,db726d5d-f282-4977-ad4f-400853262062,Reinhardstraße 2,2025-07-05 21:00:00+00:00,0.15463341763338617
6358,db726d5d-f282-4977-ad4f-400853262062,Reinhardstraße 2,2025-07-05 22:00:00+00:00,0.17191808081253684
6359,db726d5d-f282-4977-ad4f-400853262062,Reinhardstraße 2,2025-07-05 23:00:00+00:00,0.1919029578456809
6360,db726d5d-f282-4977-ad4f-400853262062,Reinhardstraße 2,2025-07-06 00:00:00+00:00,0.19981098543916356
6361,db726d5d-f282-4977-ad4f-400853262062,Reinhardstraße 2,2025-07-06 01:00:00+00:00,0.2018049872140913
6362,db726d5d-f282-4977-ad4f-400853262062,Reinhardstraße 2,2025-07-06 02:00:00+00:00,0.22052771558583284
6363,db726d5d-f282-4977-ad4f-400853262062,Reinhardstraße 2,2025-07-06 03:00:00+00:00,0.2194868951288179
6364,db726d5d-f282-4977-ad4f-400853262062,Reinhardstraße 2,2025-07-06 04:00:00+00:00,0.2139308188201958
6365,db726d5d-f282-4977-ad4f-400853262062,Reinhardstraße 2,2025-07-06 05:00:00+00:00,0.213509013141483
6366,db726d5d-f282-4977-ad4f-400853262062,Reinhardstraße 2,2025-07-06 06:00:00+00:00,0.20156954899771198
6367,db726d5d-f282-4977-ad4f-400853262062,Reinhardstraße 2,2025-07-06 07:00:00+00:00,0.2020690258616165
6368,db726d5d-f282-4977-ad4f-400853262062,Reinhardstraße 2,2025-07-06 08:00:00+00:00,0.1620800147383352
6369,db726d5d-f282-4977-ad4f-400853262062,Reinhardstraße 2,2025-07-06 09:00:00+00:00,0.1651286737388957
6370,db726d5d-f282-4977-ad4f-400853262062,Reinhardstraße 2,2025-07-06 10:00:00+00:00,0.05814087287159
6371,db726d5d-f282-4977-ad4f-400853262062,Reinhardstraße 2,2025-07-06 11:00:00+00:00,0.06147624009918874
6372,db726d5d-f282-4977-ad4f-400853262062,Reinhardstraße 2,2025-07-06 12:00:00+00:00,0.03048745745537
6373,db726d5d-f282-4977-ad4f-400853262062,Reinhardstraße 2,2025-07-06 13:00:00+00:00,0.03383039462429058
6374,db726d5d-f282-4977-ad4f-400853262062,Reinhardstraße 2,2025-07-06 14:00:00+00:00,0.057819104218623664
6375,db726d5d-f282-4977-ad4f-400853262062,Reinhardstraße 2,2025-07-06 15:00:00+00:00,0.078422972485829
6376,db726d5d-f282-4977-ad4f-400853262062,Reinhardstraße 2,2025-07-06 16:00:00+00:00,0.08893427623207982
6377,db726d5d-f282-4977-ad4f-400853262062,Reinhardstraße 2,2025-07-06 17:00:00+00:00,0.06141772454304059
6378,db726d5d-f282-4977-ad4f-400853262062,Reinhardstraße 2,2025-07-06 18:00:00+00:00,0.03135247569838589
6379,db726d5d-f282-4977-ad4f-400853262062,Reinhardstraße 2,2025-07-06 19:00:00+00:00,0.029012754776388646
6380,db726d5d-f282-4977-ad4f-400853262062,Reinhardstraße 2,2025-07-06 20:00:00+00:00,0.026173379786539077
6381,db726d5d-f282-4977-ad4f-400853262062,Reinhardstraße 2,2025-07-06 21:00:00+00:00,0.024548490907391383
6382,db726d5d-f282-4977-ad4f-400853262062,Reinhardstraße 2,2025-07-06 22:00:00+00:00,0.018647923799128437
6383,db726d5d-f282-4977-ad4f-400853262062,Reinhardstraße 2,2025-07-06 23:00:00+00:00,0.023030937677630012
6384,db726d5d-f282-4977-ad4f-400853262062,Reinhardstraße 2,2025-07-07 00:00:00+00:00,0.03012740423285798
6385,db726d5d-f282-4977-ad4f-400853262062,Reinhardstraße 2,2025-07-07 01:00:00+00:00,0.04228881685665866
6386,db726d5d-f282-4977-ad4f-400853262062,Reinhardstraße 2,2025-07-07 02:00:00+00:00,0.043428576232522324
6387,db726d5d-f282-4977-ad4f-400853262062,Reinhardstraße 2,2025-07-07 03:00:00+00:00,0.045654457639266906
6388,db726d5d-f282-4977-ad4f-400853262062,Reinhardstraße 2,2025-07-07 04:00:00+00:00,0.05362289254964762
6389,db726d5d-f282-4977-ad4f-400853262062,Reinhardstraße 2,2025-07-07 05:00:00+00:00,0.06495222490627883
6390,db726d5d-f282-4977-ad4f-400853262062,Reinhardstraße 2,2025-07-07 06:00:00+00:00,0.06890861458601963
6391,db726d5d-f282-4977-ad4f-400853262062,Reinhardstraße 2,2025-07-07 07:00:00+00:00,0.05885582321050094
6392,db726d5d-f282-4977-ad4f-400853262062,Reinhardstraße 2,2025-07-07 08:00:00+00:00,0.048306022833157256
6393,db726d5d-f282-4977-ad4f-400853262062,Reinhardstraße 2,2025-07-07 09:00:00+00:00,0.04898620084837387
6394,db726d5d-f282-4977-ad4f-400853262062,Reinhardstraße 2,2025-07-07 10:00:00+00:00,0.048083086069038175
6395,db726d5d-f282-4977-ad4f-400853262062,Reinhardstraße 2,2025-07-07 11:00:00+00:00,0.05461343663938888
6396,db726d5d-f282-4977-ad4f-400853262062,Reinhardstraße 2,2025-07-07 12:00:00+00:00,0.060653114339576056
6397,db726d5d-f282-4977-ad4f-400853262062,Reinhardstraße 2,2025-07-07 13:00:00+00:00,0.061708840158065506
6398,db726d5d-f282-4977-ad4f-400853262062,Reinhardstraße 2,2025-07-07 14:00:00+00:00,0.06567719744764135
6399,db726d5d-f282-4977-ad4f-400853262062,Reinhardstraße 2,2025-07-07 15:00:00+00:00,0.07926484430049993
6400,db726d5d-f282-4977-ad4f-400853262062,Reinhardstraße 2,2025-07-07 16:00:00+00:00,0.06739140877562508
6401,db726d5d-f282-4977-ad4f-400853262062,Reinhardstraße 2,2025-07-07 17:00:00+00:00,0.06587599470965357
6402,db726d5d-f282-4977-ad4f-400853262062,Reinhardstraße 2,2025-07-07 18:00:00+00:00,0.06427672182065111
6403,db726d5d-f282-4977-ad4f-400853262062,Reinhardstraße 2,2025-07-07 19:00:00+00:00,0.06278707540652075
6404,db726d5d-f282-4977-ad4f-400853262062,Reinhardstraße 2,2025-07-07 20:00:00+00:00,0.062073947313688725
6405,db726d5d-f282-4977-ad4f-400853262062,Reinhardstraße 2,2025-07-07 21:00:00+00:00,0.0638669690332515
6406,db726d5d-f282-4977-ad4f-400853262062,Reinhardstraße 2,2025-07-07 22:00:00+00:00,0.06450096065713211
6407,db726d5d-f282-4977-ad4f-400853262062,Reinhardstraße 2,2025-07-07 23:00:00+00:00,0.05987997584463573
6408,db726d5d-f282-4977-ad4f-400853262062,Reinhardstraße 2,2025-07-08 00:00:00+00:00,0.05071192686216476
6409,db726d5d-f282-4977-ad4f-400853262062,Reinhardstraße 2,2025-07-08 01:00:00+00:00,0.03831347908204973
6410,db726d5d-f282-4977-ad4f-400853262062,Reinhardstraße 2,2025-07-08 02:00:00+00:00,0.038240198621994785
6411,db726d5d-f282-4977-ad4f-400853262062,Reinhardstraße 2,2025-07-08 03:00:00+00:00,0.03800512476730094
6412,db726d5d-f282-4977-ad4f-400853262062,Reinhardstraße 2,2025-07-08 04:00:00+00:00,0.03629389209581508
6413,db726d5d-f282-4977-ad4f-400853262062,Reinhardstraße 2,2025-07-08 05:00:00+00:00,0.033759297837592704
6414,db726d5d-f282-4977-ad4f-400853262062,Reinhardstraße 2,2025-07-08 06:00:00+00:00,0.03496932803658557
6415,db726d5d-f282-4977-ad4f-400853262062,Reinhardstraße 2,2025-07-08 07:00:00+00:00,0.03644924539649206
6416,db726d5d-f282-4977-ad4f-400853262062,Reinhardstraße 2,2025-07-08 08:00:00+00:00,0.02735501880543852
6417,db726d5d-f282-4977-ad4f-400853262062,Reinhardstraße 2,2025-07-08 09:00:00+00:00,0.030498247536055772
6418,db726d5d-f282-4977-ad4f-400853262062,Reinhardstraße 2,2025-07-08 10:00:00+00:00,0.03557316611691303
6419,db726d5d-f282-4977-ad4f-400853262062,Reinhardstraße 2,2025-07-08 11:00:00+00:00,0.04521768177830273
6420,db726d5d-f282-4977-ad4f-400853262062,Reinhardstraße 2,2025-07-08 12:00:00+00:00,0.06459117531930755
6421,db726d5d-f282-4977-ad4f-400853262062,Reinhardstraße 2,2025-07-08 13:00:00+00:00,0.06509790015000297
6422,db726d5d-f282-4977-ad4f-400853262062,Reinhardstraße 2,2025-07-08 14:00:00+00:00,0.0752603951904995
6423,db726d5d-f282-4977-ad4f-400853262062,Reinhardstraße 2,2025-07-08 15:00:00+00:00,0.07272806490458511
6424,db726d5d-f282-4977-ad4f-400853262062,Reinhardstraße 2,2025-07-08 16:00:00+00:00,0.06869997157803127
6425,db726d5d-f282-4977-ad4f-400853262062,Reinhardstraße 2,2025-07-08 17:00:00+00:00,0.05573182502447153
6426,db726d5d-f282-4977-ad4f-400853262062,Reinhardstraße 2,2025-07-08 18:00:00+00:00,0.05462492021920952
6427,db726d5d-f282-4977-ad4f-400853262062,Reinhardstraße 2,2025-07-08 19:00:00+00:00,0.050698213681818496
6428,db726d5d-f282-4977-ad4f-400853262062,Reinhardstraße 2,2025-07-08 20:00:00+00:00,0.04969651039263638
6429,db726d5d-f282-4977-ad4f-400853262062,Reinhardstraße 2,2025-07-08 21:00:00+00:00,0.052669370431539235
6430,db726d5d-f282-4977-ad4f-400853262062,Reinhardstraße 2,2025-07-08 22:00:00+00:00,0.04993897677965767
6431,db726d5d-f282-4977-ad4f-400853262062,Reinhardstraße 2,2025-07-08 23:00:00+00:00,0.0489001784828065
6432,db726d5d-f282-4977-ad4f-400853262062,Reinhardstraße 2,2025-07-09 00:00:00+00:00,0.04630700115601681
6433,db726d5d-f282-4977-ad4f-400853262062,Reinhardstraße 2,2025-07-09 01:00:00+00:00,0.0516681502167946
6434,db726d5d-f282-4977-ad4f-400853262062,Reinhardstraße 2,2025-07-09 02:00:00+00:00,0.0528266282602481
6435,db726d5d-f282-4977-ad4f-400853262062,Reinhardstraße 2,2025-07-09 03:00:00+00:00,0.06072227474403471
6436,db726d5d-f282-4977-ad4f-400853262062,Reinhardstraße 2,2025-07-09 04:00:00+00:00,0.053070792983534724
6437,db726d5d-f282-4977-ad4f-400853262062,Reinhardstraße 2,2025-07-09 05:00:00+00:00,0.04819043989622613
6438,db726d5d-f282-4977-ad4f-400853262062,Reinhardstraße 2,2025-07-09 06:00:00+00:00,0.04590844258857073
6439,db726d5d-f282-4977-ad4f-400853262062,Reinhardstraße 2,2025-07-09 07:00:00+00:00,0.046207728173093474
6440,db726d5d-f282-4977-ad4f-400853262062,Reinhardstraße 2,2025-07-09 08:00:00+00:00,0.05693498650185549
6441,db726d5d-f282-4977-ad4f-400853262062,Reinhardstraße 2,2025-07-09 09:00:00+00:00,0.054289641487550624
6442,db726d5d-f282-4977-ad4f-400853262062,Reinhardstraße 2,2025-07-09 10:00:00+00:00,0.05316905127589363
6443,db726d5d-f282-4977-ad4f-400853262062,Reinhardstraße 2,2025-07-09 11:00:00+00:00,0.06675529709784025
6444,db726d5d-f282-4977-ad4f-400853262062,Reinhardstraße 2,2025-07-09 12:00:00+00:00,0.07405729836958293
6445,db726d5d-f282-4977-ad4f-400853262062,Reinhardstraße 2,2025-07-09 13:00:00+00:00,0.05553388729179682
6446,db726d5d-f282-4977-ad4f-400853262062,Reinhardstraße 2,2025-07-09 14:00:00+00:00,0.06261392813854247
6447,db726d5d-f282-4977-ad4f-400853262062,Reinhardstraße 2,2025-07-09 15:00:00+00:00,0.07969285410639572
6448,db726d5d-f282-4977-ad4f-400853262062,Reinhardstraße 2,2025-07-09 16:00:00+00:00,0.0799984027895071
6449,db726d5d-f282-4977-ad4f-400853262062,Reinhardstraße 2,2025-07-09 17:00:00+00:00,0.07429350538796238
6450,db726d5d-f282-4977-ad4f-400853262062,Reinhardstraße 2,2025-07-09 18:00:00+00:00,0.07563632397227457
6451,db726d5d-f282-4977-ad4f-400853262062,Reinhardstraße 2,2025-07-09 19:00:00+00:00,0.07775844295772434
6452,db726d5d-f282-4977-ad4f-400853262062,Reinhardstraße 2,2025-07-09 20:00:00+00:00,0.08021813239700269
6453,db726d5d-f282-4977-ad4f-400853262062,Reinhardstraße 2,2025-07-09 21:00:00+00:00,0.08548542511352775
6454,db726d5d-f282-4977-ad4f-400853262062,Reinhardstraße 2,2025-07-09 22:00:00+00:00,0.08526923770045806
6455,db726d5d-f282-4977-ad4f-400853262062,Reinhardstraße 2,2025-07-09 23:00:00+00:00,0.08435689297797572
6456,db726d5d-f282-4977-ad4f-400853262062,Reinhardstraße 2,2025-07-10 00:00:00+00:00,0.08083517787191785
6457,db726d5d-f282-4977-ad4f-400853262062,Reinhardstraße 2,2025-07-10 01:00:00+00:00,0.07474216024113625
6458,db726d5d-f282-4977-ad4f-400853262062,Reinhardstraße 2,2025-07-10 02:00:00+00:00,0.07272676410349459
6459,db726d5d-f282-4977-ad4f-400853262062,Reinhardstraße 2,2025-07-10 03:00:00+00:00,0.06511222896475653
6460,db726d5d-f282-4977-ad4f-400853262062,Reinhardstraße 2,2025-07-10 04:00:00+00:00,0.05461126086138161
6461,db726d5d-f282-4977-ad4f-400853262062,Reinhardstraße 2,2025-07-10 05:00:00+00:00,0.05409424864142322
6462,db726d5d-f282-4977-ad4f-400853262062,Reinhardstraße 2,2025-07-10 06:00:00+00:00,0.05936387540633259
6463,db726d5d-f282-4977-ad4f-400853262062,Reinhardstraße 2,2025-07-10 07:00:00+00:00,0.0736553358357955
6464,db726d5d-f282-4977-ad4f-400853262062,Reinhardstraße 2,2025-07-10 08:00:00+00:00,0.0757697734213352
6465,db726d5d-f282-4977-ad4f-400853262062,Reinhardstraße 2,2025-07-10 09:00:00+00:00,0.07131560494852521
6466,db726d5d-f282-4977-ad4f-400853262062,Reinhardstraße 2,2025-07-10 10:00:00+00:00,0.0720432034912086
6467,db726d5d-f282-4977-ad4f-400853262062,Reinhardstraße 2,2025-07-10 11:00:00+00:00,0.05702250359070524
6468,db726d5d-f282-4977-ad4f-400853262062,Reinhardstraße 2,2025-07-10 12:00:00+00:00,0.029450855149416238
6469,db726d5d-f282-4977-ad4f-400853262062,Reinhardstraße 2,2025-07-10 13:00:00+00:00,0.04051649963232215
6470,db726d5d-f282-4977-ad4f-400853262062,Reinhardstraße 2,2025-07-10 14:00:00+00:00,0.06594356295786918
6471,db726d5d-f282-4977-ad4f-400853262062,Reinhardstraße 2,2025-07-10 15:00:00+00:00,0.06301430237888156
6472,db726d5d-f282-4977-ad4f-400853262062,Reinhardstraße 2,2025-07-10 16:00:00+00:00,0.09207778133781004
6473,db726d5d-f282-4977-ad4f-400853262062,Reinhardstraße 2,2025-07-10 17:00:00+00:00,0.121212299210854
6474,db726d5d-f282-4977-ad4f-400853262062,Reinhardstraße 2,2025-07-10 18:00:00+00:00,0.09851503766794319
6475,db726d5d-f282-4977-ad4f-400853262062,Reinhardstraße 2,2025-07-10 19:00:00+00:00,0.08922418875177708
6476,db726d5d-f282-4977-ad4f-400853262062,Reinhardstraße 2,2025-07-10 20:00:00+00:00,0.08329155998071798
6477,db726d5d-f282-4977-ad4f-400853262062,Reinhardstraße 2,2025-07-10 21:00:00+00:00,0.07418857995636093
6478,db726d5d-f282-4977-ad4f-400853262062,Reinhardstraße 2,2025-07-10 22:00:00+00:00,0.07107880103698687
6479,db726d5d-f282-4977-ad4f-400853262062,Reinhardstraße 2,2025-07-10 23:00:00+00:00,0.0725252577163251
6480,db726d5d-f282-4977-ad4f-400853262062,Reinhardstraße 2,2025-07-11 00:00:00+00:00,0.07499170351146137
6481,db726d5d-f282-4977-ad4f-400853262062,Reinhardstraße 2,2025-07-11 01:00:00+00:00,0.07700495336615593
6482,db726d5d-f282-4977-ad4f-400853262062,Reinhardstraße 2,2025-07-11 02:00:00+00:00,0.07548435623308075
6483,db726d5d-f282-4977-ad4f-400853262062,Reinhardstraße 2,2025-07-11 03:00:00+00:00,0.07654737053113415
6484,db726d5d-f282-4977-ad4f-400853262062,Reinhardstraße 2,2025-07-11 04:00:00+00:00,0.07808266701782716
6485,db726d5d-f282-4977-ad4f-400853262062,Reinhardstraße 2,2025-07-11 05:00:00+00:00,0.07762463057994753
6486,db726d5d-f282-4977-ad4f-400853262062,Reinhardstraße 2,2025-07-11 06:00:00+00:00,0.07550850426691763
6487,db726d5d-f282-4977-ad4f-400853262062,Reinhardstraße 2,2025-07-11 07:00:00+00:00,0.07537073348385907
6488,db726d5d-f282-4977-ad4f-400853262062,Reinhardstraße 2,2025-07-11 08:00:00+00:00,0.08616259853175959
6489,db726d5d-f282-4977-ad4f-400853262062,Reinhardstraße 2,2025-07-11 09:00:00+00:00,0.08587699301173425
6490,db726d5d-f282-4977-ad4f-400853262062,Reinhardstraße 2,2025-07-11 10:00:00+00:00,0.0815107917047227
6491,db726d5d-f282-4977-ad4f-400853262062,Reinhardstraße 2,2025-07-11 11:00:00+00:00,0.08613673574256757
6492,db726d5d-f282-4977-ad4f-400853262062,Reinhardstraße 2,2025-07-11 12:00:00+00:00,0.10342857532342493
6493,db726d5d-f282-4977-ad4f-400853262062,Reinhardstraße 2,2025-07-11 13:00:00+00:00,0.14067896079739597
6494,db726d5d-f282-4977-ad4f-400853262062,Reinhardstraße 2,2025-07-11 14:00:00+00:00,0.18729646292909455
6495,db726d5d-f282-4977-ad4f-400853262062,Reinhardstraße 2,2025-07-11 15:00:00+00:00,0.1577963517497031
6496,db726d5d-f282-4977-ad4f-400853262062,Reinhardstraße 2,2025-07-11 16:00:00+00:00,0.14867136215188956
6497,db726d5d-f282-4977-ad4f-400853262062,Reinhardstraße 2,2025-07-11 17:00:00+00:00,0.11917665237383636
6498,db726d5d-f282-4977-ad4f-400853262062,Reinhardstraße 2,2025-07-11 18:00:00+00:00,0.10919256178218678
6499,db726d5d-f282-4977-ad4f-400853262062,Reinhardstraße 2,2025-07-11 19:00:00+00:00,0.10253902133874486
6500,db726d5d-f282-4977-ad4f-400853262062,Reinhardstraße 2,2025-07-11 20:00:00+00:00,0.09975953325095265
6501,db726d5d-f282-4977-ad4f-400853262062,Reinhardstraße 2,2025-07-11 21:00:00+00:00,0.08851151131868455
6502,db726d5d-f282-4977-ad4f-400853262062,Reinhardstraße 2,2025-07-11 22:00:00+00:00,0.08629191011867228
6503,db726d5d-f282-4977-ad4f-400853262062,Reinhardstraße 2,2025-07-11 23:00:00+00:00,0.08745546469134496
6504,db726d5d-f282-4977-ad4f-400853262062,Reinhardstraße 2,2025-07-12 00:00:00+00:00,0.09002965717216753
6505,db726d5d-f282-4977-ad4f-400853262062,Reinhardstraße 2,2025-07-12 01:00:00+00:00,0.09151013191406623
6506,db726d5d-f282-4977-ad4f-400853262062,Reinhardstraße 2,2025-07-12 02:00:00+00:00,0.08875712487281295
6507,db726d5d-f282-4977-ad4f-400853262062,Reinhardstraße 2,2025-07-12 03:00:00+00:00,0.09199022246981706
6508,db726d5d-f282-4977-ad4f-400853262062,Reinhardstraße 2,2025-07-12 04:00:00+00:00,0.0982038573384667
6509,db726d5d-f282-4977-ad4f-400853262062,Reinhardstraße 2,2025-07-12 05:00:00+00:00,0.10613465577155232
6510,db726d5d-f282-4977-ad4f-400853262062,Reinhardstraße 2,2025-07-12 06:00:00+00:00,0.11742031144207307
6511,db726d5d-f282-4977-ad4f-400853262062,Reinhardstraße 2,2025-07-12 07:00:00+00:00,0.12752329138557603
6512,db726d5d-f282-4977-ad4f-400853262062,Reinhardstraße 2,2025-07-12 08:00:00+00:00,0.1368592829014404
6513,db726d5d-f282-4977-ad4f-400853262062,Reinhardstraße 2,2025-07-12 09:00:00+00:00,0.12651488438189962
6514,db726d5d-f282-4977-ad4f-400853262062,Reinhardstraße 2,2025-07-12 10:00:00+00:00,0.13378088761826082
6515,db726d5d-f282-4977-ad4f-400853262062,Reinhardstraße 2,2025-07-12 11:00:00+00:00,0.1381439911805847
6516,db726d5d-f282-4977-ad4f-400853262062,Reinhardstraße 2,2025-07-12 12:00:00+00:00,0.11929858308989874
6517,db726d5d-f282-4977-ad4f-400853262062,Reinhardstraße 2,2025-07-12 13:00:00+00:00,0.11276675455545651
6518,db726d5d-f282-4977-ad4f-400853262062,Reinhardstraße 2,2025-07-12 14:00:00+00:00,0.07476043541212656
6519,db726d5d-f282-4977-ad4f-400853262062,Reinhardstraße 2,2025-07-12 15:00:00+00:00,0.08728461954911909
6520,db726d5d-f282-4977-ad4f-400853262062,Reinhardstraße 2,2025-07-12 16:00:00+00:00,0.0929644681771951
6521,db726d5d-f282-4977-ad4f-400853262062,Reinhardstraße 2,2025-07-12 17:00:00+00:00,0.09128706795135837
6522,db726d5d-f282-4977-ad4f-400853262062,Reinhardstraße 2,2025-07-12 18:00:00+00:00,0.0809259244579452
6523,db726d5d-f282-4977-ad4f-400853262062,Reinhardstraße 2,2025-07-12 19:00:00+00:00,0.06922831938960748
6524,db726d5d-f282-4977-ad4f-400853262062,Reinhardstraße 2,2025-07-12 20:00:00+00:00,0.06335875231295712
6525,db726d5d-f282-4977-ad4f-400853262062,Reinhardstraße 2,2025-07-12 21:00:00+00:00,0.05695121345296332
6526,db726d5d-f282-4977-ad4f-400853262062,Reinhardstraße 2,2025-07-12 22:00:00+00:00,0.06411938508954473
6527,db726d5d-f282-4977-ad4f-400853262062,Reinhardstraße 2,2025-07-12 23:00:00+00:00,0.07114046553408358
6528,db726d5d-f282-4977-ad4f-400853262062,Reinhardstraße 2,2025-07-13 00:00:00+00:00,0.07629778009478468
6529,db726d5d-f282-4977-ad4f-400853262062,Reinhardstraße 2,2025-07-13 01:00:00+00:00,0.07165830620751938
6530,db726d5d-f282-4977-ad4f-400853262062,Reinhardstraße 2,2025-07-13 02:00:00+00:00,0.08136376127097353
6531,db726d5d-f282-4977-ad4f-400853262062,Reinhardstraße 2,2025-07-13 03:00:00+00:00,0.08867172207600398
6532,db726d5d-f282-4977-ad4f-400853262062,Reinhardstraße 2,2025-07-13 04:00:00+00:00,0.08877331017406147
6533,db726d5d-f282-4977-ad4f-400853262062,Reinhardstraße 2,2025-07-13 05:00:00+00:00,0.09081745980504623
6534,db726d5d-f282-4977-ad4f-400853262062,Reinhardstraße 2,2025-07-13 06:00:00+00:00,0.07587952246768638
6535,db726d5d-f282-4977-ad4f-400853262062,Reinhardstraße 2,2025-07-13 07:00:00+00:00,0.06164749924357712
6536,db726d5d-f282-4977-ad4f-400853262062,Reinhardstraße 2,2025-07-13 08:00:00+00:00,0.03399822673371187
6537,db726d5d-f282-4977-ad4f-400853262062,Reinhardstraße 2,2025-07-13 09:00:00+00:00,0.038132082528663284
6538,db726d5d-f282-4977-ad4f-400853262062,Reinhardstraße 2,2025-07-13 10:00:00+00:00,0.03736935712772882
6539,db726d5d-f282-4977-ad4f-400853262062,Reinhardstraße 2,2025-07-13 11:00:00+00:00,0.0373419188808755
6540,db726d5d-f282-4977-ad4f-400853262062,Reinhardstraße 2,2025-07-13 12:00:00+00:00,0.0377468343872532
6541,db726d5d-f282-4977-ad4f-400853262062,Reinhardstraße 2,2025-07-13 13:00:00+00:00,0.03561570419726177
6542,db726d5d-f282-4977-ad4f-400853262062,Reinhardstraße 2,2025-07-13 14:00:00+00:00,0.058734690164048066
6543,db726d5d-f282-4977-ad4f-400853262062,Reinhardstraße 2,2025-07-13 15:00:00+00:00,0.08315998127587568
6544,db726d5d-f282-4977-ad4f-400853262062,Reinhardstraße 2,2025-07-13 16:00:00+00:00,0.09393160855989996
6545,db726d5d-f282-4977-ad4f-400853262062,Reinhardstraße 2,2025-07-13 17:00:00+00:00,0.05412727465990657
6546,db726d5d-f282-4977-ad4f-400853262062,Reinhardstraße 2,2025-07-13 18:00:00+00:00,0.0349560727753516
6547,db726d5d-f282-4977-ad4f-400853262062,Reinhardstraße 2,2025-07-13 19:00:00+00:00,0.03251839905046386
6548,db726d5d-f282-4977-ad4f-400853262062,Reinhardstraße 2,2025-07-13 20:00:00+00:00,0.029304516499596967
6549,db726d5d-f282-4977-ad4f-400853262062,Reinhardstraße 2,2025-07-13 21:00:00+00:00,0.028617249907914973
6550,db726d5d-f282-4977-ad4f-400853262062,Reinhardstraße 2,2025-07-13 22:00:00+00:00,0.022518136540625164
6551,db726d5d-f282-4977-ad4f-400853262062,Reinhardstraße 2,2025-07-13 23:00:00+00:00,0.026693617937295737
6552,dc716491-cffe-4661-bbe4-333b581a6926,Trafohaus Zanderstraße,2025-07-01 00:00:00+00:00,0.0488838297912006
6553,dc716491-cffe-4661-bbe4-333b581a6926,Trafohaus Zanderstraße,2025-07-01 01:00:00+00:00,0.045301621265816196
6554,dc716491-cffe-4661-bbe4-333b581a6926,Trafohaus Zanderstraße,2025-07-01 02:00:00+00:00,0.04364029801336208
6555,dc716491-cffe-4661-bbe4-333b581a6926,Trafohaus Zanderstraße,2025-07-01 03:00:00+00:00,0.043169425524811476
6556,dc716491-cffe-4661-bbe4-333b581a6926,Trafohaus Zanderstraße,2025-07-01 04:00:00+00:00,0.044164218055607295
6557,dc716491-cffe-4661-bbe4-333b581a6926,Trafohaus Zanderstraße,2025-07-01 05:00:00+00:00,0.03946269064574911
6558,dc716491-cffe-4661-bbe4-333b581a6926,Trafohaus Zanderstraße,2025-07-01 06:00:00+00:00,0.038195173019615204
6559,dc716491-cffe-4661-bbe4-333b581a6926,Trafohaus Zanderstraße,2025-07-01 07:00:00+00:00,0.03880443888517417
6560,dc716491-cffe-4661-bbe4-333b581a6926,Trafohaus Zanderstraße,2025-07-01 08:00:00+00:00,0.040444703860954556
6561,dc716491-cffe-4661-bbe4-333b581a6926,Trafohaus Zanderstraße,2025-07-01 09:00:00+00:00,0.04413827623920932
6562,dc716491-cffe-4661-bbe4-333b581a6926,Trafohaus Zanderstraße,2025-07-01 10:00:00+00:00,0.050259307938244055
6563,dc716491-cffe-4661-bbe4-333b581a6926,Trafohaus Zanderstraße,2025-07-01 11:00:00+00:00,0.05707673999505959
6564,dc716491-cffe-4661-bbe4-333b581a6926,Trafohaus Zanderstraße,2025-07-01 12:00:00+00:00,0.0588872026121119
6565,dc716491-cffe-4661-bbe4-333b581a6926,Trafohaus Zanderstraße,2025-07-01 13:00:00+00:00,0.06319064623656051
6566,dc716491-cffe-4661-bbe4-333b581a6926,Trafohaus Zanderstraße,2025-07-01 14:00:00+00:00,0.061178636218241156
6567,dc716491-cffe-4661-bbe4-333b581a6926,Trafohaus Zanderstraße,2025-07-01 15:00:00+00:00,0.06153392738298559
6568,dc716491-cffe-4661-bbe4-333b581a6926,Trafohaus Zanderstraße,2025-07-01 16:00:00+00:00,0.05769509612106653
6569,dc716491-cffe-4661-bbe4-333b581a6926,Trafohaus Zanderstraße,2025-07-01 17:00:00+00:00,0.06107029920476278
6570,dc716491-cffe-4661-bbe4-333b581a6926,Trafohaus Zanderstraße,2025-07-01 18:00:00+00:00,0.05473042422491196
6571,dc716491-cffe-4661-bbe4-333b581a6926,Trafohaus Zanderstraße,2025-07-01 19:00:00+00:00,0.04336158628366841
6572,dc716491-cffe-4661-bbe4-333b581a6926,Trafohaus Zanderstraße,2025-07-01 20:00:00+00:00,0.043522124981709126
6573,dc716491-cffe-4661-bbe4-333b581a6926,Trafohaus Zanderstraße,2025-07-01 21:00:00+00:00,0.0435606375145405
6574,dc716491-cffe-4661-bbe4-333b581a6926,Trafohaus Zanderstraße,2025-07-01 22:00:00+00:00,0.042942986108388266
6575,dc716491-cffe-4661-bbe4-333b581a6926,Trafohaus Zanderstraße,2025-07-01 23:00:00+00:00,0.042466994717281756
6576,dc716491-cffe-4661-bbe4-333b581a6926,Trafohaus Zanderstraße,2025-07-02 00:00:00+00:00,0.04324326708700753
6577,dc716491-cffe-4661-bbe4-333b581a6926,Trafohaus Zanderstraße,2025-07-02 01:00:00+00:00,0.04411568795336965
6578,dc716491-cffe-4661-bbe4-333b581a6926,Trafohaus Zanderstraße,2025-07-02 02:00:00+00:00,0.0446191944890001
6579,dc716491-cffe-4661-bbe4-333b581a6926,Trafohaus Zanderstraße,2025-07-02 03:00:00+00:00,0.04608987903718311
6580,dc716491-cffe-4661-bbe4-333b581a6926,Trafohaus Zanderstraße,2025-07-02 04:00:00+00:00,0.048269433459911075
6581,dc716491-cffe-4661-bbe4-333b581a6926,Trafohaus Zanderstraße,2025-07-02 05:00:00+00:00,0.045757402601318255
6582,dc716491-cffe-4661-bbe4-333b581a6926,Trafohaus Zanderstraße,2025-07-02 06:00:00+00:00,0.04167589998748371
6583,dc716491-cffe-4661-bbe4-333b581a6926,Trafohaus Zanderstraße,2025-07-02 07:00:00+00:00,0.03964271919124665
6584,dc716491-cffe-4661-bbe4-333b581a6926,Trafohaus Zanderstraße,2025-07-02 08:00:00+00:00,0.040285195800401616
6585,dc716491-cffe-4661-bbe4-333b581a6926,Trafohaus Zanderstraße,2025-07-02 09:00:00+00:00,0.04403310488671563
6586,dc716491-cffe-4661-bbe4-333b581a6926,Trafohaus Zanderstraße,2025-07-02 10:00:00+00:00,0.03435547864944561
6587,dc716491-cffe-4661-bbe4-333b581a6926,Trafohaus Zanderstraße,2025-07-02 11:00:00+00:00,0.03735235419195761
6588,dc716491-cffe-4661-bbe4-333b581a6926,Trafohaus Zanderstraße,2025-07-02 12:00:00+00:00,0.03993477008353006
6589,dc716491-cffe-4661-bbe4-333b581a6926,Trafohaus Zanderstraße,2025-07-02 13:00:00+00:00,0.03827241629043507
6590,dc716491-cffe-4661-bbe4-333b581a6926,Trafohaus Zanderstraße,2025-07-02 14:00:00+00:00,0.03895869294196815
6591,dc716491-cffe-4661-bbe4-333b581a6926,Trafohaus Zanderstraße,2025-07-02 15:00:00+00:00,0.0400864882490486
6592,dc716491-cffe-4661-bbe4-333b581a6926,Trafohaus Zanderstraße,2025-07-02 16:00:00+00:00,0.038905528361653875
6593,dc716491-cffe-4661-bbe4-333b581a6926,Trafohaus Zanderstraße,2025-07-02 17:00:00+00:00,0.03469946992863802
6594,dc716491-cffe-4661-bbe4-333b581a6926,Trafohaus Zanderstraße,2025-07-02 18:00:00+00:00,0.032720515375652126
6595,dc716491-cffe-4661-bbe4-333b581a6926,Trafohaus Zanderstraße,2025-07-02 19:00:00+00:00,0.032009319527959684
6596,dc716491-cffe-4661-bbe4-333b581a6926,Trafohaus Zanderstraße,2025-07-02 20:00:00+00:00,0.03200005043130757
6597,dc716491-cffe-4661-bbe4-333b581a6926,Trafohaus Zanderstraße,2025-07-02 21:00:00+00:00,0.03211925952913753
6598,dc716491-cffe-4661-bbe4-333b581a6926,Trafohaus Zanderstraße,2025-07-02 22:00:00+00:00,0.03212121970362912
6599,dc716491-cffe-4661-bbe4-333b581a6926,Trafohaus Zanderstraße,2025-07-02 23:00:00+00:00,0.03280308182104224
6600,dc716491-cffe-4661-bbe4-333b581a6926,Trafohaus Zanderstraße,2025-07-03 00:00:00+00:00,0.03322040779040371
6601,dc716491-cffe-4661-bbe4-333b581a6926,Trafohaus Zanderstraße,2025-07-03 01:00:00+00:00,0.0337199565834806
6602,dc716491-cffe-4661-bbe4-333b581a6926,Trafohaus Zanderstraße,2025-07-03 02:00:00+00:00,0.03422980362667955
6603,dc716491-cffe-4661-bbe4-333b581a6926,Trafohaus Zanderstraße,2025-07-03 03:00:00+00:00,0.035681734789017046
6604,dc716491-cffe-4661-bbe4-333b581a6926,Trafohaus Zanderstraße,2025-07-03 04:00:00+00:00,0.03584854839826881
6605,dc716491-cffe-4661-bbe4-333b581a6926,Trafohaus Zanderstraße,2025-07-03 05:00:00+00:00,0.02115242749616677
6606,dc716491-cffe-4661-bbe4-333b581a6926,Trafohaus Zanderstraße,2025-07-03 06:00:00+00:00,0.019845483903717452
6607,dc716491-cffe-4661-bbe4-333b581a6926,Trafohaus Zanderstraße,2025-07-03 07:00:00+00:00,0.01769526796075172
6608,dc716491-cffe-4661-bbe4-333b581a6926,Trafohaus Zanderstraße,2025-07-03 08:00:00+00:00,0.021656919346248305
6609,dc716491-cffe-4661-bbe4-333b581a6926,Trafohaus Zanderstraße,2025-07-03 09:00:00+00:00,0.019241409682835674
6610,dc716491-cffe-4661-bbe4-333b581a6926,Trafohaus Zanderstraße,2025-07-03 10:00:00+00:00,0.01767948867525073
6611,dc716491-cffe-4661-bbe4-333b581a6926,Trafohaus Zanderstraße,2025-07-03 11:00:00+00:00,0.017283581074311702
6612,dc716491-cffe-4661-bbe4-333b581a6926,Trafohaus Zanderstraße,2025-07-03 12:00:00+00:00,0.029731937649632237
6613,dc716491-cffe-4661-bbe4-333b581a6926,Trafohaus Zanderstraße,2025-07-03 13:00:00+00:00,0.044995653861069435
6614,dc716491-cffe-4661-bbe4-333b581a6926,Trafohaus Zanderstraße,2025-07-03 14:00:00+00:00,0.0518484934327633
6615,dc716491-cffe-4661-bbe4-333b581a6926,Trafohaus Zanderstraße,2025-07-03 15:00:00+00:00,0.05511018645872335
6616,dc716491-cffe-4661-bbe4-333b581a6926,Trafohaus Zanderstraße,2025-07-03 16:00:00+00:00,0.05115332342295782
6617,dc716491-cffe-4661-bbe4-333b581a6926,Trafohaus Zanderstraße,2025-07-03 17:00:00+00:00,0.04861430916003705
6618,dc716491-cffe-4661-bbe4-333b581a6926,Trafohaus Zanderstraße,2025-07-03 18:00:00+00:00,0.04771141273432874
6619,dc716491-cffe-4661-bbe4-333b581a6926,Trafohaus Zanderstraße,2025-07-03 19:00:00+00:00,0.045557962268572866
6620,dc716491-cffe-4661-bbe4-333b581a6926,Trafohaus Zanderstraße,2025-07-03 20:00:00+00:00,0.043901703689990426
6621,dc716491-cffe-4661-bbe4-333b581a6926,Trafohaus Zanderstraße,2025-07-03 21:00:00+00:00,0.043752300522264295
6622,dc716491-cffe-4661-bbe4-333b581a6926,Trafohaus Zanderstraße,2025-07-03 22:00:00+00:00,0.04299594446684343
6623,dc716491-cffe-4661-bbe4-333b581a6926,Trafohaus Zanderstraße,2025-07-03 23:00:00+00:00,0.04285961584121624
6624,dc716491-cffe-4661-bbe4-333b581a6926,Trafohaus Zanderstraße,2025-07-04 00:00:00+00:00,0.04421425912425469
6625,dc716491-cffe-4661-bbe4-333b581a6926,Trafohaus Zanderstraße,2025-07-04 01:00:00+00:00,0.04995253865407004
6626,dc716491-cffe-4661-bbe4-333b581a6926,Trafohaus Zanderstraße,2025-07-04 02:00:00+00:00,0.050521119530200116
6627,dc716491-cffe-4661-bbe4-333b581a6926,Trafohaus Zanderstraße,2025-07-04 03:00:00+00:00,0.05233653019090642
6628,dc716491-cffe-4661-bbe4-333b581a6926,Trafohaus Zanderstraße,2025-07-04 04:00:00+00:00,0.04954688403894401
6629,dc716491-cffe-4661-bbe4-333b581a6926,Trafohaus Zanderstraße,2025-07-04 05:00:00+00:00,0.07374218471921988
6630,dc716491-cffe-4661-bbe4-333b581a6926,Trafohaus Zanderstraße,2025-07-04 06:00:00+00:00,0.07279815443688638
6631,dc716491-cffe-4661-bbe4-333b581a6926,Trafohaus Zanderstraße,2025-07-04 07:00:00+00:00,0.0701027276697847
6632,dc716491-cffe-4661-bbe4-333b581a6926,Trafohaus Zanderstraße,2025-07-04 08:00:00+00:00,0.06626491990512336
6633,dc716491-cffe-4661-bbe4-333b581a6926,Trafohaus Zanderstraße,2025-07-04 09:00:00+00:00,0.07796728058088881
6634,dc716491-cffe-4661-bbe4-333b581a6926,Trafohaus Zanderstraße,2025-07-04 10:00:00+00:00,0.080958674887725
6635,dc716491-cffe-4661-bbe4-333b581a6926,Trafohaus Zanderstraße,2025-07-04 11:00:00+00:00,0.06524923825565812
6636,dc716491-cffe-4661-bbe4-333b581a6926,Trafohaus Zanderstraße,2025-07-04 12:00:00+00:00,0.06732375424439209
6637,dc716491-cffe-4661-bbe4-333b581a6926,Trafohaus Zanderstraße,2025-07-04 13:00:00+00:00,0.08504677404939108
6638,dc716491-cffe-4661-bbe4-333b581a6926,Trafohaus Zanderstraße,2025-07-04 14:00:00+00:00,0.09186418915634462
6639,dc716491-cffe-4661-bbe4-333b581a6926,Trafohaus Zanderstraße,2025-07-04 15:00:00+00:00,0.09209600455071376
6640,dc716491-cffe-4661-bbe4-333b581a6926,Trafohaus Zanderstraße,2025-07-04 16:00:00+00:00,0.0928434484387784
6641,dc716491-cffe-4661-bbe4-333b581a6926,Trafohaus Zanderstraße,2025-07-04 17:00:00+00:00,0.09648117059701063
6642,dc716491-cffe-4661-bbe4-333b581a6926,Trafohaus Zanderstraße,2025-07-04 18:00:00+00:00,0.0922169966962382
6643,dc716491-cffe-4661-bbe4-333b581a6926,Trafohaus Zanderstraße,2025-07-04 19:00:00+00:00,0.08634791965748226
6644,dc716491-cffe-4661-bbe4-333b581a6926,Trafohaus Zanderstraße,2025-07-04 20:00:00+00:00,0.0837854415910923
6645,dc716491-cffe-4661-bbe4-333b581a6926,Trafohaus Zanderstraße,2025-07-04 21:00:00+00:00,0.0830306350472743
6646,dc716491-cffe-4661-bbe4-333b581a6926,Trafohaus Zanderstraße,2025-07-04 22:00:00+00:00,0.08304680609935003
6647,dc716491-cffe-4661-bbe4-333b581a6926,Trafohaus Zanderstraße,2025-07-04 23:00:00+00:00,0.08193434370705495
6648,dc716491-cffe-4661-bbe4-333b581a6926,Trafohaus Zanderstraße,2025-07-05 00:00:00+00:00,0.08031216840032139
6649,dc716491-cffe-4661-bbe4-333b581a6926,Trafohaus Zanderstraße,2025-07-05 01:00:00+00:00,0.07930702834085772
6650,dc716491-cffe-4661-bbe4-333b581a6926,Trafohaus Zanderstraße,2025-07-05 02:00:00+00:00,0.08090236402684052
6651,dc716491-cffe-4661-bbe4-333b581a6926,Trafohaus Zanderstraße,2025-07-05 03:00:00+00:00,0.08457714060033604
6652,dc716491-cffe-4661-bbe4-333b581a6926,Trafohaus Zanderstraße,2025-07-05 04:00:00+00:00,0.09150832208738464
6653,dc716491-cffe-4661-bbe4-333b581a6926,Trafohaus Zanderstraße,2025-07-05 05:00:00+00:00,0.07794726724102564
6654,dc716491-cffe-4661-bbe4-333b581a6926,Trafohaus Zanderstraße,2025-07-05 06:00:00+00:00,0.08188663046509843
6655,dc716491-cffe-4661-bbe4-333b581a6926,Trafohaus Zanderstraße,2025-07-05 07:00:00+00:00,0.07854885984705799
6656,dc716491-cffe-4661-bbe4-333b581a6926,Trafohaus Zanderstraße,2025-07-05 08:00:00+00:00,0.04887172889443168
6657,dc716491-cffe-4661-bbe4-333b581a6926,Trafohaus Zanderstraße,2025-07-05 09:00:00+00:00,0.05183954229426224
6658,dc716491-cffe-4661-bbe4-333b581a6926,Trafohaus Zanderstraße,2025-07-05 10:00:00+00:00,0.06437881076277106
6659,dc716491-cffe-4661-bbe4-333b581a6926,Trafohaus Zanderstraße,2025-07-05 11:00:00+00:00,0.06492905057350443
6660,dc716491-cffe-4661-bbe4-333b581a6926,Trafohaus Zanderstraße,2025-07-05 12:00:00+00:00,0.06425724229954691
6661,dc716491-cffe-4661-bbe4-333b581a6926,Trafohaus Zanderstraße,2025-07-05 13:00:00+00:00,0.05778124537169897
6662,dc716491-cffe-4661-bbe4-333b581a6926,Trafohaus Zanderstraße,2025-07-05 14:00:00+00:00,0.045106890260362874
6663,dc716491-cffe-4661-bbe4-333b581a6926,Trafohaus Zanderstraße,2025-07-05 15:00:00+00:00,0.04263634356853445
6664,dc716491-cffe-4661-bbe4-333b581a6926,Trafohaus Zanderstraße,2025-07-05 16:00:00+00:00,0.04426201183368587
6665,dc716491-cffe-4661-bbe4-333b581a6926,Trafohaus Zanderstraße,2025-07-05 17:00:00+00:00,0.04297415829372985
6666,dc716491-cffe-4661-bbe4-333b581a6926,Trafohaus Zanderstraße,2025-07-05 18:00:00+00:00,0.04166952795775431
6667,dc716491-cffe-4661-bbe4-333b581a6926,Trafohaus Zanderstraße,2025-07-05 19:00:00+00:00,0.04218049269464356
6668,dc716491-cffe-4661-bbe4-333b581a6926,Trafohaus Zanderstraße,2025-07-05 20:00:00+00:00,0.03760929075486532
6669,dc716491-cffe-4661-bbe4-333b581a6926,Trafohaus Zanderstraße,2025-07-05 21:00:00+00:00,0.03462268275902929
6670,dc716491-cffe-4661-bbe4-333b581a6926,Trafohaus Zanderstraße,2025-07-05 22:00:00+00:00,0.034331291201869306
6671,dc716491-cffe-4661-bbe4-333b581a6926,Trafohaus Zanderstraße,2025-07-05 23:00:00+00:00,0.0336478888002368
6672,dc716491-cffe-4661-bbe4-333b581a6926,Trafohaus Zanderstraße,2025-07-06 00:00:00+00:00,0.034618546974618435
6673,dc716491-cffe-4661-bbe4-333b581a6926,Trafohaus Zanderstraße,2025-07-06 01:00:00+00:00,0.03582034500762941
6674,dc716491-cffe-4661-bbe4-333b581a6926,Trafohaus Zanderstraße,2025-07-06 02:00:00+00:00,0.03674666063901217
6675,dc716491-cffe-4661-bbe4-333b581a6926,Trafohaus Zanderstraße,2025-07-06 03:00:00+00:00,0.03799462561070256
6676,dc716491-cffe-4661-bbe4-333b581a6926,Trafohaus Zanderstraße,2025-07-06 04:00:00+00:00,0.04009463967569493
6677,dc716491-cffe-4661-bbe4-333b581a6926,Trafohaus Zanderstraße,2025-07-06 05:00:00+00:00,0.04001636165325837
6678,dc716491-cffe-4661-bbe4-333b581a6926,Trafohaus Zanderstraße,2025-07-06 06:00:00+00:00,0.036234590464962815
6679,dc716491-cffe-4661-bbe4-333b581a6926,Trafohaus Zanderstraße,2025-07-06 07:00:00+00:00,0.03021491116337229
6680,dc716491-cffe-4661-bbe4-333b581a6926,Trafohaus Zanderstraße,2025-07-06 08:00:00+00:00,0.02367518687685626
6681,dc716491-cffe-4661-bbe4-333b581a6926,Trafohaus Zanderstraße,2025-07-06 09:00:00+00:00,0.01914951583099148
6682,dc716491-cffe-4661-bbe4-333b581a6926,Trafohaus Zanderstraße,2025-07-06 10:00:00+00:00,0.016074831189060765
6683,dc716491-cffe-4661-bbe4-333b581a6926,Trafohaus Zanderstraße,2025-07-06 11:00:00+00:00,0.01938744974809276
6684,dc716491-cffe-4661-bbe4-333b581a6926,Trafohaus Zanderstraße,2025-07-06 12:00:00+00:00,0.018163265647529857
6685,dc716491-cffe-4661-bbe4-333b581a6926,Trafohaus Zanderstraße,2025-07-06 13:00:00+00:00,0.019664474354904985
6686,dc716491-cffe-4661-bbe4-333b581a6926,Trafohaus Zanderstraße,2025-07-06 14:00:00+00:00,0.02136025105078563
6687,dc716491-cffe-4661-bbe4-333b581a6926,Trafohaus Zanderstraße,2025-07-06 15:00:00+00:00,0.02287252040675074
6688,dc716491-cffe-4661-bbe4-333b581a6926,Trafohaus Zanderstraße,2025-07-06 16:00:00+00:00,0.020156212497274405
6689,dc716491-cffe-4661-bbe4-333b581a6926,Trafohaus Zanderstraße,2025-07-06 17:00:00+00:00,0.01876698427940421
6690,dc716491-cffe-4661-bbe4-333b581a6926,Trafohaus Zanderstraße,2025-07-06 18:00:00+00:00,0.019611965725491343
6691,dc716491-cffe-4661-bbe4-333b581a6926,Trafohaus Zanderstraße,2025-07-06 19:00:00+00:00,0.01920715573689288
6692,dc716491-cffe-4661-bbe4-333b581a6926,Trafohaus Zanderstraße,2025-07-06 20:00:00+00:00,0.01931101066437971
6693,dc716491-cffe-4661-bbe4-333b581a6926,Trafohaus Zanderstraße,2025-07-06 21:00:00+00:00,0.019482925614275625
6694,dc716491-cffe-4661-bbe4-333b581a6926,Trafohaus Zanderstraße,2025-07-06 22:00:00+00:00,0.01991808747796944
6695,dc716491-cffe-4661-bbe4-333b581a6926,Trafohaus Zanderstraße,2025-07-06 23:00:00+00:00,0.019921570945709656
6696,dc716491-cffe-4661-bbe4-333b581a6926,Trafohaus Zanderstraße,2025-07-07 00:00:00+00:00,0.01831216837471145
6697,dc716491-cffe-4661-bbe4-333b581a6926,Trafohaus Zanderstraße,2025-07-07 01:00:00+00:00,0.01832223679843929
6698,dc716491-cffe-4661-bbe4-333b581a6926,Trafohaus Zanderstraße,2025-07-07 02:00:00+00:00,0.015761027350265397
6699,dc716491-cffe-4661-bbe4-333b581a6926,Trafohaus Zanderstraße,2025-07-07 03:00:00+00:00,0.012663452634466433
6700,dc716491-cffe-4661-bbe4-333b581a6926,Trafohaus Zanderstraße,2025-07-07 04:00:00+00:00,0.013624838340281005
6701,dc716491-cffe-4661-bbe4-333b581a6926,Trafohaus Zanderstraße,2025-07-07 05:00:00+00:00,0.015360060930074072
6702,dc716491-cffe-4661-bbe4-333b581a6926,Trafohaus Zanderstraße,2025-07-07 06:00:00+00:00,0.011985241813373534
6703,dc716491-cffe-4661-bbe4-333b581a6926,Trafohaus Zanderstraße,2025-07-07 07:00:00+00:00,0.013032024305163223
6704,dc716491-cffe-4661-bbe4-333b581a6926,Trafohaus Zanderstraße,2025-07-07 08:00:00+00:00,0.01560390757135064
6705,dc716491-cffe-4661-bbe4-333b581a6926,Trafohaus Zanderstraße,2025-07-07 09:00:00+00:00,0.01759431503410539
6706,dc716491-cffe-4661-bbe4-333b581a6926,Trafohaus Zanderstraße,2025-07-07 10:00:00+00:00,0.021684332038657814
6707,dc716491-cffe-4661-bbe4-333b581a6926,Trafohaus Zanderstraße,2025-07-07 11:00:00+00:00,0.022616707569077635
6708,dc716491-cffe-4661-bbe4-333b581a6926,Trafohaus Zanderstraße,2025-07-07 12:00:00+00:00,0.02321443393050218
6709,dc716491-cffe-4661-bbe4-333b581a6926,Trafohaus Zanderstraße,2025-07-07 13:00:00+00:00,0.014931697793501687
6710,dc716491-cffe-4661-bbe4-333b581a6926,Trafohaus Zanderstraße,2025-07-07 14:00:00+00:00,0.012988103397644191
6711,dc716491-cffe-4661-bbe4-333b581a6926,Trafohaus Zanderstraße,2025-07-07 15:00:00+00:00,0.011867506573954118
6712,dc716491-cffe-4661-bbe4-333b581a6926,Trafohaus Zanderstraße,2025-07-07 16:00:00+00:00,0.011813552813505723
6713,dc716491-cffe-4661-bbe4-333b581a6926,Trafohaus Zanderstraße,2025-07-07 17:00:00+00:00,0.01169553660391126
6714,dc716491-cffe-4661-bbe4-333b581a6926,Trafohaus Zanderstraße,2025-07-07 18:00:00+00:00,0.010822619038002279
6715,dc716491-cffe-4661-bbe4-333b581a6926,Trafohaus Zanderstraße,2025-07-07 19:00:00+00:00,0.01069264582791623
6716,dc716491-cffe-4661-bbe4-333b581a6926,Trafohaus Zanderstraße,2025-07-07 20:00:00+00:00,0.010297558532231106
6717,dc716491-cffe-4661-bbe4-333b581a6926,Trafohaus Zanderstraße,2025-07-07 21:00:00+00:00,0.010024806700062455
6718,dc716491-cffe-4661-bbe4-333b581a6926,Trafohaus Zanderstraße,2025-07-07 22:00:00+00:00,0.009983288991134003
6719,dc716491-cffe-4661-bbe4-333b581a6926,Trafohaus Zanderstraße,2025-07-07 23:00:00+00:00,0.00982782754281181
6720,dc716491-cffe-4661-bbe4-333b581a6926,Trafohaus Zanderstraße,2025-07-08 00:00:00+00:00,0.008928556718018045
6721,dc716491-cffe-4661-bbe4-333b581a6926,Trafohaus Zanderstraße,2025-07-08 01:00:00+00:00,0.009614177359151203
6722,dc716491-cffe-4661-bbe4-333b581a6926,Trafohaus Zanderstraße,2025-07-08 02:00:00+00:00,0.009605312896535807
6723,dc716491-cffe-4661-bbe4-333b581a6926,Trafohaus Zanderstraße,2025-07-08 03:00:00+00:00,0.009118415374115722
6724,dc716491-cffe-4661-bbe4-333b581a6926,Trafohaus Zanderstraße,2025-07-08 04:00:00+00:00,0.008950630040145643
6725,dc716491-cffe-4661-bbe4-333b581a6926,Trafohaus Zanderstraße,2025-07-08 05:00:00+00:00,0.007940019045899934
6726,dc716491-cffe-4661-bbe4-333b581a6926,Trafohaus Zanderstraße,2025-07-08 06:00:00+00:00,0.007977237523377638
6727,dc716491-cffe-4661-bbe4-333b581a6926,Trafohaus Zanderstraße,2025-07-08 07:00:00+00:00,0.00769753700630721
6728,dc716491-cffe-4661-bbe4-333b581a6926,Trafohaus Zanderstraße,2025-07-08 08:00:00+00:00,0.007980520030864111
6729,dc716491-cffe-4661-bbe4-333b581a6926,Trafohaus Zanderstraße,2025-07-08 09:00:00+00:00,0.008823363883743718
6730,dc716491-cffe-4661-bbe4-333b581a6926,Trafohaus Zanderstraße,2025-07-08 10:00:00+00:00,0.00986336579693543
6731,dc716491-cffe-4661-bbe4-333b581a6926,Trafohaus Zanderstraße,2025-07-08 11:00:00+00:00,0.009366111103537734
6732,dc716491-cffe-4661-bbe4-333b581a6926,Trafohaus Zanderstraße,2025-07-08 12:00:00+00:00,0.010184998963301772
6733,dc716491-cffe-4661-bbe4-333b581a6926,Trafohaus Zanderstraße,2025-07-08 13:00:00+00:00,0.011251161764403744
6734,dc716491-cffe-4661-bbe4-333b581a6926,Trafohaus Zanderstraße,2025-07-08 14:00:00+00:00,0.009637888769027962
6735,dc716491-cffe-4661-bbe4-333b581a6926,Trafohaus Zanderstraße,2025-07-08 15:00:00+00:00,0.009169010851897457
6736,dc716491-cffe-4661-bbe4-333b581a6926,Trafohaus Zanderstraße,2025-07-08 16:00:00+00:00,0.010197351544464555
6737,dc716491-cffe-4661-bbe4-333b581a6926,Trafohaus Zanderstraße,2025-07-08 17:00:00+00:00,0.015848769587174835
6738,dc716491-cffe-4661-bbe4-333b581a6926,Trafohaus Zanderstraße,2025-07-08 18:00:00+00:00,0.014227067862459817
6739,dc716491-cffe-4661-bbe4-333b581a6926,Trafohaus Zanderstraße,2025-07-08 19:00:00+00:00,0.01287241600150767
6740,dc716491-cffe-4661-bbe4-333b581a6926,Trafohaus Zanderstraße,2025-07-08 20:00:00+00:00,0.012239845055183777
6741,dc716491-cffe-4661-bbe4-333b581a6926,Trafohaus Zanderstraße,2025-07-08 21:00:00+00:00,0.012200805152127374
6742,dc716491-cffe-4661-bbe4-333b581a6926,Trafohaus Zanderstraße,2025-07-08 22:00:00+00:00,0.011629109378865268
6743,dc716491-cffe-4661-bbe4-333b581a6926,Trafohaus Zanderstraße,2025-07-08 23:00:00+00:00,0.011522468853119914
6744,dc716491-cffe-4661-bbe4-333b581a6926,Trafohaus Zanderstraße,2025-07-09 00:00:00+00:00,0.01217846158652313
6745,dc716491-cffe-4661-bbe4-333b581a6926,Trafohaus Zanderstraße,2025-07-09 01:00:00+00:00,0.012485449473007702
6746,dc716491-cffe-4661-bbe4-333b581a6926,Trafohaus Zanderstraße,2025-07-09 02:00:00+00:00,0.012989935003205104
6747,dc716491-cffe-4661-bbe4-333b581a6926,Trafohaus Zanderstraße,2025-07-09 03:00:00+00:00,0.013279503626475479
6748,dc716491-cffe-4661-bbe4-333b581a6926,Trafohaus Zanderstraße,2025-07-09 04:00:00+00:00,0.01367786170746355
6749,dc716491-cffe-4661-bbe4-333b581a6926,Trafohaus Zanderstraße,2025-07-09 05:00:00+00:00,0.02983872079272464
6750,dc716491-cffe-4661-bbe4-333b581a6926,Trafohaus Zanderstraße,2025-07-09 06:00:00+00:00,0.027289542959198148
6751,dc716491-cffe-4661-bbe4-333b581a6926,Trafohaus Zanderstraße,2025-07-09 07:00:00+00:00,0.028650667351750578
6752,dc716491-cffe-4661-bbe4-333b581a6926,Trafohaus Zanderstraße,2025-07-09 08:00:00+00:00,0.0283569447416655
6753,dc716491-cffe-4661-bbe4-333b581a6926,Trafohaus Zanderstraße,2025-07-09 09:00:00+00:00,0.029235018961157416
6754,dc716491-cffe-4661-bbe4-333b581a6926,Trafohaus Zanderstraße,2025-07-09 10:00:00+00:00,0.030534250321707646
6755,dc716491-cffe-4661-bbe4-333b581a6926,Trafohaus Zanderstraße,2025-07-09 11:00:00+00:00,0.032714687501260505
6756,dc716491-cffe-4661-bbe4-333b581a6926,Trafohaus Zanderstraße,2025-07-09 12:00:00+00:00,0.03429742319254476
6757,dc716491-cffe-4661-bbe4-333b581a6926,Trafohaus Zanderstraße,2025-07-09 13:00:00+00:00,0.03211120399817812
6758,dc716491-cffe-4661-bbe4-333b581a6926,Trafohaus Zanderstraße,2025-07-09 14:00:00+00:00,0.033381772174045046
6759,dc716491-cffe-4661-bbe4-333b581a6926,Trafohaus Zanderstraße,2025-07-09 15:00:00+00:00,0.032407158086001954
6760,dc716491-cffe-4661-bbe4-333b581a6926,Trafohaus Zanderstraße,2025-07-09 16:00:00+00:00,0.03183111981158214
6761,dc716491-cffe-4661-bbe4-333b581a6926,Trafohaus Zanderstraße,2025-07-09 17:00:00+00:00,0.027462034386776375
6762,dc716491-cffe-4661-bbe4-333b581a6926,Trafohaus Zanderstraße,2025-07-09 18:00:00+00:00,0.02812929679071321
6763,dc716491-cffe-4661-bbe4-333b581a6926,Trafohaus Zanderstraße,2025-07-09 19:00:00+00:00,0.028148338389155612
6764,dc716491-cffe-4661-bbe4-333b581a6926,Trafohaus Zanderstraße,2025-07-09 20:00:00+00:00,0.028359746571768877
6765,dc716491-cffe-4661-bbe4-333b581a6926,Trafohaus Zanderstraße,2025-07-09 21:00:00+00:00,0.029252854352068935
6766,dc716491-cffe-4661-bbe4-333b581a6926,Trafohaus Zanderstraße,2025-07-09 22:00:00+00:00,0.02967003471753011
6767,dc716491-cffe-4661-bbe4-333b581a6926,Trafohaus Zanderstraße,2025-07-09 23:00:00+00:00,0.030212389856111698
6768,dc716491-cffe-4661-bbe4-333b581a6926,Trafohaus Zanderstraße,2025-07-10 00:00:00+00:00,0.02988235736972996
6769,dc716491-cffe-4661-bbe4-333b581a6926,Trafohaus Zanderstraße,2025-07-10 01:00:00+00:00,0.029611316701487537
6770,dc716491-cffe-4661-bbe4-333b581a6926,Trafohaus Zanderstraße,2025-07-10 02:00:00+00:00,0.030038232717617977
6771,dc716491-cffe-4661-bbe4-333b581a6926,Trafohaus Zanderstraße,2025-07-10 03:00:00+00:00,0.032416719421903
6772,dc716491-cffe-4661-bbe4-333b581a6926,Trafohaus Zanderstraße,2025-07-10 04:00:00+00:00,0.03313459301538548
6773,dc716491-cffe-4661-bbe4-333b581a6926,Trafohaus Zanderstraße,2025-07-10 05:00:00+00:00,0.01763800661879592
6774,dc716491-cffe-4661-bbe4-333b581a6926,Trafohaus Zanderstraße,2025-07-10 06:00:00+00:00,0.01570755963246113
6775,dc716491-cffe-4661-bbe4-333b581a6926,Trafohaus Zanderstraße,2025-07-10 07:00:00+00:00,0.015694435537669315
6776,dc716491-cffe-4661-bbe4-333b581a6926,Trafohaus Zanderstraße,2025-07-10 08:00:00+00:00,0.016132397193050964
6777,dc716491-cffe-4661-bbe4-333b581a6926,Trafohaus Zanderstraße,2025-07-10 09:00:00+00:00,0.016618311940304963
6778,dc716491-cffe-4661-bbe4-333b581a6926,Trafohaus Zanderstraße,2025-07-10 10:00:00+00:00,0.01657015684837561
6779,dc716491-cffe-4661-bbe4-333b581a6926,Trafohaus Zanderstraße,2025-07-10 11:00:00+00:00,0.014157393988118381
6780,dc716491-cffe-4661-bbe4-333b581a6926,Trafohaus Zanderstraße,2025-07-10 12:00:00+00:00,0.014218125885180987
6781,dc716491-cffe-4661-bbe4-333b581a6926,Trafohaus Zanderstraße,2025-07-10 13:00:00+00:00,0.02304143534395263
6782,dc716491-cffe-4661-bbe4-333b581a6926,Trafohaus Zanderstraße,2025-07-10 14:00:00+00:00,0.020920719302027435
6783,dc716491-cffe-4661-bbe4-333b581a6926,Trafohaus Zanderstraße,2025-07-10 15:00:00+00:00,0.024938122089257712
6784,dc716491-cffe-4661-bbe4-333b581a6926,Trafohaus Zanderstraße,2025-07-10 16:00:00+00:00,0.024196943367576048
6785,dc716491-cffe-4661-bbe4-333b581a6926,Trafohaus Zanderstraße,2025-07-10 17:00:00+00:00,0.026685398536273417
6786,dc716491-cffe-4661-bbe4-333b581a6926,Trafohaus Zanderstraße,2025-07-10 18:00:00+00:00,0.025567598562648786
6787,dc716491-cffe-4661-bbe4-333b581a6926,Trafohaus Zanderstraße,2025-07-10 19:00:00+00:00,0.02551131648789727
6788,dc716491-cffe-4661-bbe4-333b581a6926,Trafohaus Zanderstraße,2025-07-10 20:00:00+00:00,0.024835480494357232
6789,dc716491-cffe-4661-bbe4-333b581a6926,Trafohaus Zanderstraße,2025-07-10 21:00:00+00:00,0.024753738853794494
6790,dc716491-cffe-4661-bbe4-333b581a6926,Trafohaus Zanderstraße,2025-07-10 22:00:00+00:00,0.024860899325422015
6791,dc716491-cffe-4661-bbe4-333b581a6926,Trafohaus Zanderstraße,2025-07-10 23:00:00+00:00,0.02481463975048994
6792,dc716491-cffe-4661-bbe4-333b581a6926,Trafohaus Zanderstraße,2025-07-11 00:00:00+00:00,0.0252550531252961
6793,dc716491-cffe-4661-bbe4-333b581a6926,Trafohaus Zanderstraße,2025-07-11 01:00:00+00:00,0.028246384988137863
6794,dc716491-cffe-4661-bbe4-333b581a6926,Trafohaus Zanderstraße,2025-07-11 02:00:00+00:00,0.02720420129601807
6795,dc716491-cffe-4661-bbe4-333b581a6926,Trafohaus Zanderstraße,2025-07-11 03:00:00+00:00,0.026150415037954105
6796,dc716491-cffe-4661-bbe4-333b581a6926,Trafohaus Zanderstraße,2025-07-11 04:00:00+00:00,0.026261684822799513
6797,dc716491-cffe-4661-bbe4-333b581a6926,Trafohaus Zanderstraße,2025-07-11 05:00:00+00:00,0.024550337223805382
6798,dc716491-cffe-4661-bbe4-333b581a6926,Trafohaus Zanderstraße,2025-07-11 06:00:00+00:00,0.024577562803250155
6799,dc716491-cffe-4661-bbe4-333b581a6926,Trafohaus Zanderstraße,2025-07-11 07:00:00+00:00,0.029142089649731823
6800,dc716491-cffe-4661-bbe4-333b581a6926,Trafohaus Zanderstraße,2025-07-11 08:00:00+00:00,0.04800946583036812
6801,dc716491-cffe-4661-bbe4-333b581a6926,Trafohaus Zanderstraße,2025-07-11 09:00:00+00:00,0.05066227851003948
6802,dc716491-cffe-4661-bbe4-333b581a6926,Trafohaus Zanderstraße,2025-07-11 10:00:00+00:00,0.051376769414313975
6803,dc716491-cffe-4661-bbe4-333b581a6926,Trafohaus Zanderstraße,2025-07-11 11:00:00+00:00,0.049238579335161625
6804,dc716491-cffe-4661-bbe4-333b581a6926,Trafohaus Zanderstraße,2025-07-11 12:00:00+00:00,0.05017162579414195
6805,dc716491-cffe-4661-bbe4-333b581a6926,Trafohaus Zanderstraße,2025-07-11 13:00:00+00:00,0.06028652667166012
6806,dc716491-cffe-4661-bbe4-333b581a6926,Trafohaus Zanderstraße,2025-07-11 14:00:00+00:00,0.07032166362006527
6807,dc716491-cffe-4661-bbe4-333b581a6926,Trafohaus Zanderstraße,2025-07-11 15:00:00+00:00,0.07724213279054042
6808,dc716491-cffe-4661-bbe4-333b581a6926,Trafohaus Zanderstraße,2025-07-11 16:00:00+00:00,0.07740404307943738
6809,dc716491-cffe-4661-bbe4-333b581a6926,Trafohaus Zanderstraße,2025-07-11 17:00:00+00:00,0.0740489405651468
6810,dc716491-cffe-4661-bbe4-333b581a6926,Trafohaus Zanderstraße,2025-07-11 18:00:00+00:00,0.07217580752213369
6811,dc716491-cffe-4661-bbe4-333b581a6926,Trafohaus Zanderstraße,2025-07-11 19:00:00+00:00,0.06889933041859143
6812,dc716491-cffe-4661-bbe4-333b581a6926,Trafohaus Zanderstraße,2025-07-11 20:00:00+00:00,0.06665578451380395
6813,dc716491-cffe-4661-bbe4-333b581a6926,Trafohaus Zanderstraße,2025-07-11 21:00:00+00:00,0.06604750640279429
6814,dc716491-cffe-4661-bbe4-333b581a6926,Trafohaus Zanderstraße,2025-07-11 22:00:00+00:00,0.06638831848298868
6815,dc716491-cffe-4661-bbe4-333b581a6926,Trafohaus Zanderstraße,2025-07-11 23:00:00+00:00,0.06579611444585619
6816,dc716491-cffe-4661-bbe4-333b581a6926,Trafohaus Zanderstraße,2025-07-12 00:00:00+00:00,0.06396940122142732
6817,dc716491-cffe-4661-bbe4-333b581a6926,Trafohaus Zanderstraße,2025-07-12 01:00:00+00:00,0.06249639436606472
6818,dc716491-cffe-4661-bbe4-333b581a6926,Trafohaus Zanderstraße,2025-07-12 02:00:00+00:00,0.06509604639999378
6819,dc716491-cffe-4661-bbe4-333b581a6926,Trafohaus Zanderstraße,2025-07-12 03:00:00+00:00,0.06743032000670475
6820,dc716491-cffe-4661-bbe4-333b581a6926,Trafohaus Zanderstraße,2025-07-12 04:00:00+00:00,0.07059464400155761
6821,dc716491-cffe-4661-bbe4-333b581a6926,Trafohaus Zanderstraße,2025-07-12 05:00:00+00:00,0.07479179380930716
6822,dc716491-cffe-4661-bbe4-333b581a6926,Trafohaus Zanderstraße,2025-07-12 06:00:00+00:00,0.0791143112339956
6823,dc716491-cffe-4661-bbe4-333b581a6926,Trafohaus Zanderstraße,2025-07-12 07:00:00+00:00,0.07638826399252288
6824,dc716491-cffe-4661-bbe4-333b581a6926,Trafohaus Zanderstraße,2025-07-12 08:00:00+00:00,0.04828964702309317
6825,dc716491-cffe-4661-bbe4-333b581a6926,Trafohaus Zanderstraße,2025-07-12 09:00:00+00:00,0.05069792482038675
6826,dc716491-cffe-4661-bbe4-333b581a6926,Trafohaus Zanderstraße,2025-07-12 10:00:00+00:00,0.05261987537092915
6827,dc716491-cffe-4661-bbe4-333b581a6926,Trafohaus Zanderstraße,2025-07-12 11:00:00+00:00,0.05155896157402002
6828,dc716491-cffe-4661-bbe4-333b581a6926,Trafohaus Zanderstraße,2025-07-12 12:00:00+00:00,0.05218457535245254
6829,dc716491-cffe-4661-bbe4-333b581a6926,Trafohaus Zanderstraße,2025-07-12 13:00:00+00:00,0.04892625043731265
6830,dc716491-cffe-4661-bbe4-333b581a6926,Trafohaus Zanderstraße,2025-07-12 14:00:00+00:00,0.03979350102490053
6831,dc716491-cffe-4661-bbe4-333b581a6926,Trafohaus Zanderstraße,2025-07-12 15:00:00+00:00,0.034302405532875634
6832,dc716491-cffe-4661-bbe4-333b581a6926,Trafohaus Zanderstraße,2025-07-12 16:00:00+00:00,0.03310068118757269
6833,dc716491-cffe-4661-bbe4-333b581a6926,Trafohaus Zanderstraße,2025-07-12 17:00:00+00:00,0.02973786042158907
6834,dc716491-cffe-4661-bbe4-333b581a6926,Trafohaus Zanderstraße,2025-07-12 18:00:00+00:00,0.028690535058919064
6835,dc716491-cffe-4661-bbe4-333b581a6926,Trafohaus Zanderstraße,2025-07-12 19:00:00+00:00,0.029234460011681264
6836,dc716491-cffe-4661-bbe4-333b581a6926,Trafohaus Zanderstraße,2025-07-12 20:00:00+00:00,0.02873115714912058
6837,dc716491-cffe-4661-bbe4-333b581a6926,Trafohaus Zanderstraße,2025-07-12 21:00:00+00:00,0.026709209644701977
6838,dc716491-cffe-4661-bbe4-333b581a6926,Trafohaus Zanderstraße,2025-07-12 22:00:00+00:00,0.025952043349718956
6839,dc716491-cffe-4661-bbe4-333b581a6926,Trafohaus Zanderstraße,2025-07-12 23:00:00+00:00,0.02572983145385299
6840,dc716491-cffe-4661-bbe4-333b581a6926,Trafohaus Zanderstraße,2025-07-13 00:00:00+00:00,0.02594735941957357
6841,dc716491-cffe-4661-bbe4-333b581a6926,Trafohaus Zanderstraße,2025-07-13 01:00:00+00:00,0.027269011968004638
6842,dc716491-cffe-4661-bbe4-333b581a6926,Trafohaus Zanderstraße,2025-07-13 02:00:00+00:00,0.027688459648231457
6843,dc716491-cffe-4661-bbe4-333b581a6926,Trafohaus Zanderstraße,2025-07-13 03:00:00+00:00,0.028395752583437534
6844,dc716491-cffe-4661-bbe4-333b581a6926,Trafohaus Zanderstraße,2025-07-13 04:00:00+00:00,0.029170704970620857
6845,dc716491-cffe-4661-bbe4-333b581a6926,Trafohaus Zanderstraße,2025-07-13 05:00:00+00:00,0.028400076597842383
6846,dc716491-cffe-4661-bbe4-333b581a6926,Trafohaus Zanderstraße,2025-07-13 06:00:00+00:00,0.02601141733038655
6847,dc716491-cffe-4661-bbe4-333b581a6926,Trafohaus Zanderstraße,2025-07-13 07:00:00+00:00,0.019270867663588098
6848,dc716491-cffe-4661-bbe4-333b581a6926,Trafohaus Zanderstraße,2025-07-13 08:00:00+00:00,0.016908962592593824
6849,dc716491-cffe-4661-bbe4-333b581a6926,Trafohaus Zanderstraße,2025-07-13 09:00:00+00:00,0.01435377988831397
6850,dc716491-cffe-4661-bbe4-333b581a6926,Trafohaus Zanderstraße,2025-07-13 10:00:00+00:00,0.015310442472615522
6851,dc716491-cffe-4661-bbe4-333b581a6926,Trafohaus Zanderstraße,2025-07-13 11:00:00+00:00,0.0200077685300497
6852,dc716491-cffe-4661-bbe4-333b581a6926,Trafohaus Zanderstraße,2025-07-13 12:00:00+00:00,0.01913663819106881
6853,dc716491-cffe-4661-bbe4-333b581a6926,Trafohaus Zanderstraße,2025-07-13 13:00:00+00:00,0.02123409140592779
6854,dc716491-cffe-4661-bbe4-333b581a6926,Trafohaus Zanderstraße,2025-07-13 14:00:00+00:00,0.021380583915279836
6855,dc716491-cffe-4661-bbe4-333b581a6926,Trafohaus Zanderstraße,2025-07-13 15:00:00+00:00,0.0216291823323237
6856,dc716491-cffe-4661-bbe4-333b581a6926,Trafohaus Zanderstraße,2025-07-13 16:00:00+00:00,0.01710133650701849
6857,dc716491-cffe-4661-bbe4-333b581a6926,Trafohaus Zanderstraße,2025-07-13 17:00:00+00:00,0.017652389246673273
6858,dc716491-cffe-4661-bbe4-333b581a6926,Trafohaus Zanderstraße,2025-07-13 18:00:00+00:00,0.018451707956846374
6859,dc716491-cffe-4661-bbe4-333b581a6926,Trafohaus Zanderstraße,2025-07-13 19:00:00+00:00,0.018017114556128297
6860,dc716491-cffe-4661-bbe4-333b581a6926,Trafohaus Zanderstraße,2025-07-13 20:00:00+00:00,0.01670148477423421
6861,dc716491-cffe-4661-bbe4-333b581a6926,Trafohaus Zanderstraße,2025-07-13 21:00:00+00:00,0.015904239216679203
6862,dc716491-cffe-4661-bbe4-333b581a6926,Trafohaus Zanderstraße,2025-07-13 22:00:00+00:00,0.016243895917835826
6863,dc716491-cffe-4661-bbe4-333b581a6926,Trafohaus Zanderstraße,2025-07-13 23:00:00+00:00,0.016348968257366776
6864,dd520fc1-e6de-4f55-b6d8-508373be5330,Kurpark - Eingang Kolonnaden,2025-07-01 00:00:00+00:00,0.012689678143362438
6865,dd520fc1-e6de-4f55-b6d8-508373be5330,Kurpark - Eingang Kolonnaden,2025-07-01 01:00:00+00:00,0.011927106894625065
6866,dd520fc1-e6de-4f55-b6d8-508373be5330,Kurpark - Eingang Kolonnaden,2025-07-01 02:00:00+00:00,0.01158938793631565
6867,dd520fc1-e6de-4f55-b6d8-508373be5330,Kurpark - Eingang Kolonnaden,2025-07-01 03:00:00+00:00,0.011921863088875386
6868,dd520fc1-e6de-4f55-b6d8-508373be5330,Kurpark - Eingang Kolonnaden,2025-07-01 04:00:00+00:00,0.013679400283786464
6869,dd520fc1-e6de-4f55-b6d8-508373be5330,Kurpark - Eingang Kolonnaden,2025-07-01 05:00:00+00:00,0.015215840465856532
6870,dd520fc1-e6de-4f55-b6d8-508373be5330,Kurpark - Eingang Kolonnaden,2025-07-01 06:00:00+00:00,0.016826964112090073
6871,dd520fc1-e6de-4f55-b6d8-508373be5330,Kurpark - Eingang Kolonnaden,2025-07-01 07:00:00+00:00,0.015949891406946727
6872,dd520fc1-e6de-4f55-b6d8-508373be5330,Kurpark - Eingang Kolonnaden,2025-07-01 08:00:00+00:00,0.01759539688895441
6873,dd520fc1-e6de-4f55-b6d8-508373be5330,Kurpark - Eingang Kolonnaden,2025-07-01 09:00:00+00:00,0.01574778735085002
6874,dd520fc1-e6de-4f55-b6d8-508373be5330,Kurpark - Eingang Kolonnaden,2025-07-01 10:00:00+00:00,0.02050072686149101
6875,dd520fc1-e6de-4f55-b6d8-508373be5330,Kurpark - Eingang Kolonnaden,2025-07-01 11:00:00+00:00,0.02635725373671242
6876,dd520fc1-e6de-4f55-b6d8-508373be5330,Kurpark - Eingang Kolonnaden,2025-07-01 12:00:00+00:00,0.028666204422417057
6877,dd520fc1-e6de-4f55-b6d8-508373be5330,Kurpark - Eingang Kolonnaden,2025-07-01 13:00:00+00:00,0.02860005518106309
6878,dd520fc1-e6de-4f55-b6d8-508373be5330,Kurpark - Eingang Kolonnaden,2025-07-01 14:00:00+00:00,0.02776365697661024
6879,dd520fc1-e6de-4f55-b6d8-508373be5330,Kurpark - Eingang Kolonnaden,2025-07-01 15:00:00+00:00,0.02471036770554467
6880,dd520fc1-e6de-4f55-b6d8-508373be5330,Kurpark - Eingang Kolonnaden,2025-07-01 16:00:00+00:00,0.020659146824944744
6881,dd520fc1-e6de-4f55-b6d8-508373be5330,Kurpark - Eingang Kolonnaden,2025-07-01 17:00:00+00:00,0.01653091919957431
6882,dd520fc1-e6de-4f55-b6d8-508373be5330,Kurpark - Eingang Kolonnaden,2025-07-01 18:00:00+00:00,0.015502044071940911
6883,dd520fc1-e6de-4f55-b6d8-508373be5330,Kurpark - Eingang Kolonnaden,2025-07-01 19:00:00+00:00,0.012999750889518769
6884,dd520fc1-e6de-4f55-b6d8-508373be5330,Kurpark - Eingang Kolonnaden,2025-07-01 20:00:00+00:00,0.012235002335922755
6885,dd520fc1-e6de-4f55-b6d8-508373be5330,Kurpark - Eingang Kolonnaden,2025-07-01 21:00:00+00:00,0.011292161205520679
6886,dd520fc1-e6de-4f55-b6d8-508373be5330,Kurpark - Eingang Kolonnaden,2025-07-01 22:00:00+00:00,0.011157926932284516
6887,dd520fc1-e6de-4f55-b6d8-508373be5330,Kurpark - Eingang Kolonnaden,2025-07-01 23:00:00+00:00,0.0105628257920413
6888,dd520fc1-e6de-4f55-b6d8-508373be5330,Kurpark - Eingang Kolonnaden,2025-07-02 00:00:00+00:00,0.010414150195976949
6889,dd520fc1-e6de-4f55-b6d8-508373be5330,Kurpark - Eingang Kolonnaden,2025-07-02 01:00:00+00:00,0.010446595898660933
6890,dd520fc1-e6de-4f55-b6d8-508373be5330,Kurpark - Eingang Kolonnaden,2025-07-02 02:00:00+00:00,0.010266773707514958
6891,dd520fc1-e6de-4f55-b6d8-508373be5330,Kurpark - Eingang Kolonnaden,2025-07-02 03:00:00+00:00,0.01091490617822563
6892,dd520fc1-e6de-4f55-b6d8-508373be5330,Kurpark - Eingang Kolonnaden,2025-07-02 04:00:00+00:00,0.01217613673136575
6893,dd520fc1-e6de-4f55-b6d8-508373be5330,Kurpark - Eingang Kolonnaden,2025-07-02 05:00:00+00:00,0.01406494827041699
6894,dd520fc1-e6de-4f55-b6d8-508373be5330,Kurpark - Eingang Kolonnaden,2025-07-02 06:00:00+00:00,0.014488063770427039
6895,dd520fc1-e6de-4f55-b6d8-508373be5330,Kurpark - Eingang Kolonnaden,2025-07-02 07:00:00+00:00,0.014390001594046017
6896,dd520fc1-e6de-4f55-b6d8-508373be5330,Kurpark - Eingang Kolonnaden,2025-07-02 08:00:00+00:00,0.012753598682199217
6897,dd520fc1-e6de-4f55-b6d8-508373be5330,Kurpark - Eingang Kolonnaden,2025-07-02 09:00:00+00:00,0.010329987113635402
6898,dd520fc1-e6de-4f55-b6d8-508373be5330,Kurpark - Eingang Kolonnaden,2025-07-02 10:00:00+00:00,0.012230683761039104
6899,dd520fc1-e6de-4f55-b6d8-508373be5330,Kurpark - Eingang Kolonnaden,2025-07-02 11:00:00+00:00,0.01494691545640901
6900,dd520fc1-e6de-4f55-b6d8-508373be5330,Kurpark - Eingang Kolonnaden,2025-07-02 12:00:00+00:00,0.015665005857251255
6901,dd520fc1-e6de-4f55-b6d8-508373be5330,Kurpark - Eingang Kolonnaden,2025-07-02 13:00:00+00:00,0.017113909847970572
6902,dd520fc1-e6de-4f55-b6d8-508373be5330,Kurpark - Eingang Kolonnaden,2025-07-02 14:00:00+00:00,0.017239360522990767
6903,dd520fc1-e6de-4f55-b6d8-508373be5330,Kurpark - Eingang Kolonnaden,2025-07-02 15:00:00+00:00,0.014963164380194365
6904,dd520fc1-e6de-4f55-b6d8-508373be5330,Kurpark - Eingang Kolonnaden,2025-07-02 16:00:00+00:00,0.02145835094052673
6905,dd520fc1-e6de-4f55-b6d8-508373be5330,Kurpark - Eingang Kolonnaden,2025-07-02 17:00:00+00:00,0.019266777375993256
6906,dd520fc1-e6de-4f55-b6d8-508373be5330,Kurpark - Eingang Kolonnaden,2025-07-02 18:00:00+00:00,0.017149267390088443
6907,dd520fc1-e6de-4f55-b6d8-508373be5330,Kurpark - Eingang Kolonnaden,2025-07-02 19:00:00+00:00,0.016214195465793255
6908,dd520fc1-e6de-4f55-b6d8-508373be5330,Kurpark - Eingang Kolonnaden,2025-07-02 20:00:00+00:00,0.015176348977475617
6909,dd520fc1-e6de-4f55-b6d8-508373be5330,Kurpark - Eingang Kolonnaden,2025-07-02 21:00:00+00:00,0.014696224031713629
6910,dd520fc1-e6de-4f55-b6d8-508373be5330,Kurpark - Eingang Kolonnaden,2025-07-02 22:00:00+00:00,0.015379165610421599
6911,dd520fc1-e6de-4f55-b6d8-508373be5330,Kurpark - Eingang Kolonnaden,2025-07-02 23:00:00+00:00,0.01601592188764429
6912,dd520fc1-e6de-4f55-b6d8-508373be5330,Kurpark - Eingang Kolonnaden,2025-07-03 00:00:00+00:00,0.016478083652278222
6913,dd520fc1-e6de-4f55-b6d8-508373be5330,Kurpark - Eingang Kolonnaden,2025-07-03 01:00:00+00:00,0.017119501516472783
6914,dd520fc1-e6de-4f55-b6d8-508373be5330,Kurpark - Eingang Kolonnaden,2025-07-03 02:00:00+00:00,0.017112213120805693
6915,dd520fc1-e6de-4f55-b6d8-508373be5330,Kurpark - Eingang Kolonnaden,2025-07-03 03:00:00+00:00,0.018820965513809584
6916,dd520fc1-e6de-4f55-b6d8-508373be5330,Kurpark - Eingang Kolonnaden,2025-07-03 04:00:00+00:00,0.020745266013308696
6917,dd520fc1-e6de-4f55-b6d8-508373be5330,Kurpark - Eingang Kolonnaden,2025-07-03 05:00:00+00:00,0.021803542339549058
6918,dd520fc1-e6de-4f55-b6d8-508373be5330,Kurpark - Eingang Kolonnaden,2025-07-03 06:00:00+00:00,0.02089019101750556
6919,dd520fc1-e6de-4f55-b6d8-508373be5330,Kurpark - Eingang Kolonnaden,2025-07-03 07:00:00+00:00,0.019323539836691713
6920,dd520fc1-e6de-4f55-b6d8-508373be5330,Kurpark - Eingang Kolonnaden,2025-07-03 08:00:00+00:00,0.018691681143985176
6921,dd520fc1-e6de-4f55-b6d8-508373be5330,Kurpark - Eingang Kolonnaden,2025-07-03 09:00:00+00:00,0.021691275592172536
6922,dd520fc1-e6de-4f55-b6d8-508373be5330,Kurpark - Eingang Kolonnaden,2025-07-03 10:00:00+00:00,0.022709255810936184
6923,dd520fc1-e6de-4f55-b6d8-508373be5330,Kurpark - Eingang Kolonnaden,2025-07-03 11:00:00+00:00,0.023227192691031222
6924,dd520fc1-e6de-4f55-b6d8-508373be5330,Kurpark - Eingang Kolonnaden,2025-07-03 12:00:00+00:00,0.023357916420781496
6925,dd520fc1-e6de-4f55-b6d8-508373be5330,Kurpark - Eingang Kolonnaden,2025-07-03 13:00:00+00:00,0.03282109262473621
6926,dd520fc1-e6de-4f55-b6d8-508373be5330,Kurpark - Eingang Kolonnaden,2025-07-03 14:00:00+00:00,0.05008373636351927
6927,dd520fc1-e6de-4f55-b6d8-508373be5330,Kurpark - Eingang Kolonnaden,2025-07-03 15:00:00+00:00,0.05863102625298935
6928,dd520fc1-e6de-4f55-b6d8-508373be5330,Kurpark - Eingang Kolonnaden,2025-07-03 16:00:00+00:00,0.05509812534189152
6929,dd520fc1-e6de-4f55-b6d8-508373be5330,Kurpark - Eingang Kolonnaden,2025-07-03 17:00:00+00:00,0.0571709338213787
6930,dd520fc1-e6de-4f55-b6d8-508373be5330,Kurpark - Eingang Kolonnaden,2025-07-03 18:00:00+00:00,0.05856481040232324
6931,dd520fc1-e6de-4f55-b6d8-508373be5330,Kurpark - Eingang Kolonnaden,2025-07-03 19:00:00+00:00,0.05982124603701908
6932,dd520fc1-e6de-4f55-b6d8-508373be5330,Kurpark - Eingang Kolonnaden,2025-07-03 20:00:00+00:00,0.060356673417246
6933,dd520fc1-e6de-4f55-b6d8-508373be5330,Kurpark - Eingang Kolonnaden,2025-07-03 21:00:00+00:00,0.060870685425036264
6934,dd520fc1-e6de-4f55-b6d8-508373be5330,Kurpark - Eingang Kolonnaden,2025-07-03 22:00:00+00:00,0.06128832770179265
6935,dd520fc1-e6de-4f55-b6d8-508373be5330,Kurpark - Eingang Kolonnaden,2025-07-03 23:00:00+00:00,0.061079000590906644
6936,dd520fc1-e6de-4f55-b6d8-508373be5330,Kurpark - Eingang Kolonnaden,2025-07-04 00:00:00+00:00,0.061015947238881964
6937,dd520fc1-e6de-4f55-b6d8-508373be5330,Kurpark - Eingang Kolonnaden,2025-07-04 01:00:00+00:00,0.06131201880505352
6938,dd520fc1-e6de-4f55-b6d8-508373be5330,Kurpark - Eingang Kolonnaden,2025-07-04 02:00:00+00:00,0.06261792451375106
6939,dd520fc1-e6de-4f55-b6d8-508373be5330,Kurpark - Eingang Kolonnaden,2025-07-04 03:00:00+00:00,0.062172688070328504
6940,dd520fc1-e6de-4f55-b6d8-508373be5330,Kurpark - Eingang Kolonnaden,2025-07-04 04:00:00+00:00,0.060024612855229115
6941,dd520fc1-e6de-4f55-b6d8-508373be5330,Kurpark - Eingang Kolonnaden,2025-07-04 05:00:00+00:00,0.056282047263356935
6942,dd520fc1-e6de-4f55-b6d8-508373be5330,Kurpark - Eingang Kolonnaden,2025-07-04 06:00:00+00:00,0.053687108232081046
6943,dd520fc1-e6de-4f55-b6d8-508373be5330,Kurpark - Eingang Kolonnaden,2025-07-04 07:00:00+00:00,0.049905346710681704
6944,dd520fc1-e6de-4f55-b6d8-508373be5330,Kurpark - Eingang Kolonnaden,2025-07-04 08:00:00+00:00,0.0495047437463546
6945,dd520fc1-e6de-4f55-b6d8-508373be5330,Kurpark - Eingang Kolonnaden,2025-07-04 09:00:00+00:00,0.0447232926472861
6946,dd520fc1-e6de-4f55-b6d8-508373be5330,Kurpark - Eingang Kolonnaden,2025-07-04 10:00:00+00:00,0.04118274496103919
6947,dd520fc1-e6de-4f55-b6d8-508373be5330,Kurpark - Eingang Kolonnaden,2025-07-04 11:00:00+00:00,0.029521692851280607
6948,dd520fc1-e6de-4f55-b6d8-508373be5330,Kurpark - Eingang Kolonnaden,2025-07-04 12:00:00+00:00,0.016025883679921513
6949,dd520fc1-e6de-4f55-b6d8-508373be5330,Kurpark - Eingang Kolonnaden,2025-07-04 13:00:00+00:00,0.030946675470370517
6950,dd520fc1-e6de-4f55-b6d8-508373be5330,Kurpark - Eingang Kolonnaden,2025-07-04 14:00:00+00:00,0.04951779147386215
6951,dd520fc1-e6de-4f55-b6d8-508373be5330,Kurpark - Eingang Kolonnaden,2025-07-04 15:00:00+00:00,0.04868678033841598
6952,dd520fc1-e6de-4f55-b6d8-508373be5330,Kurpark - Eingang Kolonnaden,2025-07-04 16:00:00+00:00,0.050457468295541014
6953,dd520fc1-e6de-4f55-b6d8-508373be5330,Kurpark - Eingang Kolonnaden,2025-07-04 17:00:00+00:00,0.04674030621840775
6954,dd520fc1-e6de-4f55-b6d8-508373be5330,Kurpark - Eingang Kolonnaden,2025-07-04 18:00:00+00:00,0.04109152700808782
6955,dd520fc1-e6de-4f55-b6d8-508373be5330,Kurpark - Eingang Kolonnaden,2025-07-04 19:00:00+00:00,0.03903062412206548
6956,dd520fc1-e6de-4f55-b6d8-508373be5330,Kurpark - Eingang Kolonnaden,2025-07-04 20:00:00+00:00,0.03555380590298004
6957,dd520fc1-e6de-4f55-b6d8-508373be5330,Kurpark - Eingang Kolonnaden,2025-07-04 21:00:00+00:00,0.03300315649250732
6958,dd520fc1-e6de-4f55-b6d8-508373be5330,Kurpark - Eingang Kolonnaden,2025-07-04 22:00:00+00:00,0.031575210668150534
6959,dd520fc1-e6de-4f55-b6d8-508373be5330,Kurpark - Eingang Kolonnaden,2025-07-04 23:00:00+00:00,0.032711625507522775
6960,dd520fc1-e6de-4f55-b6d8-508373be5330,Kurpark - Eingang Kolonnaden,2025-07-05 00:00:00+00:00,0.03348785706195627
6961,dd520fc1-e6de-4f55-b6d8-508373be5330,Kurpark - Eingang Kolonnaden,2025-07-05 01:00:00+00:00,0.03283601794241943
6962,dd520fc1-e6de-4f55-b6d8-508373be5330,Kurpark - Eingang Kolonnaden,2025-07-05 02:00:00+00:00,0.030453570599408415
6963,dd520fc1-e6de-4f55-b6d8-508373be5330,Kurpark - Eingang Kolonnaden,2025-07-05 03:00:00+00:00,0.03220201549194735
6964,dd520fc1-e6de-4f55-b6d8-508373be5330,Kurpark - Eingang Kolonnaden,2025-07-05 04:00:00+00:00,0.035117629429473766
6965,dd520fc1-e6de-4f55-b6d8-508373be5330,Kurpark - Eingang Kolonnaden,2025-07-05 05:00:00+00:00,0.03679244699467319
6966,dd520fc1-e6de-4f55-b6d8-508373be5330,Kurpark - Eingang Kolonnaden,2025-07-05 06:00:00+00:00,0.039035267056561865
6967,dd520fc1-e6de-4f55-b6d8-508373be5330,Kurpark - Eingang Kolonnaden,2025-07-05 07:00:00+00:00,0.039763475345855705
6968,dd520fc1-e6de-4f55-b6d8-508373be5330,Kurpark - Eingang Kolonnaden,2025-07-05 08:00:00+00:00,0.061568680701401375
6969,dd520fc1-e6de-4f55-b6d8-508373be5330,Kurpark - Eingang Kolonnaden,2025-07-05 09:00:00+00:00,0.05951862591468766
6970,dd520fc1-e6de-4f55-b6d8-508373be5330,Kurpark - Eingang Kolonnaden,2025-07-05 10:00:00+00:00,0.09661200426849623
6971,dd520fc1-e6de-4f55-b6d8-508373be5330,Kurpark - Eingang Kolonnaden,2025-07-05 11:00:00+00:00,0.08441723096230178
6972,dd520fc1-e6de-4f55-b6d8-508373be5330,Kurpark - Eingang Kolonnaden,2025-07-05 12:00:00+00:00,0.072106182929976
6973,dd520fc1-e6de-4f55-b6d8-508373be5330,Kurpark - Eingang Kolonnaden,2025-07-05 13:00:00+00:00,0.08114963186384186
6974,dd520fc1-e6de-4f55-b6d8-508373be5330,Kurpark - Eingang Kolonnaden,2025-07-05 14:00:00+00:00,0.07133034573470862
6975,dd520fc1-e6de-4f55-b6d8-508373be5330,Kurpark - Eingang Kolonnaden,2025-07-05 15:00:00+00:00,0.0818882752879453
6976,dd520fc1-e6de-4f55-b6d8-508373be5330,Kurpark - Eingang Kolonnaden,2025-07-05 16:00:00+00:00,0.09729654452676247
6977,dd520fc1-e6de-4f55-b6d8-508373be5330,Kurpark - Eingang Kolonnaden,2025-07-05 17:00:00+00:00,0.11698957608524016
6978,dd520fc1-e6de-4f55-b6d8-508373be5330,Kurpark - Eingang Kolonnaden,2025-07-05 18:00:00+00:00,0.09808347396518266
6979,dd520fc1-e6de-4f55-b6d8-508373be5330,Kurpark - Eingang Kolonnaden,2025-07-05 19:00:00+00:00,0.08526419532565059
6980,dd520fc1-e6de-4f55-b6d8-508373be5330,Kurpark - Eingang Kolonnaden,2025-07-05 20:00:00+00:00,0.07805315622942471
6981,dd520fc1-e6de-4f55-b6d8-508373be5330,Kurpark - Eingang Kolonnaden,2025-07-05 21:00:00+00:00,0.07065170510552313
6982,dd520fc1-e6de-4f55-b6d8-508373be5330,Kurpark - Eingang Kolonnaden,2025-07-05 22:00:00+00:00,0.07058537624475197
6983,dd520fc1-e6de-4f55-b6d8-508373be5330,Kurpark - Eingang Kolonnaden,2025-07-05 23:00:00+00:00,0.07369057148850322
6984,dd520fc1-e6de-4f55-b6d8-508373be5330,Kurpark - Eingang Kolonnaden,2025-07-06 00:00:00+00:00,0.07763391371006322
6985,dd520fc1-e6de-4f55-b6d8-508373be5330,Kurpark - Eingang Kolonnaden,2025-07-06 01:00:00+00:00,0.07945315789732492
6986,dd520fc1-e6de-4f55-b6d8-508373be5330,Kurpark - Eingang Kolonnaden,2025-07-06 02:00:00+00:00,0.07739539191127316
6987,dd520fc1-e6de-4f55-b6d8-508373be5330,Kurpark - Eingang Kolonnaden,2025-07-06 03:00:00+00:00,0.08311677634984387
6988,dd520fc1-e6de-4f55-b6d8-508373be5330,Kurpark - Eingang Kolonnaden,2025-07-06 04:00:00+00:00,0.08747783280652449
6989,dd520fc1-e6de-4f55-b6d8-508373be5330,Kurpark - Eingang Kolonnaden,2025-07-06 05:00:00+00:00,0.08977181271002095
6990,dd520fc1-e6de-4f55-b6d8-508373be5330,Kurpark - Eingang Kolonnaden,2025-07-06 06:00:00+00:00,0.08549943482984554
6991,dd520fc1-e6de-4f55-b6d8-508373be5330,Kurpark - Eingang Kolonnaden,2025-07-06 07:00:00+00:00,0.08162851356006533
6992,dd520fc1-e6de-4f55-b6d8-508373be5330,Kurpark - Eingang Kolonnaden,2025-07-06 08:00:00+00:00,0.08551746064351629
6993,dd520fc1-e6de-4f55-b6d8-508373be5330,Kurpark - Eingang Kolonnaden,2025-07-06 09:00:00+00:00,0.08444326400738618
6994,dd520fc1-e6de-4f55-b6d8-508373be5330,Kurpark - Eingang Kolonnaden,2025-07-06 10:00:00+00:00,0.057736638930061195
6995,dd520fc1-e6de-4f55-b6d8-508373be5330,Kurpark - Eingang Kolonnaden,2025-07-06 11:00:00+00:00,0.05164057294956622
6996,dd520fc1-e6de-4f55-b6d8-508373be5330,Kurpark - Eingang Kolonnaden,2025-07-06 12:00:00+00:00,0.05251690565826828
6997,dd520fc1-e6de-4f55-b6d8-508373be5330,Kurpark - Eingang Kolonnaden,2025-07-06 13:00:00+00:00,0.046257009421813516
6998,dd520fc1-e6de-4f55-b6d8-508373be5330,Kurpark - Eingang Kolonnaden,2025-07-06 14:00:00+00:00,0.06333210734324687
6999,dd520fc1-e6de-4f55-b6d8-508373be5330,Kurpark - Eingang Kolonnaden,2025-07-06 15:00:00+00:00,0.07264325674924076
7000,dd520fc1-e6de-4f55-b6d8-508373be5330,Kurpark - Eingang Kolonnaden,2025-07-06 16:00:00+00:00,0.06984074184587347
7001,dd520fc1-e6de-4f55-b6d8-508373be5330,Kurpark - Eingang Kolonnaden,2025-07-06 17:00:00+00:00,0.04617451974029204
7002,dd520fc1-e6de-4f55-b6d8-508373be5330,Kurpark - Eingang Kolonnaden,2025-07-06 18:00:00+00:00,0.03048307825788182
7003,dd520fc1-e6de-4f55-b6d8-508373be5330,Kurpark - Eingang Kolonnaden,2025-07-06 19:00:00+00:00,0.03367046219141359
7004,dd520fc1-e6de-4f55-b6d8-508373be5330,Kurpark - Eingang Kolonnaden,2025-07-06 20:00:00+00:00,0.036804893952250076
7005,dd520fc1-e6de-4f55-b6d8-508373be5330,Kurpark - Eingang Kolonnaden,2025-07-06 21:00:00+00:00,0.03732962201167392
7006,dd520fc1-e6de-4f55-b6d8-508373be5330,Kurpark - Eingang Kolonnaden,2025-07-06 22:00:00+00:00,0.03527919377200674
7007,dd520fc1-e6de-4f55-b6d8-508373be5330,Kurpark - Eingang Kolonnaden,2025-07-06 23:00:00+00:00,0.03911450603241636
7008,dd520fc1-e6de-4f55-b6d8-508373be5330,Kurpark - Eingang Kolonnaden,2025-07-07 00:00:00+00:00,0.03960674790369274
7009,dd520fc1-e6de-4f55-b6d8-508373be5330,Kurpark - Eingang Kolonnaden,2025-07-07 01:00:00+00:00,0.04067774632254197
7010,dd520fc1-e6de-4f55-b6d8-508373be5330,Kurpark - Eingang Kolonnaden,2025-07-07 02:00:00+00:00,0.04033923482465175
7011,dd520fc1-e6de-4f55-b6d8-508373be5330,Kurpark - Eingang Kolonnaden,2025-07-07 03:00:00+00:00,0.04710428709746848
7012,dd520fc1-e6de-4f55-b6d8-508373be5330,Kurpark - Eingang Kolonnaden,2025-07-07 04:00:00+00:00,0.05212159783190521
7013,dd520fc1-e6de-4f55-b6d8-508373be5330,Kurpark - Eingang Kolonnaden,2025-07-07 05:00:00+00:00,0.06185999656406885
7014,dd520fc1-e6de-4f55-b6d8-508373be5330,Kurpark - Eingang Kolonnaden,2025-07-07 06:00:00+00:00,0.054131399542797505
7015,dd520fc1-e6de-4f55-b6d8-508373be5330,Kurpark - Eingang Kolonnaden,2025-07-07 07:00:00+00:00,0.035168381541498976
7016,dd520fc1-e6de-4f55-b6d8-508373be5330,Kurpark - Eingang Kolonnaden,2025-07-07 08:00:00+00:00,0.034709189416718265
7017,dd520fc1-e6de-4f55-b6d8-508373be5330,Kurpark - Eingang Kolonnaden,2025-07-07 09:00:00+00:00,0.05661231140826918
7018,dd520fc1-e6de-4f55-b6d8-508373be5330,Kurpark - Eingang Kolonnaden,2025-07-07 10:00:00+00:00,0.09542295999410677
7019,dd520fc1-e6de-4f55-b6d8-508373be5330,Kurpark - Eingang Kolonnaden,2025-07-07 11:00:00+00:00,0.11121860281326636
7020,dd520fc1-e6de-4f55-b6d8-508373be5330,Kurpark - Eingang Kolonnaden,2025-07-07 12:00:00+00:00,0.09018463062092236
7021,dd520fc1-e6de-4f55-b6d8-508373be5330,Kurpark - Eingang Kolonnaden,2025-07-07 13:00:00+00:00,0.04806236753003122
7022,dd520fc1-e6de-4f55-b6d8-508373be5330,Kurpark - Eingang Kolonnaden,2025-07-07 14:00:00+00:00,0.025656013309384305
7023,dd520fc1-e6de-4f55-b6d8-508373be5330,Kurpark - Eingang Kolonnaden,2025-07-07 15:00:00+00:00,0.022607396355393647
7024,dd520fc1-e6de-4f55-b6d8-508373be5330,Kurpark - Eingang Kolonnaden,2025-07-07 16:00:00+00:00,0.02042135284866336
7025,dd520fc1-e6de-4f55-b6d8-508373be5330,Kurpark - Eingang Kolonnaden,2025-07-07 17:00:00+00:00,0.018062031102389724
7026,dd520fc1-e6de-4f55-b6d8-508373be5330,Kurpark - Eingang Kolonnaden,2025-07-07 18:00:00+00:00,0.018463771801737288
7027,dd520fc1-e6de-4f55-b6d8-508373be5330,Kurpark - Eingang Kolonnaden,2025-07-07 19:00:00+00:00,0.018316752651793045
7028,dd520fc1-e6de-4f55-b6d8-508373be5330,Kurpark - Eingang Kolonnaden,2025-07-07 20:00:00+00:00,0.01767333213754625
7029,dd520fc1-e6de-4f55-b6d8-508373be5330,Kurpark - Eingang Kolonnaden,2025-07-07 21:00:00+00:00,0.017828121757406466
7030,dd520fc1-e6de-4f55-b6d8-508373be5330,Kurpark - Eingang Kolonnaden,2025-07-07 22:00:00+00:00,0.01767995000257162
7031,dd520fc1-e6de-4f55-b6d8-508373be5330,Kurpark - Eingang Kolonnaden,2025-07-07 23:00:00+00:00,0.017660989287187113
7032,dd520fc1-e6de-4f55-b6d8-508373be5330,Kurpark - Eingang Kolonnaden,2025-07-08 00:00:00+00:00,0.018072736697540163
7033,dd520fc1-e6de-4f55-b6d8-508373be5330,Kurpark - Eingang Kolonnaden,2025-07-08 01:00:00+00:00,0.01809609501234239
7034,dd520fc1-e6de-4f55-b6d8-508373be5330,Kurpark - Eingang Kolonnaden,2025-07-08 02:00:00+00:00,0.017839097452135636
7035,dd520fc1-e6de-4f55-b6d8-508373be5330,Kurpark - Eingang Kolonnaden,2025-07-08 03:00:00+00:00,0.017674528137440325
7036,dd520fc1-e6de-4f55-b6d8-508373be5330,Kurpark - Eingang Kolonnaden,2025-07-08 04:00:00+00:00,0.01830342078765949
7037,dd520fc1-e6de-4f55-b6d8-508373be5330,Kurpark - Eingang Kolonnaden,2025-07-08 05:00:00+00:00,0.01880577736967271
7038,dd520fc1-e6de-4f55-b6d8-508373be5330,Kurpark - Eingang Kolonnaden,2025-07-08 06:00:00+00:00,0.019278798733631624
7039,dd520fc1-e6de-4f55-b6d8-508373be5330,Kurpark - Eingang Kolonnaden,2025-07-08 07:00:00+00:00,0.01940515065695121
7040,dd520fc1-e6de-4f55-b6d8-508373be5330,Kurpark - Eingang Kolonnaden,2025-07-08 08:00:00+00:00,0.019458947165185512
7041,dd520fc1-e6de-4f55-b6d8-508373be5330,Kurpark - Eingang Kolonnaden,2025-07-08 09:00:00+00:00,0.020761743034899215
7042,dd520fc1-e6de-4f55-b6d8-508373be5330,Kurpark - Eingang Kolonnaden,2025-07-08 10:00:00+00:00,0.022505582820256775
7043,dd520fc1-e6de-4f55-b6d8-508373be5330,Kurpark - Eingang Kolonnaden,2025-07-08 11:00:00+00:00,0.024703123568006333
7044,dd520fc1-e6de-4f55-b6d8-508373be5330,Kurpark - Eingang Kolonnaden,2025-07-08 12:00:00+00:00,0.02467341825272533
7045,dd520fc1-e6de-4f55-b6d8-508373be5330,Kurpark - Eingang Kolonnaden,2025-07-08 13:00:00+00:00,0.043296884591068535
7046,dd520fc1-e6de-4f55-b6d8-508373be5330,Kurpark - Eingang Kolonnaden,2025-07-08 14:00:00+00:00,0.04186662380969867
7047,dd520fc1-e6de-4f55-b6d8-508373be5330,Kurpark - Eingang Kolonnaden,2025-07-08 15:00:00+00:00,0.037925576913779686
7048,dd520fc1-e6de-4f55-b6d8-508373be5330,Kurpark - Eingang Kolonnaden,2025-07-08 16:00:00+00:00,0.03569073732439391
7049,dd520fc1-e6de-4f55-b6d8-508373be5330,Kurpark - Eingang Kolonnaden,2025-07-08 17:00:00+00:00,0.03480704204719873
7050,dd520fc1-e6de-4f55-b6d8-508373be5330,Kurpark - Eingang Kolonnaden,2025-07-08 18:00:00+00:00,0.03826893095564117
7051,dd520fc1-e6de-4f55-b6d8-508373be5330,Kurpark - Eingang Kolonnaden,2025-07-08 19:00:00+00:00,0.03884195792906096
7052,dd520fc1-e6de-4f55-b6d8-508373be5330,Kurpark - Eingang Kolonnaden,2025-07-08 20:00:00+00:00,0.04058586500133451
7053,dd520fc1-e6de-4f55-b6d8-508373be5330,Kurpark - Eingang Kolonnaden,2025-07-08 21:00:00+00:00,0.04163584062089135
7054,dd520fc1-e6de-4f55-b6d8-508373be5330,Kurpark - Eingang Kolonnaden,2025-07-08 22:00:00+00:00,0.04221976284211284
7055,dd520fc1-e6de-4f55-b6d8-508373be5330,Kurpark - Eingang Kolonnaden,2025-07-08 23:00:00+00:00,0.04248354120728944
7056,dd520fc1-e6de-4f55-b6d8-508373be5330,Kurpark - Eingang Kolonnaden,2025-07-09 00:00:00+00:00,0.04351117732394602
7057,dd520fc1-e6de-4f55-b6d8-508373be5330,Kurpark - Eingang Kolonnaden,2025-07-09 01:00:00+00:00,0.04413050204365172
7058,dd520fc1-e6de-4f55-b6d8-508373be5330,Kurpark - Eingang Kolonnaden,2025-07-09 02:00:00+00:00,0.04374257563487629
7059,dd520fc1-e6de-4f55-b6d8-508373be5330,Kurpark - Eingang Kolonnaden,2025-07-09 03:00:00+00:00,0.04161805188231877
7060,dd520fc1-e6de-4f55-b6d8-508373be5330,Kurpark - Eingang Kolonnaden,2025-07-09 04:00:00+00:00,0.03928287988942212
7061,dd520fc1-e6de-4f55-b6d8-508373be5330,Kurpark - Eingang Kolonnaden,2025-07-09 05:00:00+00:00,0.03731013434944978
7062,dd520fc1-e6de-4f55-b6d8-508373be5330,Kurpark - Eingang Kolonnaden,2025-07-09 06:00:00+00:00,0.03733263241876951
7063,dd520fc1-e6de-4f55-b6d8-508373be5330,Kurpark - Eingang Kolonnaden,2025-07-09 07:00:00+00:00,0.03723455829338836
7064,dd520fc1-e6de-4f55-b6d8-508373be5330,Kurpark - Eingang Kolonnaden,2025-07-09 08:00:00+00:00,0.03466979104550668
7065,dd520fc1-e6de-4f55-b6d8-508373be5330,Kurpark - Eingang Kolonnaden,2025-07-09 09:00:00+00:00,0.03255402884124644
7066,dd520fc1-e6de-4f55-b6d8-508373be5330,Kurpark - Eingang Kolonnaden,2025-07-09 10:00:00+00:00,0.02969404604221125
7067,dd520fc1-e6de-4f55-b6d8-508373be5330,Kurpark - Eingang Kolonnaden,2025-07-09 11:00:00+00:00,0.040920332349753695
7068,dd520fc1-e6de-4f55-b6d8-508373be5330,Kurpark - Eingang Kolonnaden,2025-07-09 12:00:00+00:00,0.045678611992719456
7069,dd520fc1-e6de-4f55-b6d8-508373be5330,Kurpark - Eingang Kolonnaden,2025-07-09 13:00:00+00:00,0.04847502509783443
7070,dd520fc1-e6de-4f55-b6d8-508373be5330,Kurpark - Eingang Kolonnaden,2025-07-09 14:00:00+00:00,0.05713377309621097
7071,dd520fc1-e6de-4f55-b6d8-508373be5330,Kurpark - Eingang Kolonnaden,2025-07-09 15:00:00+00:00,0.06595628016249971
7072,dd520fc1-e6de-4f55-b6d8-508373be5330,Kurpark - Eingang Kolonnaden,2025-07-09 16:00:00+00:00,0.0680708919371965
7073,dd520fc1-e6de-4f55-b6d8-508373be5330,Kurpark - Eingang Kolonnaden,2025-07-09 17:00:00+00:00,0.07019972293963068
7074,dd520fc1-e6de-4f55-b6d8-508373be5330,Kurpark - Eingang Kolonnaden,2025-07-09 18:00:00+00:00,0.07279200271057608
7075,dd520fc1-e6de-4f55-b6d8-508373be5330,Kurpark - Eingang Kolonnaden,2025-07-09 19:00:00+00:00,0.0753522716903589
7076,dd520fc1-e6de-4f55-b6d8-508373be5330,Kurpark - Eingang Kolonnaden,2025-07-09 20:00:00+00:00,0.07690753512795215
7077,dd520fc1-e6de-4f55-b6d8-508373be5330,Kurpark - Eingang Kolonnaden,2025-07-09 21:00:00+00:00,0.07883204752185656
7078,dd520fc1-e6de-4f55-b6d8-508373be5330,Kurpark - Eingang Kolonnaden,2025-07-09 22:00:00+00:00,0.08106771127730565
7079,dd520fc1-e6de-4f55-b6d8-508373be5330,Kurpark - Eingang Kolonnaden,2025-07-09 23:00:00+00:00,0.08139996536405253
7080,dd520fc1-e6de-4f55-b6d8-508373be5330,Kurpark - Eingang Kolonnaden,2025-07-10 00:00:00+00:00,0.08102710139298926
7081,dd520fc1-e6de-4f55-b6d8-508373be5330,Kurpark - Eingang Kolonnaden,2025-07-10 01:00:00+00:00,0.08059400763228244
7082,dd520fc1-e6de-4f55-b6d8-508373be5330,Kurpark - Eingang Kolonnaden,2025-07-10 02:00:00+00:00,0.08178617899289826
7083,dd520fc1-e6de-4f55-b6d8-508373be5330,Kurpark - Eingang Kolonnaden,2025-07-10 03:00:00+00:00,0.08127568072052031
7084,dd520fc1-e6de-4f55-b6d8-508373be5330,Kurpark - Eingang Kolonnaden,2025-07-10 04:00:00+00:00,0.0762814094012568
7085,dd520fc1-e6de-4f55-b6d8-508373be5330,Kurpark - Eingang Kolonnaden,2025-07-10 05:00:00+00:00,0.07206915064732128
7086,dd520fc1-e6de-4f55-b6d8-508373be5330,Kurpark - Eingang Kolonnaden,2025-07-10 06:00:00+00:00,0.07107549035830153
7087,dd520fc1-e6de-4f55-b6d8-508373be5330,Kurpark - Eingang Kolonnaden,2025-07-10 07:00:00+00:00,0.06945497681715132
7088,dd520fc1-e6de-4f55-b6d8-508373be5330,Kurpark - Eingang Kolonnaden,2025-07-10 08:00:00+00:00,0.06788424976204115
7089,dd520fc1-e6de-4f55-b6d8-508373be5330,Kurpark - Eingang Kolonnaden,2025-07-10 09:00:00+00:00,0.06754535273310121
7090,dd520fc1-e6de-4f55-b6d8-508373be5330,Kurpark - Eingang Kolonnaden,2025-07-10 10:00:00+00:00,0.06479918388758708
7091,dd520fc1-e6de-4f55-b6d8-508373be5330,Kurpark - Eingang Kolonnaden,2025-07-10 11:00:00+00:00,0.041997697321129776
7092,dd520fc1-e6de-4f55-b6d8-508373be5330,Kurpark - Eingang Kolonnaden,2025-07-10 12:00:00+00:00,0.019330076751285463
7093,dd520fc1-e6de-4f55-b6d8-508373be5330,Kurpark - Eingang Kolonnaden,2025-07-10 13:00:00+00:00,0.024948146175346252
7094,dd520fc1-e6de-4f55-b6d8-508373be5330,Kurpark - Eingang Kolonnaden,2025-07-10 14:00:00+00:00,0.030715392600747547
7095,dd520fc1-e6de-4f55-b6d8-508373be5330,Kurpark - Eingang Kolonnaden,2025-07-10 15:00:00+00:00,0.03042714156815968
7096,dd520fc1-e6de-4f55-b6d8-508373be5330,Kurpark - Eingang Kolonnaden,2025-07-10 16:00:00+00:00,0.029879327026876436
7097,dd520fc1-e6de-4f55-b6d8-508373be5330,Kurpark - Eingang Kolonnaden,2025-07-10 17:00:00+00:00,0.03268584280345286
7098,dd520fc1-e6de-4f55-b6d8-508373be5330,Kurpark - Eingang Kolonnaden,2025-07-10 18:00:00+00:00,0.030219431245085963
7099,dd520fc1-e6de-4f55-b6d8-508373be5330,Kurpark - Eingang Kolonnaden,2025-07-10 19:00:00+00:00,0.029686955934141168
7100,dd520fc1-e6de-4f55-b6d8-508373be5330,Kurpark - Eingang Kolonnaden,2025-07-10 20:00:00+00:00,0.024331536943820658
7101,dd520fc1-e6de-4f55-b6d8-508373be5330,Kurpark - Eingang Kolonnaden,2025-07-10 21:00:00+00:00,0.02269470442075357
7102,dd520fc1-e6de-4f55-b6d8-508373be5330,Kurpark - Eingang Kolonnaden,2025-07-10 22:00:00+00:00,0.023942108432933873
7103,dd520fc1-e6de-4f55-b6d8-508373be5330,Kurpark - Eingang Kolonnaden,2025-07-10 23:00:00+00:00,0.025799733828338077
7104,dd520fc1-e6de-4f55-b6d8-508373be5330,Kurpark - Eingang Kolonnaden,2025-07-11 00:00:00+00:00,0.027220605052241695
7105,dd520fc1-e6de-4f55-b6d8-508373be5330,Kurpark - Eingang Kolonnaden,2025-07-11 01:00:00+00:00,0.026801206331120996
7106,dd520fc1-e6de-4f55-b6d8-508373be5330,Kurpark - Eingang Kolonnaden,2025-07-11 02:00:00+00:00,0.026451429747620558
7107,dd520fc1-e6de-4f55-b6d8-508373be5330,Kurpark - Eingang Kolonnaden,2025-07-11 03:00:00+00:00,0.02458312491452829
7108,dd520fc1-e6de-4f55-b6d8-508373be5330,Kurpark - Eingang Kolonnaden,2025-07-11 04:00:00+00:00,0.025215930670910162
7109,dd520fc1-e6de-4f55-b6d8-508373be5330,Kurpark - Eingang Kolonnaden,2025-07-11 05:00:00+00:00,0.023325435235645623
7110,dd520fc1-e6de-4f55-b6d8-508373be5330,Kurpark - Eingang Kolonnaden,2025-07-11 06:00:00+00:00,0.02121605273949229
7111,dd520fc1-e6de-4f55-b6d8-508373be5330,Kurpark - Eingang Kolonnaden,2025-07-11 07:00:00+00:00,0.021189354863991205
7112,dd520fc1-e6de-4f55-b6d8-508373be5330,Kurpark - Eingang Kolonnaden,2025-07-11 08:00:00+00:00,0.024053801377906935
7113,dd520fc1-e6de-4f55-b6d8-508373be5330,Kurpark - Eingang Kolonnaden,2025-07-11 09:00:00+00:00,0.022791330012664566
7114,dd520fc1-e6de-4f55-b6d8-508373be5330,Kurpark - Eingang Kolonnaden,2025-07-11 10:00:00+00:00,0.023927065560416926
7115,dd520fc1-e6de-4f55-b6d8-508373be5330,Kurpark - Eingang Kolonnaden,2025-07-11 11:00:00+00:00,0.022201283865839926
7116,dd520fc1-e6de-4f55-b6d8-508373be5330,Kurpark - Eingang Kolonnaden,2025-07-11 12:00:00+00:00,0.01728345590945315
7117,dd520fc1-e6de-4f55-b6d8-508373be5330,Kurpark - Eingang Kolonnaden,2025-07-11 13:00:00+00:00,0.030987836857827956
7118,dd520fc1-e6de-4f55-b6d8-508373be5330,Kurpark - Eingang Kolonnaden,2025-07-11 14:00:00+00:00,0.05070839529014791
7119,dd520fc1-e6de-4f55-b6d8-508373be5330,Kurpark - Eingang Kolonnaden,2025-07-11 15:00:00+00:00,0.04933566286772847
7120,dd520fc1-e6de-4f55-b6d8-508373be5330,Kurpark - Eingang Kolonnaden,2025-07-11 16:00:00+00:00,0.04951811255296647
7121,dd520fc1-e6de-4f55-b6d8-508373be5330,Kurpark - Eingang Kolonnaden,2025-07-11 17:00:00+00:00,0.04425619495236866
7122,dd520fc1-e6de-4f55-b6d8-508373be5330,Kurpark - Eingang Kolonnaden,2025-07-11 18:00:00+00:00,0.03930997877118212
7123,dd520fc1-e6de-4f55-b6d8-508373be5330,Kurpark - Eingang Kolonnaden,2025-07-11 19:00:00+00:00,0.03881202886533414
7124,dd520fc1-e6de-4f55-b6d8-508373be5330,Kurpark - Eingang Kolonnaden,2025-07-11 20:00:00+00:00,0.03586572522279017
7125,dd520fc1-e6de-4f55-b6d8-508373be5330,Kurpark - Eingang Kolonnaden,2025-07-11 21:00:00+00:00,0.0334963678222112
7126,dd520fc1-e6de-4f55-b6d8-508373be5330,Kurpark - Eingang Kolonnaden,2025-07-11 22:00:00+00:00,0.03220327378302297
7127,dd520fc1-e6de-4f55-b6d8-508373be5330,Kurpark - Eingang Kolonnaden,2025-07-11 23:00:00+00:00,0.03335580031931893
7128,dd520fc1-e6de-4f55-b6d8-508373be5330,Kurpark - Eingang Kolonnaden,2025-07-12 00:00:00+00:00,0.033972341398114385
7129,dd520fc1-e6de-4f55-b6d8-508373be5330,Kurpark - Eingang Kolonnaden,2025-07-12 01:00:00+00:00,0.03318752573990624
7130,dd520fc1-e6de-4f55-b6d8-508373be5330,Kurpark - Eingang Kolonnaden,2025-07-12 02:00:00+00:00,0.03300616758920724
7131,dd520fc1-e6de-4f55-b6d8-508373be5330,Kurpark - Eingang Kolonnaden,2025-07-12 03:00:00+00:00,0.03457948834340538
7132,dd520fc1-e6de-4f55-b6d8-508373be5330,Kurpark - Eingang Kolonnaden,2025-07-12 04:00:00+00:00,0.036523059864532366
7133,dd520fc1-e6de-4f55-b6d8-508373be5330,Kurpark - Eingang Kolonnaden,2025-07-12 05:00:00+00:00,0.03713136216051084
7134,dd520fc1-e6de-4f55-b6d8-508373be5330,Kurpark - Eingang Kolonnaden,2025-07-12 06:00:00+00:00,0.03801897507417136
7135,dd520fc1-e6de-4f55-b6d8-508373be5330,Kurpark - Eingang Kolonnaden,2025-07-12 07:00:00+00:00,0.03949328907739771
7136,dd520fc1-e6de-4f55-b6d8-508373be5330,Kurpark - Eingang Kolonnaden,2025-07-12 08:00:00+00:00,0.056787318424162785
7137,dd520fc1-e6de-4f55-b6d8-508373be5330,Kurpark - Eingang Kolonnaden,2025-07-12 09:00:00+00:00,0.05594413268272305
7138,dd520fc1-e6de-4f55-b6d8-508373be5330,Kurpark - Eingang Kolonnaden,2025-07-12 10:00:00+00:00,0.058792185841324375
7139,dd520fc1-e6de-4f55-b6d8-508373be5330,Kurpark - Eingang Kolonnaden,2025-07-12 11:00:00+00:00,0.059389458931761806
7140,dd520fc1-e6de-4f55-b6d8-508373be5330,Kurpark - Eingang Kolonnaden,2025-07-12 12:00:00+00:00,0.061568612146389895
7141,dd520fc1-e6de-4f55-b6d8-508373be5330,Kurpark - Eingang Kolonnaden,2025-07-12 13:00:00+00:00,0.07233203946004639
7142,dd520fc1-e6de-4f55-b6d8-508373be5330,Kurpark - Eingang Kolonnaden,2025-07-12 14:00:00+00:00,0.055708686160241765
7143,dd520fc1-e6de-4f55-b6d8-508373be5330,Kurpark - Eingang Kolonnaden,2025-07-12 15:00:00+00:00,0.06348144595865926
7144,dd520fc1-e6de-4f55-b6d8-508373be5330,Kurpark - Eingang Kolonnaden,2025-07-12 16:00:00+00:00,0.08533139256736465
7145,dd520fc1-e6de-4f55-b6d8-508373be5330,Kurpark - Eingang Kolonnaden,2025-07-12 17:00:00+00:00,0.08794399664282194
7146,dd520fc1-e6de-4f55-b6d8-508373be5330,Kurpark - Eingang Kolonnaden,2025-07-12 18:00:00+00:00,0.07887860689199967
7147,dd520fc1-e6de-4f55-b6d8-508373be5330,Kurpark - Eingang Kolonnaden,2025-07-12 19:00:00+00:00,0.06990085313861634
7148,dd520fc1-e6de-4f55-b6d8-508373be5330,Kurpark - Eingang Kolonnaden,2025-07-12 20:00:00+00:00,0.06890486440373347
7149,dd520fc1-e6de-4f55-b6d8-508373be5330,Kurpark - Eingang Kolonnaden,2025-07-12 21:00:00+00:00,0.0658916362064489
7150,dd520fc1-e6de-4f55-b6d8-508373be5330,Kurpark - Eingang Kolonnaden,2025-07-12 22:00:00+00:00,0.06433270349193505
7151,dd520fc1-e6de-4f55-b6d8-508373be5330,Kurpark - Eingang Kolonnaden,2025-07-12 23:00:00+00:00,0.06362363161422456
7152,dd520fc1-e6de-4f55-b6d8-508373be5330,Kurpark - Eingang Kolonnaden,2025-07-13 00:00:00+00:00,0.06193830432970418
7153,dd520fc1-e6de-4f55-b6d8-508373be5330,Kurpark - Eingang Kolonnaden,2025-07-13 01:00:00+00:00,0.06014273912275286
7154,dd520fc1-e6de-4f55-b6d8-508373be5330,Kurpark - Eingang Kolonnaden,2025-07-13 02:00:00+00:00,0.059111268417689336
7155,dd520fc1-e6de-4f55-b6d8-508373be5330,Kurpark - Eingang Kolonnaden,2025-07-13 03:00:00+00:00,0.06447291882358339
7156,dd520fc1-e6de-4f55-b6d8-508373be5330,Kurpark - Eingang Kolonnaden,2025-07-13 04:00:00+00:00,0.06802550851823738
7157,dd520fc1-e6de-4f55-b6d8-508373be5330,Kurpark - Eingang Kolonnaden,2025-07-13 05:00:00+00:00,0.07033863367777528
7158,dd520fc1-e6de-4f55-b6d8-508373be5330,Kurpark - Eingang Kolonnaden,2025-07-13 06:00:00+00:00,0.07101388101172948
7159,dd520fc1-e6de-4f55-b6d8-508373be5330,Kurpark - Eingang Kolonnaden,2025-07-13 07:00:00+00:00,0.06112447418231288
7160,dd520fc1-e6de-4f55-b6d8-508373be5330,Kurpark - Eingang Kolonnaden,2025-07-13 08:00:00+00:00,0.0915973496890819
7161,dd520fc1-e6de-4f55-b6d8-508373be5330,Kurpark - Eingang Kolonnaden,2025-07-13 09:00:00+00:00,0.08976572873813216
7162,dd520fc1-e6de-4f55-b6d8-508373be5330,Kurpark - Eingang Kolonnaden,2025-07-13 10:00:00+00:00,0.07411748064512684
7163,dd520fc1-e6de-4f55-b6d8-508373be5330,Kurpark - Eingang Kolonnaden,2025-07-13 11:00:00+00:00,0.04140954225733508
7164,dd520fc1-e6de-4f55-b6d8-508373be5330,Kurpark - Eingang Kolonnaden,2025-07-13 12:00:00+00:00,0.03539403408764477
7165,dd520fc1-e6de-4f55-b6d8-508373be5330,Kurpark - Eingang Kolonnaden,2025-07-13 13:00:00+00:00,0.04281659790113175
7166,dd520fc1-e6de-4f55-b6d8-508373be5330,Kurpark - Eingang Kolonnaden,2025-07-13 14:00:00+00:00,0.05736877578799389
7167,dd520fc1-e6de-4f55-b6d8-508373be5330,Kurpark - Eingang Kolonnaden,2025-07-13 15:00:00+00:00,0.06786092435316636
7168,dd520fc1-e6de-4f55-b6d8-508373be5330,Kurpark - Eingang Kolonnaden,2025-07-13 16:00:00+00:00,0.05972723599636263
7169,dd520fc1-e6de-4f55-b6d8-508373be5330,Kurpark - Eingang Kolonnaden,2025-07-13 17:00:00+00:00,0.04596317004021975
7170,dd520fc1-e6de-4f55-b6d8-508373be5330,Kurpark - Eingang Kolonnaden,2025-07-13 18:00:00+00:00,0.02949997459090943
7171,dd520fc1-e6de-4f55-b6d8-508373be5330,Kurpark - Eingang Kolonnaden,2025-07-13 19:00:00+00:00,0.03340101492244523
7172,dd520fc1-e6de-4f55-b6d8-508373be5330,Kurpark - Eingang Kolonnaden,2025-07-13 20:00:00+00:00,0.03637174934977049
7173,dd520fc1-e6de-4f55-b6d8-508373be5330,Kurpark - Eingang Kolonnaden,2025-07-13 21:00:00+00:00,0.03773706257149774
7174,dd520fc1-e6de-4f55-b6d8-508373be5330,Kurpark - Eingang Kolonnaden,2025-07-13 22:00:00+00:00,0.03642408082664493
7175,dd520fc1-e6de-4f55-b6d8-508373be5330,Kurpark - Eingang Kolonnaden,2025-07-13 23:00:00+00:00,0.040063330632367784
7176,e43beee4-de88-43f8-9c31-c3f0d5dc1451,Kurstraße 13,2025-07-01 00:00:00+00:00,0.012402461404726683
7177,e43beee4-de88-43f8-9c31-c3f0d5dc1451,Kurstraße 13,2025-07-01 01:00:00+00:00,0.012323293475627849
7178,e43beee4-de88-43f8-9c31-c3f0d5dc1451,Kurstraße 13,2025-07-01 02:00:00+00:00,0.010955552722960803
7179,e43beee4-de88-43f8-9c31-c3f0d5dc1451,Kurstraße 13,2025-07-01 03:00:00+00:00,0.011424586056225847
7180,e43beee4-de88-43f8-9c31-c3f0d5dc1451,Kurstraße 13,2025-07-01 04:00:00+00:00,0.012235899501924219
7181,e43beee4-de88-43f8-9c31-c3f0d5dc1451,Kurstraße 13,2025-07-01 05:00:00+00:00,0.012872937991591593
7182,e43beee4-de88-43f8-9c31-c3f0d5dc1451,Kurstraße 13,2025-07-01 06:00:00+00:00,0.013024593713170973
7183,e43beee4-de88-43f8-9c31-c3f0d5dc1451,Kurstraße 13,2025-07-01 07:00:00+00:00,0.015345434551578309
7184,e43beee4-de88-43f8-9c31-c3f0d5dc1451,Kurstraße 13,2025-07-01 08:00:00+00:00,0.015782530474806815
7185,e43beee4-de88-43f8-9c31-c3f0d5dc1451,Kurstraße 13,2025-07-01 09:00:00+00:00,0.01636213785873658
7186,e43beee4-de88-43f8-9c31-c3f0d5dc1451,Kurstraße 13,2025-07-01 10:00:00+00:00,0.017409284958186187
7187,e43beee4-de88-43f8-9c31-c3f0d5dc1451,Kurstraße 13,2025-07-01 11:00:00+00:00,0.017529116928107064
7188,e43beee4-de88-43f8-9c31-c3f0d5dc1451,Kurstraße 13,2025-07-01 12:00:00+00:00,0.021453828348288885
7189,e43beee4-de88-43f8-9c31-c3f0d5dc1451,Kurstraße 13,2025-07-01 13:00:00+00:00,0.025718598496232363
7190,e43beee4-de88-43f8-9c31-c3f0d5dc1451,Kurstraße 13,2025-07-01 14:00:00+00:00,0.0226098228702696
7191,e43beee4-de88-43f8-9c31-c3f0d5dc1451,Kurstraße 13,2025-07-01 15:00:00+00:00,0.020633145185615008
7192,e43beee4-de88-43f8-9c31-c3f0d5dc1451,Kurstraße 13,2025-07-01 16:00:00+00:00,0.018986264141229878
7193,e43beee4-de88-43f8-9c31-c3f0d5dc1451,Kurstraße 13,2025-07-01 17:00:00+00:00,0.01682019798445867
7194,e43beee4-de88-43f8-9c31-c3f0d5dc1451,Kurstraße 13,2025-07-01 18:00:00+00:00,0.015298462096601451
7195,e43beee4-de88-43f8-9c31-c3f0d5dc1451,Kurstraße 13,2025-07-01 19:00:00+00:00,0.012693648942196885
7196,e43beee4-de88-43f8-9c31-c3f0d5dc1451,Kurstraße 13,2025-07-01 20:00:00+00:00,0.012074238458465215
7197,e43beee4-de88-43f8-9c31-c3f0d5dc1451,Kurstraße 13,2025-07-01 21:00:00+00:00,0.011592786197109376
7198,e43beee4-de88-43f8-9c31-c3f0d5dc1451,Kurstraße 13,2025-07-01 22:00:00+00:00,0.011479593118015602
7199,e43beee4-de88-43f8-9c31-c3f0d5dc1451,Kurstraße 13,2025-07-01 23:00:00+00:00,0.010702326390947576
7200,e43beee4-de88-43f8-9c31-c3f0d5dc1451,Kurstraße 13,2025-07-02 00:00:00+00:00,0.010840382970241114
7201,e43beee4-de88-43f8-9c31-c3f0d5dc1451,Kurstraße 13,2025-07-02 01:00:00+00:00,0.010693914256293926
7202,e43beee4-de88-43f8-9c31-c3f0d5dc1451,Kurstraße 13,2025-07-02 02:00:00+00:00,0.011369578690586314
7203,e43beee4-de88-43f8-9c31-c3f0d5dc1451,Kurstraße 13,2025-07-02 03:00:00+00:00,0.01301781815861942
7204,e43beee4-de88-43f8-9c31-c3f0d5dc1451,Kurstraße 13,2025-07-02 04:00:00+00:00,0.015334742457426965
7205,e43beee4-de88-43f8-9c31-c3f0d5dc1451,Kurstraße 13,2025-07-02 05:00:00+00:00,0.016681036576763373
7206,e43beee4-de88-43f8-9c31-c3f0d5dc1451,Kurstraße 13,2025-07-02 06:00:00+00:00,0.016415385341702483
7207,e43beee4-de88-43f8-9c31-c3f0d5dc1451,Kurstraße 13,2025-07-02 07:00:00+00:00,0.010526933035622188
7208,e43beee4-de88-43f8-9c31-c3f0d5dc1451,Kurstraße 13,2025-07-02 08:00:00+00:00,0.014649367197977211
7209,e43beee4-de88-43f8-9c31-c3f0d5dc1451,Kurstraße 13,2025-07-02 09:00:00+00:00,0.017341672316971413
7210,e43beee4-de88-43f8-9c31-c3f0d5dc1451,Kurstraße 13,2025-07-02 10:00:00+00:00,0.019866580658324987
7211,e43beee4-de88-43f8-9c31-c3f0d5dc1451,Kurstraße 13,2025-07-02 11:00:00+00:00,0.02366732207228536
7212,e43beee4-de88-43f8-9c31-c3f0d5dc1451,Kurstraße 13,2025-07-02 12:00:00+00:00,0.02616213929654083
7213,e43beee4-de88-43f8-9c31-c3f0d5dc1451,Kurstraße 13,2025-07-02 13:00:00+00:00,0.02894967875562575
7214,e43beee4-de88-43f8-9c31-c3f0d5dc1451,Kurstraße 13,2025-07-02 14:00:00+00:00,0.028546883985246536
7215,e43beee4-de88-43f8-9c31-c3f0d5dc1451,Kurstraße 13,2025-07-02 15:00:00+00:00,0.0232869487361297
7216,e43beee4-de88-43f8-9c31-c3f0d5dc1451,Kurstraße 13,2025-07-02 16:00:00+00:00,0.018316410894950102
7217,e43beee4-de88-43f8-9c31-c3f0d5dc1451,Kurstraße 13,2025-07-02 17:00:00+00:00,0.018580645155583886
7218,e43beee4-de88-43f8-9c31-c3f0d5dc1451,Kurstraße 13,2025-07-02 18:00:00+00:00,0.01627503984562835
7219,e43beee4-de88-43f8-9c31-c3f0d5dc1451,Kurstraße 13,2025-07-02 19:00:00+00:00,0.015396684872521741
7220,e43beee4-de88-43f8-9c31-c3f0d5dc1451,Kurstraße 13,2025-07-02 20:00:00+00:00,0.014736474449936547
7221,e43beee4-de88-43f8-9c31-c3f0d5dc1451,Kurstraße 13,2025-07-02 21:00:00+00:00,0.014085659989014072
7222,e43beee4-de88-43f8-9c31-c3f0d5dc1451,Kurstraße 13,2025-07-02 22:00:00+00:00,0.014086456737362918
7223,e43beee4-de88-43f8-9c31-c3f0d5dc1451,Kurstraße 13,2025-07-02 23:00:00+00:00,0.014752519130863487
7224,e43beee4-de88-43f8-9c31-c3f0d5dc1451,Kurstraße 13,2025-07-03 00:00:00+00:00,0.014945351128075577
7225,e43beee4-de88-43f8-9c31-c3f0d5dc1451,Kurstraße 13,2025-07-03 01:00:00+00:00,0.01620553814960377
7226,e43beee4-de88-43f8-9c31-c3f0d5dc1451,Kurstraße 13,2025-07-03 02:00:00+00:00,0.018292454839765517
7227,e43beee4-de88-43f8-9c31-c3f0d5dc1451,Kurstraße 13,2025-07-03 03:00:00+00:00,0.019559510170809587
7228,e43beee4-de88-43f8-9c31-c3f0d5dc1451,Kurstraße 13,2025-07-03 04:00:00+00:00,0.02318184388470638
7229,e43beee4-de88-43f8-9c31-c3f0d5dc1451,Kurstraße 13,2025-07-03 05:00:00+00:00,0.026636080073786313
7230,e43beee4-de88-43f8-9c31-c3f0d5dc1451,Kurstraße 13,2025-07-03 06:00:00+00:00,0.022650086378845368
7231,e43beee4-de88-43f8-9c31-c3f0d5dc1451,Kurstraße 13,2025-07-03 07:00:00+00:00,0.01944699628097917
7232,e43beee4-de88-43f8-9c31-c3f0d5dc1451,Kurstraße 13,2025-07-03 08:00:00+00:00,0.0200097109059172
7233,e43beee4-de88-43f8-9c31-c3f0d5dc1451,Kurstraße 13,2025-07-03 09:00:00+00:00,0.021679686607406608
7234,e43beee4-de88-43f8-9c31-c3f0d5dc1451,Kurstraße 13,2025-07-03 10:00:00+00:00,0.023513739907856577
7235,e43beee4-de88-43f8-9c31-c3f0d5dc1451,Kurstraße 13,2025-07-03 11:00:00+00:00,0.023123531787511763
7236,e43beee4-de88-43f8-9c31-c3f0d5dc1451,Kurstraße 13,2025-07-03 12:00:00+00:00,0.022302589147866432
7237,e43beee4-de88-43f8-9c31-c3f0d5dc1451,Kurstraße 13,2025-07-03 13:00:00+00:00,0.020076300079573877
7238,e43beee4-de88-43f8-9c31-c3f0d5dc1451,Kurstraße 13,2025-07-03 14:00:00+00:00,0.021090505841965534
7239,e43beee4-de88-43f8-9c31-c3f0d5dc1451,Kurstraße 13,2025-07-03 15:00:00+00:00,0.02227144500574611
7240,e43beee4-de88-43f8-9c31-c3f0d5dc1451,Kurstraße 13,2025-07-03 16:00:00+00:00,0.028394710504542134
7241,e43beee4-de88-43f8-9c31-c3f0d5dc1451,Kurstraße 13,2025-07-03 17:00:00+00:00,0.02691043954752661
7242,e43beee4-de88-43f8-9c31-c3f0d5dc1451,Kurstraße 13,2025-07-03 18:00:00+00:00,0.02522129814410721
7243,e43beee4-de88-43f8-9c31-c3f0d5dc1451,Kurstraße 13,2025-07-03 19:00:00+00:00,0.024383321264369418
7244,e43beee4-de88-43f8-9c31-c3f0d5dc1451,Kurstraße 13,2025-07-03 20:00:00+00:00,0.02409562904206365
7245,e43beee4-de88-43f8-9c31-c3f0d5dc1451,Kurstraße 13,2025-07-03 21:00:00+00:00,0.024208331804965833
7246,e43beee4-de88-43f8-9c31-c3f0d5dc1451,Kurstraße 13,2025-07-03 22:00:00+00:00,0.024020010748900224
7247,e43beee4-de88-43f8-9c31-c3f0d5dc1451,Kurstraße 13,2025-07-03 23:00:00+00:00,0.023618874802612252
7248,e43beee4-de88-43f8-9c31-c3f0d5dc1451,Kurstraße 13,2025-07-04 00:00:00+00:00,0.02409339914515408
7249,e43beee4-de88-43f8-9c31-c3f0d5dc1451,Kurstraße 13,2025-07-04 01:00:00+00:00,0.02478418833700339
7250,e43beee4-de88-43f8-9c31-c3f0d5dc1451,Kurstraße 13,2025-07-04 02:00:00+00:00,0.023555353867511824
7251,e43beee4-de88-43f8-9c31-c3f0d5dc1451,Kurstraße 13,2025-07-04 03:00:00+00:00,0.0244413362110237
7252,e43beee4-de88-43f8-9c31-c3f0d5dc1451,Kurstraße 13,2025-07-04 04:00:00+00:00,0.02423397668670623
7253,e43beee4-de88-43f8-9c31-c3f0d5dc1451,Kurstraße 13,2025-07-04 05:00:00+00:00,0.023118309104225337
7254,e43beee4-de88-43f8-9c31-c3f0d5dc1451,Kurstraße 13,2025-07-04 06:00:00+00:00,0.023332433444667015
7255,e43beee4-de88-43f8-9c31-c3f0d5dc1451,Kurstraße 13,2025-07-04 07:00:00+00:00,0.023129112078892768
7256,e43beee4-de88-43f8-9c31-c3f0d5dc1451,Kurstraße 13,2025-07-04 08:00:00+00:00,0.0274105896359932
7257,e43beee4-de88-43f8-9c31-c3f0d5dc1451,Kurstraße 13,2025-07-04 09:00:00+00:00,0.029164130290033456
7258,e43beee4-de88-43f8-9c31-c3f0d5dc1451,Kurstraße 13,2025-07-04 10:00:00+00:00,0.03119251251430837
7259,e43beee4-de88-43f8-9c31-c3f0d5dc1451,Kurstraße 13,2025-07-04 11:00:00+00:00,0.03391840320932541
7260,e43beee4-de88-43f8-9c31-c3f0d5dc1451,Kurstraße 13,2025-07-04 12:00:00+00:00,0.04104275387673138
7261,e43beee4-de88-43f8-9c31-c3f0d5dc1451,Kurstraße 13,2025-07-04 13:00:00+00:00,0.05518624857507929
7262,e43beee4-de88-43f8-9c31-c3f0d5dc1451,Kurstraße 13,2025-07-04 14:00:00+00:00,0.0628967635572299
7263,e43beee4-de88-43f8-9c31-c3f0d5dc1451,Kurstraße 13,2025-07-04 15:00:00+00:00,0.0807980356309453
7264,e43beee4-de88-43f8-9c31-c3f0d5dc1451,Kurstraße 13,2025-07-04 16:00:00+00:00,0.07608092994038333
7265,e43beee4-de88-43f8-9c31-c3f0d5dc1451,Kurstraße 13,2025-07-04 17:00:00+00:00,0.0737513693003759
7266,e43beee4-de88-43f8-9c31-c3f0d5dc1451,Kurstraße 13,2025-07-04 18:00:00+00:00,0.06739147574116786
7267,e43beee4-de88-43f8-9c31-c3f0d5dc1451,Kurstraße 13,2025-07-04 19:00:00+00:00,0.059370141016045444
7268,e43beee4-de88-43f8-9c31-c3f0d5dc1451,Kurstraße 13,2025-07-04 20:00:00+00:00,0.05526055609244853
7269,e43beee4-de88-43f8-9c31-c3f0d5dc1451,Kurstraße 13,2025-07-04 21:00:00+00:00,0.053353993617450544
7270,e43beee4-de88-43f8-9c31-c3f0d5dc1451,Kurstraße 13,2025-07-04 22:00:00+00:00,0.05484287130872591
7271,e43beee4-de88-43f8-9c31-c3f0d5dc1451,Kurstraße 13,2025-07-04 23:00:00+00:00,0.0543092458806601
7272,e43beee4-de88-43f8-9c31-c3f0d5dc1451,Kurstraße 13,2025-07-05 00:00:00+00:00,0.050417502235841134
7273,e43beee4-de88-43f8-9c31-c3f0d5dc1451,Kurstraße 13,2025-07-05 01:00:00+00:00,0.050792322689317174
7274,e43beee4-de88-43f8-9c31-c3f0d5dc1451,Kurstraße 13,2025-07-05 02:00:00+00:00,0.05848780447220685
7275,e43beee4-de88-43f8-9c31-c3f0d5dc1451,Kurstraße 13,2025-07-05 03:00:00+00:00,0.06222561592478808
7276,e43beee4-de88-43f8-9c31-c3f0d5dc1451,Kurstraße 13,2025-07-05 04:00:00+00:00,0.06695170562215642
7277,e43beee4-de88-43f8-9c31-c3f0d5dc1451,Kurstraße 13,2025-07-05 05:00:00+00:00,0.07106930629675935
7278,e43beee4-de88-43f8-9c31-c3f0d5dc1451,Kurstraße 13,2025-07-05 06:00:00+00:00,0.0743349399372216
7279,e43beee4-de88-43f8-9c31-c3f0d5dc1451,Kurstraße 13,2025-07-05 07:00:00+00:00,0.07293321627511111
7280,e43beee4-de88-43f8-9c31-c3f0d5dc1451,Kurstraße 13,2025-07-05 08:00:00+00:00,0.08121681116506307
7281,e43beee4-de88-43f8-9c31-c3f0d5dc1451,Kurstraße 13,2025-07-05 09:00:00+00:00,0.06922003649386982
7282,e43beee4-de88-43f8-9c31-c3f0d5dc1451,Kurstraße 13,2025-07-05 10:00:00+00:00,0.07340788399826335
7283,e43beee4-de88-43f8-9c31-c3f0d5dc1451,Kurstraße 13,2025-07-05 11:00:00+00:00,0.07447902314163851
7284,e43beee4-de88-43f8-9c31-c3f0d5dc1451,Kurstraße 13,2025-07-05 12:00:00+00:00,0.07339581806200185
7285,e43beee4-de88-43f8-9c31-c3f0d5dc1451,Kurstraße 13,2025-07-05 13:00:00+00:00,0.06887302513561254
7286,e43beee4-de88-43f8-9c31-c3f0d5dc1451,Kurstraße 13,2025-07-05 14:00:00+00:00,0.057408485332337555
7287,e43beee4-de88-43f8-9c31-c3f0d5dc1451,Kurstraße 13,2025-07-05 15:00:00+00:00,0.053750066757021576
7288,e43beee4-de88-43f8-9c31-c3f0d5dc1451,Kurstraße 13,2025-07-05 16:00:00+00:00,0.05086551849525424
7289,e43beee4-de88-43f8-9c31-c3f0d5dc1451,Kurstraße 13,2025-07-05 17:00:00+00:00,0.04882724723671153
7290,e43beee4-de88-43f8-9c31-c3f0d5dc1451,Kurstraße 13,2025-07-05 18:00:00+00:00,0.04944429345512815
7291,e43beee4-de88-43f8-9c31-c3f0d5dc1451,Kurstraße 13,2025-07-05 19:00:00+00:00,0.05062285964824267
7292,e43beee4-de88-43f8-9c31-c3f0d5dc1451,Kurstraße 13,2025-07-05 20:00:00+00:00,0.04671794349280099
7293,e43beee4-de88-43f8-9c31-c3f0d5dc1451,Kurstraße 13,2025-07-05 21:00:00+00:00,0.04476664207954677
7294,e43beee4-de88-43f8-9c31-c3f0d5dc1451,Kurstraße 13,2025-07-05 22:00:00+00:00,0.046189806555726166
7295,e43beee4-de88-43f8-9c31-c3f0d5dc1451,Kurstraße 13,2025-07-05 23:00:00+00:00,0.04644430883716943
7296,e43beee4-de88-43f8-9c31-c3f0d5dc1451,Kurstraße 13,2025-07-06 00:00:00+00:00,0.04706754454641851
7297,e43beee4-de88-43f8-9c31-c3f0d5dc1451,Kurstraße 13,2025-07-06 01:00:00+00:00,0.04804280304666131
7298,e43beee4-de88-43f8-9c31-c3f0d5dc1451,Kurstraße 13,2025-07-06 02:00:00+00:00,0.04252738712138967
7299,e43beee4-de88-43f8-9c31-c3f0d5dc1451,Kurstraße 13,2025-07-06 03:00:00+00:00,0.04356541568224333
7300,e43beee4-de88-43f8-9c31-c3f0d5dc1451,Kurstraße 13,2025-07-06 04:00:00+00:00,0.04510323487100529
7301,e43beee4-de88-43f8-9c31-c3f0d5dc1451,Kurstraße 13,2025-07-06 05:00:00+00:00,0.044984215759016684
7302,e43beee4-de88-43f8-9c31-c3f0d5dc1451,Kurstraße 13,2025-07-06 06:00:00+00:00,0.035213174873768606
7303,e43beee4-de88-43f8-9c31-c3f0d5dc1451,Kurstraße 13,2025-07-06 07:00:00+00:00,0.028410764397485664
7304,e43beee4-de88-43f8-9c31-c3f0d5dc1451,Kurstraße 13,2025-07-06 08:00:00+00:00,0.015915524587824418
7305,e43beee4-de88-43f8-9c31-c3f0d5dc1451,Kurstraße 13,2025-07-06 09:00:00+00:00,0.015313171959058323
7306,e43beee4-de88-43f8-9c31-c3f0d5dc1451,Kurstraße 13,2025-07-06 10:00:00+00:00,0.014320255765051356
7307,e43beee4-de88-43f8-9c31-c3f0d5dc1451,Kurstraße 13,2025-07-06 11:00:00+00:00,0.011827454056258173
7308,e43beee4-de88-43f8-9c31-c3f0d5dc1451,Kurstraße 13,2025-07-06 12:00:00+00:00,0.013402543462503485
7309,e43beee4-de88-43f8-9c31-c3f0d5dc1451,Kurstraße 13,2025-07-06 13:00:00+00:00,0.015283392088268047
7310,e43beee4-de88-43f8-9c31-c3f0d5dc1451,Kurstraße 13,2025-07-06 14:00:00+00:00,0.018925390780414438
7311,e43beee4-de88-43f8-9c31-c3f0d5dc1451,Kurstraße 13,2025-07-06 15:00:00+00:00,0.016877159912934068
7312,e43beee4-de88-43f8-9c31-c3f0d5dc1451,Kurstraße 13,2025-07-06 16:00:00+00:00,0.01581653107625037
7313,e43beee4-de88-43f8-9c31-c3f0d5dc1451,Kurstraße 13,2025-07-06 17:00:00+00:00,0.016721505613900067
7314,e43beee4-de88-43f8-9c31-c3f0d5dc1451,Kurstraße 13,2025-07-06 18:00:00+00:00,0.01644492880776857
7315,e43beee4-de88-43f8-9c31-c3f0d5dc1451,Kurstraße 13,2025-07-06 19:00:00+00:00,0.015957881263488304
7316,e43beee4-de88-43f8-9c31-c3f0d5dc1451,Kurstraße 13,2025-07-06 20:00:00+00:00,0.01569392502482991
7317,e43beee4-de88-43f8-9c31-c3f0d5dc1451,Kurstraße 13,2025-07-06 21:00:00+00:00,0.014904049873954323
7318,e43beee4-de88-43f8-9c31-c3f0d5dc1451,Kurstraße 13,2025-07-06 22:00:00+00:00,0.013284294384337156
7319,e43beee4-de88-43f8-9c31-c3f0d5dc1451,Kurstraße 13,2025-07-06 23:00:00+00:00,0.012414440689658579
7320,e43beee4-de88-43f8-9c31-c3f0d5dc1451,Kurstraße 13,2025-07-07 00:00:00+00:00,0.012047739618965008
7321,e43beee4-de88-43f8-9c31-c3f0d5dc1451,Kurstraße 13,2025-07-07 01:00:00+00:00,0.014033769447920693
7322,e43beee4-de88-43f8-9c31-c3f0d5dc1451,Kurstraße 13,2025-07-07 02:00:00+00:00,0.014120060197647059
7323,e43beee4-de88-43f8-9c31-c3f0d5dc1451,Kurstraße 13,2025-07-07 03:00:00+00:00,0.014216969160043749
7324,e43beee4-de88-43f8-9c31-c3f0d5dc1451,Kurstraße 13,2025-07-07 04:00:00+00:00,0.016667551174693238
7325,e43beee4-de88-43f8-9c31-c3f0d5dc1451,Kurstraße 13,2025-07-07 05:00:00+00:00,0.01995195681933518
7326,e43beee4-de88-43f8-9c31-c3f0d5dc1451,Kurstraße 13,2025-07-07 06:00:00+00:00,0.022947237311230214
7327,e43beee4-de88-43f8-9c31-c3f0d5dc1451,Kurstraße 13,2025-07-07 07:00:00+00:00,0.019966917660973707
7328,e43beee4-de88-43f8-9c31-c3f0d5dc1451,Kurstraße 13,2025-07-07 08:00:00+00:00,0.017002279243982465
7329,e43beee4-de88-43f8-9c31-c3f0d5dc1451,Kurstraße 13,2025-07-07 09:00:00+00:00,0.018091333629865057
7330,e43beee4-de88-43f8-9c31-c3f0d5dc1451,Kurstraße 13,2025-07-07 10:00:00+00:00,0.016994648483800848
7331,e43beee4-de88-43f8-9c31-c3f0d5dc1451,Kurstraße 13,2025-07-07 11:00:00+00:00,0.019658306078999842
7332,e43beee4-de88-43f8-9c31-c3f0d5dc1451,Kurstraße 13,2025-07-07 12:00:00+00:00,0.01745661228520907
7333,e43beee4-de88-43f8-9c31-c3f0d5dc1451,Kurstraße 13,2025-07-07 13:00:00+00:00,0.014834245874662234
7334,e43beee4-de88-43f8-9c31-c3f0d5dc1451,Kurstraße 13,2025-07-07 14:00:00+00:00,0.013843162671240443
7335,e43beee4-de88-43f8-9c31-c3f0d5dc1451,Kurstraße 13,2025-07-07 15:00:00+00:00,0.013577850732949929
7336,e43beee4-de88-43f8-9c31-c3f0d5dc1451,Kurstraße 13,2025-07-07 16:00:00+00:00,0.014070638018353065
7337,e43beee4-de88-43f8-9c31-c3f0d5dc1451,Kurstraße 13,2025-07-07 17:00:00+00:00,0.012511732327845197
7338,e43beee4-de88-43f8-9c31-c3f0d5dc1451,Kurstraße 13,2025-07-07 18:00:00+00:00,0.011715936040173442
7339,e43beee4-de88-43f8-9c31-c3f0d5dc1451,Kurstraße 13,2025-07-07 19:00:00+00:00,0.01034715277892811
7340,e43beee4-de88-43f8-9c31-c3f0d5dc1451,Kurstraße 13,2025-07-07 20:00:00+00:00,0.010229164754654551
7341,e43beee4-de88-43f8-9c31-c3f0d5dc1451,Kurstraße 13,2025-07-07 21:00:00+00:00,0.010490914657228552
7342,e43beee4-de88-43f8-9c31-c3f0d5dc1451,Kurstraße 13,2025-07-07 22:00:00+00:00,0.011689693587683014
7343,e43beee4-de88-43f8-9c31-c3f0d5dc1451,Kurstraße 13,2025-07-07 23:00:00+00:00,0.011316006371027932
7344,e43beee4-de88-43f8-9c31-c3f0d5dc1451,Kurstraße 13,2025-07-08 00:00:00+00:00,0.011219374355324042
7345,e43beee4-de88-43f8-9c31-c3f0d5dc1451,Kurstraße 13,2025-07-08 01:00:00+00:00,0.010032291349652684
7346,e43beee4-de88-43f8-9c31-c3f0d5dc1451,Kurstraße 13,2025-07-08 02:00:00+00:00,0.010243621904056886
7347,e43beee4-de88-43f8-9c31-c3f0d5dc1451,Kurstraße 13,2025-07-08 03:00:00+00:00,0.01078302574401146
7348,e43beee4-de88-43f8-9c31-c3f0d5dc1451,Kurstraße 13,2025-07-08 04:00:00+00:00,0.011396573131560558
7349,e43beee4-de88-43f8-9c31-c3f0d5dc1451,Kurstraße 13,2025-07-08 05:00:00+00:00,0.012536696912561126
7350,e43beee4-de88-43f8-9c31-c3f0d5dc1451,Kurstraße 13,2025-07-08 06:00:00+00:00,0.011710751743025464
7351,e43beee4-de88-43f8-9c31-c3f0d5dc1451,Kurstraße 13,2025-07-08 07:00:00+00:00,0.012757195129970955
7352,e43beee4-de88-43f8-9c31-c3f0d5dc1451,Kurstraße 13,2025-07-08 08:00:00+00:00,0.011809059961061989
7353,e43beee4-de88-43f8-9c31-c3f0d5dc1451,Kurstraße 13,2025-07-08 09:00:00+00:00,0.013775474484250134
7354,e43beee4-de88-43f8-9c31-c3f0d5dc1451,Kurstraße 13,2025-07-08 10:00:00+00:00,0.016271837807070585
7355,e43beee4-de88-43f8-9c31-c3f0d5dc1451,Kurstraße 13,2025-07-08 11:00:00+00:00,0.017791460173390998
7356,e43beee4-de88-43f8-9c31-c3f0d5dc1451,Kurstraße 13,2025-07-08 12:00:00+00:00,0.02022430948842703
7357,e43beee4-de88-43f8-9c31-c3f0d5dc1451,Kurstraße 13,2025-07-08 13:00:00+00:00,0.020587236205761875
7358,e43beee4-de88-43f8-9c31-c3f0d5dc1451,Kurstraße 13,2025-07-08 14:00:00+00:00,0.01923614964282551
7359,e43beee4-de88-43f8-9c31-c3f0d5dc1451,Kurstraße 13,2025-07-08 15:00:00+00:00,0.018853007982768847
7360,e43beee4-de88-43f8-9c31-c3f0d5dc1451,Kurstraße 13,2025-07-08 16:00:00+00:00,0.017614927363883013
7361,e43beee4-de88-43f8-9c31-c3f0d5dc1451,Kurstraße 13,2025-07-08 17:00:00+00:00,0.016520635808150844
7362,e43beee4-de88-43f8-9c31-c3f0d5dc1451,Kurstraße 13,2025-07-08 18:00:00+00:00,0.01577806816241711
7363,e43beee4-de88-43f8-9c31-c3f0d5dc1451,Kurstraße 13,2025-07-08 19:00:00+00:00,0.015423455825549253
7364,e43beee4-de88-43f8-9c31-c3f0d5dc1451,Kurstraße 13,2025-07-08 20:00:00+00:00,0.015826136016914617
7365,e43beee4-de88-43f8-9c31-c3f0d5dc1451,Kurstraße 13,2025-07-08 21:00:00+00:00,0.01564303986077652
7366,e43beee4-de88-43f8-9c31-c3f0d5dc1451,Kurstraße 13,2025-07-08 22:00:00+00:00,0.014216167752715166
7367,e43beee4-de88-43f8-9c31-c3f0d5dc1451,Kurstraße 13,2025-07-08 23:00:00+00:00,0.01378810986932672
7368,e43beee4-de88-43f8-9c31-c3f0d5dc1451,Kurstraße 13,2025-07-09 00:00:00+00:00,0.014344583385769945
7369,e43beee4-de88-43f8-9c31-c3f0d5dc1451,Kurstraße 13,2025-07-09 01:00:00+00:00,0.015066355409772948
7370,e43beee4-de88-43f8-9c31-c3f0d5dc1451,Kurstraße 13,2025-07-09 02:00:00+00:00,0.013182138413059733
7371,e43beee4-de88-43f8-9c31-c3f0d5dc1451,Kurstraße 13,2025-07-09 03:00:00+00:00,0.011982185443317613
7372,e43beee4-de88-43f8-9c31-c3f0d5dc1451,Kurstraße 13,2025-07-09 04:00:00+00:00,0.011683200426604106
7373,e43beee4-de88-43f8-9c31-c3f0d5dc1451,Kurstraße 13,2025-07-09 05:00:00+00:00,0.012372153928728523
7374,e43beee4-de88-43f8-9c31-c3f0d5dc1451,Kurstraße 13,2025-07-09 06:00:00+00:00,0.013399301208430638
7375,e43beee4-de88-43f8-9c31-c3f0d5dc1451,Kurstraße 13,2025-07-09 07:00:00+00:00,0.012967427245321201
7376,e43beee4-de88-43f8-9c31-c3f0d5dc1451,Kurstraße 13,2025-07-09 08:00:00+00:00,0.014493368530562045
7377,e43beee4-de88-43f8-9c31-c3f0d5dc1451,Kurstraße 13,2025-07-09 09:00:00+00:00,0.018847038013387017
7378,e43beee4-de88-43f8-9c31-c3f0d5dc1451,Kurstraße 13,2025-07-09 10:00:00+00:00,0.023129645483657774
7379,e43beee4-de88-43f8-9c31-c3f0d5dc1451,Kurstraße 13,2025-07-09 11:00:00+00:00,0.024135958339399122
7380,e43beee4-de88-43f8-9c31-c3f0d5dc1451,Kurstraße 13,2025-07-09 12:00:00+00:00,0.025274882578863775
7381,e43beee4-de88-43f8-9c31-c3f0d5dc1451,Kurstraße 13,2025-07-09 13:00:00+00:00,0.024921847702146026
7382,e43beee4-de88-43f8-9c31-c3f0d5dc1451,Kurstraße 13,2025-07-09 14:00:00+00:00,0.024050991711855388
7383,e43beee4-de88-43f8-9c31-c3f0d5dc1451,Kurstraße 13,2025-07-09 15:00:00+00:00,0.022021652380731654
7384,e43beee4-de88-43f8-9c31-c3f0d5dc1451,Kurstraße 13,2025-07-09 16:00:00+00:00,0.017983134014839842
7385,e43beee4-de88-43f8-9c31-c3f0d5dc1451,Kurstraße 13,2025-07-09 17:00:00+00:00,0.016076207805868152
7386,e43beee4-de88-43f8-9c31-c3f0d5dc1451,Kurstraße 13,2025-07-09 18:00:00+00:00,0.015197869453299217
7387,e43beee4-de88-43f8-9c31-c3f0d5dc1451,Kurstraße 13,2025-07-09 19:00:00+00:00,0.014390269080702322
7388,e43beee4-de88-43f8-9c31-c3f0d5dc1451,Kurstraße 13,2025-07-09 20:00:00+00:00,0.01387016885566998
7389,e43beee4-de88-43f8-9c31-c3f0d5dc1451,Kurstraße 13,2025-07-09 21:00:00+00:00,0.013968803483094979
7390,e43beee4-de88-43f8-9c31-c3f0d5dc1451,Kurstraße 13,2025-07-09 22:00:00+00:00,0.014509815087864779
7391,e43beee4-de88-43f8-9c31-c3f0d5dc1451,Kurstraße 13,2025-07-09 23:00:00+00:00,0.015684801692005264
7392,e43beee4-de88-43f8-9c31-c3f0d5dc1451,Kurstraße 13,2025-07-10 00:00:00+00:00,0.015094561010994993
7393,e43beee4-de88-43f8-9c31-c3f0d5dc1451,Kurstraße 13,2025-07-10 01:00:00+00:00,0.015396520876442148
7394,e43beee4-de88-43f8-9c31-c3f0d5dc1451,Kurstraße 13,2025-07-10 02:00:00+00:00,0.016853133672485802
7395,e43beee4-de88-43f8-9c31-c3f0d5dc1451,Kurstraße 13,2025-07-10 03:00:00+00:00,0.01836298568622403
7396,e43beee4-de88-43f8-9c31-c3f0d5dc1451,Kurstraße 13,2025-07-10 04:00:00+00:00,0.02307352428569841
7397,e43beee4-de88-43f8-9c31-c3f0d5dc1451,Kurstraße 13,2025-07-10 05:00:00+00:00,0.02768687113898406
7398,e43beee4-de88-43f8-9c31-c3f0d5dc1451,Kurstraße 13,2025-07-10 06:00:00+00:00,0.025347851678626365
7399,e43beee4-de88-43f8-9c31-c3f0d5dc1451,Kurstraße 13,2025-07-10 07:00:00+00:00,0.024462387228012313
7400,e43beee4-de88-43f8-9c31-c3f0d5dc1451,Kurstraße 13,2025-07-10 08:00:00+00:00,0.024781489164519648
7401,e43beee4-de88-43f8-9c31-c3f0d5dc1451,Kurstraße 13,2025-07-10 09:00:00+00:00,0.02692877059081292
7402,e43beee4-de88-43f8-9c31-c3f0d5dc1451,Kurstraße 13,2025-07-10 10:00:00+00:00,0.027837666183907435
7403,e43beee4-de88-43f8-9c31-c3f0d5dc1451,Kurstraße 13,2025-07-10 11:00:00+00:00,0.02725103839340925
7404,e43beee4-de88-43f8-9c31-c3f0d5dc1451,Kurstraße 13,2025-07-10 12:00:00+00:00,0.02693887473738873
7405,e43beee4-de88-43f8-9c31-c3f0d5dc1451,Kurstraße 13,2025-07-10 13:00:00+00:00,0.025085472800466285
7406,e43beee4-de88-43f8-9c31-c3f0d5dc1451,Kurstraße 13,2025-07-10 14:00:00+00:00,0.02534486748979775
7407,e43beee4-de88-43f8-9c31-c3f0d5dc1451,Kurstraße 13,2025-07-10 15:00:00+00:00,0.027990464101490496
7408,e43beee4-de88-43f8-9c31-c3f0d5dc1451,Kurstraße 13,2025-07-10 16:00:00+00:00,0.033634973848395
7409,e43beee4-de88-43f8-9c31-c3f0d5dc1451,Kurstraße 13,2025-07-10 17:00:00+00:00,0.0335162078322487
7410,e43beee4-de88-43f8-9c31-c3f0d5dc1451,Kurstraße 13,2025-07-10 18:00:00+00:00,0.030988931479998247
7411,e43beee4-de88-43f8-9c31-c3f0d5dc1451,Kurstraße 13,2025-07-10 19:00:00+00:00,0.031226162790184513
7412,e43beee4-de88-43f8-9c31-c3f0d5dc1451,Kurstraße 13,2025-07-10 20:00:00+00:00,0.031214834565091932
7413,e43beee4-de88-43f8-9c31-c3f0d5dc1451,Kurstraße 13,2025-07-10 21:00:00+00:00,0.031814375938221576
7414,e43beee4-de88-43f8-9c31-c3f0d5dc1451,Kurstraße 13,2025-07-10 22:00:00+00:00,0.03166287988650256
7415,e43beee4-de88-43f8-9c31-c3f0d5dc1451,Kurstraße 13,2025-07-10 23:00:00+00:00,0.03035049307044337
7416,e43beee4-de88-43f8-9c31-c3f0d5dc1451,Kurstraße 13,2025-07-11 00:00:00+00:00,0.030537353659138226
7417,e43beee4-de88-43f8-9c31-c3f0d5dc1451,Kurstraße 13,2025-07-11 01:00:00+00:00,0.03058961879893037
7418,e43beee4-de88-43f8-9c31-c3f0d5dc1451,Kurstraße 13,2025-07-11 02:00:00+00:00,0.028302712277564136
7419,e43beee4-de88-43f8-9c31-c3f0d5dc1451,Kurstraße 13,2025-07-11 03:00:00+00:00,0.026589018374704523
7420,e43beee4-de88-43f8-9c31-c3f0d5dc1451,Kurstraße 13,2025-07-11 04:00:00+00:00,0.023649828486315357
7421,e43beee4-de88-43f8-9c31-c3f0d5dc1451,Kurstraße 13,2025-07-11 05:00:00+00:00,0.01996908597386799
7422,e43beee4-de88-43f8-9c31-c3f0d5dc1451,Kurstraße 13,2025-07-11 06:00:00+00:00,0.01953878471139371
7423,e43beee4-de88-43f8-9c31-c3f0d5dc1451,Kurstraße 13,2025-07-11 07:00:00+00:00,0.020464408812233055
7424,e43beee4-de88-43f8-9c31-c3f0d5dc1451,Kurstraße 13,2025-07-11 08:00:00+00:00,0.027140520090751623
7425,e43beee4-de88-43f8-9c31-c3f0d5dc1451,Kurstraße 13,2025-07-11 09:00:00+00:00,0.029305356084289493
7426,e43beee4-de88-43f8-9c31-c3f0d5dc1451,Kurstraße 13,2025-07-11 10:00:00+00:00,0.031004494551620312
7427,e43beee4-de88-43f8-9c31-c3f0d5dc1451,Kurstraße 13,2025-07-11 11:00:00+00:00,0.03138630616151227
7428,e43beee4-de88-43f8-9c31-c3f0d5dc1451,Kurstraße 13,2025-07-11 12:00:00+00:00,0.03707205560157294
7429,e43beee4-de88-43f8-9c31-c3f0d5dc1451,Kurstraße 13,2025-07-11 13:00:00+00:00,0.050750018818846554
7430,e43beee4-de88-43f8-9c31-c3f0d5dc1451,Kurstraße 13,2025-07-11 14:00:00+00:00,0.07717814270558462
7431,e43beee4-de88-43f8-9c31-c3f0d5dc1451,Kurstraße 13,2025-07-11 15:00:00+00:00,0.07703158558431232
7432,e43beee4-de88-43f8-9c31-c3f0d5dc1451,Kurstraße 13,2025-07-11 16:00:00+00:00,0.0686058846947219
7433,e43beee4-de88-43f8-9c31-c3f0d5dc1451,Kurstraße 13,2025-07-11 17:00:00+00:00,0.06299674550415987
7434,e43beee4-de88-43f8-9c31-c3f0d5dc1451,Kurstraße 13,2025-07-11 18:00:00+00:00,0.06116597839397408
7435,e43beee4-de88-43f8-9c31-c3f0d5dc1451,Kurstraße 13,2025-07-11 19:00:00+00:00,0.055393937629961386
7436,e43beee4-de88-43f8-9c31-c3f0d5dc1451,Kurstraße 13,2025-07-11 20:00:00+00:00,0.05321960571756826
7437,e43beee4-de88-43f8-9c31-c3f0d5dc1451,Kurstraße 13,2025-07-11 21:00:00+00:00,0.05151225906683165
7438,e43beee4-de88-43f8-9c31-c3f0d5dc1451,Kurstraße 13,2025-07-11 22:00:00+00:00,0.052906367064668024
7439,e43beee4-de88-43f8-9c31-c3f0d5dc1451,Kurstraße 13,2025-07-11 23:00:00+00:00,0.053578070732357604
7440,e43beee4-de88-43f8-9c31-c3f0d5dc1451,Kurstraße 13,2025-07-12 00:00:00+00:00,0.05047619825333156
7441,e43beee4-de88-43f8-9c31-c3f0d5dc1451,Kurstraße 13,2025-07-12 01:00:00+00:00,0.05100431971926214
7442,e43beee4-de88-43f8-9c31-c3f0d5dc1451,Kurstraße 13,2025-07-12 02:00:00+00:00,0.06008014384767631
7443,e43beee4-de88-43f8-9c31-c3f0d5dc1451,Kurstraße 13,2025-07-12 03:00:00+00:00,0.062475001840877065
7444,e43beee4-de88-43f8-9c31-c3f0d5dc1451,Kurstraße 13,2025-07-12 04:00:00+00:00,0.06548836832175113
7445,e43beee4-de88-43f8-9c31-c3f0d5dc1451,Kurstraße 13,2025-07-12 05:00:00+00:00,0.0695638053960475
7446,e43beee4-de88-43f8-9c31-c3f0d5dc1451,Kurstraße 13,2025-07-12 06:00:00+00:00,0.07606164996689306
7447,e43beee4-de88-43f8-9c31-c3f0d5dc1451,Kurstraße 13,2025-07-12 07:00:00+00:00,0.07468849848088918
7448,e43beee4-de88-43f8-9c31-c3f0d5dc1451,Kurstraße 13,2025-07-12 08:00:00+00:00,0.07713453368751692
7449,e43beee4-de88-43f8-9c31-c3f0d5dc1451,Kurstraße 13,2025-07-12 09:00:00+00:00,0.06334699108120073
7450,e43beee4-de88-43f8-9c31-c3f0d5dc1451,Kurstraße 13,2025-07-12 10:00:00+00:00,0.06062970662401754
7451,e43beee4-de88-43f8-9c31-c3f0d5dc1451,Kurstraße 13,2025-07-12 11:00:00+00:00,0.05953016534176078
7452,e43beee4-de88-43f8-9c31-c3f0d5dc1451,Kurstraße 13,2025-07-12 12:00:00+00:00,0.059275553600934144
7453,e43beee4-de88-43f8-9c31-c3f0d5dc1451,Kurstraße 13,2025-07-12 13:00:00+00:00,0.05568290715449149
7454,e43beee4-de88-43f8-9c31-c3f0d5dc1451,Kurstraße 13,2025-07-12 14:00:00+00:00,0.04535730102080377
7455,e43beee4-de88-43f8-9c31-c3f0d5dc1451,Kurstraße 13,2025-07-12 15:00:00+00:00,0.03966632177312646
7456,e43beee4-de88-43f8-9c31-c3f0d5dc1451,Kurstraße 13,2025-07-12 16:00:00+00:00,0.03747733248156293
7457,e43beee4-de88-43f8-9c31-c3f0d5dc1451,Kurstraße 13,2025-07-12 17:00:00+00:00,0.03501442569087836
7458,e43beee4-de88-43f8-9c31-c3f0d5dc1451,Kurstraße 13,2025-07-12 18:00:00+00:00,0.03411862179715726
7459,e43beee4-de88-43f8-9c31-c3f0d5dc1451,Kurstraße 13,2025-07-12 19:00:00+00:00,0.034322835406639655
7460,e43beee4-de88-43f8-9c31-c3f0d5dc1451,Kurstraße 13,2025-07-12 20:00:00+00:00,0.03274975805282939
7461,e43beee4-de88-43f8-9c31-c3f0d5dc1451,Kurstraße 13,2025-07-12 21:00:00+00:00,0.031013234091033612
7462,e43beee4-de88-43f8-9c31-c3f0d5dc1451,Kurstraße 13,2025-07-12 22:00:00+00:00,0.03187439987902737
7463,e43beee4-de88-43f8-9c31-c3f0d5dc1451,Kurstraße 13,2025-07-12 23:00:00+00:00,0.03174183564336495
7464,e43beee4-de88-43f8-9c31-c3f0d5dc1451,Kurstraße 13,2025-07-13 00:00:00+00:00,0.033245614588471764
7465,e43beee4-de88-43f8-9c31-c3f0d5dc1451,Kurstraße 13,2025-07-13 01:00:00+00:00,0.0392298742283134
7466,e43beee4-de88-43f8-9c31-c3f0d5dc1451,Kurstraße 13,2025-07-13 02:00:00+00:00,0.0341596597805935
7467,e43beee4-de88-43f8-9c31-c3f0d5dc1451,Kurstraße 13,2025-07-13 03:00:00+00:00,0.034717496245412635
7468,e43beee4-de88-43f8-9c31-c3f0d5dc1451,Kurstraße 13,2025-07-13 04:00:00+00:00,0.035858127443831524
7469,e43beee4-de88-43f8-9c31-c3f0d5dc1451,Kurstraße 13,2025-07-13 05:00:00+00:00,0.036209830213679114
7470,e43beee4-de88-43f8-9c31-c3f0d5dc1451,Kurstraße 13,2025-07-13 06:00:00+00:00,0.03608905253581787
7471,e43beee4-de88-43f8-9c31-c3f0d5dc1451,Kurstraße 13,2025-07-13 07:00:00+00:00,0.029295764241071925
7472,e43beee4-de88-43f8-9c31-c3f0d5dc1451,Kurstraße 13,2025-07-13 08:00:00+00:00,0.020011540104175305
7473,e43beee4-de88-43f8-9c31-c3f0d5dc1451,Kurstraße 13,2025-07-13 09:00:00+00:00,0.019675052574080937
7474,e43beee4-de88-43f8-9c31-c3f0d5dc1451,Kurstraße 13,2025-07-13 10:00:00+00:00,0.019968119146753012
7475,e43beee4-de88-43f8-9c31-c3f0d5dc1451,Kurstraße 13,2025-07-13 11:00:00+00:00,0.019450304500445624
7476,e43beee4-de88-43f8-9c31-c3f0d5dc1451,Kurstraße 13,2025-07-13 12:00:00+00:00,0.021363964839406203
7477,e43beee4-de88-43f8-9c31-c3f0d5dc1451,Kurstraße 13,2025-07-13 13:00:00+00:00,0.02053588159064057
7478,e43beee4-de88-43f8-9c31-c3f0d5dc1451,Kurstraße 13,2025-07-13 14:00:00+00:00,0.025672979909412117
7479,e43beee4-de88-43f8-9c31-c3f0d5dc1451,Kurstraße 13,2025-07-13 15:00:00+00:00,0.025221206467809253
7480,e43beee4-de88-43f8-9c31-c3f0d5dc1451,Kurstraße 13,2025-07-13 16:00:00+00:00,0.021693797612959136
7481,e43beee4-de88-43f8-9c31-c3f0d5dc1451,Kurstraße 13,2025-07-13 17:00:00+00:00,0.022461934981795377
7482,e43beee4-de88-43f8-9c31-c3f0d5dc1451,Kurstraße 13,2025-07-13 18:00:00+00:00,0.0220049655249485
7483,e43beee4-de88-43f8-9c31-c3f0d5dc1451,Kurstraße 13,2025-07-13 19:00:00+00:00,0.02164535662281167
7484,e43beee4-de88-43f8-9c31-c3f0d5dc1451,Kurstraße 13,2025-07-13 20:00:00+00:00,0.02130662784492805
7485,e43beee4-de88-43f8-9c31-c3f0d5dc1451,Kurstraße 13,2025-07-13 21:00:00+00:00,0.020580013650950465
7486,e43beee4-de88-43f8-9c31-c3f0d5dc1451,Kurstraße 13,2025-07-13 22:00:00+00:00,0.019212698115726613
7487,e43beee4-de88-43f8-9c31-c3f0d5dc1451,Kurstraße 13,2025-07-13 23:00:00+00:00,0.01869426763174238
7488,ee12f4cf-9fbe-4c2a-b3fb-7783a3d78355,Kurstraße 7,2025-07-01 00:00:00+00:00,0.027481733487839166
7489,ee12f4cf-9fbe-4c2a-b3fb-7783a3d78355,Kurstraße 7,2025-07-01 01:00:00+00:00,0.027093156256068594
7490,ee12f4cf-9fbe-4c2a-b3fb-7783a3d78355,Kurstraße 7,2025-07-01 02:00:00+00:00,0.03214099687220571
7491,ee12f4cf-9fbe-4c2a-b3fb-7783a3d78355,Kurstraße 7,2025-07-01 03:00:00+00:00,0.03364553302528831
7492,ee12f4cf-9fbe-4c2a-b3fb-7783a3d78355,Kurstraße 7,2025-07-01 04:00:00+00:00,0.03217823973133735
7493,ee12f4cf-9fbe-4c2a-b3fb-7783a3d78355,Kurstraße 7,2025-07-01 05:00:00+00:00,0.03273104763450953
7494,ee12f4cf-9fbe-4c2a-b3fb-7783a3d78355,Kurstraße 7,2025-07-01 06:00:00+00:00,0.02956666836599276
7495,ee12f4cf-9fbe-4c2a-b3fb-7783a3d78355,Kurstraße 7,2025-07-01 07:00:00+00:00,0.02534560428481259
7496,ee12f4cf-9fbe-4c2a-b3fb-7783a3d78355,Kurstraße 7,2025-07-01 08:00:00+00:00,0.02438961945966762
7497,ee12f4cf-9fbe-4c2a-b3fb-7783a3d78355,Kurstraße 7,2025-07-01 09:00:00+00:00,0.022657556578784616
7498,ee12f4cf-9fbe-4c2a-b3fb-7783a3d78355,Kurstraße 7,2025-07-01 10:00:00+00:00,0.027118563870796
7499,ee12f4cf-9fbe-4c2a-b3fb-7783a3d78355,Kurstraße 7,2025-07-01 11:00:00+00:00,0.03598126953014637
7500,ee12f4cf-9fbe-4c2a-b3fb-7783a3d78355,Kurstraße 7,2025-07-01 12:00:00+00:00,0.06159190687528757
7501,ee12f4cf-9fbe-4c2a-b3fb-7783a3d78355,Kurstraße 7,2025-07-01 13:00:00+00:00,0.0775946407044419
7502,ee12f4cf-9fbe-4c2a-b3fb-7783a3d78355,Kurstraße 7,2025-07-01 14:00:00+00:00,0.07194589766371218
7503,ee12f4cf-9fbe-4c2a-b3fb-7783a3d78355,Kurstraße 7,2025-07-01 15:00:00+00:00,0.062418931010350585
7504,ee12f4cf-9fbe-4c2a-b3fb-7783a3d78355,Kurstraße 7,2025-07-01 16:00:00+00:00,0.05308988203841047
7505,ee12f4cf-9fbe-4c2a-b3fb-7783a3d78355,Kurstraße 7,2025-07-01 17:00:00+00:00,0.042265395726393644
7506,ee12f4cf-9fbe-4c2a-b3fb-7783a3d78355,Kurstraße 7,2025-07-01 18:00:00+00:00,0.042136649144387334
7507,ee12f4cf-9fbe-4c2a-b3fb-7783a3d78355,Kurstraße 7,2025-07-01 19:00:00+00:00,0.03913986721167236
7508,ee12f4cf-9fbe-4c2a-b3fb-7783a3d78355,Kurstraße 7,2025-07-01 20:00:00+00:00,0.030553127601467275
7509,ee12f4cf-9fbe-4c2a-b3fb-7783a3d78355,Kurstraße 7,2025-07-01 21:00:00+00:00,0.029451880247064067
7510,ee12f4cf-9fbe-4c2a-b3fb-7783a3d78355,Kurstraße 7,2025-07-01 22:00:00+00:00,0.030319179345051163
7511,ee12f4cf-9fbe-4c2a-b3fb-7783a3d78355,Kurstraße 7,2025-07-01 23:00:00+00:00,0.030844912469007817
7512,ee12f4cf-9fbe-4c2a-b3fb-7783a3d78355,Kurstraße 7,2025-07-02 00:00:00+00:00,0.028879975617443036
7513,ee12f4cf-9fbe-4c2a-b3fb-7783a3d78355,Kurstraße 7,2025-07-02 01:00:00+00:00,0.02884319952736841
7514,ee12f4cf-9fbe-4c2a-b3fb-7783a3d78355,Kurstraße 7,2025-07-02 02:00:00+00:00,0.03455051263624163
7515,ee12f4cf-9fbe-4c2a-b3fb-7783a3d78355,Kurstraße 7,2025-07-02 03:00:00+00:00,0.03601766632712248
7516,ee12f4cf-9fbe-4c2a-b3fb-7783a3d78355,Kurstraße 7,2025-07-02 04:00:00+00:00,0.03637443572396815
7517,ee12f4cf-9fbe-4c2a-b3fb-7783a3d78355,Kurstraße 7,2025-07-02 05:00:00+00:00,0.0415040141190923
7518,ee12f4cf-9fbe-4c2a-b3fb-7783a3d78355,Kurstraße 7,2025-07-02 06:00:00+00:00,0.03911188767925973
7519,ee12f4cf-9fbe-4c2a-b3fb-7783a3d78355,Kurstraße 7,2025-07-02 07:00:00+00:00,0.030139185426612685
7520,ee12f4cf-9fbe-4c2a-b3fb-7783a3d78355,Kurstraße 7,2025-07-02 08:00:00+00:00,0.03792202647643735
7521,ee12f4cf-9fbe-4c2a-b3fb-7783a3d78355,Kurstraße 7,2025-07-02 09:00:00+00:00,0.03879457772639571
7522,ee12f4cf-9fbe-4c2a-b3fb-7783a3d78355,Kurstraße 7,2025-07-02 10:00:00+00:00,0.03697277770717032
7523,ee12f4cf-9fbe-4c2a-b3fb-7783a3d78355,Kurstraße 7,2025-07-02 11:00:00+00:00,0.04502499039129234
7524,ee12f4cf-9fbe-4c2a-b3fb-7783a3d78355,Kurstraße 7,2025-07-02 12:00:00+00:00,0.054790266970139286
7525,ee12f4cf-9fbe-4c2a-b3fb-7783a3d78355,Kurstraße 7,2025-07-02 13:00:00+00:00,0.06255327997038396
7526,ee12f4cf-9fbe-4c2a-b3fb-7783a3d78355,Kurstraße 7,2025-07-02 14:00:00+00:00,0.06656039035210695
7527,ee12f4cf-9fbe-4c2a-b3fb-7783a3d78355,Kurstraße 7,2025-07-02 15:00:00+00:00,0.058368541560116546
7528,ee12f4cf-9fbe-4c2a-b3fb-7783a3d78355,Kurstraße 7,2025-07-02 16:00:00+00:00,0.0487485507267317
7529,ee12f4cf-9fbe-4c2a-b3fb-7783a3d78355,Kurstraße 7,2025-07-02 17:00:00+00:00,0.04425118826010475
7530,ee12f4cf-9fbe-4c2a-b3fb-7783a3d78355,Kurstraße 7,2025-07-02 18:00:00+00:00,0.037408064452209566
7531,ee12f4cf-9fbe-4c2a-b3fb-7783a3d78355,Kurstraße 7,2025-07-02 19:00:00+00:00,0.03281971641786319
7532,ee12f4cf-9fbe-4c2a-b3fb-7783a3d78355,Kurstraße 7,2025-07-02 20:00:00+00:00,0.028765270593345552
7533,ee12f4cf-9fbe-4c2a-b3fb-7783a3d78355,Kurstraße 7,2025-07-02 21:00:00+00:00,0.02932944303091856
7534,ee12f4cf-9fbe-4c2a-b3fb-7783a3d78355,Kurstraße 7,2025-07-02 22:00:00+00:00,0.030465431836369013
7535,ee12f4cf-9fbe-4c2a-b3fb-7783a3d78355,Kurstraße 7,2025-07-02 23:00:00+00:00,0.029739141212930944
7536,ee12f4cf-9fbe-4c2a-b3fb-7783a3d78355,Kurstraße 7,2025-07-03 00:00:00+00:00,0.025115251213484627
7537,ee12f4cf-9fbe-4c2a-b3fb-7783a3d78355,Kurstraße 7,2025-07-03 01:00:00+00:00,0.025498659253525624
7538,ee12f4cf-9fbe-4c2a-b3fb-7783a3d78355,Kurstraße 7,2025-07-03 02:00:00+00:00,0.026459112872685386
7539,ee12f4cf-9fbe-4c2a-b3fb-7783a3d78355,Kurstraße 7,2025-07-03 03:00:00+00:00,0.02781773273144809
7540,ee12f4cf-9fbe-4c2a-b3fb-7783a3d78355,Kurstraße 7,2025-07-03 04:00:00+00:00,0.03338288941893334
7541,ee12f4cf-9fbe-4c2a-b3fb-7783a3d78355,Kurstraße 7,2025-07-03 05:00:00+00:00,0.040199362697355384
7542,ee12f4cf-9fbe-4c2a-b3fb-7783a3d78355,Kurstraße 7,2025-07-03 06:00:00+00:00,0.04172537598148541
7543,ee12f4cf-9fbe-4c2a-b3fb-7783a3d78355,Kurstraße 7,2025-07-03 07:00:00+00:00,0.033087191765172504
7544,ee12f4cf-9fbe-4c2a-b3fb-7783a3d78355,Kurstraße 7,2025-07-03 08:00:00+00:00,0.03520890855742562
7545,ee12f4cf-9fbe-4c2a-b3fb-7783a3d78355,Kurstraße 7,2025-07-03 09:00:00+00:00,0.02906449605167914
7546,ee12f4cf-9fbe-4c2a-b3fb-7783a3d78355,Kurstraße 7,2025-07-03 10:00:00+00:00,0.03807722437000384
7547,ee12f4cf-9fbe-4c2a-b3fb-7783a3d78355,Kurstraße 7,2025-07-03 11:00:00+00:00,0.037728298901728276
7548,ee12f4cf-9fbe-4c2a-b3fb-7783a3d78355,Kurstraße 7,2025-07-03 12:00:00+00:00,0.03804854108022537
7549,ee12f4cf-9fbe-4c2a-b3fb-7783a3d78355,Kurstraße 7,2025-07-03 13:00:00+00:00,0.0470700836532185
7550,ee12f4cf-9fbe-4c2a-b3fb-7783a3d78355,Kurstraße 7,2025-07-03 14:00:00+00:00,0.053305183856988826
7551,ee12f4cf-9fbe-4c2a-b3fb-7783a3d78355,Kurstraße 7,2025-07-03 15:00:00+00:00,0.0599287450532857
7552,ee12f4cf-9fbe-4c2a-b3fb-7783a3d78355,Kurstraße 7,2025-07-03 16:00:00+00:00,0.07435921423258912
7553,ee12f4cf-9fbe-4c2a-b3fb-7783a3d78355,Kurstraße 7,2025-07-03 17:00:00+00:00,0.0674556345331089
7554,ee12f4cf-9fbe-4c2a-b3fb-7783a3d78355,Kurstraße 7,2025-07-03 18:00:00+00:00,0.0653334536175221
7555,ee12f4cf-9fbe-4c2a-b3fb-7783a3d78355,Kurstraße 7,2025-07-03 19:00:00+00:00,0.0649823650591579
7556,ee12f4cf-9fbe-4c2a-b3fb-7783a3d78355,Kurstraße 7,2025-07-03 20:00:00+00:00,0.0636189200150357
7557,ee12f4cf-9fbe-4c2a-b3fb-7783a3d78355,Kurstraße 7,2025-07-03 21:00:00+00:00,0.06364500478052598
7558,ee12f4cf-9fbe-4c2a-b3fb-7783a3d78355,Kurstraße 7,2025-07-03 22:00:00+00:00,0.06631111299773182
7559,ee12f4cf-9fbe-4c2a-b3fb-7783a3d78355,Kurstraße 7,2025-07-03 23:00:00+00:00,0.06672594372736523
7560,ee12f4cf-9fbe-4c2a-b3fb-7783a3d78355,Kurstraße 7,2025-07-04 00:00:00+00:00,0.06459565733065174
7561,ee12f4cf-9fbe-4c2a-b3fb-7783a3d78355,Kurstraße 7,2025-07-04 01:00:00+00:00,0.06471379336875896
7562,ee12f4cf-9fbe-4c2a-b3fb-7783a3d78355,Kurstraße 7,2025-07-04 02:00:00+00:00,0.06325836494445451
7563,ee12f4cf-9fbe-4c2a-b3fb-7783a3d78355,Kurstraße 7,2025-07-04 03:00:00+00:00,0.05313405070017385
7564,ee12f4cf-9fbe-4c2a-b3fb-7783a3d78355,Kurstraße 7,2025-07-04 04:00:00+00:00,0.04452764809607682
7565,ee12f4cf-9fbe-4c2a-b3fb-7783a3d78355,Kurstraße 7,2025-07-04 05:00:00+00:00,0.042546981590028655
7566,ee12f4cf-9fbe-4c2a-b3fb-7783a3d78355,Kurstraße 7,2025-07-04 06:00:00+00:00,0.0408972621625999
7567,ee12f4cf-9fbe-4c2a-b3fb-7783a3d78355,Kurstraße 7,2025-07-04 07:00:00+00:00,0.039746697464607066
7568,ee12f4cf-9fbe-4c2a-b3fb-7783a3d78355,Kurstraße 7,2025-07-04 08:00:00+00:00,0.05337397493537123
7569,ee12f4cf-9fbe-4c2a-b3fb-7783a3d78355,Kurstraße 7,2025-07-04 09:00:00+00:00,0.06326170318630385
7570,ee12f4cf-9fbe-4c2a-b3fb-7783a3d78355,Kurstraße 7,2025-07-04 10:00:00+00:00,0.07164471364038007
7571,ee12f4cf-9fbe-4c2a-b3fb-7783a3d78355,Kurstraße 7,2025-07-04 11:00:00+00:00,0.061006631541095625
7572,ee12f4cf-9fbe-4c2a-b3fb-7783a3d78355,Kurstraße 7,2025-07-04 12:00:00+00:00,0.04681915604390603
7573,ee12f4cf-9fbe-4c2a-b3fb-7783a3d78355,Kurstraße 7,2025-07-04 13:00:00+00:00,0.10188015495629926
7574,ee12f4cf-9fbe-4c2a-b3fb-7783a3d78355,Kurstraße 7,2025-07-04 14:00:00+00:00,0.19292071087074714
7575,ee12f4cf-9fbe-4c2a-b3fb-7783a3d78355,Kurstraße 7,2025-07-04 15:00:00+00:00,0.1960835991474341
7576,ee12f4cf-9fbe-4c2a-b3fb-7783a3d78355,Kurstraße 7,2025-07-04 16:00:00+00:00,0.20501380424160257
7577,ee12f4cf-9fbe-4c2a-b3fb-7783a3d78355,Kurstraße 7,2025-07-04 17:00:00+00:00,0.19257753800240723
7578,ee12f4cf-9fbe-4c2a-b3fb-7783a3d78355,Kurstraße 7,2025-07-04 18:00:00+00:00,0.17688533885693192
7579,ee12f4cf-9fbe-4c2a-b3fb-7783a3d78355,Kurstraße 7,2025-07-04 19:00:00+00:00,0.16958822340844046
7580,ee12f4cf-9fbe-4c2a-b3fb-7783a3d78355,Kurstraße 7,2025-07-04 20:00:00+00:00,0.1522382698050134
7581,ee12f4cf-9fbe-4c2a-b3fb-7783a3d78355,Kurstraße 7,2025-07-04 21:00:00+00:00,0.13576967528169834
7582,ee12f4cf-9fbe-4c2a-b3fb-7783a3d78355,Kurstraße 7,2025-07-04 22:00:00+00:00,0.13063737085787216
7583,ee12f4cf-9fbe-4c2a-b3fb-7783a3d78355,Kurstraße 7,2025-07-04 23:00:00+00:00,0.13111590957498998
7584,ee12f4cf-9fbe-4c2a-b3fb-7783a3d78355,Kurstraße 7,2025-07-05 00:00:00+00:00,0.13210943935172906
7585,ee12f4cf-9fbe-4c2a-b3fb-7783a3d78355,Kurstraße 7,2025-07-05 01:00:00+00:00,0.13018110449385015
7586,ee12f4cf-9fbe-4c2a-b3fb-7783a3d78355,Kurstraße 7,2025-07-05 02:00:00+00:00,0.14537322510239356
7587,ee12f4cf-9fbe-4c2a-b3fb-7783a3d78355,Kurstraße 7,2025-07-05 03:00:00+00:00,0.16248923758126818
7588,ee12f4cf-9fbe-4c2a-b3fb-7783a3d78355,Kurstraße 7,2025-07-05 04:00:00+00:00,0.16906760228595202
7589,ee12f4cf-9fbe-4c2a-b3fb-7783a3d78355,Kurstraße 7,2025-07-05 05:00:00+00:00,0.18045924620806178
7590,ee12f4cf-9fbe-4c2a-b3fb-7783a3d78355,Kurstraße 7,2025-07-05 06:00:00+00:00,0.19182717342895783
7591,ee12f4cf-9fbe-4c2a-b3fb-7783a3d78355,Kurstraße 7,2025-07-05 07:00:00+00:00,0.18634166223940685
7592,ee12f4cf-9fbe-4c2a-b3fb-7783a3d78355,Kurstraße 7,2025-07-05 08:00:00+00:00,0.21700012589306572
7593,ee12f4cf-9fbe-4c2a-b3fb-7783a3d78355,Kurstraße 7,2025-07-05 09:00:00+00:00,0.21837507537682857
7594,ee12f4cf-9fbe-4c2a-b3fb-7783a3d78355,Kurstraße 7,2025-07-05 10:00:00+00:00,0.23639933063613502
7595,ee12f4cf-9fbe-4c2a-b3fb-7783a3d78355,Kurstraße 7,2025-07-05 11:00:00+00:00,0.206592468590714
7596,ee12f4cf-9fbe-4c2a-b3fb-7783a3d78355,Kurstraße 7,2025-07-05 12:00:00+00:00,0.19777168056191013
7597,ee12f4cf-9fbe-4c2a-b3fb-7783a3d78355,Kurstraße 7,2025-07-05 13:00:00+00:00,0.22564051693879952
7598,ee12f4cf-9fbe-4c2a-b3fb-7783a3d78355,Kurstraße 7,2025-07-05 14:00:00+00:00,0.1592806220250975
7599,ee12f4cf-9fbe-4c2a-b3fb-7783a3d78355,Kurstraße 7,2025-07-05 15:00:00+00:00,0.17854629169843717
7600,ee12f4cf-9fbe-4c2a-b3fb-7783a3d78355,Kurstraße 7,2025-07-05 16:00:00+00:00,0.19513093862022193
7601,ee12f4cf-9fbe-4c2a-b3fb-7783a3d78355,Kurstraße 7,2025-07-05 17:00:00+00:00,0.19670119266144911
7602,ee12f4cf-9fbe-4c2a-b3fb-7783a3d78355,Kurstraße 7,2025-07-05 18:00:00+00:00,0.1690144920530223
7603,ee12f4cf-9fbe-4c2a-b3fb-7783a3d78355,Kurstraße 7,2025-07-05 19:00:00+00:00,0.15056055755921108
7604,ee12f4cf-9fbe-4c2a-b3fb-7783a3d78355,Kurstraße 7,2025-07-05 20:00:00+00:00,0.14924539065845677
7605,ee12f4cf-9fbe-4c2a-b3fb-7783a3d78355,Kurstraße 7,2025-07-05 21:00:00+00:00,0.14665105180030907
7606,ee12f4cf-9fbe-4c2a-b3fb-7783a3d78355,Kurstraße 7,2025-07-05 22:00:00+00:00,0.13866030475953423
7607,ee12f4cf-9fbe-4c2a-b3fb-7783a3d78355,Kurstraße 7,2025-07-05 23:00:00+00:00,0.1511039910053966
7608,ee12f4cf-9fbe-4c2a-b3fb-7783a3d78355,Kurstraße 7,2025-07-06 00:00:00+00:00,0.16343501608872799
7609,ee12f4cf-9fbe-4c2a-b3fb-7783a3d78355,Kurstraße 7,2025-07-06 01:00:00+00:00,0.172083756601892
7610,ee12f4cf-9fbe-4c2a-b3fb-7783a3d78355,Kurstraße 7,2025-07-06 02:00:00+00:00,0.20117915521955423
7611,ee12f4cf-9fbe-4c2a-b3fb-7783a3d78355,Kurstraße 7,2025-07-06 03:00:00+00:00,0.21045418775020702
7612,ee12f4cf-9fbe-4c2a-b3fb-7783a3d78355,Kurstraße 7,2025-07-06 04:00:00+00:00,0.18093645327207783
7613,ee12f4cf-9fbe-4c2a-b3fb-7783a3d78355,Kurstraße 7,2025-07-06 05:00:00+00:00,0.1862939327257501
7614,ee12f4cf-9fbe-4c2a-b3fb-7783a3d78355,Kurstraße 7,2025-07-06 06:00:00+00:00,0.1566529921647756
7615,ee12f4cf-9fbe-4c2a-b3fb-7783a3d78355,Kurstraße 7,2025-07-06 07:00:00+00:00,0.135008842390988
7616,ee12f4cf-9fbe-4c2a-b3fb-7783a3d78355,Kurstraße 7,2025-07-06 08:00:00+00:00,0.10515049479336923
7617,ee12f4cf-9fbe-4c2a-b3fb-7783a3d78355,Kurstraße 7,2025-07-06 09:00:00+00:00,0.08419684693139168
7618,ee12f4cf-9fbe-4c2a-b3fb-7783a3d78355,Kurstraße 7,2025-07-06 10:00:00+00:00,0.07510141357349864
7619,ee12f4cf-9fbe-4c2a-b3fb-7783a3d78355,Kurstraße 7,2025-07-06 11:00:00+00:00,0.07171052079879352
7620,ee12f4cf-9fbe-4c2a-b3fb-7783a3d78355,Kurstraße 7,2025-07-06 12:00:00+00:00,0.056955784228471834
7621,ee12f4cf-9fbe-4c2a-b3fb-7783a3d78355,Kurstraße 7,2025-07-06 13:00:00+00:00,0.05854689858508975
7622,ee12f4cf-9fbe-4c2a-b3fb-7783a3d78355,Kurstraße 7,2025-07-06 14:00:00+00:00,0.08316125424886311
7623,ee12f4cf-9fbe-4c2a-b3fb-7783a3d78355,Kurstraße 7,2025-07-06 15:00:00+00:00,0.09814213015082375
7624,ee12f4cf-9fbe-4c2a-b3fb-7783a3d78355,Kurstraße 7,2025-07-06 16:00:00+00:00,0.10781302494012793
7625,ee12f4cf-9fbe-4c2a-b3fb-7783a3d78355,Kurstraße 7,2025-07-06 17:00:00+00:00,0.10496304944918358
7626,ee12f4cf-9fbe-4c2a-b3fb-7783a3d78355,Kurstraße 7,2025-07-06 18:00:00+00:00,0.09505975031257717
7627,ee12f4cf-9fbe-4c2a-b3fb-7783a3d78355,Kurstraße 7,2025-07-06 19:00:00+00:00,0.08886039123321149
7628,ee12f4cf-9fbe-4c2a-b3fb-7783a3d78355,Kurstraße 7,2025-07-06 20:00:00+00:00,0.08335250105318019
7629,ee12f4cf-9fbe-4c2a-b3fb-7783a3d78355,Kurstraße 7,2025-07-06 21:00:00+00:00,0.08242723188439659
7630,ee12f4cf-9fbe-4c2a-b3fb-7783a3d78355,Kurstraße 7,2025-07-06 22:00:00+00:00,0.0805795509173265
7631,ee12f4cf-9fbe-4c2a-b3fb-7783a3d78355,Kurstraße 7,2025-07-06 23:00:00+00:00,0.07705603941542805
7632,ee12f4cf-9fbe-4c2a-b3fb-7783a3d78355,Kurstraße 7,2025-07-07 00:00:00+00:00,0.07947472040112444
7633,ee12f4cf-9fbe-4c2a-b3fb-7783a3d78355,Kurstraße 7,2025-07-07 01:00:00+00:00,0.09316888616586008
7634,ee12f4cf-9fbe-4c2a-b3fb-7783a3d78355,Kurstraße 7,2025-07-07 02:00:00+00:00,0.09115123469219112
7635,ee12f4cf-9fbe-4c2a-b3fb-7783a3d78355,Kurstraße 7,2025-07-07 03:00:00+00:00,0.11434715027911366
7636,ee12f4cf-9fbe-4c2a-b3fb-7783a3d78355,Kurstraße 7,2025-07-07 04:00:00+00:00,0.128075464596494
7637,ee12f4cf-9fbe-4c2a-b3fb-7783a3d78355,Kurstraße 7,2025-07-07 05:00:00+00:00,0.13219267904820567
7638,ee12f4cf-9fbe-4c2a-b3fb-7783a3d78355,Kurstraße 7,2025-07-07 06:00:00+00:00,0.11512292672884271
7639,ee12f4cf-9fbe-4c2a-b3fb-7783a3d78355,Kurstraße 7,2025-07-07 07:00:00+00:00,0.09730357768222016
7640,ee12f4cf-9fbe-4c2a-b3fb-7783a3d78355,Kurstraße 7,2025-07-07 08:00:00+00:00,0.08865098243947724
7641,ee12f4cf-9fbe-4c2a-b3fb-7783a3d78355,Kurstraße 7,2025-07-07 09:00:00+00:00,0.09298950507389864
7642,ee12f4cf-9fbe-4c2a-b3fb-7783a3d78355,Kurstraße 7,2025-07-07 10:00:00+00:00,0.10915956875122265
7643,ee12f4cf-9fbe-4c2a-b3fb-7783a3d78355,Kurstraße 7,2025-07-07 11:00:00+00:00,0.1032387409183564
7644,ee12f4cf-9fbe-4c2a-b3fb-7783a3d78355,Kurstraße 7,2025-07-07 12:00:00+00:00,0.08937266234700286
7645,ee12f4cf-9fbe-4c2a-b3fb-7783a3d78355,Kurstraße 7,2025-07-07 13:00:00+00:00,0.04564459253472832
7646,ee12f4cf-9fbe-4c2a-b3fb-7783a3d78355,Kurstraße 7,2025-07-07 14:00:00+00:00,0.04705400186094314
7647,ee12f4cf-9fbe-4c2a-b3fb-7783a3d78355,Kurstraße 7,2025-07-07 15:00:00+00:00,0.05345392806207652
7648,ee12f4cf-9fbe-4c2a-b3fb-7783a3d78355,Kurstraße 7,2025-07-07 16:00:00+00:00,0.04727214893990098
7649,ee12f4cf-9fbe-4c2a-b3fb-7783a3d78355,Kurstraße 7,2025-07-07 17:00:00+00:00,0.040992582576910984
7650,ee12f4cf-9fbe-4c2a-b3fb-7783a3d78355,Kurstraße 7,2025-07-07 18:00:00+00:00,0.037157280302979045
7651,ee12f4cf-9fbe-4c2a-b3fb-7783a3d78355,Kurstraße 7,2025-07-07 19:00:00+00:00,0.03451214319008985
7652,ee12f4cf-9fbe-4c2a-b3fb-7783a3d78355,Kurstraße 7,2025-07-07 20:00:00+00:00,0.03186604423152826
7653,ee12f4cf-9fbe-4c2a-b3fb-7783a3d78355,Kurstraße 7,2025-07-07 21:00:00+00:00,0.033797665390786664
7654,ee12f4cf-9fbe-4c2a-b3fb-7783a3d78355,Kurstraße 7,2025-07-07 22:00:00+00:00,0.03655306781540404
7655,ee12f4cf-9fbe-4c2a-b3fb-7783a3d78355,Kurstraße 7,2025-07-07 23:00:00+00:00,0.03832600866337913
7656,ee12f4cf-9fbe-4c2a-b3fb-7783a3d78355,Kurstraße 7,2025-07-08 00:00:00+00:00,0.03346581057649226
7657,ee12f4cf-9fbe-4c2a-b3fb-7783a3d78355,Kurstraße 7,2025-07-08 01:00:00+00:00,0.024909194997365346
7658,ee12f4cf-9fbe-4c2a-b3fb-7783a3d78355,Kurstraße 7,2025-07-08 02:00:00+00:00,0.027809052527372573
7659,ee12f4cf-9fbe-4c2a-b3fb-7783a3d78355,Kurstraße 7,2025-07-08 03:00:00+00:00,0.028211654134293766
7660,ee12f4cf-9fbe-4c2a-b3fb-7783a3d78355,Kurstraße 7,2025-07-08 04:00:00+00:00,0.02398035903216151
7661,ee12f4cf-9fbe-4c2a-b3fb-7783a3d78355,Kurstraße 7,2025-07-08 05:00:00+00:00,0.022738051353308995
7662,ee12f4cf-9fbe-4c2a-b3fb-7783a3d78355,Kurstraße 7,2025-07-08 06:00:00+00:00,0.02474135331850625
7663,ee12f4cf-9fbe-4c2a-b3fb-7783a3d78355,Kurstraße 7,2025-07-08 07:00:00+00:00,0.02930443387652745
7664,ee12f4cf-9fbe-4c2a-b3fb-7783a3d78355,Kurstraße 7,2025-07-08 08:00:00+00:00,0.025850420663628366
7665,ee12f4cf-9fbe-4c2a-b3fb-7783a3d78355,Kurstraße 7,2025-07-08 09:00:00+00:00,0.024402759972261854
7666,ee12f4cf-9fbe-4c2a-b3fb-7783a3d78355,Kurstraße 7,2025-07-08 10:00:00+00:00,0.022128654848108394
7667,ee12f4cf-9fbe-4c2a-b3fb-7783a3d78355,Kurstraße 7,2025-07-08 11:00:00+00:00,0.03272055278992629
7668,ee12f4cf-9fbe-4c2a-b3fb-7783a3d78355,Kurstraße 7,2025-07-08 12:00:00+00:00,0.05283161478343636
7669,ee12f4cf-9fbe-4c2a-b3fb-7783a3d78355,Kurstraße 7,2025-07-08 13:00:00+00:00,0.06523180755164065
7670,ee12f4cf-9fbe-4c2a-b3fb-7783a3d78355,Kurstraße 7,2025-07-08 14:00:00+00:00,0.06271206527606607
7671,ee12f4cf-9fbe-4c2a-b3fb-7783a3d78355,Kurstraße 7,2025-07-08 15:00:00+00:00,0.05979627298787518
7672,ee12f4cf-9fbe-4c2a-b3fb-7783a3d78355,Kurstraße 7,2025-07-08 16:00:00+00:00,0.0540496468093514
7673,ee12f4cf-9fbe-4c2a-b3fb-7783a3d78355,Kurstraße 7,2025-07-08 17:00:00+00:00,0.048669899125185045
7674,ee12f4cf-9fbe-4c2a-b3fb-7783a3d78355,Kurstraße 7,2025-07-08 18:00:00+00:00,0.05456223026730092
7675,ee12f4cf-9fbe-4c2a-b3fb-7783a3d78355,Kurstraße 7,2025-07-08 19:00:00+00:00,0.05438425202576268
7676,ee12f4cf-9fbe-4c2a-b3fb-7783a3d78355,Kurstraße 7,2025-07-08 20:00:00+00:00,0.051971711439174714
7677,ee12f4cf-9fbe-4c2a-b3fb-7783a3d78355,Kurstraße 7,2025-07-08 21:00:00+00:00,0.053508599958760734
7678,ee12f4cf-9fbe-4c2a-b3fb-7783a3d78355,Kurstraße 7,2025-07-08 22:00:00+00:00,0.05570201505181041
7679,ee12f4cf-9fbe-4c2a-b3fb-7783a3d78355,Kurstraße 7,2025-07-08 23:00:00+00:00,0.05792051052382739
7680,ee12f4cf-9fbe-4c2a-b3fb-7783a3d78355,Kurstraße 7,2025-07-09 00:00:00+00:00,0.05646817035951412
7681,ee12f4cf-9fbe-4c2a-b3fb-7783a3d78355,Kurstraße 7,2025-07-09 01:00:00+00:00,0.06037934436638821
7682,ee12f4cf-9fbe-4c2a-b3fb-7783a3d78355,Kurstraße 7,2025-07-09 02:00:00+00:00,0.06491566285525445
7683,ee12f4cf-9fbe-4c2a-b3fb-7783a3d78355,Kurstraße 7,2025-07-09 03:00:00+00:00,0.06393309976946897
7684,ee12f4cf-9fbe-4c2a-b3fb-7783a3d78355,Kurstraße 7,2025-07-09 04:00:00+00:00,0.053771157637934615
7685,ee12f4cf-9fbe-4c2a-b3fb-7783a3d78355,Kurstraße 7,2025-07-09 05:00:00+00:00,0.04556402771146322
7686,ee12f4cf-9fbe-4c2a-b3fb-7783a3d78355,Kurstraße 7,2025-07-09 06:00:00+00:00,0.04389146414502978
7687,ee12f4cf-9fbe-4c2a-b3fb-7783a3d78355,Kurstraße 7,2025-07-09 07:00:00+00:00,0.04553467638286383
7688,ee12f4cf-9fbe-4c2a-b3fb-7783a3d78355,Kurstraße 7,2025-07-09 08:00:00+00:00,0.049553702261527846
7689,ee12f4cf-9fbe-4c2a-b3fb-7783a3d78355,Kurstraße 7,2025-07-09 09:00:00+00:00,0.061899838558102646
7690,ee12f4cf-9fbe-4c2a-b3fb-7783a3d78355,Kurstraße 7,2025-07-09 10:00:00+00:00,0.06132288182885405
7691,ee12f4cf-9fbe-4c2a-b3fb-7783a3d78355,Kurstraße 7,2025-07-09 11:00:00+00:00,0.04316993232681444
7692,ee12f4cf-9fbe-4c2a-b3fb-7783a3d78355,Kurstraße 7,2025-07-09 12:00:00+00:00,0.04108775483418205
7693,ee12f4cf-9fbe-4c2a-b3fb-7783a3d78355,Kurstraße 7,2025-07-09 13:00:00+00:00,0.04915346177786385
7694,ee12f4cf-9fbe-4c2a-b3fb-7783a3d78355,Kurstraße 7,2025-07-09 14:00:00+00:00,0.051946742934155264
7695,ee12f4cf-9fbe-4c2a-b3fb-7783a3d78355,Kurstraße 7,2025-07-09 15:00:00+00:00,0.054843902304832645
7696,ee12f4cf-9fbe-4c2a-b3fb-7783a3d78355,Kurstraße 7,2025-07-09 16:00:00+00:00,0.04779951772975137
7697,ee12f4cf-9fbe-4c2a-b3fb-7783a3d78355,Kurstraße 7,2025-07-09 17:00:00+00:00,0.04451686458792989
7698,ee12f4cf-9fbe-4c2a-b3fb-7783a3d78355,Kurstraße 7,2025-07-09 18:00:00+00:00,0.04406668959477886
7699,ee12f4cf-9fbe-4c2a-b3fb-7783a3d78355,Kurstraße 7,2025-07-09 19:00:00+00:00,0.042806871268915386
7700,ee12f4cf-9fbe-4c2a-b3fb-7783a3d78355,Kurstraße 7,2025-07-09 20:00:00+00:00,0.04218490701001581
7701,ee12f4cf-9fbe-4c2a-b3fb-7783a3d78355,Kurstraße 7,2025-07-09 21:00:00+00:00,0.043483058172165884
7702,ee12f4cf-9fbe-4c2a-b3fb-7783a3d78355,Kurstraße 7,2025-07-09 22:00:00+00:00,0.04418303278259759
7703,ee12f4cf-9fbe-4c2a-b3fb-7783a3d78355,Kurstraße 7,2025-07-09 23:00:00+00:00,0.042931418011146166
7704,ee12f4cf-9fbe-4c2a-b3fb-7783a3d78355,Kurstraße 7,2025-07-10 00:00:00+00:00,0.03917477615297215
7705,ee12f4cf-9fbe-4c2a-b3fb-7783a3d78355,Kurstraße 7,2025-07-10 01:00:00+00:00,0.03808316735268728
7706,ee12f4cf-9fbe-4c2a-b3fb-7783a3d78355,Kurstraße 7,2025-07-10 02:00:00+00:00,0.03562497464581997
7707,ee12f4cf-9fbe-4c2a-b3fb-7783a3d78355,Kurstraße 7,2025-07-10 03:00:00+00:00,0.03233964529405562
7708,ee12f4cf-9fbe-4c2a-b3fb-7783a3d78355,Kurstraße 7,2025-07-10 04:00:00+00:00,0.03292254117207843
7709,ee12f4cf-9fbe-4c2a-b3fb-7783a3d78355,Kurstraße 7,2025-07-10 05:00:00+00:00,0.038625275081389014
7710,ee12f4cf-9fbe-4c2a-b3fb-7783a3d78355,Kurstraße 7,2025-07-10 06:00:00+00:00,0.038211908064752054
7711,ee12f4cf-9fbe-4c2a-b3fb-7783a3d78355,Kurstraße 7,2025-07-10 07:00:00+00:00,0.04428619180625483
7712,ee12f4cf-9fbe-4c2a-b3fb-7783a3d78355,Kurstraße 7,2025-07-10 08:00:00+00:00,0.03810803239631501
7713,ee12f4cf-9fbe-4c2a-b3fb-7783a3d78355,Kurstraße 7,2025-07-10 09:00:00+00:00,0.04461617768153913
7714,ee12f4cf-9fbe-4c2a-b3fb-7783a3d78355,Kurstraße 7,2025-07-10 10:00:00+00:00,0.05017985999547412
7715,ee12f4cf-9fbe-4c2a-b3fb-7783a3d78355,Kurstraße 7,2025-07-10 11:00:00+00:00,0.0585487700235856
7716,ee12f4cf-9fbe-4c2a-b3fb-7783a3d78355,Kurstraße 7,2025-07-10 12:00:00+00:00,0.07277689940027952
7717,ee12f4cf-9fbe-4c2a-b3fb-7783a3d78355,Kurstraße 7,2025-07-10 13:00:00+00:00,0.05754158679578296
7718,ee12f4cf-9fbe-4c2a-b3fb-7783a3d78355,Kurstraße 7,2025-07-10 14:00:00+00:00,0.061770142426475314
7719,ee12f4cf-9fbe-4c2a-b3fb-7783a3d78355,Kurstraße 7,2025-07-10 15:00:00+00:00,0.06802111554265124
7720,ee12f4cf-9fbe-4c2a-b3fb-7783a3d78355,Kurstraße 7,2025-07-10 16:00:00+00:00,0.06462073203469211
7721,ee12f4cf-9fbe-4c2a-b3fb-7783a3d78355,Kurstraße 7,2025-07-10 17:00:00+00:00,0.060964864249552275
7722,ee12f4cf-9fbe-4c2a-b3fb-7783a3d78355,Kurstraße 7,2025-07-10 18:00:00+00:00,0.05821630095519016
7723,ee12f4cf-9fbe-4c2a-b3fb-7783a3d78355,Kurstraße 7,2025-07-10 19:00:00+00:00,0.06428442727154159
7724,ee12f4cf-9fbe-4c2a-b3fb-7783a3d78355,Kurstraße 7,2025-07-10 20:00:00+00:00,0.06006654732619761
7725,ee12f4cf-9fbe-4c2a-b3fb-7783a3d78355,Kurstraße 7,2025-07-10 21:00:00+00:00,0.05574445379921498
7726,ee12f4cf-9fbe-4c2a-b3fb-7783a3d78355,Kurstraße 7,2025-07-10 22:00:00+00:00,0.056487734065800294
7727,ee12f4cf-9fbe-4c2a-b3fb-7783a3d78355,Kurstraße 7,2025-07-10 23:00:00+00:00,0.05640403966659375
7728,ee12f4cf-9fbe-4c2a-b3fb-7783a3d78355,Kurstraße 7,2025-07-11 00:00:00+00:00,0.0560543391021794
7729,ee12f4cf-9fbe-4c2a-b3fb-7783a3d78355,Kurstraße 7,2025-07-11 01:00:00+00:00,0.05531823909613216
7730,ee12f4cf-9fbe-4c2a-b3fb-7783a3d78355,Kurstraße 7,2025-07-11 02:00:00+00:00,0.05524158077633499
7731,ee12f4cf-9fbe-4c2a-b3fb-7783a3d78355,Kurstraße 7,2025-07-11 03:00:00+00:00,0.0521221768236521
7732,ee12f4cf-9fbe-4c2a-b3fb-7783a3d78355,Kurstraße 7,2025-07-11 04:00:00+00:00,0.04857469216583858
7733,ee12f4cf-9fbe-4c2a-b3fb-7783a3d78355,Kurstraße 7,2025-07-11 05:00:00+00:00,0.04508368592449401
7734,ee12f4cf-9fbe-4c2a-b3fb-7783a3d78355,Kurstraße 7,2025-07-11 06:00:00+00:00,0.03816230558110856
7735,ee12f4cf-9fbe-4c2a-b3fb-7783a3d78355,Kurstraße 7,2025-07-11 07:00:00+00:00,0.03628521649622918
7736,ee12f4cf-9fbe-4c2a-b3fb-7783a3d78355,Kurstraße 7,2025-07-11 08:00:00+00:00,0.04625217466620978
7737,ee12f4cf-9fbe-4c2a-b3fb-7783a3d78355,Kurstraße 7,2025-07-11 09:00:00+00:00,0.06034822618302926
7738,ee12f4cf-9fbe-4c2a-b3fb-7783a3d78355,Kurstraße 7,2025-07-11 10:00:00+00:00,0.06617292236803367
7739,ee12f4cf-9fbe-4c2a-b3fb-7783a3d78355,Kurstraße 7,2025-07-11 11:00:00+00:00,0.07325487470956978
7740,ee12f4cf-9fbe-4c2a-b3fb-7783a3d78355,Kurstraße 7,2025-07-11 12:00:00+00:00,0.04210639150351872
7741,ee12f4cf-9fbe-4c2a-b3fb-7783a3d78355,Kurstraße 7,2025-07-11 13:00:00+00:00,0.09761460069779328
7742,ee12f4cf-9fbe-4c2a-b3fb-7783a3d78355,Kurstraße 7,2025-07-11 14:00:00+00:00,0.19358478609327803
7743,ee12f4cf-9fbe-4c2a-b3fb-7783a3d78355,Kurstraße 7,2025-07-11 15:00:00+00:00,0.19177061108993135
7744,ee12f4cf-9fbe-4c2a-b3fb-7783a3d78355,Kurstraße 7,2025-07-11 16:00:00+00:00,0.20052775109854845
7745,ee12f4cf-9fbe-4c2a-b3fb-7783a3d78355,Kurstraße 7,2025-07-11 17:00:00+00:00,0.18934583249435663
7746,ee12f4cf-9fbe-4c2a-b3fb-7783a3d78355,Kurstraße 7,2025-07-11 18:00:00+00:00,0.17510171512636888
7747,ee12f4cf-9fbe-4c2a-b3fb-7783a3d78355,Kurstraße 7,2025-07-11 19:00:00+00:00,0.17877594958911378
7748,ee12f4cf-9fbe-4c2a-b3fb-7783a3d78355,Kurstraße 7,2025-07-11 20:00:00+00:00,0.1753755032977424
7749,ee12f4cf-9fbe-4c2a-b3fb-7783a3d78355,Kurstraße 7,2025-07-11 21:00:00+00:00,0.1530486970938884
7750,ee12f4cf-9fbe-4c2a-b3fb-7783a3d78355,Kurstraße 7,2025-07-11 22:00:00+00:00,0.1459890121399755
7751,ee12f4cf-9fbe-4c2a-b3fb-7783a3d78355,Kurstraße 7,2025-07-11 23:00:00+00:00,0.14440448337723186
7752,ee12f4cf-9fbe-4c2a-b3fb-7783a3d78355,Kurstraße 7,2025-07-12 00:00:00+00:00,0.14428211541571115
7753,ee12f4cf-9fbe-4c2a-b3fb-7783a3d78355,Kurstraße 7,2025-07-12 01:00:00+00:00,0.14160094230557496
7754,ee12f4cf-9fbe-4c2a-b3fb-7783a3d78355,Kurstraße 7,2025-07-12 02:00:00+00:00,0.1479328960156972
7755,ee12f4cf-9fbe-4c2a-b3fb-7783a3d78355,Kurstraße 7,2025-07-12 03:00:00+00:00,0.16086029299583976
7756,ee12f4cf-9fbe-4c2a-b3fb-7783a3d78355,Kurstraße 7,2025-07-12 04:00:00+00:00,0.16954560377549086
7757,ee12f4cf-9fbe-4c2a-b3fb-7783a3d78355,Kurstraße 7,2025-07-12 05:00:00+00:00,0.1790241056898511
7758,ee12f4cf-9fbe-4c2a-b3fb-7783a3d78355,Kurstraße 7,2025-07-12 06:00:00+00:00,0.20029288390302996
7759,ee12f4cf-9fbe-4c2a-b3fb-7783a3d78355,Kurstraße 7,2025-07-12 07:00:00+00:00,0.19535207291206447
7760,ee12f4cf-9fbe-4c2a-b3fb-7783a3d78355,Kurstraße 7,2025-07-12 08:00:00+00:00,0.22320257467356427
7761,ee12f4cf-9fbe-4c2a-b3fb-7783a3d78355,Kurstraße 7,2025-07-12 09:00:00+00:00,0.22354006892685957
7762,ee12f4cf-9fbe-4c2a-b3fb-7783a3d78355,Kurstraße 7,2025-07-12 10:00:00+00:00,0.21377574158204657
7763,ee12f4cf-9fbe-4c2a-b3fb-7783a3d78355,Kurstraße 7,2025-07-12 11:00:00+00:00,0.20612606961821534
7764,ee12f4cf-9fbe-4c2a-b3fb-7783a3d78355,Kurstraße 7,2025-07-12 12:00:00+00:00,0.19606929247037289
7765,ee12f4cf-9fbe-4c2a-b3fb-7783a3d78355,Kurstraße 7,2025-07-12 13:00:00+00:00,0.19091643725292887
7766,ee12f4cf-9fbe-4c2a-b3fb-7783a3d78355,Kurstraße 7,2025-07-12 14:00:00+00:00,0.11568786864107847
7767,ee12f4cf-9fbe-4c2a-b3fb-7783a3d78355,Kurstraße 7,2025-07-12 15:00:00+00:00,0.1359827163013371
7768,ee12f4cf-9fbe-4c2a-b3fb-7783a3d78355,Kurstraße 7,2025-07-12 16:00:00+00:00,0.14240835418007972
7769,ee12f4cf-9fbe-4c2a-b3fb-7783a3d78355,Kurstraße 7,2025-07-12 17:00:00+00:00,0.14400124966191258
7770,ee12f4cf-9fbe-4c2a-b3fb-7783a3d78355,Kurstraße 7,2025-07-12 18:00:00+00:00,0.13337498873070125
7771,ee12f4cf-9fbe-4c2a-b3fb-7783a3d78355,Kurstraße 7,2025-07-12 19:00:00+00:00,0.12145801824484845
7772,ee12f4cf-9fbe-4c2a-b3fb-7783a3d78355,Kurstraße 7,2025-07-12 20:00:00+00:00,0.1021037329517583
7773,ee12f4cf-9fbe-4c2a-b3fb-7783a3d78355,Kurstraße 7,2025-07-12 21:00:00+00:00,0.09205228273816587
7774,ee12f4cf-9fbe-4c2a-b3fb-7783a3d78355,Kurstraße 7,2025-07-12 22:00:00+00:00,0.08078481292301934
7775,ee12f4cf-9fbe-4c2a-b3fb-7783a3d78355,Kurstraße 7,2025-07-12 23:00:00+00:00,0.08636827926741293
7776,ee12f4cf-9fbe-4c2a-b3fb-7783a3d78355,Kurstraße 7,2025-07-13 00:00:00+00:00,0.09502395348896318
7777,ee12f4cf-9fbe-4c2a-b3fb-7783a3d78355,Kurstraße 7,2025-07-13 01:00:00+00:00,0.09739739999393576
7778,ee12f4cf-9fbe-4c2a-b3fb-7783a3d78355,Kurstraße 7,2025-07-13 02:00:00+00:00,0.11651265518564682
7779,ee12f4cf-9fbe-4c2a-b3fb-7783a3d78355,Kurstraße 7,2025-07-13 03:00:00+00:00,0.12421181810259323
7780,ee12f4cf-9fbe-4c2a-b3fb-7783a3d78355,Kurstraße 7,2025-07-13 04:00:00+00:00,0.11634139722284004
7781,ee12f4cf-9fbe-4c2a-b3fb-7783a3d78355,Kurstraße 7,2025-07-13 05:00:00+00:00,0.12616461909393065
7782,ee12f4cf-9fbe-4c2a-b3fb-7783a3d78355,Kurstraße 7,2025-07-13 06:00:00+00:00,0.11584327582770919
7783,ee12f4cf-9fbe-4c2a-b3fb-7783a3d78355,Kurstraße 7,2025-07-13 07:00:00+00:00,0.09157587113845067
7784,ee12f4cf-9fbe-4c2a-b3fb-7783a3d78355,Kurstraße 7,2025-07-13 08:00:00+00:00,0.05952101961646902
7785,ee12f4cf-9fbe-4c2a-b3fb-7783a3d78355,Kurstraße 7,2025-07-13 09:00:00+00:00,0.055417949133549166
7786,ee12f4cf-9fbe-4c2a-b3fb-7783a3d78355,Kurstraße 7,2025-07-13 10:00:00+00:00,0.04720221285744319
7787,ee12f4cf-9fbe-4c2a-b3fb-7783a3d78355,Kurstraße 7,2025-07-13 11:00:00+00:00,0.05221088154441948
7788,ee12f4cf-9fbe-4c2a-b3fb-7783a3d78355,Kurstraße 7,2025-07-13 12:00:00+00:00,0.05866687131487635
7789,ee12f4cf-9fbe-4c2a-b3fb-7783a3d78355,Kurstraße 7,2025-07-13 13:00:00+00:00,0.08086191056878568
7790,ee12f4cf-9fbe-4c2a-b3fb-7783a3d78355,Kurstraße 7,2025-07-13 14:00:00+00:00,0.09949877075384854
7791,ee12f4cf-9fbe-4c2a-b3fb-7783a3d78355,Kurstraße 7,2025-07-13 15:00:00+00:00,0.11720759952270748
7792,ee12f4cf-9fbe-4c2a-b3fb-7783a3d78355,Kurstraße 7,2025-07-13 16:00:00+00:00,0.12340854319243813
7793,ee12f4cf-9fbe-4c2a-b3fb-7783a3d78355,Kurstraße 7,2025-07-13 17:00:00+00:00,0.10493129601898943
7794,ee12f4cf-9fbe-4c2a-b3fb-7783a3d78355,Kurstraße 7,2025-07-13 18:00:00+00:00,0.09337826608917427
7795,ee12f4cf-9fbe-4c2a-b3fb-7783a3d78355,Kurstraße 7,2025-07-13 19:00:00+00:00,0.08724393002051475
7796,ee12f4cf-9fbe-4c2a-b3fb-7783a3d78355,Kurstraße 7,2025-07-13 20:00:00+00:00,0.08491441191562915
7797,ee12f4cf-9fbe-4c2a-b3fb-7783a3d78355,Kurstraße 7,2025-07-13 21:00:00+00:00,0.08500801170928324
7798,ee12f4cf-9fbe-4c2a-b3fb-7783a3d78355,Kurstraße 7,2025-07-13 22:00:00+00:00,0.08233763871614802
7799,ee12f4cf-9fbe-4c2a-b3fb-7783a3d78355,Kurstraße 7,2025-07-13 23:00:00+00:00,0.07806001572077927
7800,ee395b0b-5be7-4e62-b331-4207ba179629,Parkstraße 4,2025-07-01 00:00:00+00:00,0.035106264735212785
7801,ee395b0b-5be7-4e62-b331-4207ba179629,Parkstraße 4,2025-07-01 01:00:00+00:00,0.03601196307047914
7802,ee395b0b-5be7-4e62-b331-4207ba179629,Parkstraße 4,2025-07-01 02:00:00+00:00,0.038687346282148184
7803,ee395b0b-5be7-4e62-b331-4207ba179629,Parkstraße 4,2025-07-01 03:00:00+00:00,0.03946019769162544
7804,ee395b0b-5be7-4e62-b331-4207ba179629,Parkstraße 4,2025-07-01 04:00:00+00:00,0.04021625148169098
7805,ee395b0b-5be7-4e62-b331-4207ba179629,Parkstraße 4,2025-07-01 05:00:00+00:00,0.04026818977126187
7806,ee395b0b-5be7-4e62-b331-4207ba179629,Parkstraße 4,2025-07-01 06:00:00+00:00,0.039142575795969074
7807,ee395b0b-5be7-4e62-b331-4207ba179629,Parkstraße 4,2025-07-01 07:00:00+00:00,0.04101474126115413
7808,ee395b0b-5be7-4e62-b331-4207ba179629,Parkstraße 4,2025-07-01 08:00:00+00:00,0.04234881868410121
7809,ee395b0b-5be7-4e62-b331-4207ba179629,Parkstraße 4,2025-07-01 09:00:00+00:00,0.038385446122002696
7810,ee395b0b-5be7-4e62-b331-4207ba179629,Parkstraße 4,2025-07-01 10:00:00+00:00,0.024264387793407744
7811,ee395b0b-5be7-4e62-b331-4207ba179629,Parkstraße 4,2025-07-01 11:00:00+00:00,0.020387916820867432
7812,ee395b0b-5be7-4e62-b331-4207ba179629,Parkstraße 4,2025-07-01 12:00:00+00:00,0.018408925398876796
7813,ee395b0b-5be7-4e62-b331-4207ba179629,Parkstraße 4,2025-07-01 13:00:00+00:00,0.017143259396222042
7814,ee395b0b-5be7-4e62-b331-4207ba179629,Parkstraße 4,2025-07-01 14:00:00+00:00,0.015815498112565062
7815,ee395b0b-5be7-4e62-b331-4207ba179629,Parkstraße 4,2025-07-01 15:00:00+00:00,0.016086049422185254
7816,ee395b0b-5be7-4e62-b331-4207ba179629,Parkstraße 4,2025-07-01 16:00:00+00:00,0.01610195119188406
7817,ee395b0b-5be7-4e62-b331-4207ba179629,Parkstraße 4,2025-07-01 17:00:00+00:00,0.016137103607406594
7818,ee395b0b-5be7-4e62-b331-4207ba179629,Parkstraße 4,2025-07-01 18:00:00+00:00,0.01608700606262425
7819,ee395b0b-5be7-4e62-b331-4207ba179629,Parkstraße 4,2025-07-01 19:00:00+00:00,0.01603082246567622
7820,ee395b0b-5be7-4e62-b331-4207ba179629,Parkstraße 4,2025-07-01 20:00:00+00:00,0.016545717313477357
7821,ee395b0b-5be7-4e62-b331-4207ba179629,Parkstraße 4,2025-07-01 21:00:00+00:00,0.014602521730514108
7822,ee395b0b-5be7-4e62-b331-4207ba179629,Parkstraße 4,2025-07-01 22:00:00+00:00,0.015072914564828196
7823,ee395b0b-5be7-4e62-b331-4207ba179629,Parkstraße 4,2025-07-01 23:00:00+00:00,0.014179932267315724
7824,ee395b0b-5be7-4e62-b331-4207ba179629,Parkstraße 4,2025-07-02 00:00:00+00:00,0.014640233155942343
7825,ee395b0b-5be7-4e62-b331-4207ba179629,Parkstraße 4,2025-07-02 01:00:00+00:00,0.014708448845705178
7826,ee395b0b-5be7-4e62-b331-4207ba179629,Parkstraße 4,2025-07-02 02:00:00+00:00,0.013767346899424672
7827,ee395b0b-5be7-4e62-b331-4207ba179629,Parkstraße 4,2025-07-02 03:00:00+00:00,0.013263410634628133
7828,ee395b0b-5be7-4e62-b331-4207ba179629,Parkstraße 4,2025-07-02 04:00:00+00:00,0.012817512055703806
7829,ee395b0b-5be7-4e62-b331-4207ba179629,Parkstraße 4,2025-07-02 05:00:00+00:00,0.010849815480149674
7830,ee395b0b-5be7-4e62-b331-4207ba179629,Parkstraße 4,2025-07-02 06:00:00+00:00,0.010969004148562916
7831,ee395b0b-5be7-4e62-b331-4207ba179629,Parkstraße 4,2025-07-02 07:00:00+00:00,0.02005303908119606
7832,ee395b0b-5be7-4e62-b331-4207ba179629,Parkstraße 4,2025-07-02 08:00:00+00:00,0.03224718818152352
7833,ee395b0b-5be7-4e62-b331-4207ba179629,Parkstraße 4,2025-07-02 09:00:00+00:00,0.05370978362312957
7834,ee395b0b-5be7-4e62-b331-4207ba179629,Parkstraße 4,2025-07-02 10:00:00+00:00,0.05514420835141817
7835,ee395b0b-5be7-4e62-b331-4207ba179629,Parkstraße 4,2025-07-02 11:00:00+00:00,0.046031936108389994
7836,ee395b0b-5be7-4e62-b331-4207ba179629,Parkstraße 4,2025-07-02 12:00:00+00:00,0.03852359517312477
7837,ee395b0b-5be7-4e62-b331-4207ba179629,Parkstraße 4,2025-07-02 13:00:00+00:00,0.03284687952099457
7838,ee395b0b-5be7-4e62-b331-4207ba179629,Parkstraße 4,2025-07-02 14:00:00+00:00,0.02955409324596473
7839,ee395b0b-5be7-4e62-b331-4207ba179629,Parkstraße 4,2025-07-02 15:00:00+00:00,0.02945284272987906
7840,ee395b0b-5be7-4e62-b331-4207ba179629,Parkstraße 4,2025-07-02 16:00:00+00:00,0.02896513293143288
7841,ee395b0b-5be7-4e62-b331-4207ba179629,Parkstraße 4,2025-07-02 17:00:00+00:00,0.030651134895171937
7842,ee395b0b-5be7-4e62-b331-4207ba179629,Parkstraße 4,2025-07-02 18:00:00+00:00,0.032993028096940054
7843,ee395b0b-5be7-4e62-b331-4207ba179629,Parkstraße 4,2025-07-02 19:00:00+00:00,0.033772394356879495
7844,ee395b0b-5be7-4e62-b331-4207ba179629,Parkstraße 4,2025-07-02 20:00:00+00:00,0.03438225467585406
7845,ee395b0b-5be7-4e62-b331-4207ba179629,Parkstraße 4,2025-07-02 21:00:00+00:00,0.03216326118659626
7846,ee395b0b-5be7-4e62-b331-4207ba179629,Parkstraße 4,2025-07-02 22:00:00+00:00,0.03054816177394072
7847,ee395b0b-5be7-4e62-b331-4207ba179629,Parkstraße 4,2025-07-02 23:00:00+00:00,0.03503069955266929
7848,ee395b0b-5be7-4e62-b331-4207ba179629,Parkstraße 4,2025-07-03 00:00:00+00:00,0.043163514243742096
7849,ee395b0b-5be7-4e62-b331-4207ba179629,Parkstraße 4,2025-07-03 01:00:00+00:00,0.05082346252697622
7850,ee395b0b-5be7-4e62-b331-4207ba179629,Parkstraße 4,2025-07-03 02:00:00+00:00,0.055833820200779684
7851,ee395b0b-5be7-4e62-b331-4207ba179629,Parkstraße 4,2025-07-03 03:00:00+00:00,0.056175019385129144
7852,ee395b0b-5be7-4e62-b331-4207ba179629,Parkstraße 4,2025-07-03 04:00:00+00:00,0.053809294076431126
7853,ee395b0b-5be7-4e62-b331-4207ba179629,Parkstraße 4,2025-07-03 05:00:00+00:00,0.04987836409660725
7854,ee395b0b-5be7-4e62-b331-4207ba179629,Parkstraße 4,2025-07-03 06:00:00+00:00,0.04801060520543733
7855,ee395b0b-5be7-4e62-b331-4207ba179629,Parkstraße 4,2025-07-03 07:00:00+00:00,0.051317900623085076
7856,ee395b0b-5be7-4e62-b331-4207ba179629,Parkstraße 4,2025-07-03 08:00:00+00:00,0.057761239334505436
7857,ee395b0b-5be7-4e62-b331-4207ba179629,Parkstraße 4,2025-07-03 09:00:00+00:00,0.04860706161124386
7858,ee395b0b-5be7-4e62-b331-4207ba179629,Parkstraße 4,2025-07-03 10:00:00+00:00,0.04673168706850686
7859,ee395b0b-5be7-4e62-b331-4207ba179629,Parkstraße 4,2025-07-03 11:00:00+00:00,0.05206830777208622
7860,ee395b0b-5be7-4e62-b331-4207ba179629,Parkstraße 4,2025-07-03 12:00:00+00:00,0.04494575801993973
7861,ee395b0b-5be7-4e62-b331-4207ba179629,Parkstraße 4,2025-07-03 13:00:00+00:00,0.03615145425786418
7862,ee395b0b-5be7-4e62-b331-4207ba179629,Parkstraße 4,2025-07-03 14:00:00+00:00,0.029628901176138544
7863,ee395b0b-5be7-4e62-b331-4207ba179629,Parkstraße 4,2025-07-03 15:00:00+00:00,0.027545750674184185
7864,ee395b0b-5be7-4e62-b331-4207ba179629,Parkstraße 4,2025-07-03 16:00:00+00:00,0.026447005587783796
7865,ee395b0b-5be7-4e62-b331-4207ba179629,Parkstraße 4,2025-07-03 17:00:00+00:00,0.02650993229189986
7866,ee395b0b-5be7-4e62-b331-4207ba179629,Parkstraße 4,2025-07-03 18:00:00+00:00,0.027126042424590328
7867,ee395b0b-5be7-4e62-b331-4207ba179629,Parkstraße 4,2025-07-03 19:00:00+00:00,0.02589960941067617
7868,ee395b0b-5be7-4e62-b331-4207ba179629,Parkstraße 4,2025-07-03 20:00:00+00:00,0.025937128758219397
7869,ee395b0b-5be7-4e62-b331-4207ba179629,Parkstraße 4,2025-07-03 21:00:00+00:00,0.025719620690644072
7870,ee395b0b-5be7-4e62-b331-4207ba179629,Parkstraße 4,2025-07-03 22:00:00+00:00,0.033544568626029135
7871,ee395b0b-5be7-4e62-b331-4207ba179629,Parkstraße 4,2025-07-03 23:00:00+00:00,0.02894562711426549
7872,ee395b0b-5be7-4e62-b331-4207ba179629,Parkstraße 4,2025-07-04 00:00:00+00:00,0.03286539303448384
7873,ee395b0b-5be7-4e62-b331-4207ba179629,Parkstraße 4,2025-07-04 01:00:00+00:00,0.03745953880292149
7874,ee395b0b-5be7-4e62-b331-4207ba179629,Parkstraße 4,2025-07-04 02:00:00+00:00,0.08098063530280891
7875,ee395b0b-5be7-4e62-b331-4207ba179629,Parkstraße 4,2025-07-04 03:00:00+00:00,0.08193514333272513
7876,ee395b0b-5be7-4e62-b331-4207ba179629,Parkstraße 4,2025-07-04 04:00:00+00:00,0.08184131867663576
7877,ee395b0b-5be7-4e62-b331-4207ba179629,Parkstraße 4,2025-07-04 05:00:00+00:00,0.08155465396923409
7878,ee395b0b-5be7-4e62-b331-4207ba179629,Parkstraße 4,2025-07-04 06:00:00+00:00,0.08304561963100653
7879,ee395b0b-5be7-4e62-b331-4207ba179629,Parkstraße 4,2025-07-04 07:00:00+00:00,0.08540294609328244
7880,ee395b0b-5be7-4e62-b331-4207ba179629,Parkstraße 4,2025-07-04 08:00:00+00:00,0.08886822346626681
7881,ee395b0b-5be7-4e62-b331-4207ba179629,Parkstraße 4,2025-07-04 09:00:00+00:00,0.09447963256941184
7882,ee395b0b-5be7-4e62-b331-4207ba179629,Parkstraße 4,2025-07-04 10:00:00+00:00,0.10097828846761245
7883,ee395b0b-5be7-4e62-b331-4207ba179629,Parkstraße 4,2025-07-04 11:00:00+00:00,0.10174344830342831
7884,ee395b0b-5be7-4e62-b331-4207ba179629,Parkstraße 4,2025-07-04 12:00:00+00:00,0.0892704153696821
7885,ee395b0b-5be7-4e62-b331-4207ba179629,Parkstraße 4,2025-07-04 13:00:00+00:00,0.0825910944176928
7886,ee395b0b-5be7-4e62-b331-4207ba179629,Parkstraße 4,2025-07-04 14:00:00+00:00,0.07595196437263167
7887,ee395b0b-5be7-4e62-b331-4207ba179629,Parkstraße 4,2025-07-04 15:00:00+00:00,0.07397985614211862
7888,ee395b0b-5be7-4e62-b331-4207ba179629,Parkstraße 4,2025-07-04 16:00:00+00:00,0.07293780493005499
7889,ee395b0b-5be7-4e62-b331-4207ba179629,Parkstraße 4,2025-07-04 17:00:00+00:00,0.07204678061198315
7890,ee395b0b-5be7-4e62-b331-4207ba179629,Parkstraße 4,2025-07-04 18:00:00+00:00,0.07313924013473046
7891,ee395b0b-5be7-4e62-b331-4207ba179629,Parkstraße 4,2025-07-04 19:00:00+00:00,0.07351181183769194
7892,ee395b0b-5be7-4e62-b331-4207ba179629,Parkstraße 4,2025-07-04 20:00:00+00:00,0.08235177717862345
7893,ee395b0b-5be7-4e62-b331-4207ba179629,Parkstraße 4,2025-07-04 21:00:00+00:00,0.08550855231016824
7894,ee395b0b-5be7-4e62-b331-4207ba179629,Parkstraße 4,2025-07-04 22:00:00+00:00,0.08101661136683205
7895,ee395b0b-5be7-4e62-b331-4207ba179629,Parkstraße 4,2025-07-04 23:00:00+00:00,0.07894917415799493
7896,ee395b0b-5be7-4e62-b331-4207ba179629,Parkstraße 4,2025-07-05 00:00:00+00:00,0.0839068685790255
7897,ee395b0b-5be7-4e62-b331-4207ba179629,Parkstraße 4,2025-07-05 01:00:00+00:00,0.09125524325515758
7898,ee395b0b-5be7-4e62-b331-4207ba179629,Parkstraße 4,2025-07-05 02:00:00+00:00,0.05516456015517796
7899,ee395b0b-5be7-4e62-b331-4207ba179629,Parkstraße 4,2025-07-05 03:00:00+00:00,0.057051466911119196
7900,ee395b0b-5be7-4e62-b331-4207ba179629,Parkstraße 4,2025-07-05 04:00:00+00:00,0.05687979750513559
7901,ee395b0b-5be7-4e62-b331-4207ba179629,Parkstraße 4,2025-07-05 05:00:00+00:00,0.05907882724303283
7902,ee395b0b-5be7-4e62-b331-4207ba179629,Parkstraße 4,2025-07-05 06:00:00+00:00,0.05971252624905777
7903,ee395b0b-5be7-4e62-b331-4207ba179629,Parkstraße 4,2025-07-05 07:00:00+00:00,0.06395262221820278
7904,ee395b0b-5be7-4e62-b331-4207ba179629,Parkstraße 4,2025-07-05 08:00:00+00:00,0.09709167705177384
7905,ee395b0b-5be7-4e62-b331-4207ba179629,Parkstraße 4,2025-07-05 09:00:00+00:00,0.10317361879253459
7906,ee395b0b-5be7-4e62-b331-4207ba179629,Parkstraße 4,2025-07-05 10:00:00+00:00,0.2381378780706219
7907,ee395b0b-5be7-4e62-b331-4207ba179629,Parkstraße 4,2025-07-05 11:00:00+00:00,0.2523874241778144
7908,ee395b0b-5be7-4e62-b331-4207ba179629,Parkstraße 4,2025-07-05 12:00:00+00:00,0.25131711631257764
7909,ee395b0b-5be7-4e62-b331-4207ba179629,Parkstraße 4,2025-07-05 13:00:00+00:00,0.2368592556274659
7910,ee395b0b-5be7-4e62-b331-4207ba179629,Parkstraße 4,2025-07-05 14:00:00+00:00,0.2260341930930122
7911,ee395b0b-5be7-4e62-b331-4207ba179629,Parkstraße 4,2025-07-05 15:00:00+00:00,0.22680592318331308
7912,ee395b0b-5be7-4e62-b331-4207ba179629,Parkstraße 4,2025-07-05 16:00:00+00:00,0.2344859249693645
7913,ee395b0b-5be7-4e62-b331-4207ba179629,Parkstraße 4,2025-07-05 17:00:00+00:00,0.2331844762599007
7914,ee395b0b-5be7-4e62-b331-4207ba179629,Parkstraße 4,2025-07-05 18:00:00+00:00,0.2329287436520886
7915,ee395b0b-5be7-4e62-b331-4207ba179629,Parkstraße 4,2025-07-05 19:00:00+00:00,0.2362884089958047
7916,ee395b0b-5be7-4e62-b331-4207ba179629,Parkstraße 4,2025-07-05 20:00:00+00:00,0.2291899056519341
7917,ee395b0b-5be7-4e62-b331-4207ba179629,Parkstraße 4,2025-07-05 21:00:00+00:00,0.23600343296086337
7918,ee395b0b-5be7-4e62-b331-4207ba179629,Parkstraße 4,2025-07-05 22:00:00+00:00,0.23407852638485505
7919,ee395b0b-5be7-4e62-b331-4207ba179629,Parkstraße 4,2025-07-05 23:00:00+00:00,0.2256117535860819
7920,ee395b0b-5be7-4e62-b331-4207ba179629,Parkstraße 4,2025-07-06 00:00:00+00:00,0.21718805627374269
7921,ee395b0b-5be7-4e62-b331-4207ba179629,Parkstraße 4,2025-07-06 01:00:00+00:00,0.2161123592524296
7922,ee395b0b-5be7-4e62-b331-4207ba179629,Parkstraße 4,2025-07-06 02:00:00+00:00,0.23948192261355786
7923,ee395b0b-5be7-4e62-b331-4207ba179629,Parkstraße 4,2025-07-06 03:00:00+00:00,0.25290908272429585
7924,ee395b0b-5be7-4e62-b331-4207ba179629,Parkstraße 4,2025-07-06 04:00:00+00:00,0.25756468579482367
7925,ee395b0b-5be7-4e62-b331-4207ba179629,Parkstraße 4,2025-07-06 05:00:00+00:00,0.2533052844168318
7926,ee395b0b-5be7-4e62-b331-4207ba179629,Parkstraße 4,2025-07-06 06:00:00+00:00,0.24373099742187285
7927,ee395b0b-5be7-4e62-b331-4207ba179629,Parkstraße 4,2025-07-06 07:00:00+00:00,0.23813760029748723
7928,ee395b0b-5be7-4e62-b331-4207ba179629,Parkstraße 4,2025-07-06 08:00:00+00:00,0.2183732899017156
7929,ee395b0b-5be7-4e62-b331-4207ba179629,Parkstraße 4,2025-07-06 09:00:00+00:00,0.5118327141824275
7930,ee395b0b-5be7-4e62-b331-4207ba179629,Parkstraße 4,2025-07-06 10:00:00+00:00,0.5575393510798471
7931,ee395b0b-5be7-4e62-b331-4207ba179629,Parkstraße 4,2025-07-06 11:00:00+00:00,0.5791056497105644
7932,ee395b0b-5be7-4e62-b331-4207ba179629,Parkstraße 4,2025-07-06 12:00:00+00:00,0.5954882494060795
7933,ee395b0b-5be7-4e62-b331-4207ba179629,Parkstraße 4,2025-07-06 13:00:00+00:00,0.5530110518016786
7934,ee395b0b-5be7-4e62-b331-4207ba179629,Parkstraße 4,2025-07-06 14:00:00+00:00,0.5291873931020086
7935,ee395b0b-5be7-4e62-b331-4207ba179629,Parkstraße 4,2025-07-06 15:00:00+00:00,0.5388437087034806
7936,ee395b0b-5be7-4e62-b331-4207ba179629,Parkstraße 4,2025-07-06 16:00:00+00:00,0.55328612255615
7937,ee395b0b-5be7-4e62-b331-4207ba179629,Parkstraße 4,2025-07-06 17:00:00+00:00,0.5470564501883732
7938,ee395b0b-5be7-4e62-b331-4207ba179629,Parkstraße 4,2025-07-06 18:00:00+00:00,0.5649190149232798
7939,ee395b0b-5be7-4e62-b331-4207ba179629,Parkstraße 4,2025-07-06 19:00:00+00:00,0.58420164323605
7940,ee395b0b-5be7-4e62-b331-4207ba179629,Parkstraße 4,2025-07-06 20:00:00+00:00,0.6048601944818394
7941,ee395b0b-5be7-4e62-b331-4207ba179629,Parkstraße 4,2025-07-06 21:00:00+00:00,0.6122212230718983
7942,ee395b0b-5be7-4e62-b331-4207ba179629,Parkstraße 4,2025-07-06 22:00:00+00:00,0.6360493347181967
7943,ee395b0b-5be7-4e62-b331-4207ba179629,Parkstraße 4,2025-07-06 23:00:00+00:00,0.5883736864835778
7944,ee395b0b-5be7-4e62-b331-4207ba179629,Parkstraße 4,2025-07-07 00:00:00+00:00,0.45907555995723404
7945,ee395b0b-5be7-4e62-b331-4207ba179629,Parkstraße 4,2025-07-07 01:00:00+00:00,0.3475557671828832
7946,ee395b0b-5be7-4e62-b331-4207ba179629,Parkstraße 4,2025-07-07 02:00:00+00:00,0.3238576944058009
7947,ee395b0b-5be7-4e62-b331-4207ba179629,Parkstraße 4,2025-07-07 03:00:00+00:00,0.3950643364591418
7948,ee395b0b-5be7-4e62-b331-4207ba179629,Parkstraße 4,2025-07-07 04:00:00+00:00,0.45949096546011237
7949,ee395b0b-5be7-4e62-b331-4207ba179629,Parkstraße 4,2025-07-07 05:00:00+00:00,0.43103075914133254
7950,ee395b0b-5be7-4e62-b331-4207ba179629,Parkstraße 4,2025-07-07 06:00:00+00:00,0.3818473915026009
7951,ee395b0b-5be7-4e62-b331-4207ba179629,Parkstraße 4,2025-07-07 07:00:00+00:00,0.4029422336983263
7952,ee395b0b-5be7-4e62-b331-4207ba179629,Parkstraße 4,2025-07-07 08:00:00+00:00,0.5119899671743517
7953,ee395b0b-5be7-4e62-b331-4207ba179629,Parkstraße 4,2025-07-07 09:00:00+00:00,0.3216070571035569
7954,ee395b0b-5be7-4e62-b331-4207ba179629,Parkstraße 4,2025-07-07 10:00:00+00:00,0.1027562667131015
7955,ee395b0b-5be7-4e62-b331-4207ba179629,Parkstraße 4,2025-07-07 11:00:00+00:00,0.031087509027854614
7956,ee395b0b-5be7-4e62-b331-4207ba179629,Parkstraße 4,2025-07-07 12:00:00+00:00,0.026456681384470476
7957,ee395b0b-5be7-4e62-b331-4207ba179629,Parkstraße 4,2025-07-07 13:00:00+00:00,0.02351144433252812
7958,ee395b0b-5be7-4e62-b331-4207ba179629,Parkstraße 4,2025-07-07 14:00:00+00:00,0.022666040875932002
7959,ee395b0b-5be7-4e62-b331-4207ba179629,Parkstraße 4,2025-07-07 15:00:00+00:00,0.02217475382698543
7960,ee395b0b-5be7-4e62-b331-4207ba179629,Parkstraße 4,2025-07-07 16:00:00+00:00,0.022157416329569097
7961,ee395b0b-5be7-4e62-b331-4207ba179629,Parkstraße 4,2025-07-07 17:00:00+00:00,0.02266560608944187
7962,ee395b0b-5be7-4e62-b331-4207ba179629,Parkstraße 4,2025-07-07 18:00:00+00:00,0.02390922180182187
7963,ee395b0b-5be7-4e62-b331-4207ba179629,Parkstraße 4,2025-07-07 19:00:00+00:00,0.025677388157149483
7964,ee395b0b-5be7-4e62-b331-4207ba179629,Parkstraße 4,2025-07-07 20:00:00+00:00,0.027523287576867582
7965,ee395b0b-5be7-4e62-b331-4207ba179629,Parkstraße 4,2025-07-07 21:00:00+00:00,0.027441835011553527
7966,ee395b0b-5be7-4e62-b331-4207ba179629,Parkstraße 4,2025-07-07 22:00:00+00:00,0.025853145771982285
7967,ee395b0b-5be7-4e62-b331-4207ba179629,Parkstraße 4,2025-07-07 23:00:00+00:00,0.02786860309948836
7968,ee395b0b-5be7-4e62-b331-4207ba179629,Parkstraße 4,2025-07-08 00:00:00+00:00,0.028563223527061248
7969,ee395b0b-5be7-4e62-b331-4207ba179629,Parkstraße 4,2025-07-08 01:00:00+00:00,0.045872784079086064
7970,ee395b0b-5be7-4e62-b331-4207ba179629,Parkstraße 4,2025-07-08 02:00:00+00:00,0.04957308567323336
7971,ee395b0b-5be7-4e62-b331-4207ba179629,Parkstraße 4,2025-07-08 03:00:00+00:00,0.04886210946203524
7972,ee395b0b-5be7-4e62-b331-4207ba179629,Parkstraße 4,2025-07-08 04:00:00+00:00,0.04785089207587929
7973,ee395b0b-5be7-4e62-b331-4207ba179629,Parkstraße 4,2025-07-08 05:00:00+00:00,0.045227878785112266
7974,ee395b0b-5be7-4e62-b331-4207ba179629,Parkstraße 4,2025-07-08 06:00:00+00:00,0.045476964075738736
7975,ee395b0b-5be7-4e62-b331-4207ba179629,Parkstraße 4,2025-07-08 07:00:00+00:00,0.03690173729475846
7976,ee395b0b-5be7-4e62-b331-4207ba179629,Parkstraße 4,2025-07-08 08:00:00+00:00,0.03371082446639239
7977,ee395b0b-5be7-4e62-b331-4207ba179629,Parkstraße 4,2025-07-08 09:00:00+00:00,0.034623330512271434
7978,ee395b0b-5be7-4e62-b331-4207ba179629,Parkstraße 4,2025-07-08 10:00:00+00:00,0.033869076047565845
7979,ee395b0b-5be7-4e62-b331-4207ba179629,Parkstraße 4,2025-07-08 11:00:00+00:00,0.03544468800554306
7980,ee395b0b-5be7-4e62-b331-4207ba179629,Parkstraße 4,2025-07-08 12:00:00+00:00,0.03540666574697863
7981,ee395b0b-5be7-4e62-b331-4207ba179629,Parkstraße 4,2025-07-08 13:00:00+00:00,0.03373113109804653
7982,ee395b0b-5be7-4e62-b331-4207ba179629,Parkstraße 4,2025-07-08 14:00:00+00:00,0.032863784106693154
7983,ee395b0b-5be7-4e62-b331-4207ba179629,Parkstraße 4,2025-07-08 15:00:00+00:00,0.032623934820759086
7984,ee395b0b-5be7-4e62-b331-4207ba179629,Parkstraße 4,2025-07-08 16:00:00+00:00,0.03231235217324832
7985,ee395b0b-5be7-4e62-b331-4207ba179629,Parkstraße 4,2025-07-08 17:00:00+00:00,0.03253248875119533
7986,ee395b0b-5be7-4e62-b331-4207ba179629,Parkstraße 4,2025-07-08 18:00:00+00:00,0.032880663660889924
7987,ee395b0b-5be7-4e62-b331-4207ba179629,Parkstraße 4,2025-07-08 19:00:00+00:00,0.03250976236216555
7988,ee395b0b-5be7-4e62-b331-4207ba179629,Parkstraße 4,2025-07-08 20:00:00+00:00,0.03290548583055713
7989,ee395b0b-5be7-4e62-b331-4207ba179629,Parkstraße 4,2025-07-08 21:00:00+00:00,0.03251969800452156
7990,ee395b0b-5be7-4e62-b331-4207ba179629,Parkstraße 4,2025-07-08 22:00:00+00:00,0.032177509422303165
7991,ee395b0b-5be7-4e62-b331-4207ba179629,Parkstraße 4,2025-07-08 23:00:00+00:00,0.03357233947911635
7992,ee395b0b-5be7-4e62-b331-4207ba179629,Parkstraße 4,2025-07-09 00:00:00+00:00,0.03419735377865911
7993,ee395b0b-5be7-4e62-b331-4207ba179629,Parkstraße 4,2025-07-09 01:00:00+00:00,0.019134157347925392
7994,ee395b0b-5be7-4e62-b331-4207ba179629,Parkstraße 4,2025-07-09 02:00:00+00:00,0.016719088922694175
7995,ee395b0b-5be7-4e62-b331-4207ba179629,Parkstraße 4,2025-07-09 03:00:00+00:00,0.016308323546709125
7996,ee395b0b-5be7-4e62-b331-4207ba179629,Parkstraße 4,2025-07-09 04:00:00+00:00,0.01628709320625284
7997,ee395b0b-5be7-4e62-b331-4207ba179629,Parkstraße 4,2025-07-09 05:00:00+00:00,0.01600058399912555
7998,ee395b0b-5be7-4e62-b331-4207ba179629,Parkstraße 4,2025-07-09 06:00:00+00:00,0.016098932564676108
7999,ee395b0b-5be7-4e62-b331-4207ba179629,Parkstraße 4,2025-07-09 07:00:00+00:00,0.015546994019345221
8000,ee395b0b-5be7-4e62-b331-4207ba179629,Parkstraße 4,2025-07-09 08:00:00+00:00,0.01977211914220114
8001,ee395b0b-5be7-4e62-b331-4207ba179629,Parkstraße 4,2025-07-09 09:00:00+00:00,0.02864761579086113
8002,ee395b0b-5be7-4e62-b331-4207ba179629,Parkstraße 4,2025-07-09 10:00:00+00:00,0.04529272706460121
8003,ee395b0b-5be7-4e62-b331-4207ba179629,Parkstraße 4,2025-07-09 11:00:00+00:00,0.04140906437709921
8004,ee395b0b-5be7-4e62-b331-4207ba179629,Parkstraße 4,2025-07-09 12:00:00+00:00,0.03573114774262657
8005,ee395b0b-5be7-4e62-b331-4207ba179629,Parkstraße 4,2025-07-09 13:00:00+00:00,0.03232633007448701
8006,ee395b0b-5be7-4e62-b331-4207ba179629,Parkstraße 4,2025-07-09 14:00:00+00:00,0.027990319050654782
8007,ee395b0b-5be7-4e62-b331-4207ba179629,Parkstraße 4,2025-07-09 15:00:00+00:00,0.027420244771707594
8008,ee395b0b-5be7-4e62-b331-4207ba179629,Parkstraße 4,2025-07-09 16:00:00+00:00,0.02553669041619381
8009,ee395b0b-5be7-4e62-b331-4207ba179629,Parkstraße 4,2025-07-09 17:00:00+00:00,0.025707910229920562
8010,ee395b0b-5be7-4e62-b331-4207ba179629,Parkstraße 4,2025-07-09 18:00:00+00:00,0.027301423822972275
8011,ee395b0b-5be7-4e62-b331-4207ba179629,Parkstraße 4,2025-07-09 19:00:00+00:00,0.027346053501633678
8012,ee395b0b-5be7-4e62-b331-4207ba179629,Parkstraße 4,2025-07-09 20:00:00+00:00,0.029637155222660593
8013,ee395b0b-5be7-4e62-b331-4207ba179629,Parkstraße 4,2025-07-09 21:00:00+00:00,0.031022858204922135
8014,ee395b0b-5be7-4e62-b331-4207ba179629,Parkstraße 4,2025-07-09 22:00:00+00:00,0.031498389435350466
8015,ee395b0b-5be7-4e62-b331-4207ba179629,Parkstraße 4,2025-07-09 23:00:00+00:00,0.03783545137367893
8016,ee395b0b-5be7-4e62-b331-4207ba179629,Parkstraße 4,2025-07-10 00:00:00+00:00,0.043113565762185814
8017,ee395b0b-5be7-4e62-b331-4207ba179629,Parkstraße 4,2025-07-10 01:00:00+00:00,0.04678035049195755
8018,ee395b0b-5be7-4e62-b331-4207ba179629,Parkstraße 4,2025-07-10 02:00:00+00:00,0.049852316697177664
8019,ee395b0b-5be7-4e62-b331-4207ba179629,Parkstraße 4,2025-07-10 03:00:00+00:00,0.05164991550221728
8020,ee395b0b-5be7-4e62-b331-4207ba179629,Parkstraße 4,2025-07-10 04:00:00+00:00,0.05128434908230485
8021,ee395b0b-5be7-4e62-b331-4207ba179629,Parkstraße 4,2025-07-10 05:00:00+00:00,0.05032048968336775
8022,ee395b0b-5be7-4e62-b331-4207ba179629,Parkstraße 4,2025-07-10 06:00:00+00:00,0.04959405010854007
8023,ee395b0b-5be7-4e62-b331-4207ba179629,Parkstraße 4,2025-07-10 07:00:00+00:00,0.046848149499265086
8024,ee395b0b-5be7-4e62-b331-4207ba179629,Parkstraße 4,2025-07-10 08:00:00+00:00,0.048677297756977586
8025,ee395b0b-5be7-4e62-b331-4207ba179629,Parkstraße 4,2025-07-10 09:00:00+00:00,0.051976675425409784
8026,ee395b0b-5be7-4e62-b331-4207ba179629,Parkstraße 4,2025-07-10 10:00:00+00:00,0.05854330807655948
8027,ee395b0b-5be7-4e62-b331-4207ba179629,Parkstraße 4,2025-07-10 11:00:00+00:00,0.05656403070027858
8028,ee395b0b-5be7-4e62-b331-4207ba179629,Parkstraße 4,2025-07-10 12:00:00+00:00,0.04990583113797138
8029,ee395b0b-5be7-4e62-b331-4207ba179629,Parkstraße 4,2025-07-10 13:00:00+00:00,0.04293242080969032
8030,ee395b0b-5be7-4e62-b331-4207ba179629,Parkstraße 4,2025-07-10 14:00:00+00:00,0.03856877110456672
8031,ee395b0b-5be7-4e62-b331-4207ba179629,Parkstraße 4,2025-07-10 15:00:00+00:00,0.03740648076797357
8032,ee395b0b-5be7-4e62-b331-4207ba179629,Parkstraße 4,2025-07-10 16:00:00+00:00,0.0376493126285591
8033,ee395b0b-5be7-4e62-b331-4207ba179629,Parkstraße 4,2025-07-10 17:00:00+00:00,0.03900351270935303
8034,ee395b0b-5be7-4e62-b331-4207ba179629,Parkstraße 4,2025-07-10 18:00:00+00:00,0.0399459139251836
8035,ee395b0b-5be7-4e62-b331-4207ba179629,Parkstraße 4,2025-07-10 19:00:00+00:00,0.04107637405990593
8036,ee395b0b-5be7-4e62-b331-4207ba179629,Parkstraße 4,2025-07-10 20:00:00+00:00,0.04307568339679146
8037,ee395b0b-5be7-4e62-b331-4207ba179629,Parkstraße 4,2025-07-10 21:00:00+00:00,0.04571945805526909
8038,ee395b0b-5be7-4e62-b331-4207ba179629,Parkstraße 4,2025-07-10 22:00:00+00:00,0.05426402049193924
8039,ee395b0b-5be7-4e62-b331-4207ba179629,Parkstraße 4,2025-07-10 23:00:00+00:00,0.0573610382389275
8040,ee395b0b-5be7-4e62-b331-4207ba179629,Parkstraße 4,2025-07-11 00:00:00+00:00,0.06276234275541467
8041,ee395b0b-5be7-4e62-b331-4207ba179629,Parkstraße 4,2025-07-11 01:00:00+00:00,0.06674914864968352
8042,ee395b0b-5be7-4e62-b331-4207ba179629,Parkstraße 4,2025-07-11 02:00:00+00:00,0.06888864646362625
8043,ee395b0b-5be7-4e62-b331-4207ba179629,Parkstraße 4,2025-07-11 03:00:00+00:00,0.0698689803527354
8044,ee395b0b-5be7-4e62-b331-4207ba179629,Parkstraße 4,2025-07-11 04:00:00+00:00,0.06821053846301169
8045,ee395b0b-5be7-4e62-b331-4207ba179629,Parkstraße 4,2025-07-11 05:00:00+00:00,0.06998856817413592
8046,ee395b0b-5be7-4e62-b331-4207ba179629,Parkstraße 4,2025-07-11 06:00:00+00:00,0.07043172208230519
8047,ee395b0b-5be7-4e62-b331-4207ba179629,Parkstraße 4,2025-07-11 07:00:00+00:00,0.07182628358930473
8048,ee395b0b-5be7-4e62-b331-4207ba179629,Parkstraße 4,2025-07-11 08:00:00+00:00,0.07658716589907752
8049,ee395b0b-5be7-4e62-b331-4207ba179629,Parkstraße 4,2025-07-11 09:00:00+00:00,0.08731462349084378
8050,ee395b0b-5be7-4e62-b331-4207ba179629,Parkstraße 4,2025-07-11 10:00:00+00:00,0.07894171781974503
8051,ee395b0b-5be7-4e62-b331-4207ba179629,Parkstraße 4,2025-07-11 11:00:00+00:00,0.07599767912386331
8052,ee395b0b-5be7-4e62-b331-4207ba179629,Parkstraße 4,2025-07-11 12:00:00+00:00,0.06459326918930418
8053,ee395b0b-5be7-4e62-b331-4207ba179629,Parkstraße 4,2025-07-11 13:00:00+00:00,0.0554684642830201
8054,ee395b0b-5be7-4e62-b331-4207ba179629,Parkstraße 4,2025-07-11 14:00:00+00:00,0.05019411314738284
8055,ee395b0b-5be7-4e62-b331-4207ba179629,Parkstraße 4,2025-07-11 15:00:00+00:00,0.048648895907687575
8056,ee395b0b-5be7-4e62-b331-4207ba179629,Parkstraße 4,2025-07-11 16:00:00+00:00,0.04774927871676779
8057,ee395b0b-5be7-4e62-b331-4207ba179629,Parkstraße 4,2025-07-11 17:00:00+00:00,0.047414503988525696
8058,ee395b0b-5be7-4e62-b331-4207ba179629,Parkstraße 4,2025-07-11 18:00:00+00:00,0.047478768158177656
8059,ee395b0b-5be7-4e62-b331-4207ba179629,Parkstraße 4,2025-07-11 19:00:00+00:00,0.044652746672946865
8060,ee395b0b-5be7-4e62-b331-4207ba179629,Parkstraße 4,2025-07-11 20:00:00+00:00,0.047271585337134873
8061,ee395b0b-5be7-4e62-b331-4207ba179629,Parkstraße 4,2025-07-11 21:00:00+00:00,0.045905427269392576
8062,ee395b0b-5be7-4e62-b331-4207ba179629,Parkstraße 4,2025-07-11 22:00:00+00:00,0.04061556887417173
8063,ee395b0b-5be7-4e62-b331-4207ba179629,Parkstraße 4,2025-07-11 23:00:00+00:00,0.03559057786108899
8064,ee395b0b-5be7-4e62-b331-4207ba179629,Parkstraße 4,2025-07-12 00:00:00+00:00,0.039151696754745405
8065,ee395b0b-5be7-4e62-b331-4207ba179629,Parkstraße 4,2025-07-12 01:00:00+00:00,0.049656616312339856
8066,ee395b0b-5be7-4e62-b331-4207ba179629,Parkstraße 4,2025-07-12 02:00:00+00:00,0.05501745660405754
8067,ee395b0b-5be7-4e62-b331-4207ba179629,Parkstraße 4,2025-07-12 03:00:00+00:00,0.05782981840445089
8068,ee395b0b-5be7-4e62-b331-4207ba179629,Parkstraße 4,2025-07-12 04:00:00+00:00,0.055798939798493596
8069,ee395b0b-5be7-4e62-b331-4207ba179629,Parkstraße 4,2025-07-12 05:00:00+00:00,0.05270045895795477
8070,ee395b0b-5be7-4e62-b331-4207ba179629,Parkstraße 4,2025-07-12 06:00:00+00:00,0.05794970689123448
8071,ee395b0b-5be7-4e62-b331-4207ba179629,Parkstraße 4,2025-07-12 07:00:00+00:00,0.062009315381327784
8072,ee395b0b-5be7-4e62-b331-4207ba179629,Parkstraße 4,2025-07-12 08:00:00+00:00,0.09078026059683447
8073,ee395b0b-5be7-4e62-b331-4207ba179629,Parkstraße 4,2025-07-12 09:00:00+00:00,0.0967127290039091
8074,ee395b0b-5be7-4e62-b331-4207ba179629,Parkstraße 4,2025-07-12 10:00:00+00:00,0.13779455672066257
8075,ee395b0b-5be7-4e62-b331-4207ba179629,Parkstraße 4,2025-07-12 11:00:00+00:00,0.13522959723074227
8076,ee395b0b-5be7-4e62-b331-4207ba179629,Parkstraße 4,2025-07-12 12:00:00+00:00,0.13285650341669009
8077,ee395b0b-5be7-4e62-b331-4207ba179629,Parkstraße 4,2025-07-12 13:00:00+00:00,0.11877446343250113
8078,ee395b0b-5be7-4e62-b331-4207ba179629,Parkstraße 4,2025-07-12 14:00:00+00:00,0.10885723827450507
8079,ee395b0b-5be7-4e62-b331-4207ba179629,Parkstraße 4,2025-07-12 15:00:00+00:00,0.10856270964540407
8080,ee395b0b-5be7-4e62-b331-4207ba179629,Parkstraße 4,2025-07-12 16:00:00+00:00,0.11266034418679792
8081,ee395b0b-5be7-4e62-b331-4207ba179629,Parkstraße 4,2025-07-12 17:00:00+00:00,0.11370961616380205
8082,ee395b0b-5be7-4e62-b331-4207ba179629,Parkstraße 4,2025-07-12 18:00:00+00:00,0.11621906944000955
8083,ee395b0b-5be7-4e62-b331-4207ba179629,Parkstraße 4,2025-07-12 19:00:00+00:00,0.11936719281963158
8084,ee395b0b-5be7-4e62-b331-4207ba179629,Parkstraße 4,2025-07-12 20:00:00+00:00,0.11580256751170849
8085,ee395b0b-5be7-4e62-b331-4207ba179629,Parkstraße 4,2025-07-12 21:00:00+00:00,0.11652418099586741
8086,ee395b0b-5be7-4e62-b331-4207ba179629,Parkstraße 4,2025-07-12 22:00:00+00:00,0.11004570301964782
8087,ee395b0b-5be7-4e62-b331-4207ba179629,Parkstraße 4,2025-07-12 23:00:00+00:00,0.1081958254512611
8088,ee395b0b-5be7-4e62-b331-4207ba179629,Parkstraße 4,2025-07-13 00:00:00+00:00,0.11128259336435634
8089,ee395b0b-5be7-4e62-b331-4207ba179629,Parkstraße 4,2025-07-13 01:00:00+00:00,0.12392561973293519
8090,ee395b0b-5be7-4e62-b331-4207ba179629,Parkstraße 4,2025-07-13 02:00:00+00:00,0.1362080896007661
8091,ee395b0b-5be7-4e62-b331-4207ba179629,Parkstraße 4,2025-07-13 03:00:00+00:00,0.1392583596724065
8092,ee395b0b-5be7-4e62-b331-4207ba179629,Parkstraße 4,2025-07-13 04:00:00+00:00,0.14003413685915062
8093,ee395b0b-5be7-4e62-b331-4207ba179629,Parkstraße 4,2025-07-13 05:00:00+00:00,0.13619326522359654
8094,ee395b0b-5be7-4e62-b331-4207ba179629,Parkstraße 4,2025-07-13 06:00:00+00:00,0.1301327878837491
8095,ee395b0b-5be7-4e62-b331-4207ba179629,Parkstraße 4,2025-07-13 07:00:00+00:00,0.1266490204957964
8096,ee395b0b-5be7-4e62-b331-4207ba179629,Parkstraße 4,2025-07-13 08:00:00+00:00,0.14369798323599536
8097,ee395b0b-5be7-4e62-b331-4207ba179629,Parkstraße 4,2025-07-13 09:00:00+00:00,0.45834898755678316
8098,ee395b0b-5be7-4e62-b331-4207ba179629,Parkstraße 4,2025-07-13 10:00:00+00:00,0.5520989442395897
8099,ee395b0b-5be7-4e62-b331-4207ba179629,Parkstraße 4,2025-07-13 11:00:00+00:00,0.5826153357389434
8100,ee395b0b-5be7-4e62-b331-4207ba179629,Parkstraße 4,2025-07-13 12:00:00+00:00,0.5984556279042067
8101,ee395b0b-5be7-4e62-b331-4207ba179629,Parkstraße 4,2025-07-13 13:00:00+00:00,0.5491350196130184
8102,ee395b0b-5be7-4e62-b331-4207ba179629,Parkstraße 4,2025-07-13 14:00:00+00:00,0.5267638438619201
8103,ee395b0b-5be7-4e62-b331-4207ba179629,Parkstraße 4,2025-07-13 15:00:00+00:00,0.5412862937445887
8104,ee395b0b-5be7-4e62-b331-4207ba179629,Parkstraße 4,2025-07-13 16:00:00+00:00,0.5517084624587796
8105,ee395b0b-5be7-4e62-b331-4207ba179629,Parkstraße 4,2025-07-13 17:00:00+00:00,0.5447738204217756
8106,ee395b0b-5be7-4e62-b331-4207ba179629,Parkstraße 4,2025-07-13 18:00:00+00:00,0.5626729020004796
8107,ee395b0b-5be7-4e62-b331-4207ba179629,Parkstraße 4,2025-07-13 19:00:00+00:00,0.5825685610865603
8108,ee395b0b-5be7-4e62-b331-4207ba179629,Parkstraße 4,2025-07-13 20:00:00+00:00,0.6050184319601364
8109,ee395b0b-5be7-4e62-b331-4207ba179629,Parkstraße 4,2025-07-13 21:00:00+00:00,0.6125815789897617
8110,ee395b0b-5be7-4e62-b331-4207ba179629,Parkstraße 4,2025-07-13 22:00:00+00:00,0.6381761202224553
8111,ee395b0b-5be7-4e62-b331-4207ba179629,Parkstraße 4,2025-07-13 23:00:00+00:00,0.5897101223870613
8112,f00542a3-5edf-4ea5-bc4b-81e4d4936262,Kurpark - Großer Teich - Toilette,2025-07-01 00:00:00+00:00,0.01887910124107253
8113,f00542a3-5edf-4ea5-bc4b-81e4d4936262,Kurpark - Großer Teich - Toilette,2025-07-01 01:00:00+00:00,0.018674076518412634
8114,f00542a3-5edf-4ea5-bc4b-81e4d4936262,Kurpark - Großer Teich - Toilette,2025-07-01 02:00:00+00:00,0.01839127690179135
8115,f00542a3-5edf-4ea5-bc4b-81e4d4936262,Kurpark - Großer Teich - Toilette,2025-07-01 03:00:00+00:00,0.017945722098331097
8116,f00542a3-5edf-4ea5-bc4b-81e4d4936262,Kurpark - Großer Teich - Toilette,2025-07-01 04:00:00+00:00,0.017652451684788507
8117,f00542a3-5edf-4ea5-bc4b-81e4d4936262,Kurpark - Großer Teich - Toilette,2025-07-01 05:00:00+00:00,0.016630124582949803
8118,f00542a3-5edf-4ea5-bc4b-81e4d4936262,Kurpark - Großer Teich - Toilette,2025-07-01 06:00:00+00:00,0.017265571856597283
8119,f00542a3-5edf-4ea5-bc4b-81e4d4936262,Kurpark - Großer Teich - Toilette,2025-07-01 07:00:00+00:00,0.01611438459258196
8120,f00542a3-5edf-4ea5-bc4b-81e4d4936262,Kurpark - Großer Teich - Toilette,2025-07-01 08:00:00+00:00,0.01767546211896084
8121,f00542a3-5edf-4ea5-bc4b-81e4d4936262,Kurpark - Großer Teich - Toilette,2025-07-01 09:00:00+00:00,0.017622793953380497
8122,f00542a3-5edf-4ea5-bc4b-81e4d4936262,Kurpark - Großer Teich - Toilette,2025-07-01 10:00:00+00:00,0.018057852352757777
8123,f00542a3-5edf-4ea5-bc4b-81e4d4936262,Kurpark - Großer Teich - Toilette,2025-07-01 11:00:00+00:00,0.017649306154493463
8124,f00542a3-5edf-4ea5-bc4b-81e4d4936262,Kurpark - Großer Teich - Toilette,2025-07-01 12:00:00+00:00,0.018453150479890015
8125,f00542a3-5edf-4ea5-bc4b-81e4d4936262,Kurpark - Großer Teich - Toilette,2025-07-01 13:00:00+00:00,0.018152494682932112
8126,f00542a3-5edf-4ea5-bc4b-81e4d4936262,Kurpark - Großer Teich - Toilette,2025-07-01 14:00:00+00:00,0.017842599314246477
8127,f00542a3-5edf-4ea5-bc4b-81e4d4936262,Kurpark - Großer Teich - Toilette,2025-07-01 15:00:00+00:00,0.015682482844999363
8128,f00542a3-5edf-4ea5-bc4b-81e4d4936262,Kurpark - Großer Teich - Toilette,2025-07-01 16:00:00+00:00,0.013668989428941536
8129,f00542a3-5edf-4ea5-bc4b-81e4d4936262,Kurpark - Großer Teich - Toilette,2025-07-01 17:00:00+00:00,0.012396819734866497
8130,f00542a3-5edf-4ea5-bc4b-81e4d4936262,Kurpark - Großer Teich - Toilette,2025-07-01 18:00:00+00:00,0.013730334363119547
8131,f00542a3-5edf-4ea5-bc4b-81e4d4936262,Kurpark - Großer Teich - Toilette,2025-07-01 19:00:00+00:00,0.01404056207409676
8132,f00542a3-5edf-4ea5-bc4b-81e4d4936262,Kurpark - Großer Teich - Toilette,2025-07-01 20:00:00+00:00,0.014492219895835825
8133,f00542a3-5edf-4ea5-bc4b-81e4d4936262,Kurpark - Großer Teich - Toilette,2025-07-01 21:00:00+00:00,0.014035657197198938
8134,f00542a3-5edf-4ea5-bc4b-81e4d4936262,Kurpark - Großer Teich - Toilette,2025-07-01 22:00:00+00:00,0.014028326852554628
8135,f00542a3-5edf-4ea5-bc4b-81e4d4936262,Kurpark - Großer Teich - Toilette,2025-07-01 23:00:00+00:00,0.014604278934743514
8136,f00542a3-5edf-4ea5-bc4b-81e4d4936262,Kurpark - Großer Teich - Toilette,2025-07-02 00:00:00+00:00,0.01486383953681549
8137,f00542a3-5edf-4ea5-bc4b-81e4d4936262,Kurpark - Großer Teich - Toilette,2025-07-02 01:00:00+00:00,0.0147521468171122
8138,f00542a3-5edf-4ea5-bc4b-81e4d4936262,Kurpark - Großer Teich - Toilette,2025-07-02 02:00:00+00:00,0.01595365642147395
8139,f00542a3-5edf-4ea5-bc4b-81e4d4936262,Kurpark - Großer Teich - Toilette,2025-07-02 03:00:00+00:00,0.015087814211906156
8140,f00542a3-5edf-4ea5-bc4b-81e4d4936262,Kurpark - Großer Teich - Toilette,2025-07-02 04:00:00+00:00,0.014830464626428468
8141,f00542a3-5edf-4ea5-bc4b-81e4d4936262,Kurpark - Großer Teich - Toilette,2025-07-02 05:00:00+00:00,0.013302129127991686
8142,f00542a3-5edf-4ea5-bc4b-81e4d4936262,Kurpark - Großer Teich - Toilette,2025-07-02 06:00:00+00:00,0.011006200620936999
8143,f00542a3-5edf-4ea5-bc4b-81e4d4936262,Kurpark - Großer Teich - Toilette,2025-07-02 07:00:00+00:00,0.011356428321880977
8144,f00542a3-5edf-4ea5-bc4b-81e4d4936262,Kurpark - Großer Teich - Toilette,2025-07-02 08:00:00+00:00,0.011099945397822842
8145,f00542a3-5edf-4ea5-bc4b-81e4d4936262,Kurpark - Großer Teich - Toilette,2025-07-02 09:00:00+00:00,0.011868448929637088
8146,f00542a3-5edf-4ea5-bc4b-81e4d4936262,Kurpark - Großer Teich - Toilette,2025-07-02 10:00:00+00:00,0.01232544603929048
8147,f00542a3-5edf-4ea5-bc4b-81e4d4936262,Kurpark - Großer Teich - Toilette,2025-07-02 11:00:00+00:00,0.013449549631282169
8148,f00542a3-5edf-4ea5-bc4b-81e4d4936262,Kurpark - Großer Teich - Toilette,2025-07-02 12:00:00+00:00,0.01262673512705373
8149,f00542a3-5edf-4ea5-bc4b-81e4d4936262,Kurpark - Großer Teich - Toilette,2025-07-02 13:00:00+00:00,0.011255804497258558
8150,f00542a3-5edf-4ea5-bc4b-81e4d4936262,Kurpark - Großer Teich - Toilette,2025-07-02 14:00:00+00:00,0.01107193543842028
8151,f00542a3-5edf-4ea5-bc4b-81e4d4936262,Kurpark - Großer Teich - Toilette,2025-07-02 15:00:00+00:00,0.01083972397642489
8152,f00542a3-5edf-4ea5-bc4b-81e4d4936262,Kurpark - Großer Teich - Toilette,2025-07-02 16:00:00+00:00,0.010419453764368517
8153,f00542a3-5edf-4ea5-bc4b-81e4d4936262,Kurpark - Großer Teich - Toilette,2025-07-02 17:00:00+00:00,0.00986601429452012
8154,f00542a3-5edf-4ea5-bc4b-81e4d4936262,Kurpark - Großer Teich - Toilette,2025-07-02 18:00:00+00:00,0.009535565714567451
8155,f00542a3-5edf-4ea5-bc4b-81e4d4936262,Kurpark - Großer Teich - Toilette,2025-07-02 19:00:00+00:00,0.011218923606623828
8156,f00542a3-5edf-4ea5-bc4b-81e4d4936262,Kurpark - Großer Teich - Toilette,2025-07-02 20:00:00+00:00,0.011532863899018737
8157,f00542a3-5edf-4ea5-bc4b-81e4d4936262,Kurpark - Großer Teich - Toilette,2025-07-02 21:00:00+00:00,0.0118072910068496
8158,f00542a3-5edf-4ea5-bc4b-81e4d4936262,Kurpark - Großer Teich - Toilette,2025-07-02 22:00:00+00:00,0.011751861414585181
8159,f00542a3-5edf-4ea5-bc4b-81e4d4936262,Kurpark - Großer Teich - Toilette,2025-07-02 23:00:00+00:00,0.011555480570834288
8160,f00542a3-5edf-4ea5-bc4b-81e4d4936262,Kurpark - Großer Teich - Toilette,2025-07-03 00:00:00+00:00,0.011323225093161358
8161,f00542a3-5edf-4ea5-bc4b-81e4d4936262,Kurpark - Großer Teich - Toilette,2025-07-03 01:00:00+00:00,0.01094598195113018
8162,f00542a3-5edf-4ea5-bc4b-81e4d4936262,Kurpark - Großer Teich - Toilette,2025-07-03 02:00:00+00:00,0.009185352166313117
8163,f00542a3-5edf-4ea5-bc4b-81e4d4936262,Kurpark - Großer Teich - Toilette,2025-07-03 03:00:00+00:00,0.009217824895344822
8164,f00542a3-5edf-4ea5-bc4b-81e4d4936262,Kurpark - Großer Teich - Toilette,2025-07-03 04:00:00+00:00,0.008898808139650426
8165,f00542a3-5edf-4ea5-bc4b-81e4d4936262,Kurpark - Großer Teich - Toilette,2025-07-03 05:00:00+00:00,0.008238266684185775
8166,f00542a3-5edf-4ea5-bc4b-81e4d4936262,Kurpark - Großer Teich - Toilette,2025-07-03 06:00:00+00:00,0.009434692233784712
8167,f00542a3-5edf-4ea5-bc4b-81e4d4936262,Kurpark - Großer Teich - Toilette,2025-07-03 07:00:00+00:00,0.009594349553268895
8168,f00542a3-5edf-4ea5-bc4b-81e4d4936262,Kurpark - Großer Teich - Toilette,2025-07-03 08:00:00+00:00,0.010483918203666861
8169,f00542a3-5edf-4ea5-bc4b-81e4d4936262,Kurpark - Großer Teich - Toilette,2025-07-03 09:00:00+00:00,0.010753907946098254
8170,f00542a3-5edf-4ea5-bc4b-81e4d4936262,Kurpark - Großer Teich - Toilette,2025-07-03 10:00:00+00:00,0.010478303432015596
8171,f00542a3-5edf-4ea5-bc4b-81e4d4936262,Kurpark - Großer Teich - Toilette,2025-07-03 11:00:00+00:00,0.009286458570207943
8172,f00542a3-5edf-4ea5-bc4b-81e4d4936262,Kurpark - Großer Teich - Toilette,2025-07-03 12:00:00+00:00,0.010147931155350525
8173,f00542a3-5edf-4ea5-bc4b-81e4d4936262,Kurpark - Großer Teich - Toilette,2025-07-03 13:00:00+00:00,0.013847916805224387
8174,f00542a3-5edf-4ea5-bc4b-81e4d4936262,Kurpark - Großer Teich - Toilette,2025-07-03 14:00:00+00:00,0.013456768589093365
8175,f00542a3-5edf-4ea5-bc4b-81e4d4936262,Kurpark - Großer Teich - Toilette,2025-07-03 15:00:00+00:00,0.01257246537599349
8176,f00542a3-5edf-4ea5-bc4b-81e4d4936262,Kurpark - Großer Teich - Toilette,2025-07-03 16:00:00+00:00,0.015224978149037081
8177,f00542a3-5edf-4ea5-bc4b-81e4d4936262,Kurpark - Großer Teich - Toilette,2025-07-03 17:00:00+00:00,0.018434748448931847
8178,f00542a3-5edf-4ea5-bc4b-81e4d4936262,Kurpark - Großer Teich - Toilette,2025-07-03 18:00:00+00:00,0.017973492385592687
8179,f00542a3-5edf-4ea5-bc4b-81e4d4936262,Kurpark - Großer Teich - Toilette,2025-07-03 19:00:00+00:00,0.01725025948247066
8180,f00542a3-5edf-4ea5-bc4b-81e4d4936262,Kurpark - Großer Teich - Toilette,2025-07-03 20:00:00+00:00,0.016761420858471078
8181,f00542a3-5edf-4ea5-bc4b-81e4d4936262,Kurpark - Großer Teich - Toilette,2025-07-03 21:00:00+00:00,0.015797298476679333
8182,f00542a3-5edf-4ea5-bc4b-81e4d4936262,Kurpark - Großer Teich - Toilette,2025-07-03 22:00:00+00:00,0.014825587944653712
8183,f00542a3-5edf-4ea5-bc4b-81e4d4936262,Kurpark - Großer Teich - Toilette,2025-07-03 23:00:00+00:00,0.014094620531112656
8184,f00542a3-5edf-4ea5-bc4b-81e4d4936262,Kurpark - Großer Teich - Toilette,2025-07-04 00:00:00+00:00,0.0135547601867911
8185,f00542a3-5edf-4ea5-bc4b-81e4d4936262,Kurpark - Großer Teich - Toilette,2025-07-04 01:00:00+00:00,0.01388443686140812
8186,f00542a3-5edf-4ea5-bc4b-81e4d4936262,Kurpark - Großer Teich - Toilette,2025-07-04 02:00:00+00:00,0.013686704220192596
8187,f00542a3-5edf-4ea5-bc4b-81e4d4936262,Kurpark - Großer Teich - Toilette,2025-07-04 03:00:00+00:00,0.013062030499311003
8188,f00542a3-5edf-4ea5-bc4b-81e4d4936262,Kurpark - Großer Teich - Toilette,2025-07-04 04:00:00+00:00,0.012945822113678541
8189,f00542a3-5edf-4ea5-bc4b-81e4d4936262,Kurpark - Großer Teich - Toilette,2025-07-04 05:00:00+00:00,0.012842643914917769
8190,f00542a3-5edf-4ea5-bc4b-81e4d4936262,Kurpark - Großer Teich - Toilette,2025-07-04 06:00:00+00:00,0.011366210516048861
8191,f00542a3-5edf-4ea5-bc4b-81e4d4936262,Kurpark - Großer Teich - Toilette,2025-07-04 07:00:00+00:00,0.011628815420103357
8192,f00542a3-5edf-4ea5-bc4b-81e4d4936262,Kurpark - Großer Teich - Toilette,2025-07-04 08:00:00+00:00,0.012085140547503282
8193,f00542a3-5edf-4ea5-bc4b-81e4d4936262,Kurpark - Großer Teich - Toilette,2025-07-04 09:00:00+00:00,0.013105659292053158
8194,f00542a3-5edf-4ea5-bc4b-81e4d4936262,Kurpark - Großer Teich - Toilette,2025-07-04 10:00:00+00:00,0.014455485500686038
8195,f00542a3-5edf-4ea5-bc4b-81e4d4936262,Kurpark - Großer Teich - Toilette,2025-07-04 11:00:00+00:00,0.013729366592212102
8196,f00542a3-5edf-4ea5-bc4b-81e4d4936262,Kurpark - Großer Teich - Toilette,2025-07-04 12:00:00+00:00,0.014232365959582738
8197,f00542a3-5edf-4ea5-bc4b-81e4d4936262,Kurpark - Großer Teich - Toilette,2025-07-04 13:00:00+00:00,0.014511582612944733
8198,f00542a3-5edf-4ea5-bc4b-81e4d4936262,Kurpark - Großer Teich - Toilette,2025-07-04 14:00:00+00:00,0.015865327234261737
8199,f00542a3-5edf-4ea5-bc4b-81e4d4936262,Kurpark - Großer Teich - Toilette,2025-07-04 15:00:00+00:00,0.018631387562056855
8200,f00542a3-5edf-4ea5-bc4b-81e4d4936262,Kurpark - Großer Teich - Toilette,2025-07-04 16:00:00+00:00,0.019825819034708442
8201,f00542a3-5edf-4ea5-bc4b-81e4d4936262,Kurpark - Großer Teich - Toilette,2025-07-04 17:00:00+00:00,0.021169635363981632
8202,f00542a3-5edf-4ea5-bc4b-81e4d4936262,Kurpark - Großer Teich - Toilette,2025-07-04 18:00:00+00:00,0.020810918823934273
8203,f00542a3-5edf-4ea5-bc4b-81e4d4936262,Kurpark - Großer Teich - Toilette,2025-07-04 19:00:00+00:00,0.020658472074475187
8204,f00542a3-5edf-4ea5-bc4b-81e4d4936262,Kurpark - Großer Teich - Toilette,2025-07-04 20:00:00+00:00,0.019533544807756844
8205,f00542a3-5edf-4ea5-bc4b-81e4d4936262,Kurpark - Großer Teich - Toilette,2025-07-04 21:00:00+00:00,0.018450776800233555
8206,f00542a3-5edf-4ea5-bc4b-81e4d4936262,Kurpark - Großer Teich - Toilette,2025-07-04 22:00:00+00:00,0.018221582021490313
8207,f00542a3-5edf-4ea5-bc4b-81e4d4936262,Kurpark - Großer Teich - Toilette,2025-07-04 23:00:00+00:00,0.018535638540717003
8208,f00542a3-5edf-4ea5-bc4b-81e4d4936262,Kurpark - Großer Teich - Toilette,2025-07-05 00:00:00+00:00,0.018870310067978183
8209,f00542a3-5edf-4ea5-bc4b-81e4d4936262,Kurpark - Großer Teich - Toilette,2025-07-05 01:00:00+00:00,0.018788034002129427
8210,f00542a3-5edf-4ea5-bc4b-81e4d4936262,Kurpark - Großer Teich - Toilette,2025-07-05 02:00:00+00:00,0.018767280369639854
8211,f00542a3-5edf-4ea5-bc4b-81e4d4936262,Kurpark - Großer Teich - Toilette,2025-07-05 03:00:00+00:00,0.01892252004499882
8212,f00542a3-5edf-4ea5-bc4b-81e4d4936262,Kurpark - Großer Teich - Toilette,2025-07-05 04:00:00+00:00,0.01876840957499874
8213,f00542a3-5edf-4ea5-bc4b-81e4d4936262,Kurpark - Großer Teich - Toilette,2025-07-05 05:00:00+00:00,0.01800474147153103
8214,f00542a3-5edf-4ea5-bc4b-81e4d4936262,Kurpark - Großer Teich - Toilette,2025-07-05 06:00:00+00:00,0.017462423353394072
8215,f00542a3-5edf-4ea5-bc4b-81e4d4936262,Kurpark - Großer Teich - Toilette,2025-07-05 07:00:00+00:00,0.017207015129068668
8216,f00542a3-5edf-4ea5-bc4b-81e4d4936262,Kurpark - Großer Teich - Toilette,2025-07-05 08:00:00+00:00,0.018515742863083662
8217,f00542a3-5edf-4ea5-bc4b-81e4d4936262,Kurpark - Großer Teich - Toilette,2025-07-05 09:00:00+00:00,0.01991271272588503
8218,f00542a3-5edf-4ea5-bc4b-81e4d4936262,Kurpark - Großer Teich - Toilette,2025-07-05 10:00:00+00:00,0.025246078950344922
8219,f00542a3-5edf-4ea5-bc4b-81e4d4936262,Kurpark - Großer Teich - Toilette,2025-07-05 11:00:00+00:00,0.03689295364352309
8220,f00542a3-5edf-4ea5-bc4b-81e4d4936262,Kurpark - Großer Teich - Toilette,2025-07-05 12:00:00+00:00,0.03502088845628135
8221,f00542a3-5edf-4ea5-bc4b-81e4d4936262,Kurpark - Großer Teich - Toilette,2025-07-05 13:00:00+00:00,0.030459670264211203
8222,f00542a3-5edf-4ea5-bc4b-81e4d4936262,Kurpark - Großer Teich - Toilette,2025-07-05 14:00:00+00:00,0.020066805126827035
8223,f00542a3-5edf-4ea5-bc4b-81e4d4936262,Kurpark - Großer Teich - Toilette,2025-07-05 15:00:00+00:00,0.021874738376702015
8224,f00542a3-5edf-4ea5-bc4b-81e4d4936262,Kurpark - Großer Teich - Toilette,2025-07-05 16:00:00+00:00,0.024045700190602728
8225,f00542a3-5edf-4ea5-bc4b-81e4d4936262,Kurpark - Großer Teich - Toilette,2025-07-05 17:00:00+00:00,0.02573777962381937
8226,f00542a3-5edf-4ea5-bc4b-81e4d4936262,Kurpark - Großer Teich - Toilette,2025-07-05 18:00:00+00:00,0.026604282166999497
8227,f00542a3-5edf-4ea5-bc4b-81e4d4936262,Kurpark - Großer Teich - Toilette,2025-07-05 19:00:00+00:00,0.02835920917554573
8228,f00542a3-5edf-4ea5-bc4b-81e4d4936262,Kurpark - Großer Teich - Toilette,2025-07-05 20:00:00+00:00,0.027371120551933248
8229,f00542a3-5edf-4ea5-bc4b-81e4d4936262,Kurpark - Großer Teich - Toilette,2025-07-05 21:00:00+00:00,0.02679351202050857
8230,f00542a3-5edf-4ea5-bc4b-81e4d4936262,Kurpark - Großer Teich - Toilette,2025-07-05 22:00:00+00:00,0.02608298954540327
8231,f00542a3-5edf-4ea5-bc4b-81e4d4936262,Kurpark - Großer Teich - Toilette,2025-07-05 23:00:00+00:00,0.025070479398496454
8232,f00542a3-5edf-4ea5-bc4b-81e4d4936262,Kurpark - Großer Teich - Toilette,2025-07-06 00:00:00+00:00,0.024281492056280267
8233,f00542a3-5edf-4ea5-bc4b-81e4d4936262,Kurpark - Großer Teich - Toilette,2025-07-06 01:00:00+00:00,0.02630894190734706
8234,f00542a3-5edf-4ea5-bc4b-81e4d4936262,Kurpark - Großer Teich - Toilette,2025-07-06 02:00:00+00:00,0.02642715460270782
8235,f00542a3-5edf-4ea5-bc4b-81e4d4936262,Kurpark - Großer Teich - Toilette,2025-07-06 03:00:00+00:00,0.025763164108811347
8236,f00542a3-5edf-4ea5-bc4b-81e4d4936262,Kurpark - Großer Teich - Toilette,2025-07-06 04:00:00+00:00,0.02546642823341513
8237,f00542a3-5edf-4ea5-bc4b-81e4d4936262,Kurpark - Großer Teich - Toilette,2025-07-06 05:00:00+00:00,0.024796914593803104
8238,f00542a3-5edf-4ea5-bc4b-81e4d4936262,Kurpark - Großer Teich - Toilette,2025-07-06 06:00:00+00:00,0.024775162621845846
8239,f00542a3-5edf-4ea5-bc4b-81e4d4936262,Kurpark - Großer Teich - Toilette,2025-07-06 07:00:00+00:00,0.025196739815721347
8240,f00542a3-5edf-4ea5-bc4b-81e4d4936262,Kurpark - Großer Teich - Toilette,2025-07-06 08:00:00+00:00,0.020010321598329193
8241,f00542a3-5edf-4ea5-bc4b-81e4d4936262,Kurpark - Großer Teich - Toilette,2025-07-06 09:00:00+00:00,0.024266609355655996
8242,f00542a3-5edf-4ea5-bc4b-81e4d4936262,Kurpark - Großer Teich - Toilette,2025-07-06 10:00:00+00:00,0.02792589784808609
8243,f00542a3-5edf-4ea5-bc4b-81e4d4936262,Kurpark - Großer Teich - Toilette,2025-07-06 11:00:00+00:00,0.029161218545596387
8244,f00542a3-5edf-4ea5-bc4b-81e4d4936262,Kurpark - Großer Teich - Toilette,2025-07-06 12:00:00+00:00,0.031934360554093814
8245,f00542a3-5edf-4ea5-bc4b-81e4d4936262,Kurpark - Großer Teich - Toilette,2025-07-06 13:00:00+00:00,0.03492801971275347
8246,f00542a3-5edf-4ea5-bc4b-81e4d4936262,Kurpark - Großer Teich - Toilette,2025-07-06 14:00:00+00:00,0.03263660922815498
8247,f00542a3-5edf-4ea5-bc4b-81e4d4936262,Kurpark - Großer Teich - Toilette,2025-07-06 15:00:00+00:00,0.03340799962710557
8248,f00542a3-5edf-4ea5-bc4b-81e4d4936262,Kurpark - Großer Teich - Toilette,2025-07-06 16:00:00+00:00,0.029031038269464658
8249,f00542a3-5edf-4ea5-bc4b-81e4d4936262,Kurpark - Großer Teich - Toilette,2025-07-06 17:00:00+00:00,0.025649116321537584
8250,f00542a3-5edf-4ea5-bc4b-81e4d4936262,Kurpark - Großer Teich - Toilette,2025-07-06 18:00:00+00:00,0.024940542070960584
8251,f00542a3-5edf-4ea5-bc4b-81e4d4936262,Kurpark - Großer Teich - Toilette,2025-07-06 19:00:00+00:00,0.02163367885759837
8252,f00542a3-5edf-4ea5-bc4b-81e4d4936262,Kurpark - Großer Teich - Toilette,2025-07-06 20:00:00+00:00,0.0208063871221084
8253,f00542a3-5edf-4ea5-bc4b-81e4d4936262,Kurpark - Großer Teich - Toilette,2025-07-06 21:00:00+00:00,0.020697375794371597
8254,f00542a3-5edf-4ea5-bc4b-81e4d4936262,Kurpark - Großer Teich - Toilette,2025-07-06 22:00:00+00:00,0.02074933522925526
8255,f00542a3-5edf-4ea5-bc4b-81e4d4936262,Kurpark - Großer Teich - Toilette,2025-07-06 23:00:00+00:00,0.024671477371271296
8256,f00542a3-5edf-4ea5-bc4b-81e4d4936262,Kurpark - Großer Teich - Toilette,2025-07-07 00:00:00+00:00,0.026222562993044797
8257,f00542a3-5edf-4ea5-bc4b-81e4d4936262,Kurpark - Großer Teich - Toilette,2025-07-07 01:00:00+00:00,0.02646120001279862
8258,f00542a3-5edf-4ea5-bc4b-81e4d4936262,Kurpark - Großer Teich - Toilette,2025-07-07 02:00:00+00:00,0.026390900660840877
8259,f00542a3-5edf-4ea5-bc4b-81e4d4936262,Kurpark - Großer Teich - Toilette,2025-07-07 03:00:00+00:00,0.026527324096699643
8260,f00542a3-5edf-4ea5-bc4b-81e4d4936262,Kurpark - Großer Teich - Toilette,2025-07-07 04:00:00+00:00,0.027642925559705902
8261,f00542a3-5edf-4ea5-bc4b-81e4d4936262,Kurpark - Großer Teich - Toilette,2025-07-07 05:00:00+00:00,0.028424820509054496
8262,f00542a3-5edf-4ea5-bc4b-81e4d4936262,Kurpark - Großer Teich - Toilette,2025-07-07 06:00:00+00:00,0.03015262673935235
8263,f00542a3-5edf-4ea5-bc4b-81e4d4936262,Kurpark - Großer Teich - Toilette,2025-07-07 07:00:00+00:00,0.03284344849102406
8264,f00542a3-5edf-4ea5-bc4b-81e4d4936262,Kurpark - Großer Teich - Toilette,2025-07-07 08:00:00+00:00,0.036032097338185055
8265,f00542a3-5edf-4ea5-bc4b-81e4d4936262,Kurpark - Großer Teich - Toilette,2025-07-07 09:00:00+00:00,0.031042612122081894
8266,f00542a3-5edf-4ea5-bc4b-81e4d4936262,Kurpark - Großer Teich - Toilette,2025-07-07 10:00:00+00:00,0.03751501737682306
8267,f00542a3-5edf-4ea5-bc4b-81e4d4936262,Kurpark - Großer Teich - Toilette,2025-07-07 11:00:00+00:00,0.0453782372751806
8268,f00542a3-5edf-4ea5-bc4b-81e4d4936262,Kurpark - Großer Teich - Toilette,2025-07-07 12:00:00+00:00,0.03963433254436365
8269,f00542a3-5edf-4ea5-bc4b-81e4d4936262,Kurpark - Großer Teich - Toilette,2025-07-07 13:00:00+00:00,0.021104851996479008
8270,f00542a3-5edf-4ea5-bc4b-81e4d4936262,Kurpark - Großer Teich - Toilette,2025-07-07 14:00:00+00:00,0.01341738474486745
8271,f00542a3-5edf-4ea5-bc4b-81e4d4936262,Kurpark - Großer Teich - Toilette,2025-07-07 15:00:00+00:00,0.012098311369430622
8272,f00542a3-5edf-4ea5-bc4b-81e4d4936262,Kurpark - Großer Teich - Toilette,2025-07-07 16:00:00+00:00,0.011131781762074648
8273,f00542a3-5edf-4ea5-bc4b-81e4d4936262,Kurpark - Großer Teich - Toilette,2025-07-07 17:00:00+00:00,0.01060132648374132
8274,f00542a3-5edf-4ea5-bc4b-81e4d4936262,Kurpark - Großer Teich - Toilette,2025-07-07 18:00:00+00:00,0.010579009981985974
8275,f00542a3-5edf-4ea5-bc4b-81e4d4936262,Kurpark - Großer Teich - Toilette,2025-07-07 19:00:00+00:00,0.010793897899504312
8276,f00542a3-5edf-4ea5-bc4b-81e4d4936262,Kurpark - Großer Teich - Toilette,2025-07-07 20:00:00+00:00,0.011051295087727972
8277,f00542a3-5edf-4ea5-bc4b-81e4d4936262,Kurpark - Großer Teich - Toilette,2025-07-07 21:00:00+00:00,0.010801346169350547
8278,f00542a3-5edf-4ea5-bc4b-81e4d4936262,Kurpark - Großer Teich - Toilette,2025-07-07 22:00:00+00:00,0.010354501663664828
8279,f00542a3-5edf-4ea5-bc4b-81e4d4936262,Kurpark - Großer Teich - Toilette,2025-07-07 23:00:00+00:00,0.006803546562358653
8280,f00542a3-5edf-4ea5-bc4b-81e4d4936262,Kurpark - Großer Teich - Toilette,2025-07-08 00:00:00+00:00,0.006651950940680966
8281,f00542a3-5edf-4ea5-bc4b-81e4d4936262,Kurpark - Großer Teich - Toilette,2025-07-08 01:00:00+00:00,0.006431972651597005
8282,f00542a3-5edf-4ea5-bc4b-81e4d4936262,Kurpark - Großer Teich - Toilette,2025-07-08 02:00:00+00:00,0.006143310628624713
8283,f00542a3-5edf-4ea5-bc4b-81e4d4936262,Kurpark - Großer Teich - Toilette,2025-07-08 03:00:00+00:00,0.005411762816817609
8284,f00542a3-5edf-4ea5-bc4b-81e4d4936262,Kurpark - Großer Teich - Toilette,2025-07-08 04:00:00+00:00,0.00507765609546187
8285,f00542a3-5edf-4ea5-bc4b-81e4d4936262,Kurpark - Großer Teich - Toilette,2025-07-08 05:00:00+00:00,0.005130974684574763
8286,f00542a3-5edf-4ea5-bc4b-81e4d4936262,Kurpark - Großer Teich - Toilette,2025-07-08 06:00:00+00:00,0.005121981068935916
8287,f00542a3-5edf-4ea5-bc4b-81e4d4936262,Kurpark - Großer Teich - Toilette,2025-07-08 07:00:00+00:00,0.00494443354203312
8288,f00542a3-5edf-4ea5-bc4b-81e4d4936262,Kurpark - Großer Teich - Toilette,2025-07-08 08:00:00+00:00,0.005890856813333207
8289,f00542a3-5edf-4ea5-bc4b-81e4d4936262,Kurpark - Großer Teich - Toilette,2025-07-08 09:00:00+00:00,0.006412245375750079
8290,f00542a3-5edf-4ea5-bc4b-81e4d4936262,Kurpark - Großer Teich - Toilette,2025-07-08 10:00:00+00:00,0.00656493969753186
8291,f00542a3-5edf-4ea5-bc4b-81e4d4936262,Kurpark - Großer Teich - Toilette,2025-07-08 11:00:00+00:00,0.005904288753372
8292,f00542a3-5edf-4ea5-bc4b-81e4d4936262,Kurpark - Großer Teich - Toilette,2025-07-08 12:00:00+00:00,0.006443163218428408
8293,f00542a3-5edf-4ea5-bc4b-81e4d4936262,Kurpark - Großer Teich - Toilette,2025-07-08 13:00:00+00:00,0.009040807686269796
8294,f00542a3-5edf-4ea5-bc4b-81e4d4936262,Kurpark - Großer Teich - Toilette,2025-07-08 14:00:00+00:00,0.0088478923401362
8295,f00542a3-5edf-4ea5-bc4b-81e4d4936262,Kurpark - Großer Teich - Toilette,2025-07-08 15:00:00+00:00,0.008817660652022474
8296,f00542a3-5edf-4ea5-bc4b-81e4d4936262,Kurpark - Großer Teich - Toilette,2025-07-08 16:00:00+00:00,0.0091614477840361
8297,f00542a3-5edf-4ea5-bc4b-81e4d4936262,Kurpark - Großer Teich - Toilette,2025-07-08 17:00:00+00:00,0.00847837328421804
8298,f00542a3-5edf-4ea5-bc4b-81e4d4936262,Kurpark - Großer Teich - Toilette,2025-07-08 18:00:00+00:00,0.009500839238277322
8299,f00542a3-5edf-4ea5-bc4b-81e4d4936262,Kurpark - Großer Teich - Toilette,2025-07-08 19:00:00+00:00,0.008816782234353794
8300,f00542a3-5edf-4ea5-bc4b-81e4d4936262,Kurpark - Großer Teich - Toilette,2025-07-08 20:00:00+00:00,0.009030715671713659
8301,f00542a3-5edf-4ea5-bc4b-81e4d4936262,Kurpark - Großer Teich - Toilette,2025-07-08 21:00:00+00:00,0.00844717364233817
8302,f00542a3-5edf-4ea5-bc4b-81e4d4936262,Kurpark - Großer Teich - Toilette,2025-07-08 22:00:00+00:00,0.008783759902767389
8303,f00542a3-5edf-4ea5-bc4b-81e4d4936262,Kurpark - Großer Teich - Toilette,2025-07-08 23:00:00+00:00,0.009296604020656496
8304,f00542a3-5edf-4ea5-bc4b-81e4d4936262,Kurpark - Großer Teich - Toilette,2025-07-09 00:00:00+00:00,0.009527205258147663
8305,f00542a3-5edf-4ea5-bc4b-81e4d4936262,Kurpark - Großer Teich - Toilette,2025-07-09 01:00:00+00:00,0.009563396544544345
8306,f00542a3-5edf-4ea5-bc4b-81e4d4936262,Kurpark - Großer Teich - Toilette,2025-07-09 02:00:00+00:00,0.010979834372458312
8307,f00542a3-5edf-4ea5-bc4b-81e4d4936262,Kurpark - Großer Teich - Toilette,2025-07-09 03:00:00+00:00,0.010572795425436553
8308,f00542a3-5edf-4ea5-bc4b-81e4d4936262,Kurpark - Großer Teich - Toilette,2025-07-09 04:00:00+00:00,0.010512579073765516
8309,f00542a3-5edf-4ea5-bc4b-81e4d4936262,Kurpark - Großer Teich - Toilette,2025-07-09 05:00:00+00:00,0.0104723194531948
8310,f00542a3-5edf-4ea5-bc4b-81e4d4936262,Kurpark - Großer Teich - Toilette,2025-07-09 06:00:00+00:00,0.010706445779343729
8311,f00542a3-5edf-4ea5-bc4b-81e4d4936262,Kurpark - Großer Teich - Toilette,2025-07-09 07:00:00+00:00,0.011084698108430097
8312,f00542a3-5edf-4ea5-bc4b-81e4d4936262,Kurpark - Großer Teich - Toilette,2025-07-09 08:00:00+00:00,0.009947636862517378
8313,f00542a3-5edf-4ea5-bc4b-81e4d4936262,Kurpark - Großer Teich - Toilette,2025-07-09 09:00:00+00:00,0.010284963243649326
8314,f00542a3-5edf-4ea5-bc4b-81e4d4936262,Kurpark - Großer Teich - Toilette,2025-07-09 10:00:00+00:00,0.013316850369075529
8315,f00542a3-5edf-4ea5-bc4b-81e4d4936262,Kurpark - Großer Teich - Toilette,2025-07-09 11:00:00+00:00,0.016750025564311325
8316,f00542a3-5edf-4ea5-bc4b-81e4d4936262,Kurpark - Großer Teich - Toilette,2025-07-09 12:00:00+00:00,0.017216185803707314
8317,f00542a3-5edf-4ea5-bc4b-81e4d4936262,Kurpark - Großer Teich - Toilette,2025-07-09 13:00:00+00:00,0.02174425866058922
8318,f00542a3-5edf-4ea5-bc4b-81e4d4936262,Kurpark - Großer Teich - Toilette,2025-07-09 14:00:00+00:00,0.021235972067822108
8319,f00542a3-5edf-4ea5-bc4b-81e4d4936262,Kurpark - Großer Teich - Toilette,2025-07-09 15:00:00+00:00,0.027631549333972938
8320,f00542a3-5edf-4ea5-bc4b-81e4d4936262,Kurpark - Großer Teich - Toilette,2025-07-09 16:00:00+00:00,0.027859982130029277
8321,f00542a3-5edf-4ea5-bc4b-81e4d4936262,Kurpark - Großer Teich - Toilette,2025-07-09 17:00:00+00:00,0.026662557642723135
8322,f00542a3-5edf-4ea5-bc4b-81e4d4936262,Kurpark - Großer Teich - Toilette,2025-07-09 18:00:00+00:00,0.026758830256543444
8323,f00542a3-5edf-4ea5-bc4b-81e4d4936262,Kurpark - Großer Teich - Toilette,2025-07-09 19:00:00+00:00,0.027732522408509073
8324,f00542a3-5edf-4ea5-bc4b-81e4d4936262,Kurpark - Großer Teich - Toilette,2025-07-09 20:00:00+00:00,0.027201239148179963
8325,f00542a3-5edf-4ea5-bc4b-81e4d4936262,Kurpark - Großer Teich - Toilette,2025-07-09 21:00:00+00:00,0.027556545319537037
8326,f00542a3-5edf-4ea5-bc4b-81e4d4936262,Kurpark - Großer Teich - Toilette,2025-07-09 22:00:00+00:00,0.027744748178275956
8327,f00542a3-5edf-4ea5-bc4b-81e4d4936262,Kurpark - Großer Teich - Toilette,2025-07-09 23:00:00+00:00,0.02780932851946671
8328,f00542a3-5edf-4ea5-bc4b-81e4d4936262,Kurpark - Großer Teich - Toilette,2025-07-10 00:00:00+00:00,0.027231695380076838
8329,f00542a3-5edf-4ea5-bc4b-81e4d4936262,Kurpark - Großer Teich - Toilette,2025-07-10 01:00:00+00:00,0.02701851323517363
8330,f00542a3-5edf-4ea5-bc4b-81e4d4936262,Kurpark - Großer Teich - Toilette,2025-07-10 02:00:00+00:00,0.02564709643522055
8331,f00542a3-5edf-4ea5-bc4b-81e4d4936262,Kurpark - Großer Teich - Toilette,2025-07-10 03:00:00+00:00,0.02590570878112661
8332,f00542a3-5edf-4ea5-bc4b-81e4d4936262,Kurpark - Großer Teich - Toilette,2025-07-10 04:00:00+00:00,0.026009059942059223
8333,f00542a3-5edf-4ea5-bc4b-81e4d4936262,Kurpark - Großer Teich - Toilette,2025-07-10 05:00:00+00:00,0.025552942365749422
8334,f00542a3-5edf-4ea5-bc4b-81e4d4936262,Kurpark - Großer Teich - Toilette,2025-07-10 06:00:00+00:00,0.026711465283732812
8335,f00542a3-5edf-4ea5-bc4b-81e4d4936262,Kurpark - Großer Teich - Toilette,2025-07-10 07:00:00+00:00,0.026494575144671236
8336,f00542a3-5edf-4ea5-bc4b-81e4d4936262,Kurpark - Großer Teich - Toilette,2025-07-10 08:00:00+00:00,0.026915672626195195
8337,f00542a3-5edf-4ea5-bc4b-81e4d4936262,Kurpark - Großer Teich - Toilette,2025-07-10 09:00:00+00:00,0.02731793547231108
8338,f00542a3-5edf-4ea5-bc4b-81e4d4936262,Kurpark - Großer Teich - Toilette,2025-07-10 10:00:00+00:00,0.0253960348151749
8339,f00542a3-5edf-4ea5-bc4b-81e4d4936262,Kurpark - Großer Teich - Toilette,2025-07-10 11:00:00+00:00,0.021243211909816317
8340,f00542a3-5edf-4ea5-bc4b-81e4d4936262,Kurpark - Großer Teich - Toilette,2025-07-10 12:00:00+00:00,0.01744118550101417
8341,f00542a3-5edf-4ea5-bc4b-81e4d4936262,Kurpark - Großer Teich - Toilette,2025-07-10 13:00:00+00:00,0.01766059269467952
8342,f00542a3-5edf-4ea5-bc4b-81e4d4936262,Kurpark - Großer Teich - Toilette,2025-07-10 14:00:00+00:00,0.0184264089196162
8343,f00542a3-5edf-4ea5-bc4b-81e4d4936262,Kurpark - Großer Teich - Toilette,2025-07-10 15:00:00+00:00,0.014121344606948593
8344,f00542a3-5edf-4ea5-bc4b-81e4d4936262,Kurpark - Großer Teich - Toilette,2025-07-10 16:00:00+00:00,0.013387567823881215
8345,f00542a3-5edf-4ea5-bc4b-81e4d4936262,Kurpark - Großer Teich - Toilette,2025-07-10 17:00:00+00:00,0.014132161852955405
8346,f00542a3-5edf-4ea5-bc4b-81e4d4936262,Kurpark - Großer Teich - Toilette,2025-07-10 18:00:00+00:00,0.013692111382751568
8347,f00542a3-5edf-4ea5-bc4b-81e4d4936262,Kurpark - Großer Teich - Toilette,2025-07-10 19:00:00+00:00,0.012183998091385507
8348,f00542a3-5edf-4ea5-bc4b-81e4d4936262,Kurpark - Großer Teich - Toilette,2025-07-10 20:00:00+00:00,0.012016503686396366
8349,f00542a3-5edf-4ea5-bc4b-81e4d4936262,Kurpark - Großer Teich - Toilette,2025-07-10 21:00:00+00:00,0.011340431510252087
8350,f00542a3-5edf-4ea5-bc4b-81e4d4936262,Kurpark - Großer Teich - Toilette,2025-07-10 22:00:00+00:00,0.010847281445262999
8351,f00542a3-5edf-4ea5-bc4b-81e4d4936262,Kurpark - Großer Teich - Toilette,2025-07-10 23:00:00+00:00,0.010876050110954107
8352,f00542a3-5edf-4ea5-bc4b-81e4d4936262,Kurpark - Großer Teich - Toilette,2025-07-11 00:00:00+00:00,0.010710287360217638
8353,f00542a3-5edf-4ea5-bc4b-81e4d4936262,Kurpark - Großer Teich - Toilette,2025-07-11 01:00:00+00:00,0.010992701645160675
8354,f00542a3-5edf-4ea5-bc4b-81e4d4936262,Kurpark - Großer Teich - Toilette,2025-07-11 02:00:00+00:00,0.010393165628986312
8355,f00542a3-5edf-4ea5-bc4b-81e4d4936262,Kurpark - Großer Teich - Toilette,2025-07-11 03:00:00+00:00,0.009874916958149156
8356,f00542a3-5edf-4ea5-bc4b-81e4d4936262,Kurpark - Großer Teich - Toilette,2025-07-11 04:00:00+00:00,0.00971352885551154
8357,f00542a3-5edf-4ea5-bc4b-81e4d4936262,Kurpark - Großer Teich - Toilette,2025-07-11 05:00:00+00:00,0.009221585138932016
8358,f00542a3-5edf-4ea5-bc4b-81e4d4936262,Kurpark - Großer Teich - Toilette,2025-07-11 06:00:00+00:00,0.007661730916554728
8359,f00542a3-5edf-4ea5-bc4b-81e4d4936262,Kurpark - Großer Teich - Toilette,2025-07-11 07:00:00+00:00,0.007541959122685055
8360,f00542a3-5edf-4ea5-bc4b-81e4d4936262,Kurpark - Großer Teich - Toilette,2025-07-11 08:00:00+00:00,0.007934503503558345
8361,f00542a3-5edf-4ea5-bc4b-81e4d4936262,Kurpark - Großer Teich - Toilette,2025-07-11 09:00:00+00:00,0.01016709974592911
8362,f00542a3-5edf-4ea5-bc4b-81e4d4936262,Kurpark - Großer Teich - Toilette,2025-07-11 10:00:00+00:00,0.013316866521980516
8363,f00542a3-5edf-4ea5-bc4b-81e4d4936262,Kurpark - Großer Teich - Toilette,2025-07-11 11:00:00+00:00,0.012390654893116209
8364,f00542a3-5edf-4ea5-bc4b-81e4d4936262,Kurpark - Großer Teich - Toilette,2025-07-11 12:00:00+00:00,0.013451516757935914
8365,f00542a3-5edf-4ea5-bc4b-81e4d4936262,Kurpark - Großer Teich - Toilette,2025-07-11 13:00:00+00:00,0.012838729644961085
8366,f00542a3-5edf-4ea5-bc4b-81e4d4936262,Kurpark - Großer Teich - Toilette,2025-07-11 14:00:00+00:00,0.012436183004752006
8367,f00542a3-5edf-4ea5-bc4b-81e4d4936262,Kurpark - Großer Teich - Toilette,2025-07-11 15:00:00+00:00,0.015875194256031008
8368,f00542a3-5edf-4ea5-bc4b-81e4d4936262,Kurpark - Großer Teich - Toilette,2025-07-11 16:00:00+00:00,0.018027365395280534
8369,f00542a3-5edf-4ea5-bc4b-81e4d4936262,Kurpark - Großer Teich - Toilette,2025-07-11 17:00:00+00:00,0.018125451870164254
8370,f00542a3-5edf-4ea5-bc4b-81e4d4936262,Kurpark - Großer Teich - Toilette,2025-07-11 18:00:00+00:00,0.019040522673748218
8371,f00542a3-5edf-4ea5-bc4b-81e4d4936262,Kurpark - Großer Teich - Toilette,2025-07-11 19:00:00+00:00,0.01762780124034611
8372,f00542a3-5edf-4ea5-bc4b-81e4d4936262,Kurpark - Großer Teich - Toilette,2025-07-11 20:00:00+00:00,0.017365697546171146
8373,f00542a3-5edf-4ea5-bc4b-81e4d4936262,Kurpark - Großer Teich - Toilette,2025-07-11 21:00:00+00:00,0.016127444275995988
8374,f00542a3-5edf-4ea5-bc4b-81e4d4936262,Kurpark - Großer Teich - Toilette,2025-07-11 22:00:00+00:00,0.01611435255265215
8375,f00542a3-5edf-4ea5-bc4b-81e4d4936262,Kurpark - Großer Teich - Toilette,2025-07-11 23:00:00+00:00,0.015370605836818303
8376,f00542a3-5edf-4ea5-bc4b-81e4d4936262,Kurpark - Großer Teich - Toilette,2025-07-12 00:00:00+00:00,0.015749805294630013
8377,f00542a3-5edf-4ea5-bc4b-81e4d4936262,Kurpark - Großer Teich - Toilette,2025-07-12 01:00:00+00:00,0.015514351917246847
8378,f00542a3-5edf-4ea5-bc4b-81e4d4936262,Kurpark - Großer Teich - Toilette,2025-07-12 02:00:00+00:00,0.01588281056379344
8379,f00542a3-5edf-4ea5-bc4b-81e4d4936262,Kurpark - Großer Teich - Toilette,2025-07-12 03:00:00+00:00,0.016086466362794687
8380,f00542a3-5edf-4ea5-bc4b-81e4d4936262,Kurpark - Großer Teich - Toilette,2025-07-12 04:00:00+00:00,0.016048947742560132
8381,f00542a3-5edf-4ea5-bc4b-81e4d4936262,Kurpark - Großer Teich - Toilette,2025-07-12 05:00:00+00:00,0.015717498912729375
8382,f00542a3-5edf-4ea5-bc4b-81e4d4936262,Kurpark - Großer Teich - Toilette,2025-07-12 06:00:00+00:00,0.014995188490257858
8383,f00542a3-5edf-4ea5-bc4b-81e4d4936262,Kurpark - Großer Teich - Toilette,2025-07-12 07:00:00+00:00,0.014667104526594803
8384,f00542a3-5edf-4ea5-bc4b-81e4d4936262,Kurpark - Großer Teich - Toilette,2025-07-12 08:00:00+00:00,0.01578934366342386
8385,f00542a3-5edf-4ea5-bc4b-81e4d4936262,Kurpark - Großer Teich - Toilette,2025-07-12 09:00:00+00:00,0.0172369408162076
8386,f00542a3-5edf-4ea5-bc4b-81e4d4936262,Kurpark - Großer Teich - Toilette,2025-07-12 10:00:00+00:00,0.02195908289637218
8387,f00542a3-5edf-4ea5-bc4b-81e4d4936262,Kurpark - Großer Teich - Toilette,2025-07-12 11:00:00+00:00,0.02577257814762851
8388,f00542a3-5edf-4ea5-bc4b-81e4d4936262,Kurpark - Großer Teich - Toilette,2025-07-12 12:00:00+00:00,0.02689493460722979
8389,f00542a3-5edf-4ea5-bc4b-81e4d4936262,Kurpark - Großer Teich - Toilette,2025-07-12 13:00:00+00:00,0.024264344788276892
8390,f00542a3-5edf-4ea5-bc4b-81e4d4936262,Kurpark - Großer Teich - Toilette,2025-07-12 14:00:00+00:00,0.0164154661984928
8391,f00542a3-5edf-4ea5-bc4b-81e4d4936262,Kurpark - Großer Teich - Toilette,2025-07-12 15:00:00+00:00,0.018445608207292116
8392,f00542a3-5edf-4ea5-bc4b-81e4d4936262,Kurpark - Großer Teich - Toilette,2025-07-12 16:00:00+00:00,0.01707378259987743
8393,f00542a3-5edf-4ea5-bc4b-81e4d4936262,Kurpark - Großer Teich - Toilette,2025-07-12 17:00:00+00:00,0.01589793746043948
8394,f00542a3-5edf-4ea5-bc4b-81e4d4936262,Kurpark - Großer Teich - Toilette,2025-07-12 18:00:00+00:00,0.01458238361540008
8395,f00542a3-5edf-4ea5-bc4b-81e4d4936262,Kurpark - Großer Teich - Toilette,2025-07-12 19:00:00+00:00,0.01577043053622795
8396,f00542a3-5edf-4ea5-bc4b-81e4d4936262,Kurpark - Großer Teich - Toilette,2025-07-12 20:00:00+00:00,0.015490933326328445
8397,f00542a3-5edf-4ea5-bc4b-81e4d4936262,Kurpark - Großer Teich - Toilette,2025-07-12 21:00:00+00:00,0.015091186966328489
8398,f00542a3-5edf-4ea5-bc4b-81e4d4936262,Kurpark - Großer Teich - Toilette,2025-07-12 22:00:00+00:00,0.014990570871090531
8399,f00542a3-5edf-4ea5-bc4b-81e4d4936262,Kurpark - Großer Teich - Toilette,2025-07-12 23:00:00+00:00,0.01533034099136324
8400,f00542a3-5edf-4ea5-bc4b-81e4d4936262,Kurpark - Großer Teich - Toilette,2025-07-13 00:00:00+00:00,0.015925779572787162
8401,f00542a3-5edf-4ea5-bc4b-81e4d4936262,Kurpark - Großer Teich - Toilette,2025-07-13 01:00:00+00:00,0.01745868193270191
8402,f00542a3-5edf-4ea5-bc4b-81e4d4936262,Kurpark - Großer Teich - Toilette,2025-07-13 02:00:00+00:00,0.017767842485233522
8403,f00542a3-5edf-4ea5-bc4b-81e4d4936262,Kurpark - Großer Teich - Toilette,2025-07-13 03:00:00+00:00,0.017337766038786406
8404,f00542a3-5edf-4ea5-bc4b-81e4d4936262,Kurpark - Großer Teich - Toilette,2025-07-13 04:00:00+00:00,0.018188711424304057
8405,f00542a3-5edf-4ea5-bc4b-81e4d4936262,Kurpark - Großer Teich - Toilette,2025-07-13 05:00:00+00:00,0.018640816549280122
8406,f00542a3-5edf-4ea5-bc4b-81e4d4936262,Kurpark - Großer Teich - Toilette,2025-07-13 06:00:00+00:00,0.019059925336299965
8407,f00542a3-5edf-4ea5-bc4b-81e4d4936262,Kurpark - Großer Teich - Toilette,2025-07-13 07:00:00+00:00,0.01960521487613332
8408,f00542a3-5edf-4ea5-bc4b-81e4d4936262,Kurpark - Großer Teich - Toilette,2025-07-13 08:00:00+00:00,0.014948979714889059
8409,f00542a3-5edf-4ea5-bc4b-81e4d4936262,Kurpark - Großer Teich - Toilette,2025-07-13 09:00:00+00:00,0.019609717121872244
8410,f00542a3-5edf-4ea5-bc4b-81e4d4936262,Kurpark - Großer Teich - Toilette,2025-07-13 10:00:00+00:00,0.021543960712678025
8411,f00542a3-5edf-4ea5-bc4b-81e4d4936262,Kurpark - Großer Teich - Toilette,2025-07-13 11:00:00+00:00,0.02589897129128511
8412,f00542a3-5edf-4ea5-bc4b-81e4d4936262,Kurpark - Großer Teich - Toilette,2025-07-13 12:00:00+00:00,0.028535399683561877
8413,f00542a3-5edf-4ea5-bc4b-81e4d4936262,Kurpark - Großer Teich - Toilette,2025-07-13 13:00:00+00:00,0.03205933355266693
8414,f00542a3-5edf-4ea5-bc4b-81e4d4936262,Kurpark - Großer Teich - Toilette,2025-07-13 14:00:00+00:00,0.027852089673485115
8415,f00542a3-5edf-4ea5-bc4b-81e4d4936262,Kurpark - Großer Teich - Toilette,2025-07-13 15:00:00+00:00,0.02714823608878464
8416,f00542a3-5edf-4ea5-bc4b-81e4d4936262,Kurpark - Großer Teich - Toilette,2025-07-13 16:00:00+00:00,0.02511664374641236
8417,f00542a3-5edf-4ea5-bc4b-81e4d4936262,Kurpark - Großer Teich - Toilette,2025-07-13 17:00:00+00:00,0.024140707666413366
8418,f00542a3-5edf-4ea5-bc4b-81e4d4936262,Kurpark - Großer Teich - Toilette,2025-07-13 18:00:00+00:00,0.024849030000841536
8419,f00542a3-5edf-4ea5-bc4b-81e4d4936262,Kurpark - Großer Teich - Toilette,2025-07-13 19:00:00+00:00,0.021203364698568847
8420,f00542a3-5edf-4ea5-bc4b-81e4d4936262,Kurpark - Großer Teich - Toilette,2025-07-13 20:00:00+00:00,0.020501853398967804
8421,f00542a3-5edf-4ea5-bc4b-81e4d4936262,Kurpark - Großer Teich - Toilette,2025-07-13 21:00:00+00:00,0.020541351625467472
8422,f00542a3-5edf-4ea5-bc4b-81e4d4936262,Kurpark - Großer Teich - Toilette,2025-07-13 22:00:00+00:00,0.020860418118642216
8423,f00542a3-5edf-4ea5-bc4b-81e4d4936262,Kurpark - Großer Teich - Toilette,2025-07-13 23:00:00+00:00,0.024288167847247136
8424,fdf97c35-96ee-44ef-8d7f-f8c48f9b4eb8,Parkstraße 24,2025-07-01 00:00:00+00:00,0.04036277073883142
8425,fdf97c35-96ee-44ef-8d7f-f8c48f9b4eb8,Parkstraße 24,2025-07-01 01:00:00+00:00,0.041996180287178844
8426,fdf97c35-96ee-44ef-8d7f-f8c48f9b4eb8,Parkstraße 24,2025-07-01 02:00:00+00:00,0.04181855695164092
8427,fdf97c35-96ee-44ef-8d7f-f8c48f9b4eb8,Parkstraße 24,2025-07-01 03:00:00+00:00,0.042109232051634825
8428,fdf97c35-96ee-44ef-8d7f-f8c48f9b4eb8,Parkstraße 24,2025-07-01 04:00:00+00:00,0.04055901187021213
8429,fdf97c35-96ee-44ef-8d7f-f8c48f9b4eb8,Parkstraße 24,2025-07-01 05:00:00+00:00,0.04072493262414745
8430,fdf97c35-96ee-44ef-8d7f-f8c48f9b4eb8,Parkstraße 24,2025-07-01 06:00:00+00:00,0.040663859152716746
8431,fdf97c35-96ee-44ef-8d7f-f8c48f9b4eb8,Parkstraße 24,2025-07-01 07:00:00+00:00,0.04146409370376489
8432,fdf97c35-96ee-44ef-8d7f-f8c48f9b4eb8,Parkstraße 24,2025-07-01 08:00:00+00:00,0.0321117027617691
8433,fdf97c35-96ee-44ef-8d7f-f8c48f9b4eb8,Parkstraße 24,2025-07-01 09:00:00+00:00,0.03925190597831884
8434,fdf97c35-96ee-44ef-8d7f-f8c48f9b4eb8,Parkstraße 24,2025-07-01 10:00:00+00:00,0.05198082032747852
8435,fdf97c35-96ee-44ef-8d7f-f8c48f9b4eb8,Parkstraße 24,2025-07-01 11:00:00+00:00,0.04649206557686014
8436,fdf97c35-96ee-44ef-8d7f-f8c48f9b4eb8,Parkstraße 24,2025-07-01 12:00:00+00:00,0.04144799348560272
8437,fdf97c35-96ee-44ef-8d7f-f8c48f9b4eb8,Parkstraße 24,2025-07-01 13:00:00+00:00,0.03716160587806345
8438,fdf97c35-96ee-44ef-8d7f-f8c48f9b4eb8,Parkstraße 24,2025-07-01 14:00:00+00:00,0.032917184567474854
8439,fdf97c35-96ee-44ef-8d7f-f8c48f9b4eb8,Parkstraße 24,2025-07-01 15:00:00+00:00,0.03151157679239805
8440,fdf97c35-96ee-44ef-8d7f-f8c48f9b4eb8,Parkstraße 24,2025-07-01 16:00:00+00:00,0.030122586166119958
8441,fdf97c35-96ee-44ef-8d7f-f8c48f9b4eb8,Parkstraße 24,2025-07-01 17:00:00+00:00,0.030217090483617072
8442,fdf97c35-96ee-44ef-8d7f-f8c48f9b4eb8,Parkstraße 24,2025-07-01 18:00:00+00:00,0.030173157132740314
8443,fdf97c35-96ee-44ef-8d7f-f8c48f9b4eb8,Parkstraße 24,2025-07-01 19:00:00+00:00,0.030600886915469805
8444,fdf97c35-96ee-44ef-8d7f-f8c48f9b4eb8,Parkstraße 24,2025-07-01 20:00:00+00:00,0.03014362333349135
8445,fdf97c35-96ee-44ef-8d7f-f8c48f9b4eb8,Parkstraße 24,2025-07-01 21:00:00+00:00,0.03452899438716041
8446,fdf97c35-96ee-44ef-8d7f-f8c48f9b4eb8,Parkstraße 24,2025-07-01 22:00:00+00:00,0.03237543619097911
8447,fdf97c35-96ee-44ef-8d7f-f8c48f9b4eb8,Parkstraße 24,2025-07-01 23:00:00+00:00,0.030897012475064788
8448,fdf97c35-96ee-44ef-8d7f-f8c48f9b4eb8,Parkstraße 24,2025-07-02 00:00:00+00:00,0.034210989775268826
8449,fdf97c35-96ee-44ef-8d7f-f8c48f9b4eb8,Parkstraße 24,2025-07-02 01:00:00+00:00,0.03603283076526616
8450,fdf97c35-96ee-44ef-8d7f-f8c48f9b4eb8,Parkstraße 24,2025-07-02 02:00:00+00:00,0.03741507016160654
8451,fdf97c35-96ee-44ef-8d7f-f8c48f9b4eb8,Parkstraße 24,2025-07-02 03:00:00+00:00,0.03545572039976815
8452,fdf97c35-96ee-44ef-8d7f-f8c48f9b4eb8,Parkstraße 24,2025-07-02 04:00:00+00:00,0.037370458592392894
8453,fdf97c35-96ee-44ef-8d7f-f8c48f9b4eb8,Parkstraße 24,2025-07-02 05:00:00+00:00,0.038756567459594674
8454,fdf97c35-96ee-44ef-8d7f-f8c48f9b4eb8,Parkstraße 24,2025-07-02 06:00:00+00:00,0.03928435156979164
8455,fdf97c35-96ee-44ef-8d7f-f8c48f9b4eb8,Parkstraße 24,2025-07-02 07:00:00+00:00,0.03953791865900762
8456,fdf97c35-96ee-44ef-8d7f-f8c48f9b4eb8,Parkstraße 24,2025-07-02 08:00:00+00:00,0.041887922779787555
8457,fdf97c35-96ee-44ef-8d7f-f8c48f9b4eb8,Parkstraße 24,2025-07-02 09:00:00+00:00,0.043318280461049505
8458,fdf97c35-96ee-44ef-8d7f-f8c48f9b4eb8,Parkstraße 24,2025-07-02 10:00:00+00:00,0.03696445914046425
8459,fdf97c35-96ee-44ef-8d7f-f8c48f9b4eb8,Parkstraße 24,2025-07-02 11:00:00+00:00,0.03279514442992992
8460,fdf97c35-96ee-44ef-8d7f-f8c48f9b4eb8,Parkstraße 24,2025-07-02 12:00:00+00:00,0.029706596908604038
8461,fdf97c35-96ee-44ef-8d7f-f8c48f9b4eb8,Parkstraße 24,2025-07-02 13:00:00+00:00,0.02475982932024209
8462,fdf97c35-96ee-44ef-8d7f-f8c48f9b4eb8,Parkstraße 24,2025-07-02 14:00:00+00:00,0.019394148510087385
8463,fdf97c35-96ee-44ef-8d7f-f8c48f9b4eb8,Parkstraße 24,2025-07-02 15:00:00+00:00,0.01918580529758933
8464,fdf97c35-96ee-44ef-8d7f-f8c48f9b4eb8,Parkstraße 24,2025-07-02 16:00:00+00:00,0.018583557583240304
8465,fdf97c35-96ee-44ef-8d7f-f8c48f9b4eb8,Parkstraße 24,2025-07-02 17:00:00+00:00,0.018280643043593673
8466,fdf97c35-96ee-44ef-8d7f-f8c48f9b4eb8,Parkstraße 24,2025-07-02 18:00:00+00:00,0.019219314712726917
8467,fdf97c35-96ee-44ef-8d7f-f8c48f9b4eb8,Parkstraße 24,2025-07-02 19:00:00+00:00,0.024173524363467827
8468,fdf97c35-96ee-44ef-8d7f-f8c48f9b4eb8,Parkstraße 24,2025-07-02 20:00:00+00:00,0.030552949885710126
8469,fdf97c35-96ee-44ef-8d7f-f8c48f9b4eb8,Parkstraße 24,2025-07-02 21:00:00+00:00,0.026022100213190548
8470,fdf97c35-96ee-44ef-8d7f-f8c48f9b4eb8,Parkstraße 24,2025-07-02 22:00:00+00:00,0.018906975845246483
8471,fdf97c35-96ee-44ef-8d7f-f8c48f9b4eb8,Parkstraße 24,2025-07-02 23:00:00+00:00,0.024155648209629604
8472,fdf97c35-96ee-44ef-8d7f-f8c48f9b4eb8,Parkstraße 24,2025-07-03 00:00:00+00:00,0.03365297730736862
8473,fdf97c35-96ee-44ef-8d7f-f8c48f9b4eb8,Parkstraße 24,2025-07-03 01:00:00+00:00,0.038439581959888426
8474,fdf97c35-96ee-44ef-8d7f-f8c48f9b4eb8,Parkstraße 24,2025-07-03 02:00:00+00:00,0.04014294948496565
8475,fdf97c35-96ee-44ef-8d7f-f8c48f9b4eb8,Parkstraße 24,2025-07-03 03:00:00+00:00,0.04095346017139829
8476,fdf97c35-96ee-44ef-8d7f-f8c48f9b4eb8,Parkstraße 24,2025-07-03 04:00:00+00:00,0.04021490679395392
8477,fdf97c35-96ee-44ef-8d7f-f8c48f9b4eb8,Parkstraße 24,2025-07-03 05:00:00+00:00,0.03997513161721171
8478,fdf97c35-96ee-44ef-8d7f-f8c48f9b4eb8,Parkstraße 24,2025-07-03 06:00:00+00:00,0.041123543996858226
8479,fdf97c35-96ee-44ef-8d7f-f8c48f9b4eb8,Parkstraße 24,2025-07-03 07:00:00+00:00,0.042047743711127114
8480,fdf97c35-96ee-44ef-8d7f-f8c48f9b4eb8,Parkstraße 24,2025-07-03 08:00:00+00:00,0.04269780772919334
8481,fdf97c35-96ee-44ef-8d7f-f8c48f9b4eb8,Parkstraße 24,2025-07-03 09:00:00+00:00,0.04687482440704502
8482,fdf97c35-96ee-44ef-8d7f-f8c48f9b4eb8,Parkstraße 24,2025-07-03 10:00:00+00:00,0.04864930119481724
8483,fdf97c35-96ee-44ef-8d7f-f8c48f9b4eb8,Parkstraße 24,2025-07-03 11:00:00+00:00,0.04994985811913512
8484,fdf97c35-96ee-44ef-8d7f-f8c48f9b4eb8,Parkstraße 24,2025-07-03 12:00:00+00:00,0.04790423170461579
8485,fdf97c35-96ee-44ef-8d7f-f8c48f9b4eb8,Parkstraße 24,2025-07-03 13:00:00+00:00,0.040226807746137
8486,fdf97c35-96ee-44ef-8d7f-f8c48f9b4eb8,Parkstraße 24,2025-07-03 14:00:00+00:00,0.033982373231783984
8487,fdf97c35-96ee-44ef-8d7f-f8c48f9b4eb8,Parkstraße 24,2025-07-03 15:00:00+00:00,0.03184268061169299
8488,fdf97c35-96ee-44ef-8d7f-f8c48f9b4eb8,Parkstraße 24,2025-07-03 16:00:00+00:00,0.031173426762335935
8489,fdf97c35-96ee-44ef-8d7f-f8c48f9b4eb8,Parkstraße 24,2025-07-03 17:00:00+00:00,0.031047987806583337
8490,fdf97c35-96ee-44ef-8d7f-f8c48f9b4eb8,Parkstraße 24,2025-07-03 18:00:00+00:00,0.030376416110963082
8491,fdf97c35-96ee-44ef-8d7f-f8c48f9b4eb8,Parkstraße 24,2025-07-03 19:00:00+00:00,0.027233602122036
8492,fdf97c35-96ee-44ef-8d7f-f8c48f9b4eb8,Parkstraße 24,2025-07-03 20:00:00+00:00,0.02880323780683248
8493,fdf97c35-96ee-44ef-8d7f-f8c48f9b4eb8,Parkstraße 24,2025-07-03 21:00:00+00:00,0.03016888120187784
8494,fdf97c35-96ee-44ef-8d7f-f8c48f9b4eb8,Parkstraße 24,2025-07-03 22:00:00+00:00,0.03156816933165295
8495,fdf97c35-96ee-44ef-8d7f-f8c48f9b4eb8,Parkstraße 24,2025-07-03 23:00:00+00:00,0.04020037394223304
8496,fdf97c35-96ee-44ef-8d7f-f8c48f9b4eb8,Parkstraße 24,2025-07-04 00:00:00+00:00,0.038572775875779515
8497,fdf97c35-96ee-44ef-8d7f-f8c48f9b4eb8,Parkstraße 24,2025-07-04 01:00:00+00:00,0.03803902662316395
8498,fdf97c35-96ee-44ef-8d7f-f8c48f9b4eb8,Parkstraße 24,2025-07-04 02:00:00+00:00,0.041633610605462654
8499,fdf97c35-96ee-44ef-8d7f-f8c48f9b4eb8,Parkstraße 24,2025-07-04 03:00:00+00:00,0.041495114294431805
8500,fdf97c35-96ee-44ef-8d7f-f8c48f9b4eb8,Parkstraße 24,2025-07-04 04:00:00+00:00,0.04199534230281867
8501,fdf97c35-96ee-44ef-8d7f-f8c48f9b4eb8,Parkstraße 24,2025-07-04 05:00:00+00:00,0.04207689407639684
8502,fdf97c35-96ee-44ef-8d7f-f8c48f9b4eb8,Parkstraße 24,2025-07-04 06:00:00+00:00,0.0431320812873737
8503,fdf97c35-96ee-44ef-8d7f-f8c48f9b4eb8,Parkstraße 24,2025-07-04 07:00:00+00:00,0.042252320783276655
8504,fdf97c35-96ee-44ef-8d7f-f8c48f9b4eb8,Parkstraße 24,2025-07-04 08:00:00+00:00,0.04504347276600382
8505,fdf97c35-96ee-44ef-8d7f-f8c48f9b4eb8,Parkstraße 24,2025-07-04 09:00:00+00:00,0.04726528051183528
8506,fdf97c35-96ee-44ef-8d7f-f8c48f9b4eb8,Parkstraße 24,2025-07-04 10:00:00+00:00,0.05160752928183295
8507,fdf97c35-96ee-44ef-8d7f-f8c48f9b4eb8,Parkstraße 24,2025-07-04 11:00:00+00:00,0.05241077974723998
8508,fdf97c35-96ee-44ef-8d7f-f8c48f9b4eb8,Parkstraße 24,2025-07-04 12:00:00+00:00,0.06399472418312871
8509,fdf97c35-96ee-44ef-8d7f-f8c48f9b4eb8,Parkstraße 24,2025-07-04 13:00:00+00:00,0.054869089642009046
8510,fdf97c35-96ee-44ef-8d7f-f8c48f9b4eb8,Parkstraße 24,2025-07-04 14:00:00+00:00,0.048099236890829775
8511,fdf97c35-96ee-44ef-8d7f-f8c48f9b4eb8,Parkstraße 24,2025-07-04 15:00:00+00:00,0.043570527973282855
8512,fdf97c35-96ee-44ef-8d7f-f8c48f9b4eb8,Parkstraße 24,2025-07-04 16:00:00+00:00,0.043499556997589256
8513,fdf97c35-96ee-44ef-8d7f-f8c48f9b4eb8,Parkstraße 24,2025-07-04 17:00:00+00:00,0.044398772863282296
8514,fdf97c35-96ee-44ef-8d7f-f8c48f9b4eb8,Parkstraße 24,2025-07-04 18:00:00+00:00,0.04541785158144017
8515,fdf97c35-96ee-44ef-8d7f-f8c48f9b4eb8,Parkstraße 24,2025-07-04 19:00:00+00:00,0.04669255796946403
8516,fdf97c35-96ee-44ef-8d7f-f8c48f9b4eb8,Parkstraße 24,2025-07-04 20:00:00+00:00,0.0553163673426826
8517,fdf97c35-96ee-44ef-8d7f-f8c48f9b4eb8,Parkstraße 24,2025-07-04 21:00:00+00:00,0.06337835859644161
8518,fdf97c35-96ee-44ef-8d7f-f8c48f9b4eb8,Parkstraße 24,2025-07-04 22:00:00+00:00,0.07812818617084026
8519,fdf97c35-96ee-44ef-8d7f-f8c48f9b4eb8,Parkstraße 24,2025-07-04 23:00:00+00:00,0.0611479024781489
8520,fdf97c35-96ee-44ef-8d7f-f8c48f9b4eb8,Parkstraße 24,2025-07-05 00:00:00+00:00,0.08012489526765787
8521,fdf97c35-96ee-44ef-8d7f-f8c48f9b4eb8,Parkstraße 24,2025-07-05 01:00:00+00:00,0.09236715373397593
8522,fdf97c35-96ee-44ef-8d7f-f8c48f9b4eb8,Parkstraße 24,2025-07-05 02:00:00+00:00,0.09204036236324459
8523,fdf97c35-96ee-44ef-8d7f-f8c48f9b4eb8,Parkstraße 24,2025-07-05 03:00:00+00:00,0.09318895035796558
8524,fdf97c35-96ee-44ef-8d7f-f8c48f9b4eb8,Parkstraße 24,2025-07-05 04:00:00+00:00,0.09190004417443733
8525,fdf97c35-96ee-44ef-8d7f-f8c48f9b4eb8,Parkstraße 24,2025-07-05 05:00:00+00:00,0.09298226222204668
8526,fdf97c35-96ee-44ef-8d7f-f8c48f9b4eb8,Parkstraße 24,2025-07-05 06:00:00+00:00,0.09777412020854544
8527,fdf97c35-96ee-44ef-8d7f-f8c48f9b4eb8,Parkstraße 24,2025-07-05 07:00:00+00:00,0.1036659707376231
8528,fdf97c35-96ee-44ef-8d7f-f8c48f9b4eb8,Parkstraße 24,2025-07-05 08:00:00+00:00,0.12085745713799338
8529,fdf97c35-96ee-44ef-8d7f-f8c48f9b4eb8,Parkstraße 24,2025-07-05 09:00:00+00:00,0.10386143558302573
8530,fdf97c35-96ee-44ef-8d7f-f8c48f9b4eb8,Parkstraße 24,2025-07-05 10:00:00+00:00,0.139252354450582
8531,fdf97c35-96ee-44ef-8d7f-f8c48f9b4eb8,Parkstraße 24,2025-07-05 11:00:00+00:00,0.1499652417929006
8532,fdf97c35-96ee-44ef-8d7f-f8c48f9b4eb8,Parkstraße 24,2025-07-05 12:00:00+00:00,0.15202703068165688
8533,fdf97c35-96ee-44ef-8d7f-f8c48f9b4eb8,Parkstraße 24,2025-07-05 13:00:00+00:00,0.15317447488396402
8534,fdf97c35-96ee-44ef-8d7f-f8c48f9b4eb8,Parkstraße 24,2025-07-05 14:00:00+00:00,0.14405851745986636
8535,fdf97c35-96ee-44ef-8d7f-f8c48f9b4eb8,Parkstraße 24,2025-07-05 15:00:00+00:00,0.13779816290214245
8536,fdf97c35-96ee-44ef-8d7f-f8c48f9b4eb8,Parkstraße 24,2025-07-05 16:00:00+00:00,0.13134849037137464
8537,fdf97c35-96ee-44ef-8d7f-f8c48f9b4eb8,Parkstraße 24,2025-07-05 17:00:00+00:00,0.12820405829497272
8538,fdf97c35-96ee-44ef-8d7f-f8c48f9b4eb8,Parkstraße 24,2025-07-05 18:00:00+00:00,0.12805897920635345
8539,fdf97c35-96ee-44ef-8d7f-f8c48f9b4eb8,Parkstraße 24,2025-07-05 19:00:00+00:00,0.12895795241594804
8540,fdf97c35-96ee-44ef-8d7f-f8c48f9b4eb8,Parkstraße 24,2025-07-05 20:00:00+00:00,0.1132446715132105
8541,fdf97c35-96ee-44ef-8d7f-f8c48f9b4eb8,Parkstraße 24,2025-07-05 21:00:00+00:00,0.11393752600832029
8542,fdf97c35-96ee-44ef-8d7f-f8c48f9b4eb8,Parkstraße 24,2025-07-05 22:00:00+00:00,0.11137066110727228
8543,fdf97c35-96ee-44ef-8d7f-f8c48f9b4eb8,Parkstraße 24,2025-07-05 23:00:00+00:00,0.11995334439518203
8544,fdf97c35-96ee-44ef-8d7f-f8c48f9b4eb8,Parkstraße 24,2025-07-06 00:00:00+00:00,0.11696737744531045
8545,fdf97c35-96ee-44ef-8d7f-f8c48f9b4eb8,Parkstraße 24,2025-07-06 01:00:00+00:00,0.11901584568314436
8546,fdf97c35-96ee-44ef-8d7f-f8c48f9b4eb8,Parkstraße 24,2025-07-06 02:00:00+00:00,0.12545298194744073
8547,fdf97c35-96ee-44ef-8d7f-f8c48f9b4eb8,Parkstraße 24,2025-07-06 03:00:00+00:00,0.12489862584595558
8548,fdf97c35-96ee-44ef-8d7f-f8c48f9b4eb8,Parkstraße 24,2025-07-06 04:00:00+00:00,0.12434746632699516
8549,fdf97c35-96ee-44ef-8d7f-f8c48f9b4eb8,Parkstraße 24,2025-07-06 05:00:00+00:00,0.12279223681674437
8550,fdf97c35-96ee-44ef-8d7f-f8c48f9b4eb8,Parkstraße 24,2025-07-06 06:00:00+00:00,0.1189611249209237
8551,fdf97c35-96ee-44ef-8d7f-f8c48f9b4eb8,Parkstraße 24,2025-07-06 07:00:00+00:00,0.11449138936915994
8552,fdf97c35-96ee-44ef-8d7f-f8c48f9b4eb8,Parkstraße 24,2025-07-06 08:00:00+00:00,0.0848847568128486
8553,fdf97c35-96ee-44ef-8d7f-f8c48f9b4eb8,Parkstraße 24,2025-07-06 09:00:00+00:00,0.08771246878361423
8554,fdf97c35-96ee-44ef-8d7f-f8c48f9b4eb8,Parkstraße 24,2025-07-06 10:00:00+00:00,0.07509491032478491
8555,fdf97c35-96ee-44ef-8d7f-f8c48f9b4eb8,Parkstraße 24,2025-07-06 11:00:00+00:00,0.07755020796220509
8556,fdf97c35-96ee-44ef-8d7f-f8c48f9b4eb8,Parkstraße 24,2025-07-06 12:00:00+00:00,0.0990119556892481
8557,fdf97c35-96ee-44ef-8d7f-f8c48f9b4eb8,Parkstraße 24,2025-07-06 13:00:00+00:00,0.08766938682686179
8558,fdf97c35-96ee-44ef-8d7f-f8c48f9b4eb8,Parkstraße 24,2025-07-06 14:00:00+00:00,0.0783057889426538
8559,fdf97c35-96ee-44ef-8d7f-f8c48f9b4eb8,Parkstraße 24,2025-07-06 15:00:00+00:00,0.07266998425505158
8560,fdf97c35-96ee-44ef-8d7f-f8c48f9b4eb8,Parkstraße 24,2025-07-06 16:00:00+00:00,0.06790557336337741
8561,fdf97c35-96ee-44ef-8d7f-f8c48f9b4eb8,Parkstraße 24,2025-07-06 17:00:00+00:00,0.07020520770712817
8562,fdf97c35-96ee-44ef-8d7f-f8c48f9b4eb8,Parkstraße 24,2025-07-06 18:00:00+00:00,0.07065651902211124
8563,fdf97c35-96ee-44ef-8d7f-f8c48f9b4eb8,Parkstraße 24,2025-07-06 19:00:00+00:00,0.06983639378548588
8564,fdf97c35-96ee-44ef-8d7f-f8c48f9b4eb8,Parkstraße 24,2025-07-06 20:00:00+00:00,0.0706900936119572
8565,fdf97c35-96ee-44ef-8d7f-f8c48f9b4eb8,Parkstraße 24,2025-07-06 21:00:00+00:00,0.06914780089425611
8566,fdf97c35-96ee-44ef-8d7f-f8c48f9b4eb8,Parkstraße 24,2025-07-06 22:00:00+00:00,0.06274532372985195
8567,fdf97c35-96ee-44ef-8d7f-f8c48f9b4eb8,Parkstraße 24,2025-07-06 23:00:00+00:00,0.06294286548297585
8568,fdf97c35-96ee-44ef-8d7f-f8c48f9b4eb8,Parkstraße 24,2025-07-07 00:00:00+00:00,0.06384174224186352
8569,fdf97c35-96ee-44ef-8d7f-f8c48f9b4eb8,Parkstraße 24,2025-07-07 01:00:00+00:00,0.06328464324537797
8570,fdf97c35-96ee-44ef-8d7f-f8c48f9b4eb8,Parkstraße 24,2025-07-07 02:00:00+00:00,0.07063417709150446
8571,fdf97c35-96ee-44ef-8d7f-f8c48f9b4eb8,Parkstraße 24,2025-07-07 03:00:00+00:00,0.07867685644579149
8572,fdf97c35-96ee-44ef-8d7f-f8c48f9b4eb8,Parkstraße 24,2025-07-07 04:00:00+00:00,0.08068942888066477
8573,fdf97c35-96ee-44ef-8d7f-f8c48f9b4eb8,Parkstraße 24,2025-07-07 05:00:00+00:00,0.08106154327694264
8574,fdf97c35-96ee-44ef-8d7f-f8c48f9b4eb8,Parkstraße 24,2025-07-07 06:00:00+00:00,0.07730697921685975
8575,fdf97c35-96ee-44ef-8d7f-f8c48f9b4eb8,Parkstraße 24,2025-07-07 07:00:00+00:00,0.0767762728424218
8576,fdf97c35-96ee-44ef-8d7f-f8c48f9b4eb8,Parkstraße 24,2025-07-07 08:00:00+00:00,0.08011951362717176
8577,fdf97c35-96ee-44ef-8d7f-f8c48f9b4eb8,Parkstraße 24,2025-07-07 09:00:00+00:00,0.08278404354895881
8578,fdf97c35-96ee-44ef-8d7f-f8c48f9b4eb8,Parkstraße 24,2025-07-07 10:00:00+00:00,0.08407156026136203
8579,fdf97c35-96ee-44ef-8d7f-f8c48f9b4eb8,Parkstraße 24,2025-07-07 11:00:00+00:00,0.08925420640690976
8580,fdf97c35-96ee-44ef-8d7f-f8c48f9b4eb8,Parkstraße 24,2025-07-07 12:00:00+00:00,0.04508861247191144
8581,fdf97c35-96ee-44ef-8d7f-f8c48f9b4eb8,Parkstraße 24,2025-07-07 13:00:00+00:00,0.03912344711779615
8582,fdf97c35-96ee-44ef-8d7f-f8c48f9b4eb8,Parkstraße 24,2025-07-07 14:00:00+00:00,0.033200178273610506
8583,fdf97c35-96ee-44ef-8d7f-f8c48f9b4eb8,Parkstraße 24,2025-07-07 15:00:00+00:00,0.03201481321333799
8584,fdf97c35-96ee-44ef-8d7f-f8c48f9b4eb8,Parkstraße 24,2025-07-07 16:00:00+00:00,0.03170428050698081
8585,fdf97c35-96ee-44ef-8d7f-f8c48f9b4eb8,Parkstraße 24,2025-07-07 17:00:00+00:00,0.03246537552149988
8586,fdf97c35-96ee-44ef-8d7f-f8c48f9b4eb8,Parkstraße 24,2025-07-07 18:00:00+00:00,0.03141643307366846
8587,fdf97c35-96ee-44ef-8d7f-f8c48f9b4eb8,Parkstraße 24,2025-07-07 19:00:00+00:00,0.03098602832881896
8588,fdf97c35-96ee-44ef-8d7f-f8c48f9b4eb8,Parkstraße 24,2025-07-07 20:00:00+00:00,0.030648570502156393
8589,fdf97c35-96ee-44ef-8d7f-f8c48f9b4eb8,Parkstraße 24,2025-07-07 21:00:00+00:00,0.03139387396832423
8590,fdf97c35-96ee-44ef-8d7f-f8c48f9b4eb8,Parkstraße 24,2025-07-07 22:00:00+00:00,0.040812595771613405
8591,fdf97c35-96ee-44ef-8d7f-f8c48f9b4eb8,Parkstraße 24,2025-07-07 23:00:00+00:00,0.03876945168964503
8592,fdf97c35-96ee-44ef-8d7f-f8c48f9b4eb8,Parkstraße 24,2025-07-08 00:00:00+00:00,0.041657228696848216
8593,fdf97c35-96ee-44ef-8d7f-f8c48f9b4eb8,Parkstraße 24,2025-07-08 01:00:00+00:00,0.044317409616694725
8594,fdf97c35-96ee-44ef-8d7f-f8c48f9b4eb8,Parkstraße 24,2025-07-08 02:00:00+00:00,0.04546197334086043
8595,fdf97c35-96ee-44ef-8d7f-f8c48f9b4eb8,Parkstraße 24,2025-07-08 03:00:00+00:00,0.0459744522442666
8596,fdf97c35-96ee-44ef-8d7f-f8c48f9b4eb8,Parkstraße 24,2025-07-08 04:00:00+00:00,0.04352653804350646
8597,fdf97c35-96ee-44ef-8d7f-f8c48f9b4eb8,Parkstraße 24,2025-07-08 05:00:00+00:00,0.04380899932623861
8598,fdf97c35-96ee-44ef-8d7f-f8c48f9b4eb8,Parkstraße 24,2025-07-08 06:00:00+00:00,0.044517742935739145
8599,fdf97c35-96ee-44ef-8d7f-f8c48f9b4eb8,Parkstraße 24,2025-07-08 07:00:00+00:00,0.04668064943092914
8600,fdf97c35-96ee-44ef-8d7f-f8c48f9b4eb8,Parkstraße 24,2025-07-08 08:00:00+00:00,0.0381998073917553
8601,fdf97c35-96ee-44ef-8d7f-f8c48f9b4eb8,Parkstraße 24,2025-07-08 09:00:00+00:00,0.042406824178045664
8602,fdf97c35-96ee-44ef-8d7f-f8c48f9b4eb8,Parkstraße 24,2025-07-08 10:00:00+00:00,0.04632487137161417
8603,fdf97c35-96ee-44ef-8d7f-f8c48f9b4eb8,Parkstraße 24,2025-07-08 11:00:00+00:00,0.05716987819918971
8604,fdf97c35-96ee-44ef-8d7f-f8c48f9b4eb8,Parkstraße 24,2025-07-08 12:00:00+00:00,0.05709861502288486
8605,fdf97c35-96ee-44ef-8d7f-f8c48f9b4eb8,Parkstraße 24,2025-07-08 13:00:00+00:00,0.05050036674546746
8606,fdf97c35-96ee-44ef-8d7f-f8c48f9b4eb8,Parkstraße 24,2025-07-08 14:00:00+00:00,0.04615007847705876
8607,fdf97c35-96ee-44ef-8d7f-f8c48f9b4eb8,Parkstraße 24,2025-07-08 15:00:00+00:00,0.04244254797894499
8608,fdf97c35-96ee-44ef-8d7f-f8c48f9b4eb8,Parkstraße 24,2025-07-08 16:00:00+00:00,0.04136584230763119
8609,fdf97c35-96ee-44ef-8d7f-f8c48f9b4eb8,Parkstraße 24,2025-07-08 17:00:00+00:00,0.04132692955699097
8610,fdf97c35-96ee-44ef-8d7f-f8c48f9b4eb8,Parkstraße 24,2025-07-08 18:00:00+00:00,0.03988863523987476
8611,fdf97c35-96ee-44ef-8d7f-f8c48f9b4eb8,Parkstraße 24,2025-07-08 19:00:00+00:00,0.038111325161294084
8612,fdf97c35-96ee-44ef-8d7f-f8c48f9b4eb8,Parkstraße 24,2025-07-08 20:00:00+00:00,0.036851431548595194
8613,fdf97c35-96ee-44ef-8d7f-f8c48f9b4eb8,Parkstraße 24,2025-07-08 21:00:00+00:00,0.040075644098906724
8614,fdf97c35-96ee-44ef-8d7f-f8c48f9b4eb8,Parkstraße 24,2025-07-08 22:00:00+00:00,0.03769811182746877
8615,fdf97c35-96ee-44ef-8d7f-f8c48f9b4eb8,Parkstraße 24,2025-07-08 23:00:00+00:00,0.038703144767102966
8616,fdf97c35-96ee-44ef-8d7f-f8c48f9b4eb8,Parkstraße 24,2025-07-09 00:00:00+00:00,0.03950291910382662
8617,fdf97c35-96ee-44ef-8d7f-f8c48f9b4eb8,Parkstraße 24,2025-07-09 01:00:00+00:00,0.04272433679627894
8618,fdf97c35-96ee-44ef-8d7f-f8c48f9b4eb8,Parkstraße 24,2025-07-09 02:00:00+00:00,0.043759422189955176
8619,fdf97c35-96ee-44ef-8d7f-f8c48f9b4eb8,Parkstraße 24,2025-07-09 03:00:00+00:00,0.04334580526284953
8620,fdf97c35-96ee-44ef-8d7f-f8c48f9b4eb8,Parkstraße 24,2025-07-09 04:00:00+00:00,0.04329610448418609
8621,fdf97c35-96ee-44ef-8d7f-f8c48f9b4eb8,Parkstraße 24,2025-07-09 05:00:00+00:00,0.04228375551180688
8622,fdf97c35-96ee-44ef-8d7f-f8c48f9b4eb8,Parkstraße 24,2025-07-09 06:00:00+00:00,0.0417513841340198
8623,fdf97c35-96ee-44ef-8d7f-f8c48f9b4eb8,Parkstraße 24,2025-07-09 07:00:00+00:00,0.042335956506600866
8624,fdf97c35-96ee-44ef-8d7f-f8c48f9b4eb8,Parkstraße 24,2025-07-09 08:00:00+00:00,0.04394149056800692
8625,fdf97c35-96ee-44ef-8d7f-f8c48f9b4eb8,Parkstraße 24,2025-07-09 09:00:00+00:00,0.04420395822512647
8626,fdf97c35-96ee-44ef-8d7f-f8c48f9b4eb8,Parkstraße 24,2025-07-09 10:00:00+00:00,0.048171958263163735
8627,fdf97c35-96ee-44ef-8d7f-f8c48f9b4eb8,Parkstraße 24,2025-07-09 11:00:00+00:00,0.040615641628974804
8628,fdf97c35-96ee-44ef-8d7f-f8c48f9b4eb8,Parkstraße 24,2025-07-09 12:00:00+00:00,0.027842280457399053
8629,fdf97c35-96ee-44ef-8d7f-f8c48f9b4eb8,Parkstraße 24,2025-07-09 13:00:00+00:00,0.022578316914234522
8630,fdf97c35-96ee-44ef-8d7f-f8c48f9b4eb8,Parkstraße 24,2025-07-09 14:00:00+00:00,0.016638341611005494
8631,fdf97c35-96ee-44ef-8d7f-f8c48f9b4eb8,Parkstraße 24,2025-07-09 15:00:00+00:00,0.01635967386156993
8632,fdf97c35-96ee-44ef-8d7f-f8c48f9b4eb8,Parkstraße 24,2025-07-09 16:00:00+00:00,0.01584646297532211
8633,fdf97c35-96ee-44ef-8d7f-f8c48f9b4eb8,Parkstraße 24,2025-07-09 17:00:00+00:00,0.01586953336416195
8634,fdf97c35-96ee-44ef-8d7f-f8c48f9b4eb8,Parkstraße 24,2025-07-09 18:00:00+00:00,0.017239623871123703
8635,fdf97c35-96ee-44ef-8d7f-f8c48f9b4eb8,Parkstraße 24,2025-07-09 19:00:00+00:00,0.021585255124777252
8636,fdf97c35-96ee-44ef-8d7f-f8c48f9b4eb8,Parkstraße 24,2025-07-09 20:00:00+00:00,0.026250064998608793
8637,fdf97c35-96ee-44ef-8d7f-f8c48f9b4eb8,Parkstraße 24,2025-07-09 21:00:00+00:00,0.02124263427846192
8638,fdf97c35-96ee-44ef-8d7f-f8c48f9b4eb8,Parkstraße 24,2025-07-09 22:00:00+00:00,0.01396951641627833
8639,fdf97c35-96ee-44ef-8d7f-f8c48f9b4eb8,Parkstraße 24,2025-07-09 23:00:00+00:00,0.01812250001130881
8640,fdf97c35-96ee-44ef-8d7f-f8c48f9b4eb8,Parkstraße 24,2025-07-10 00:00:00+00:00,0.02786655744980037
8641,fdf97c35-96ee-44ef-8d7f-f8c48f9b4eb8,Parkstraße 24,2025-07-10 01:00:00+00:00,0.032537665558797245
8642,fdf97c35-96ee-44ef-8d7f-f8c48f9b4eb8,Parkstraße 24,2025-07-10 02:00:00+00:00,0.03377680148704904
8643,fdf97c35-96ee-44ef-8d7f-f8c48f9b4eb8,Parkstraße 24,2025-07-10 03:00:00+00:00,0.03393234128820461
8644,fdf97c35-96ee-44ef-8d7f-f8c48f9b4eb8,Parkstraße 24,2025-07-10 04:00:00+00:00,0.03281266742402624
8645,fdf97c35-96ee-44ef-8d7f-f8c48f9b4eb8,Parkstraße 24,2025-07-10 05:00:00+00:00,0.03232684035527513
8646,fdf97c35-96ee-44ef-8d7f-f8c48f9b4eb8,Parkstraße 24,2025-07-10 06:00:00+00:00,0.03407594285605437
8647,fdf97c35-96ee-44ef-8d7f-f8c48f9b4eb8,Parkstraße 24,2025-07-10 07:00:00+00:00,0.035644382172738215
8648,fdf97c35-96ee-44ef-8d7f-f8c48f9b4eb8,Parkstraße 24,2025-07-10 08:00:00+00:00,0.03688603175239739
8649,fdf97c35-96ee-44ef-8d7f-f8c48f9b4eb8,Parkstraße 24,2025-07-10 09:00:00+00:00,0.03813382071041256
8650,fdf97c35-96ee-44ef-8d7f-f8c48f9b4eb8,Parkstraße 24,2025-07-10 10:00:00+00:00,0.05833594869843081
8651,fdf97c35-96ee-44ef-8d7f-f8c48f9b4eb8,Parkstraße 24,2025-07-10 11:00:00+00:00,0.07702996934653668
8652,fdf97c35-96ee-44ef-8d7f-f8c48f9b4eb8,Parkstraße 24,2025-07-10 12:00:00+00:00,0.06920279615933964
8653,fdf97c35-96ee-44ef-8d7f-f8c48f9b4eb8,Parkstraße 24,2025-07-10 13:00:00+00:00,0.06274665511843192
8654,fdf97c35-96ee-44ef-8d7f-f8c48f9b4eb8,Parkstraße 24,2025-07-10 14:00:00+00:00,0.05680615353825851
8655,fdf97c35-96ee-44ef-8d7f-f8c48f9b4eb8,Parkstraße 24,2025-07-10 15:00:00+00:00,0.04955849079257849
8656,fdf97c35-96ee-44ef-8d7f-f8c48f9b4eb8,Parkstraße 24,2025-07-10 16:00:00+00:00,0.0498029129873387
8657,fdf97c35-96ee-44ef-8d7f-f8c48f9b4eb8,Parkstraße 24,2025-07-10 17:00:00+00:00,0.047711300604911286
8658,fdf97c35-96ee-44ef-8d7f-f8c48f9b4eb8,Parkstraße 24,2025-07-10 18:00:00+00:00,0.045228662759803306
8659,fdf97c35-96ee-44ef-8d7f-f8c48f9b4eb8,Parkstraße 24,2025-07-10 19:00:00+00:00,0.04379329915689336
8660,fdf97c35-96ee-44ef-8d7f-f8c48f9b4eb8,Parkstraße 24,2025-07-10 20:00:00+00:00,0.04684405340574396
8661,fdf97c35-96ee-44ef-8d7f-f8c48f9b4eb8,Parkstraße 24,2025-07-10 21:00:00+00:00,0.047957707187878
8662,fdf97c35-96ee-44ef-8d7f-f8c48f9b4eb8,Parkstraße 24,2025-07-10 22:00:00+00:00,0.05117571848861667
8663,fdf97c35-96ee-44ef-8d7f-f8c48f9b4eb8,Parkstraße 24,2025-07-10 23:00:00+00:00,0.05604831477196766
8664,fdf97c35-96ee-44ef-8d7f-f8c48f9b4eb8,Parkstraße 24,2025-07-11 00:00:00+00:00,0.05513213678555871
8665,fdf97c35-96ee-44ef-8d7f-f8c48f9b4eb8,Parkstraße 24,2025-07-11 01:00:00+00:00,0.06120307099253146
8666,fdf97c35-96ee-44ef-8d7f-f8c48f9b4eb8,Parkstraße 24,2025-07-11 02:00:00+00:00,0.06736652954991047
8667,fdf97c35-96ee-44ef-8d7f-f8c48f9b4eb8,Parkstraße 24,2025-07-11 03:00:00+00:00,0.068847843570191
8668,fdf97c35-96ee-44ef-8d7f-f8c48f9b4eb8,Parkstraße 24,2025-07-11 04:00:00+00:00,0.06834474024878877
8669,fdf97c35-96ee-44ef-8d7f-f8c48f9b4eb8,Parkstraße 24,2025-07-11 05:00:00+00:00,0.06614000272371795
8670,fdf97c35-96ee-44ef-8d7f-f8c48f9b4eb8,Parkstraße 24,2025-07-11 06:00:00+00:00,0.06400648706168965
8671,fdf97c35-96ee-44ef-8d7f-f8c48f9b4eb8,Parkstraße 24,2025-07-11 07:00:00+00:00,0.06569971846300919
8672,fdf97c35-96ee-44ef-8d7f-f8c48f9b4eb8,Parkstraße 24,2025-07-11 08:00:00+00:00,0.0697534334964517
8673,fdf97c35-96ee-44ef-8d7f-f8c48f9b4eb8,Parkstraße 24,2025-07-11 09:00:00+00:00,0.07278029072885765
8674,fdf97c35-96ee-44ef-8d7f-f8c48f9b4eb8,Parkstraße 24,2025-07-11 10:00:00+00:00,0.0743838368241975
8675,fdf97c35-96ee-44ef-8d7f-f8c48f9b4eb8,Parkstraße 24,2025-07-11 11:00:00+00:00,0.06030594231334697
8676,fdf97c35-96ee-44ef-8d7f-f8c48f9b4eb8,Parkstraße 24,2025-07-11 12:00:00+00:00,0.06873610546416088
8677,fdf97c35-96ee-44ef-8d7f-f8c48f9b4eb8,Parkstraße 24,2025-07-11 13:00:00+00:00,0.06128829077131437
8678,fdf97c35-96ee-44ef-8d7f-f8c48f9b4eb8,Parkstraße 24,2025-07-11 14:00:00+00:00,0.05263776508225031
8679,fdf97c35-96ee-44ef-8d7f-f8c48f9b4eb8,Parkstraße 24,2025-07-11 15:00:00+00:00,0.046499265543148996
8680,fdf97c35-96ee-44ef-8d7f-f8c48f9b4eb8,Parkstraße 24,2025-07-11 16:00:00+00:00,0.04711040668131341
8681,fdf97c35-96ee-44ef-8d7f-f8c48f9b4eb8,Parkstraße 24,2025-07-11 17:00:00+00:00,0.04671446885943533
8682,fdf97c35-96ee-44ef-8d7f-f8c48f9b4eb8,Parkstraße 24,2025-07-11 18:00:00+00:00,0.046872451477963935
8683,fdf97c35-96ee-44ef-8d7f-f8c48f9b4eb8,Parkstraße 24,2025-07-11 19:00:00+00:00,0.043228038891467306
8684,fdf97c35-96ee-44ef-8d7f-f8c48f9b4eb8,Parkstraße 24,2025-07-11 20:00:00+00:00,0.06118019252907163
8685,fdf97c35-96ee-44ef-8d7f-f8c48f9b4eb8,Parkstraße 24,2025-07-11 21:00:00+00:00,0.0714570011421837
8686,fdf97c35-96ee-44ef-8d7f-f8c48f9b4eb8,Parkstraße 24,2025-07-11 22:00:00+00:00,0.08927480319305742
8687,fdf97c35-96ee-44ef-8d7f-f8c48f9b4eb8,Parkstraße 24,2025-07-11 23:00:00+00:00,0.08273540230803623
8688,fdf97c35-96ee-44ef-8d7f-f8c48f9b4eb8,Parkstraße 24,2025-07-12 00:00:00+00:00,0.09818224420764858
8689,fdf97c35-96ee-44ef-8d7f-f8c48f9b4eb8,Parkstraße 24,2025-07-12 01:00:00+00:00,0.10835556630241686
8690,fdf97c35-96ee-44ef-8d7f-f8c48f9b4eb8,Parkstraße 24,2025-07-12 02:00:00+00:00,0.10924244561006204
8691,fdf97c35-96ee-44ef-8d7f-f8c48f9b4eb8,Parkstraße 24,2025-07-12 03:00:00+00:00,0.10988332844112549
8692,fdf97c35-96ee-44ef-8d7f-f8c48f9b4eb8,Parkstraße 24,2025-07-12 04:00:00+00:00,0.10680860243673011
8693,fdf97c35-96ee-44ef-8d7f-f8c48f9b4eb8,Parkstraße 24,2025-07-12 05:00:00+00:00,0.1038003791426884
8694,fdf97c35-96ee-44ef-8d7f-f8c48f9b4eb8,Parkstraße 24,2025-07-12 06:00:00+00:00,0.10761346897480581
8695,fdf97c35-96ee-44ef-8d7f-f8c48f9b4eb8,Parkstraße 24,2025-07-12 07:00:00+00:00,0.11312364001483356
8696,fdf97c35-96ee-44ef-8d7f-f8c48f9b4eb8,Parkstraße 24,2025-07-12 08:00:00+00:00,0.13004957627558514
8697,fdf97c35-96ee-44ef-8d7f-f8c48f9b4eb8,Parkstraße 24,2025-07-12 09:00:00+00:00,0.1124924481068433
8698,fdf97c35-96ee-44ef-8d7f-f8c48f9b4eb8,Parkstraße 24,2025-07-12 10:00:00+00:00,0.10194692290280126
8699,fdf97c35-96ee-44ef-8d7f-f8c48f9b4eb8,Parkstraße 24,2025-07-12 11:00:00+00:00,0.11231609812986511
8700,fdf97c35-96ee-44ef-8d7f-f8c48f9b4eb8,Parkstraße 24,2025-07-12 12:00:00+00:00,0.11215926469014029
8701,fdf97c35-96ee-44ef-8d7f-f8c48f9b4eb8,Parkstraße 24,2025-07-12 13:00:00+00:00,0.11339775046024149
8702,fdf97c35-96ee-44ef-8d7f-f8c48f9b4eb8,Parkstraße 24,2025-07-12 14:00:00+00:00,0.11397288112158883
8703,fdf97c35-96ee-44ef-8d7f-f8c48f9b4eb8,Parkstraße 24,2025-07-12 15:00:00+00:00,0.11485689349068545
8704,fdf97c35-96ee-44ef-8d7f-f8c48f9b4eb8,Parkstraße 24,2025-07-12 16:00:00+00:00,0.11365561322495281
8705,fdf97c35-96ee-44ef-8d7f-f8c48f9b4eb8,Parkstraße 24,2025-07-12 17:00:00+00:00,0.11345575562788132
8706,fdf97c35-96ee-44ef-8d7f-f8c48f9b4eb8,Parkstraße 24,2025-07-12 18:00:00+00:00,0.11336743893289887
8707,fdf97c35-96ee-44ef-8d7f-f8c48f9b4eb8,Parkstraße 24,2025-07-12 19:00:00+00:00,0.11318943343481708
8708,fdf97c35-96ee-44ef-8d7f-f8c48f9b4eb8,Parkstraße 24,2025-07-12 20:00:00+00:00,0.08663676311659639
8709,fdf97c35-96ee-44ef-8d7f-f8c48f9b4eb8,Parkstraße 24,2025-07-12 21:00:00+00:00,0.08649379658893816
8710,fdf97c35-96ee-44ef-8d7f-f8c48f9b4eb8,Parkstraße 24,2025-07-12 22:00:00+00:00,0.08394614701603828
8711,fdf97c35-96ee-44ef-8d7f-f8c48f9b4eb8,Parkstraße 24,2025-07-12 23:00:00+00:00,0.08669800071995934
8712,fdf97c35-96ee-44ef-8d7f-f8c48f9b4eb8,Parkstraße 24,2025-07-13 00:00:00+00:00,0.0790165953870696
8713,fdf97c35-96ee-44ef-8d7f-f8c48f9b4eb8,Parkstraße 24,2025-07-13 01:00:00+00:00,0.07679909307492777
8714,fdf97c35-96ee-44ef-8d7f-f8c48f9b4eb8,Parkstraße 24,2025-07-13 02:00:00+00:00,0.07756987025922228
8715,fdf97c35-96ee-44ef-8d7f-f8c48f9b4eb8,Parkstraße 24,2025-07-13 03:00:00+00:00,0.07567677390242909
8716,fdf97c35-96ee-44ef-8d7f-f8c48f9b4eb8,Parkstraße 24,2025-07-13 04:00:00+00:00,0.07515294171638545
8717,fdf97c35-96ee-44ef-8d7f-f8c48f9b4eb8,Parkstraße 24,2025-07-13 05:00:00+00:00,0.07502366551251333
8718,fdf97c35-96ee-44ef-8d7f-f8c48f9b4eb8,Parkstraße 24,2025-07-13 06:00:00+00:00,0.07444680731626502
8719,fdf97c35-96ee-44ef-8d7f-f8c48f9b4eb8,Parkstraße 24,2025-07-13 07:00:00+00:00,0.07357180311972264
8720,fdf97c35-96ee-44ef-8d7f-f8c48f9b4eb8,Parkstraße 24,2025-07-13 08:00:00+00:00,0.055577849324705185
8721,fdf97c35-96ee-44ef-8d7f-f8c48f9b4eb8,Parkstraße 24,2025-07-13 09:00:00+00:00,0.06287117146221173
8722,fdf97c35-96ee-44ef-8d7f-f8c48f9b4eb8,Parkstraße 24,2025-07-13 10:00:00+00:00,0.06424028497503495
8723,fdf97c35-96ee-44ef-8d7f-f8c48f9b4eb8,Parkstraße 24,2025-07-13 11:00:00+00:00,0.06644020859373342
8724,fdf97c35-96ee-44ef-8d7f-f8c48f9b4eb8,Parkstraße 24,2025-07-13 12:00:00+00:00,0.08937028489286153
8725,fdf97c35-96ee-44ef-8d7f-f8c48f9b4eb8,Parkstraße 24,2025-07-13 13:00:00+00:00,0.08088331299912283
8726,fdf97c35-96ee-44ef-8d7f-f8c48f9b4eb8,Parkstraße 24,2025-07-13 14:00:00+00:00,0.07241828593663888
8727,fdf97c35-96ee-44ef-8d7f-f8c48f9b4eb8,Parkstraße 24,2025-07-13 15:00:00+00:00,0.06766574899682884
8728,fdf97c35-96ee-44ef-8d7f-f8c48f9b4eb8,Parkstraße 24,2025-07-13 16:00:00+00:00,0.06396091174585092
8729,fdf97c35-96ee-44ef-8d7f-f8c48f9b4eb8,Parkstraße 24,2025-07-13 17:00:00+00:00,0.06571584464449041
8730,fdf97c35-96ee-44ef-8d7f-f8c48f9b4eb8,Parkstraße 24,2025-07-13 18:00:00+00:00,0.06593745047436232
8731,fdf97c35-96ee-44ef-8d7f-f8c48f9b4eb8,Parkstraße 24,2025-07-13 19:00:00+00:00,0.06674758878740238
8732,fdf97c35-96ee-44ef-8d7f-f8c48f9b4eb8,Parkstraße 24,2025-07-13 20:00:00+00:00,0.06907958779894541
8733,fdf97c35-96ee-44ef-8d7f-f8c48f9b4eb8,Parkstraße 24,2025-07-13 21:00:00+00:00,0.066587219977764
8734,fdf97c35-96ee-44ef-8d7f-f8c48f9b4eb8,Parkstraße 24,2025-07-13 22:00:00+00:00,0.06231245430558727
8735,fdf97c35-96ee-44ef-8d7f-f8c48f9b4eb8,Parkstraße 24,2025-07-13 23:00:00+00:00,0.06149747367097685
