SID,location,timestamp,point_error
26213d2d-2954-4312-b42a-a6b323764086,Kurpark - Eingang Kurhaus,2025-06-30 03:00:00+02:00,5.507970809936523
26213d2d-2954-4312-b42a-a6b323764086,Kurpark - Eingang Kurhaus,2025-06-30 04:00:00+02:00,3.9306583404541016
26213d2d-2954-4312-b42a-a6b323764086,Kurpark - Eingang Kurhaus,2025-06-30 05:00:00+02:00,5.467766443888347
26213d2d-2954-4312-b42a-a6b323764086,Kurpark - Eingang Kurhaus,2025-06-30 06:00:00+02:00,4.941958904266357
26213d2d-2954-4312-b42a-a6b323764086,Kurpark - Eingang Kurhaus,2025-06-30 07:00:00+02:00,8.390902328491212
26213d2d-2954-4312-b42a-a6b323764086,Kurpark - Eingang Kurhaus,2025-06-30 08:00:00+02:00,2.215449651082357
26213d2d-2954-4312-b42a-a6b323764086,Kurpark - Eingang Kurhaus,2025-06-30 09:00:00+02:00,1.7778216770717077
26213d2d-2954-4312-b42a-a6b323764086,Kurpark - Eingang Kurhaus,2025-06-30 10:00:00+02:00,9.437927722930908
26213d2d-2954-4312-b42a-a6b323764086,Kurpark - Eingang Kurhaus,2025-06-30 11:00:00+02:00,12.172901577419704
26213d2d-2954-4312-b42a-a6b323764086,Kurpark - Eingang Kurhaus,2025-06-30 12:00:00+02:00,34.91101722717285
26213d2d-2954-4312-b42a-a6b323764086,Kurpark - Eingang Kurhaus,2025-06-30 13:00:00+02:00,36.3932692787864
26213d2d-2954-4312-b42a-a6b323764086,Kurpark - Eingang Kurhaus,2025-06-30 14:00:00+02:00,5.896054903666179
26213d2d-2954-4312-b42a-a6b323764086,Kurpark - Eingang Kurhaus,2025-06-30 15:00:00+02:00,4.861619362464318
26213d2d-2954-4312-b42a-a6b323764086,Kurpark - Eingang Kurhaus,2025-06-30 16:00:00+02:00,4.593162672860282
26213d2d-2954-4312-b42a-a6b323764086,Kurpark - Eingang Kurhaus,2025-06-30 17:00:00+02:00,15.174995549519856
26213d2d-2954-4312-b42a-a6b323764086,Kurpark - Eingang Kurhaus,2025-06-30 18:00:00+02:00,18.544979691505432
26213d2d-2954-4312-b42a-a6b323764086,Kurpark - Eingang Kurhaus,2025-06-30 19:00:00+02:00,6.562570908490348
26213d2d-2954-4312-b42a-a6b323764086,Kurpark - Eingang Kurhaus,2025-06-30 20:00:00+02:00,7.673299100663927
26213d2d-2954-4312-b42a-a6b323764086,Kurpark - Eingang Kurhaus,2025-06-30 21:00:00+02:00,7.674694763986688
26213d2d-2954-4312-b42a-a6b323764086,Kurpark - Eingang Kurhaus,2025-06-30 22:00:00+02:00,1.8540460586547851
26213d2d-2954-4312-b42a-a6b323764086,Kurpark - Eingang Kurhaus,2025-06-30 23:00:00+02:00,2.9351162229265486
26213d2d-2954-4312-b42a-a6b323764086,Kurpark - Eingang Kurhaus,2025-07-01 00:00:00+02:00,2.791793563149192
26213d2d-2954-4312-b42a-a6b323764086,Kurpark - Eingang Kurhaus,2025-07-01 01:00:00+02:00,2.5291900634765625
26213d2d-2954-4312-b42a-a6b323764086,Kurpark - Eingang Kurhaus,2025-07-01 02:00:00+02:00,1.4975508848826091
26213d2d-2954-4312-b42a-a6b323764086,Kurpark - Eingang Kurhaus,2025-07-01 03:00:00+02:00,2.1997318267822266
26213d2d-2954-4312-b42a-a6b323764086,Kurpark - Eingang Kurhaus,2025-07-01 04:00:00+02:00,4.405409296353658
26213d2d-2954-4312-b42a-a6b323764086,Kurpark - Eingang Kurhaus,2025-07-01 05:00:00+02:00,4.072080890337626
26213d2d-2954-4312-b42a-a6b323764086,Kurpark - Eingang Kurhaus,2025-07-01 06:00:00+02:00,5.494406501452128
26213d2d-2954-4312-b42a-a6b323764086,Kurpark - Eingang Kurhaus,2025-07-01 07:00:00+02:00,4.219657739003499
26213d2d-2954-4312-b42a-a6b323764086,Kurpark - Eingang Kurhaus,2025-07-01 08:00:00+02:00,6.581821123758952
26213d2d-2954-4312-b42a-a6b323764086,Kurpark - Eingang Kurhaus,2025-07-01 09:00:00+02:00,14.376660029093424
26213d2d-2954-4312-b42a-a6b323764086,Kurpark - Eingang Kurhaus,2025-07-01 10:00:00+02:00,6.766665935516357
26213d2d-2954-4312-b42a-a6b323764086,Kurpark - Eingang Kurhaus,2025-07-01 11:00:00+02:00,2.182776927947998
26213d2d-2954-4312-b42a-a6b323764086,Kurpark - Eingang Kurhaus,2025-07-01 12:00:00+02:00,9.62897221247355
26213d2d-2954-4312-b42a-a6b323764086,Kurpark - Eingang Kurhaus,2025-07-01 13:00:00+02:00,16.179763317108154
26213d2d-2954-4312-b42a-a6b323764086,Kurpark - Eingang Kurhaus,2025-07-01 14:00:00+02:00,18.12164878845215
26213d2d-2954-4312-b42a-a6b323764086,Kurpark - Eingang Kurhaus,2025-07-01 15:00:00+02:00,6.706716378529866
26213d2d-2954-4312-b42a-a6b323764086,Kurpark - Eingang Kurhaus,2025-07-01 16:00:00+02:00,16.18798065185547
26213d2d-2954-4312-b42a-a6b323764086,Kurpark - Eingang Kurhaus,2025-07-01 17:00:00+02:00,10.121183633804321
26213d2d-2954-4312-b42a-a6b323764086,Kurpark - Eingang Kurhaus,2025-07-01 18:00:00+02:00,5.39146105448405
26213d2d-2954-4312-b42a-a6b323764086,Kurpark - Eingang Kurhaus,2025-07-01 19:00:00+02:00,8.316397031148275
26213d2d-2954-4312-b42a-a6b323764086,Kurpark - Eingang Kurhaus,2025-07-01 20:00:00+02:00,10.250065366427103
26213d2d-2954-4312-b42a-a6b323764086,Kurpark - Eingang Kurhaus,2025-07-01 21:00:00+02:00,6.214154680569966
26213d2d-2954-4312-b42a-a6b323764086,Kurpark - Eingang Kurhaus,2025-07-01 22:00:00+02:00,3.072339495023092
26213d2d-2954-4312-b42a-a6b323764086,Kurpark - Eingang Kurhaus,2025-07-01 23:00:00+02:00,1.4367726643880208
26213d2d-2954-4312-b42a-a6b323764086,Kurpark - Eingang Kurhaus,2025-07-02 00:00:00+02:00,1.0438889662424724
26213d2d-2954-4312-b42a-a6b323764086,Kurpark - Eingang Kurhaus,2025-07-02 01:00:00+02:00,4.12364649772644
26213d2d-2954-4312-b42a-a6b323764086,Kurpark - Eingang Kurhaus,2025-07-02 02:00:00+02:00,1.023710568745931
26213d2d-2954-4312-b42a-a6b323764086,Kurpark - Eingang Kurhaus,2025-07-02 03:00:00+02:00,3.9278668562571206
26213d2d-2954-4312-b42a-a6b323764086,Kurpark - Eingang Kurhaus,2025-07-02 04:00:00+02:00,1.535828431447347
26213d2d-2954-4312-b42a-a6b323764086,Kurpark - Eingang Kurhaus,2025-07-02 05:00:00+02:00,3.2757837375005088
26213d2d-2954-4312-b42a-a6b323764086,Kurpark - Eingang Kurhaus,2025-07-02 06:00:00+02:00,4.566744804382324
26213d2d-2954-4312-b42a-a6b323764086,Kurpark - Eingang Kurhaus,2025-07-02 07:00:00+02:00,6.310705105463664
26213d2d-2954-4312-b42a-a6b323764086,Kurpark - Eingang Kurhaus,2025-07-02 08:00:00+02:00,6.6264738241831465
26213d2d-2954-4312-b42a-a6b323764086,Kurpark - Eingang Kurhaus,2025-07-02 09:00:00+02:00,4.759543100992839
26213d2d-2954-4312-b42a-a6b323764086,Kurpark - Eingang Kurhaus,2025-07-02 10:00:00+02:00,9.371313254038492
26213d2d-2954-4312-b42a-a6b323764086,Kurpark - Eingang Kurhaus,2025-07-02 11:00:00+02:00,3.5489160219828286
26213d2d-2954-4312-b42a-a6b323764086,Kurpark - Eingang Kurhaus,2025-07-02 12:00:00+02:00,5.096998373667399
26213d2d-2954-4312-b42a-a6b323764086,Kurpark - Eingang Kurhaus,2025-07-02 13:00:00+02:00,7.939688364664714
26213d2d-2954-4312-b42a-a6b323764086,Kurpark - Eingang Kurhaus,2025-07-02 14:00:00+02:00,16.51458676656087
26213d2d-2954-4312-b42a-a6b323764086,Kurpark - Eingang Kurhaus,2025-07-02 15:00:00+02:00,16.006911595662434
26213d2d-2954-4312-b42a-a6b323764086,Kurpark - Eingang Kurhaus,2025-07-02 16:00:00+02:00,15.190885464350382
26213d2d-2954-4312-b42a-a6b323764086,Kurpark - Eingang Kurhaus,2025-07-02 17:00:00+02:00,9.629195213317871
26213d2d-2954-4312-b42a-a6b323764086,Kurpark - Eingang Kurhaus,2025-07-02 18:00:00+02:00,6.150580883026123
26213d2d-2954-4312-b42a-a6b323764086,Kurpark - Eingang Kurhaus,2025-07-02 19:00:00+02:00,12.595702886581421
26213d2d-2954-4312-b42a-a6b323764086,Kurpark - Eingang Kurhaus,2025-07-02 20:00:00+02:00,2.877187410990397
26213d2d-2954-4312-b42a-a6b323764086,Kurpark - Eingang Kurhaus,2025-07-02 21:00:00+02:00,2.8280978202819824
26213d2d-2954-4312-b42a-a6b323764086,Kurpark - Eingang Kurhaus,2025-07-02 22:00:00+02:00,3.566304643948873
26213d2d-2954-4312-b42a-a6b323764086,Kurpark - Eingang Kurhaus,2025-07-02 23:00:00+02:00,1.2599204381306965
26213d2d-2954-4312-b42a-a6b323764086,Kurpark - Eingang Kurhaus,2025-07-03 00:00:00+02:00,1.6090088685353596
26213d2d-2954-4312-b42a-a6b323764086,Kurpark - Eingang Kurhaus,2025-07-03 01:00:00+02:00,2.1670774618784585
26213d2d-2954-4312-b42a-a6b323764086,Kurpark - Eingang Kurhaus,2025-07-03 02:00:00+02:00,3.2835517724355063
26213d2d-2954-4312-b42a-a6b323764086,Kurpark - Eingang Kurhaus,2025-07-03 03:00:00+02:00,3.4917032718658447
26213d2d-2954-4312-b42a-a6b323764086,Kurpark - Eingang Kurhaus,2025-07-03 04:00:00+02:00,5.507856289545695
26213d2d-2954-4312-b42a-a6b323764086,Kurpark - Eingang Kurhaus,2025-07-03 05:00:00+02:00,3.8406795263290405
26213d2d-2954-4312-b42a-a6b323764086,Kurpark - Eingang Kurhaus,2025-07-03 06:00:00+02:00,5.919740756352742
26213d2d-2954-4312-b42a-a6b323764086,Kurpark - Eingang Kurhaus,2025-07-03 07:00:00+02:00,5.1392355759938555
26213d2d-2954-4312-b42a-a6b323764086,Kurpark - Eingang Kurhaus,2025-07-03 08:00:00+02:00,17.6293519337972
26213d2d-2954-4312-b42a-a6b323764086,Kurpark - Eingang Kurhaus,2025-07-03 09:00:00+02:00,13.164609750111898
26213d2d-2954-4312-b42a-a6b323764086,Kurpark - Eingang Kurhaus,2025-07-03 10:00:00+02:00,22.327711423238117
26213d2d-2954-4312-b42a-a6b323764086,Kurpark - Eingang Kurhaus,2025-07-03 11:00:00+02:00,3.852652072906494
26213d2d-2954-4312-b42a-a6b323764086,Kurpark - Eingang Kurhaus,2025-07-03 12:00:00+02:00,14.484937826792398
26213d2d-2954-4312-b42a-a6b323764086,Kurpark - Eingang Kurhaus,2025-07-03 13:00:00+02:00,11.23055648803711
26213d2d-2954-4312-b42a-a6b323764086,Kurpark - Eingang Kurhaus,2025-07-03 14:00:00+02:00,19.36609395345052
26213d2d-2954-4312-b42a-a6b323764086,Kurpark - Eingang Kurhaus,2025-07-03 15:00:00+02:00,16.143738587697346
26213d2d-2954-4312-b42a-a6b323764086,Kurpark - Eingang Kurhaus,2025-07-03 16:00:00+02:00,18.218621571858723
26213d2d-2954-4312-b42a-a6b323764086,Kurpark - Eingang Kurhaus,2025-07-03 17:00:00+02:00,28.438180605570476
26213d2d-2954-4312-b42a-a6b323764086,Kurpark - Eingang Kurhaus,2025-07-03 18:00:00+02:00,19.49065359433492
26213d2d-2954-4312-b42a-a6b323764086,Kurpark - Eingang Kurhaus,2025-07-03 19:00:00+02:00,12.90239691734314
26213d2d-2954-4312-b42a-a6b323764086,Kurpark - Eingang Kurhaus,2025-07-03 20:00:00+02:00,4.401654958724976
26213d2d-2954-4312-b42a-a6b323764086,Kurpark - Eingang Kurhaus,2025-07-03 21:00:00+02:00,5.433521548906962
26213d2d-2954-4312-b42a-a6b323764086,Kurpark - Eingang Kurhaus,2025-07-03 22:00:00+02:00,3.5950085322062173
26213d2d-2954-4312-b42a-a6b323764086,Kurpark - Eingang Kurhaus,2025-07-03 23:00:00+02:00,6.585168719291687
26213d2d-2954-4312-b42a-a6b323764086,Kurpark - Eingang Kurhaus,2025-07-04 00:00:00+02:00,4.04654320081075
26213d2d-2954-4312-b42a-a6b323764086,Kurpark - Eingang Kurhaus,2025-07-04 01:00:00+02:00,4.30669625600179
26213d2d-2954-4312-b42a-a6b323764086,Kurpark - Eingang Kurhaus,2025-07-04 02:00:00+02:00,1.7620877424875896
26213d2d-2954-4312-b42a-a6b323764086,Kurpark - Eingang Kurhaus,2025-07-04 03:00:00+02:00,4.37406865755717
26213d2d-2954-4312-b42a-a6b323764086,Kurpark - Eingang Kurhaus,2025-07-04 04:00:00+02:00,4.809516270955403
26213d2d-2954-4312-b42a-a6b323764086,Kurpark - Eingang Kurhaus,2025-07-04 05:00:00+02:00,5.515274564425151
26213d2d-2954-4312-b42a-a6b323764086,Kurpark - Eingang Kurhaus,2025-07-04 06:00:00+02:00,3.38055427869161
26213d2d-2954-4312-b42a-a6b323764086,Kurpark - Eingang Kurhaus,2025-07-04 07:00:00+02:00,3.8354864915211997
26213d2d-2954-4312-b42a-a6b323764086,Kurpark - Eingang Kurhaus,2025-07-04 08:00:00+02:00,14.056396007537842
26213d2d-2954-4312-b42a-a6b323764086,Kurpark - Eingang Kurhaus,2025-07-04 09:00:00+02:00,28.75626802444458
26213d2d-2954-4312-b42a-a6b323764086,Kurpark - Eingang Kurhaus,2025-07-04 10:00:00+02:00,7.287667115529378
26213d2d-2954-4312-b42a-a6b323764086,Kurpark - Eingang Kurhaus,2025-07-04 11:00:00+02:00,8.422890186309814
26213d2d-2954-4312-b42a-a6b323764086,Kurpark - Eingang Kurhaus,2025-07-04 12:00:00+02:00,24.007068475087483
26213d2d-2954-4312-b42a-a6b323764086,Kurpark - Eingang Kurhaus,2025-07-04 13:00:00+02:00,26.100255171457928
26213d2d-2954-4312-b42a-a6b323764086,Kurpark - Eingang Kurhaus,2025-07-04 14:00:00+02:00,19.935425122578938
26213d2d-2954-4312-b42a-a6b323764086,Kurpark - Eingang Kurhaus,2025-07-04 15:00:00+02:00,25.872382481892902
26213d2d-2954-4312-b42a-a6b323764086,Kurpark - Eingang Kurhaus,2025-07-04 16:00:00+02:00,27.736819585164387
26213d2d-2954-4312-b42a-a6b323764086,Kurpark - Eingang Kurhaus,2025-07-04 17:00:00+02:00,51.35604429244995
26213d2d-2954-4312-b42a-a6b323764086,Kurpark - Eingang Kurhaus,2025-07-04 18:00:00+02:00,3.1288890838623047
26213d2d-2954-4312-b42a-a6b323764086,Kurpark - Eingang Kurhaus,2025-07-04 19:00:00+02:00,14.271536509195963
26213d2d-2954-4312-b42a-a6b323764086,Kurpark - Eingang Kurhaus,2025-07-04 20:00:00+02:00,4.827199300130208
26213d2d-2954-4312-b42a-a6b323764086,Kurpark - Eingang Kurhaus,2025-07-04 21:00:00+02:00,3.880630135536194
26213d2d-2954-4312-b42a-a6b323764086,Kurpark - Eingang Kurhaus,2025-07-04 22:00:00+02:00,8.011787255605062
26213d2d-2954-4312-b42a-a6b323764086,Kurpark - Eingang Kurhaus,2025-07-04 23:00:00+02:00,8.279297749201456
26213d2d-2954-4312-b42a-a6b323764086,Kurpark - Eingang Kurhaus,2025-07-05 00:00:00+02:00,1.4554931322733562
26213d2d-2954-4312-b42a-a6b323764086,Kurpark - Eingang Kurhaus,2025-07-05 01:00:00+02:00,3.5259218215942383
26213d2d-2954-4312-b42a-a6b323764086,Kurpark - Eingang Kurhaus,2025-07-05 02:00:00+02:00,1.6412324905395508
26213d2d-2954-4312-b42a-a6b323764086,Kurpark - Eingang Kurhaus,2025-07-05 03:00:00+02:00,2.6362934907277427
26213d2d-2954-4312-b42a-a6b323764086,Kurpark - Eingang Kurhaus,2025-07-05 04:00:00+02:00,3.6541055043538413
26213d2d-2954-4312-b42a-a6b323764086,Kurpark - Eingang Kurhaus,2025-07-05 05:00:00+02:00,3.6498724619547525
26213d2d-2954-4312-b42a-a6b323764086,Kurpark - Eingang Kurhaus,2025-07-05 06:00:00+02:00,4.670429825782776
26213d2d-2954-4312-b42a-a6b323764086,Kurpark - Eingang Kurhaus,2025-07-05 07:00:00+02:00,4.570188244183858
26213d2d-2954-4312-b42a-a6b323764086,Kurpark - Eingang Kurhaus,2025-07-05 08:00:00+02:00,6.650415341059367
26213d2d-2954-4312-b42a-a6b323764086,Kurpark - Eingang Kurhaus,2025-07-05 09:00:00+02:00,8.116838614145914
26213d2d-2954-4312-b42a-a6b323764086,Kurpark - Eingang Kurhaus,2025-07-05 10:00:00+02:00,45.055146058400474
26213d2d-2954-4312-b42a-a6b323764086,Kurpark - Eingang Kurhaus,2025-07-05 11:00:00+02:00,11.03507932027181
26213d2d-2954-4312-b42a-a6b323764086,Kurpark - Eingang Kurhaus,2025-07-05 12:00:00+02:00,16.09071222941081
26213d2d-2954-4312-b42a-a6b323764086,Kurpark - Eingang Kurhaus,2025-07-05 13:00:00+02:00,26.346713066101074
26213d2d-2954-4312-b42a-a6b323764086,Kurpark - Eingang Kurhaus,2025-07-05 14:00:00+02:00,5.594381968180339
26213d2d-2954-4312-b42a-a6b323764086,Kurpark - Eingang Kurhaus,2025-07-05 15:00:00+02:00,8.81295903523763
26213d2d-2954-4312-b42a-a6b323764086,Kurpark - Eingang Kurhaus,2025-07-05 16:00:00+02:00,8.372112115224203
26213d2d-2954-4312-b42a-a6b323764086,Kurpark - Eingang Kurhaus,2025-07-05 17:00:00+02:00,4.579201062520345
26213d2d-2954-4312-b42a-a6b323764086,Kurpark - Eingang Kurhaus,2025-07-05 18:00:00+02:00,4.665165901184082
26213d2d-2954-4312-b42a-a6b323764086,Kurpark - Eingang Kurhaus,2025-07-05 19:00:00+02:00,6.800546487172444
26213d2d-2954-4312-b42a-a6b323764086,Kurpark - Eingang Kurhaus,2025-07-05 20:00:00+02:00,13.15119723478953
26213d2d-2954-4312-b42a-a6b323764086,Kurpark - Eingang Kurhaus,2025-07-05 21:00:00+02:00,6.692342638969421
26213d2d-2954-4312-b42a-a6b323764086,Kurpark - Eingang Kurhaus,2025-07-05 22:00:00+02:00,4.1942998965581255
26213d2d-2954-4312-b42a-a6b323764086,Kurpark - Eingang Kurhaus,2025-07-05 23:00:00+02:00,3.285193602244059
26213d2d-2954-4312-b42a-a6b323764086,Kurpark - Eingang Kurhaus,2025-07-06 00:00:00+02:00,3.7757505973180137
26213d2d-2954-4312-b42a-a6b323764086,Kurpark - Eingang Kurhaus,2025-07-06 01:00:00+02:00,1.9977949460347493
26213d2d-2954-4312-b42a-a6b323764086,Kurpark - Eingang Kurhaus,2025-07-06 02:00:00+02:00,2.4733190536499023
26213d2d-2954-4312-b42a-a6b323764086,Kurpark - Eingang Kurhaus,2025-07-06 03:00:00+02:00,3.0178725719451904
26213d2d-2954-4312-b42a-a6b323764086,Kurpark - Eingang Kurhaus,2025-07-06 04:00:00+02:00,2.996223529179891
26213d2d-2954-4312-b42a-a6b323764086,Kurpark - Eingang Kurhaus,2025-07-06 05:00:00+02:00,3.091511090596517
26213d2d-2954-4312-b42a-a6b323764086,Kurpark - Eingang Kurhaus,2025-07-06 06:00:00+02:00,2.9508769512176514
26213d2d-2954-4312-b42a-a6b323764086,Kurpark - Eingang Kurhaus,2025-07-06 07:00:00+02:00,4.729663332303365
26213d2d-2954-4312-b42a-a6b323764086,Kurpark - Eingang Kurhaus,2025-07-06 08:00:00+02:00,4.326556762059529
26213d2d-2954-4312-b42a-a6b323764086,Kurpark - Eingang Kurhaus,2025-07-06 09:00:00+02:00,20.42196790377299
26213d2d-2954-4312-b42a-a6b323764086,Kurpark - Eingang Kurhaus,2025-07-06 10:00:00+02:00,6.6143120129903155
26213d2d-2954-4312-b42a-a6b323764086,Kurpark - Eingang Kurhaus,2025-07-06 11:00:00+02:00,73.8413101832072
26213d2d-2954-4312-b42a-a6b323764086,Kurpark - Eingang Kurhaus,2025-07-06 12:00:00+02:00,45.07670021057129
26213d2d-2954-4312-b42a-a6b323764086,Kurpark - Eingang Kurhaus,2025-07-06 13:00:00+02:00,50.418290774027504
26213d2d-2954-4312-b42a-a6b323764086,Kurpark - Eingang Kurhaus,2025-07-06 14:00:00+02:00,56.82622687021891
26213d2d-2954-4312-b42a-a6b323764086,Kurpark - Eingang Kurhaus,2025-07-06 15:00:00+02:00,70.63278007507324
26213d2d-2954-4312-b42a-a6b323764086,Kurpark - Eingang Kurhaus,2025-07-06 16:00:00+02:00,28.940850734710693
26213d2d-2954-4312-b42a-a6b323764086,Kurpark - Eingang Kurhaus,2025-07-06 17:00:00+02:00,12.162991364796957
26213d2d-2954-4312-b42a-a6b323764086,Kurpark - Eingang Kurhaus,2025-07-06 18:00:00+02:00,10.72476045290629
26213d2d-2954-4312-b42a-a6b323764086,Kurpark - Eingang Kurhaus,2025-07-06 19:00:00+02:00,13.25195562839508
26213d2d-2954-4312-b42a-a6b323764086,Kurpark - Eingang Kurhaus,2025-07-06 20:00:00+02:00,12.799495776494345
26213d2d-2954-4312-b42a-a6b323764086,Kurpark - Eingang Kurhaus,2025-07-06 21:00:00+02:00,7.700328469276428
26213d2d-2954-4312-b42a-a6b323764086,Kurpark - Eingang Kurhaus,2025-07-06 22:00:00+02:00,2.2475703954696655
26213d2d-2954-4312-b42a-a6b323764086,Kurpark - Eingang Kurhaus,2025-07-06 23:00:00+02:00,1.3942384322484334
26213d2d-2954-4312-b42a-a6b323764086,Kurpark - Eingang Kurhaus,2025-07-07 00:00:00+02:00,1.131260633468628
26213d2d-2954-4312-b42a-a6b323764086,Kurpark - Eingang Kurhaus,2025-07-07 01:00:00+02:00,3.9503836631774902
26213d2d-2954-4312-b42a-a6b323764086,Kurpark - Eingang Kurhaus,2025-07-07 02:00:00+02:00,2.0925822257995605
26213d2d-2954-4312-b42a-a6b323764086,Kurpark - Eingang Kurhaus,2025-07-07 03:00:00+02:00,1.7556517918904622
26213d2d-2954-4312-b42a-a6b323764086,Kurpark - Eingang Kurhaus,2025-07-07 04:00:00+02:00,2.4209795792897544
26213d2d-2954-4312-b42a-a6b323764086,Kurpark - Eingang Kurhaus,2025-07-07 05:00:00+02:00,3.343269864718119
26213d2d-2954-4312-b42a-a6b323764086,Kurpark - Eingang Kurhaus,2025-07-07 06:00:00+02:00,13.027509729067484
26213d2d-2954-4312-b42a-a6b323764086,Kurpark - Eingang Kurhaus,2025-07-07 07:00:00+02:00,2.201151132583618
26213d2d-2954-4312-b42a-a6b323764086,Kurpark - Eingang Kurhaus,2025-07-07 08:00:00+02:00,6.182027975718181
26213d2d-2954-4312-b42a-a6b323764086,Kurpark - Eingang Kurhaus,2025-07-07 09:00:00+02:00,5.867103656133016
26213d2d-2954-4312-b42a-a6b323764086,Kurpark - Eingang Kurhaus,2025-07-07 10:00:00+02:00,8.249056498209635
26213d2d-2954-4312-b42a-a6b323764086,Kurpark - Eingang Kurhaus,2025-07-07 11:00:00+02:00,22.41364590326945
26213d2d-2954-4312-b42a-a6b323764086,Kurpark - Eingang Kurhaus,2025-07-07 12:00:00+02:00,13.61551316579183
26213d2d-2954-4312-b42a-a6b323764086,Kurpark - Eingang Kurhaus,2025-07-07 13:00:00+02:00,38.55001974105835
26213d2d-2954-4312-b42a-a6b323764086,Kurpark - Eingang Kurhaus,2025-07-07 14:00:00+02:00,18.94329309463501
26213d2d-2954-4312-b42a-a6b323764086,Kurpark - Eingang Kurhaus,2025-07-07 15:00:00+02:00,5.544363975524902
26213d2d-2954-4312-b42a-a6b323764086,Kurpark - Eingang Kurhaus,2025-07-07 16:00:00+02:00,4.303832769393921
26213d2d-2954-4312-b42a-a6b323764086,Kurpark - Eingang Kurhaus,2025-07-07 17:00:00+02:00,21.449254115422566
26213d2d-2954-4312-b42a-a6b323764086,Kurpark - Eingang Kurhaus,2025-07-07 18:00:00+02:00,5.12715498606364
26213d2d-2954-4312-b42a-a6b323764086,Kurpark - Eingang Kurhaus,2025-07-07 19:00:00+02:00,6.579114357630412
26213d2d-2954-4312-b42a-a6b323764086,Kurpark - Eingang Kurhaus,2025-07-07 20:00:00+02:00,6.796261270840962
26213d2d-2954-4312-b42a-a6b323764086,Kurpark - Eingang Kurhaus,2025-07-07 21:00:00+02:00,4.0428608655929565
26213d2d-2954-4312-b42a-a6b323764086,Kurpark - Eingang Kurhaus,2025-07-07 22:00:00+02:00,2.5903385480244956
26213d2d-2954-4312-b42a-a6b323764086,Kurpark - Eingang Kurhaus,2025-07-07 23:00:00+02:00,3.3457182248433432
26213d2d-2954-4312-b42a-a6b323764086,Kurpark - Eingang Kurhaus,2025-07-08 00:00:00+02:00,0.7120969295501709
26213d2d-2954-4312-b42a-a6b323764086,Kurpark - Eingang Kurhaus,2025-07-08 01:00:00+02:00,2.332594633102417
26213d2d-2954-4312-b42a-a6b323764086,Kurpark - Eingang Kurhaus,2025-07-08 02:00:00+02:00,1.6187100410461426
26213d2d-2954-4312-b42a-a6b323764086,Kurpark - Eingang Kurhaus,2025-07-08 03:00:00+02:00,2.453894297281901
26213d2d-2954-4312-b42a-a6b323764086,Kurpark - Eingang Kurhaus,2025-07-08 04:00:00+02:00,4.1145749886830645
26213d2d-2954-4312-b42a-a6b323764086,Kurpark - Eingang Kurhaus,2025-07-08 05:00:00+02:00,2.751705487569174
26213d2d-2954-4312-b42a-a6b323764086,Kurpark - Eingang Kurhaus,2025-07-08 06:00:00+02:00,6.670564532279968
26213d2d-2954-4312-b42a-a6b323764086,Kurpark - Eingang Kurhaus,2025-07-08 07:00:00+02:00,8.06653094291687
26213d2d-2954-4312-b42a-a6b323764086,Kurpark - Eingang Kurhaus,2025-07-08 08:00:00+02:00,23.0052117506663
26213d2d-2954-4312-b42a-a6b323764086,Kurpark - Eingang Kurhaus,2025-07-08 09:00:00+02:00,6.515371640523274
26213d2d-2954-4312-b42a-a6b323764086,Kurpark - Eingang Kurhaus,2025-07-08 10:00:00+02:00,6.683302561442058
26213d2d-2954-4312-b42a-a6b323764086,Kurpark - Eingang Kurhaus,2025-07-08 11:00:00+02:00,1.2286227544148762
26213d2d-2954-4312-b42a-a6b323764086,Kurpark - Eingang Kurhaus,2025-07-08 12:00:00+02:00,6.502842267354329
26213d2d-2954-4312-b42a-a6b323764086,Kurpark - Eingang Kurhaus,2025-07-08 13:00:00+02:00,5.2186581293741865
26213d2d-2954-4312-b42a-a6b323764086,Kurpark - Eingang Kurhaus,2025-07-08 14:00:00+02:00,10.805891831715902
26213d2d-2954-4312-b42a-a6b323764086,Kurpark - Eingang Kurhaus,2025-07-08 15:00:00+02:00,53.227659384409584
26213d2d-2954-4312-b42a-a6b323764086,Kurpark - Eingang Kurhaus,2025-07-08 16:00:00+02:00,15.116566975911459
26213d2d-2954-4312-b42a-a6b323764086,Kurpark - Eingang Kurhaus,2025-07-08 17:00:00+02:00,11.276077349980673
26213d2d-2954-4312-b42a-a6b323764086,Kurpark - Eingang Kurhaus,2025-07-08 18:00:00+02:00,6.719516356786092
26213d2d-2954-4312-b42a-a6b323764086,Kurpark - Eingang Kurhaus,2025-07-08 19:00:00+02:00,6.897943019866943
26213d2d-2954-4312-b42a-a6b323764086,Kurpark - Eingang Kurhaus,2025-07-08 20:00:00+02:00,9.005255421002706
26213d2d-2954-4312-b42a-a6b323764086,Kurpark - Eingang Kurhaus,2025-07-08 21:00:00+02:00,5.36982536315918
26213d2d-2954-4312-b42a-a6b323764086,Kurpark - Eingang Kurhaus,2025-07-08 22:00:00+02:00,3.695387085278829
26213d2d-2954-4312-b42a-a6b323764086,Kurpark - Eingang Kurhaus,2025-07-08 23:00:00+02:00,1.8185067176818848
26213d2d-2954-4312-b42a-a6b323764086,Kurpark - Eingang Kurhaus,2025-07-09 00:00:00+02:00,1.2075510025024414
26213d2d-2954-4312-b42a-a6b323764086,Kurpark - Eingang Kurhaus,2025-07-09 01:00:00+02:00,4.301628669102986
26213d2d-2954-4312-b42a-a6b323764086,Kurpark - Eingang Kurhaus,2025-07-09 02:00:00+02:00,1.4222246011098225
26213d2d-2954-4312-b42a-a6b323764086,Kurpark - Eingang Kurhaus,2025-07-09 03:00:00+02:00,2.9481189250946045
26213d2d-2954-4312-b42a-a6b323764086,Kurpark - Eingang Kurhaus,2025-07-09 04:00:00+02:00,2.1535487174987793
26213d2d-2954-4312-b42a-a6b323764086,Kurpark - Eingang Kurhaus,2025-07-09 05:00:00+02:00,2.6659650802612305
26213d2d-2954-4312-b42a-a6b323764086,Kurpark - Eingang Kurhaus,2025-07-09 06:00:00+02:00,3.696941057840983
26213d2d-2954-4312-b42a-a6b323764086,Kurpark - Eingang Kurhaus,2025-07-09 07:00:00+02:00,4.745272000630696
26213d2d-2954-4312-b42a-a6b323764086,Kurpark - Eingang Kurhaus,2025-07-09 08:00:00+02:00,5.371354818344116
26213d2d-2954-4312-b42a-a6b323764086,Kurpark - Eingang Kurhaus,2025-07-09 09:00:00+02:00,4.56632399559021
26213d2d-2954-4312-b42a-a6b323764086,Kurpark - Eingang Kurhaus,2025-07-09 10:00:00+02:00,1.8230085372924805
26213d2d-2954-4312-b42a-a6b323764086,Kurpark - Eingang Kurhaus,2025-07-09 11:00:00+02:00,0.9954547882080078
26213d2d-2954-4312-b42a-a6b323764086,Kurpark - Eingang Kurhaus,2025-07-09 12:00:00+02:00,3.6105642318725586
26213d2d-2954-4312-b42a-a6b323764086,Kurpark - Eingang Kurhaus,2025-07-09 13:00:00+02:00,10.52163807551066
26213d2d-2954-4312-b42a-a6b323764086,Kurpark - Eingang Kurhaus,2025-07-09 14:00:00+02:00,19.17473045984904
26213d2d-2954-4312-b42a-a6b323764086,Kurpark - Eingang Kurhaus,2025-07-09 15:00:00+02:00,35.23198286692301
26213d2d-2954-4312-b42a-a6b323764086,Kurpark - Eingang Kurhaus,2025-07-09 16:00:00+02:00,37.89871724446615
26213d2d-2954-4312-b42a-a6b323764086,Kurpark - Eingang Kurhaus,2025-07-09 17:00:00+02:00,39.31831765174866
26213d2d-2954-4312-b42a-a6b323764086,Kurpark - Eingang Kurhaus,2025-07-09 18:00:00+02:00,29.024029811223347
26213d2d-2954-4312-b42a-a6b323764086,Kurpark - Eingang Kurhaus,2025-07-09 19:00:00+02:00,10.45249048868815
26213d2d-2954-4312-b42a-a6b323764086,Kurpark - Eingang Kurhaus,2025-07-09 20:00:00+02:00,3.204064647356669
26213d2d-2954-4312-b42a-a6b323764086,Kurpark - Eingang Kurhaus,2025-07-09 21:00:00+02:00,4.356171170870463
26213d2d-2954-4312-b42a-a6b323764086,Kurpark - Eingang Kurhaus,2025-07-09 22:00:00+02:00,2.169953942298889
26213d2d-2954-4312-b42a-a6b323764086,Kurpark - Eingang Kurhaus,2025-07-09 23:00:00+02:00,1.2014445463816326
26213d2d-2954-4312-b42a-a6b323764086,Kurpark - Eingang Kurhaus,2025-07-10 00:00:00+02:00,1.45248277982076
26213d2d-2954-4312-b42a-a6b323764086,Kurpark - Eingang Kurhaus,2025-07-10 01:00:00+02:00,1.8779184023539226
26213d2d-2954-4312-b42a-a6b323764086,Kurpark - Eingang Kurhaus,2025-07-10 02:00:00+02:00,2.8207340240478516
26213d2d-2954-4312-b42a-a6b323764086,Kurpark - Eingang Kurhaus,2025-07-10 03:00:00+02:00,2.766113519668579
26213d2d-2954-4312-b42a-a6b323764086,Kurpark - Eingang Kurhaus,2025-07-10 04:00:00+02:00,4.535052140553792
26213d2d-2954-4312-b42a-a6b323764086,Kurpark - Eingang Kurhaus,2025-07-10 05:00:00+02:00,2.1625251372655234
26213d2d-2954-4312-b42a-a6b323764086,Kurpark - Eingang Kurhaus,2025-07-10 06:00:00+02:00,4.357896010080974
26213d2d-2954-4312-b42a-a6b323764086,Kurpark - Eingang Kurhaus,2025-07-10 07:00:00+02:00,3.0808752377827964
26213d2d-2954-4312-b42a-a6b323764086,Kurpark - Eingang Kurhaus,2025-07-10 08:00:00+02:00,17.538182099660236
26213d2d-2954-4312-b42a-a6b323764086,Kurpark - Eingang Kurhaus,2025-07-10 09:00:00+02:00,17.043704350789387
26213d2d-2954-4312-b42a-a6b323764086,Kurpark - Eingang Kurhaus,2025-07-10 10:00:00+02:00,10.17408307393392
26213d2d-2954-4312-b42a-a6b323764086,Kurpark - Eingang Kurhaus,2025-07-10 11:00:00+02:00,3.8069070180257163
26213d2d-2954-4312-b42a-a6b323764086,Kurpark - Eingang Kurhaus,2025-07-10 12:00:00+02:00,1.5948882102966309
26213d2d-2954-4312-b42a-a6b323764086,Kurpark - Eingang Kurhaus,2025-07-10 13:00:00+02:00,12.843548456827799
26213d2d-2954-4312-b42a-a6b323764086,Kurpark - Eingang Kurhaus,2025-07-10 14:00:00+02:00,4.255517800649007
26213d2d-2954-4312-b42a-a6b323764086,Kurpark - Eingang Kurhaus,2025-07-10 15:00:00+02:00,8.990890661875406
26213d2d-2954-4312-b42a-a6b323764086,Kurpark - Eingang Kurhaus,2025-07-10 16:00:00+02:00,1.5170214970906575
26213d2d-2954-4312-b42a-a6b323764086,Kurpark - Eingang Kurhaus,2025-07-10 17:00:00+02:00,16.719927946726482
26213d2d-2954-4312-b42a-a6b323764086,Kurpark - Eingang Kurhaus,2025-07-10 18:00:00+02:00,6.067288160324097
26213d2d-2954-4312-b42a-a6b323764086,Kurpark - Eingang Kurhaus,2025-07-10 19:00:00+02:00,17.60181125005086
26213d2d-2954-4312-b42a-a6b323764086,Kurpark - Eingang Kurhaus,2025-07-10 20:00:00+02:00,11.459117730458578
26213d2d-2954-4312-b42a-a6b323764086,Kurpark - Eingang Kurhaus,2025-07-10 21:00:00+02:00,4.837319691975911
26213d2d-2954-4312-b42a-a6b323764086,Kurpark - Eingang Kurhaus,2025-07-10 22:00:00+02:00,4.081278006235759
26213d2d-2954-4312-b42a-a6b323764086,Kurpark - Eingang Kurhaus,2025-07-10 23:00:00+02:00,7.389334400494893
26213d2d-2954-4312-b42a-a6b323764086,Kurpark - Eingang Kurhaus,2025-07-11 00:00:00+02:00,3.959796110788981
26213d2d-2954-4312-b42a-a6b323764086,Kurpark - Eingang Kurhaus,2025-07-11 01:00:00+02:00,1.5393213431040447
26213d2d-2954-4312-b42a-a6b323764086,Kurpark - Eingang Kurhaus,2025-07-11 02:00:00+02:00,1.7450644969940186
26213d2d-2954-4312-b42a-a6b323764086,Kurpark - Eingang Kurhaus,2025-07-11 03:00:00+02:00,4.432402610778809
26213d2d-2954-4312-b42a-a6b323764086,Kurpark - Eingang Kurhaus,2025-07-11 04:00:00+02:00,3.710902134577433
26213d2d-2954-4312-b42a-a6b323764086,Kurpark - Eingang Kurhaus,2025-07-11 05:00:00+02:00,3.7829644282658896
26213d2d-2954-4312-b42a-a6b323764086,Kurpark - Eingang Kurhaus,2025-07-11 06:00:00+02:00,5.12295679251353
26213d2d-2954-4312-b42a-a6b323764086,Kurpark - Eingang Kurhaus,2025-07-11 07:00:00+02:00,7.579192598660787
26213d2d-2954-4312-b42a-a6b323764086,Kurpark - Eingang Kurhaus,2025-07-11 08:00:00+02:00,8.315869490305582
26213d2d-2954-4312-b42a-a6b323764086,Kurpark - Eingang Kurhaus,2025-07-11 09:00:00+02:00,28.852409680684406
26213d2d-2954-4312-b42a-a6b323764086,Kurpark - Eingang Kurhaus,2025-07-11 10:00:00+02:00,7.279488404591878
26213d2d-2954-4312-b42a-a6b323764086,Kurpark - Eingang Kurhaus,2025-07-11 11:00:00+02:00,8.374146143595377
26213d2d-2954-4312-b42a-a6b323764086,Kurpark - Eingang Kurhaus,2025-07-11 12:00:00+02:00,23.969168027242024
26213d2d-2954-4312-b42a-a6b323764086,Kurpark - Eingang Kurhaus,2025-07-11 13:00:00+02:00,26.06989351908366
26213d2d-2954-4312-b42a-a6b323764086,Kurpark - Eingang Kurhaus,2025-07-11 14:00:00+02:00,19.95330794652303
26213d2d-2954-4312-b42a-a6b323764086,Kurpark - Eingang Kurhaus,2025-07-11 15:00:00+02:00,25.91794443130493
26213d2d-2954-4312-b42a-a6b323764086,Kurpark - Eingang Kurhaus,2025-07-11 16:00:00+02:00,27.871630668640137
26213d2d-2954-4312-b42a-a6b323764086,Kurpark - Eingang Kurhaus,2025-07-11 17:00:00+02:00,51.127549171447754
26213d2d-2954-4312-b42a-a6b323764086,Kurpark - Eingang Kurhaus,2025-07-11 18:00:00+02:00,3.0956323941548667
26213d2d-2954-4312-b42a-a6b323764086,Kurpark - Eingang Kurhaus,2025-07-11 19:00:00+02:00,16.741389751434326
26213d2d-2954-4312-b42a-a6b323764086,Kurpark - Eingang Kurhaus,2025-07-11 20:00:00+02:00,4.579088449478149
26213d2d-2954-4312-b42a-a6b323764086,Kurpark - Eingang Kurhaus,2025-07-11 21:00:00+02:00,4.61951204140981
26213d2d-2954-4312-b42a-a6b323764086,Kurpark - Eingang Kurhaus,2025-07-11 22:00:00+02:00,8.557841936747232
26213d2d-2954-4312-b42a-a6b323764086,Kurpark - Eingang Kurhaus,2025-07-11 23:00:00+02:00,5.633322477340698
26213d2d-2954-4312-b42a-a6b323764086,Kurpark - Eingang Kurhaus,2025-07-12 00:00:00+02:00,3.0358120997746787
26213d2d-2954-4312-b42a-a6b323764086,Kurpark - Eingang Kurhaus,2025-07-12 01:00:00+02:00,3.36322283744812
26213d2d-2954-4312-b42a-a6b323764086,Kurpark - Eingang Kurhaus,2025-07-12 02:00:00+02:00,1.5960356791814168
26213d2d-2954-4312-b42a-a6b323764086,Kurpark - Eingang Kurhaus,2025-07-12 03:00:00+02:00,2.5807958443959556
26213d2d-2954-4312-b42a-a6b323764086,Kurpark - Eingang Kurhaus,2025-07-12 04:00:00+02:00,3.629171291987101
26213d2d-2954-4312-b42a-a6b323764086,Kurpark - Eingang Kurhaus,2025-07-12 05:00:00+02:00,3.645495573679606
26213d2d-2954-4312-b42a-a6b323764086,Kurpark - Eingang Kurhaus,2025-07-12 06:00:00+02:00,5.245106140772502
26213d2d-2954-4312-b42a-a6b323764086,Kurpark - Eingang Kurhaus,2025-07-12 07:00:00+02:00,4.686967293421428
26213d2d-2954-4312-b42a-a6b323764086,Kurpark - Eingang Kurhaus,2025-07-12 08:00:00+02:00,8.11747137705485
26213d2d-2954-4312-b42a-a6b323764086,Kurpark - Eingang Kurhaus,2025-07-12 09:00:00+02:00,10.289380073547363
26213d2d-2954-4312-b42a-a6b323764086,Kurpark - Eingang Kurhaus,2025-07-12 10:00:00+02:00,41.72842025756836
26213d2d-2954-4312-b42a-a6b323764086,Kurpark - Eingang Kurhaus,2025-07-12 11:00:00+02:00,7.662237803141276
26213d2d-2954-4312-b42a-a6b323764086,Kurpark - Eingang Kurhaus,2025-07-12 12:00:00+02:00,18.16458543141683
26213d2d-2954-4312-b42a-a6b323764086,Kurpark - Eingang Kurhaus,2025-07-12 13:00:00+02:00,20.14631716410319
26213d2d-2954-4312-b42a-a6b323764086,Kurpark - Eingang Kurhaus,2025-07-12 14:00:00+02:00,15.363200505574545
26213d2d-2954-4312-b42a-a6b323764086,Kurpark - Eingang Kurhaus,2025-07-12 15:00:00+02:00,59.2064599990845
26213d2d-2954-4312-b42a-a6b323764086,Kurpark - Eingang Kurhaus,2025-07-12 16:00:00+02:00,5.434937953948975
26213d2d-2954-4312-b42a-a6b323764086,Kurpark - Eingang Kurhaus,2025-07-12 17:00:00+02:00,6.687144120534261
26213d2d-2954-4312-b42a-a6b323764086,Kurpark - Eingang Kurhaus,2025-07-12 18:00:00+02:00,10.45563236872355
26213d2d-2954-4312-b42a-a6b323764086,Kurpark - Eingang Kurhaus,2025-07-12 19:00:00+02:00,24.857059160868328
26213d2d-2954-4312-b42a-a6b323764086,Kurpark - Eingang Kurhaus,2025-07-12 20:00:00+02:00,6.571439504623413
26213d2d-2954-4312-b42a-a6b323764086,Kurpark - Eingang Kurhaus,2025-07-12 21:00:00+02:00,6.062321225802104
26213d2d-2954-4312-b42a-a6b323764086,Kurpark - Eingang Kurhaus,2025-07-12 22:00:00+02:00,3.2860689560572305
26213d2d-2954-4312-b42a-a6b323764086,Kurpark - Eingang Kurhaus,2025-07-12 23:00:00+02:00,1.658412019411723
26213d2d-2954-4312-b42a-a6b323764086,Kurpark - Eingang Kurhaus,2025-07-13 00:00:00+02:00,3.733645717302958
26213d2d-2954-4312-b42a-a6b323764086,Kurpark - Eingang Kurhaus,2025-07-13 01:00:00+02:00,2.6510563691457114
26213d2d-2954-4312-b42a-a6b323764086,Kurpark - Eingang Kurhaus,2025-07-13 02:00:00+02:00,2.5356090863545737
26213d2d-2954-4312-b42a-a6b323764086,Kurpark - Eingang Kurhaus,2025-07-13 03:00:00+02:00,2.970323894334876
26213d2d-2954-4312-b42a-a6b323764086,Kurpark - Eingang Kurhaus,2025-07-13 04:00:00+02:00,2.7963322726163
26213d2d-2954-4312-b42a-a6b323764086,Kurpark - Eingang Kurhaus,2025-07-13 05:00:00+02:00,3.3457309177943637
26213d2d-2954-4312-b42a-a6b323764086,Kurpark - Eingang Kurhaus,2025-07-13 06:00:00+02:00,2.462084674835205
26213d2d-2954-4312-b42a-a6b323764086,Kurpark - Eingang Kurhaus,2025-07-13 07:00:00+02:00,4.586210652401573
26213d2d-2954-4312-b42a-a6b323764086,Kurpark - Eingang Kurhaus,2025-07-13 08:00:00+02:00,2.8910222583346896
26213d2d-2954-4312-b42a-a6b323764086,Kurpark - Eingang Kurhaus,2025-07-13 09:00:00+02:00,20.336512172923367
26213d2d-2954-4312-b42a-a6b323764086,Kurpark - Eingang Kurhaus,2025-07-13 10:00:00+02:00,4.321365118026733
26213d2d-2954-4312-b42a-a6b323764086,Kurpark - Eingang Kurhaus,2025-07-13 11:00:00+02:00,72.0894760131836
26213d2d-2954-4312-b42a-a6b323764086,Kurpark - Eingang Kurhaus,2025-07-13 12:00:00+02:00,41.73765509469168
26213d2d-2954-4312-b42a-a6b323764086,Kurpark - Eingang Kurhaus,2025-07-13 13:00:00+02:00,46.03238795353816
26213d2d-2954-4312-b42a-a6b323764086,Kurpark - Eingang Kurhaus,2025-07-13 14:00:00+02:00,51.51287333170573
26213d2d-2954-4312-b42a-a6b323764086,Kurpark - Eingang Kurhaus,2025-07-13 15:00:00+02:00,65.14241721413352
26213d2d-2954-4312-b42a-a6b323764086,Kurpark - Eingang Kurhaus,2025-07-13 16:00:00+02:00,24.425518798828126
26213d2d-2954-4312-b42a-a6b323764086,Kurpark - Eingang Kurhaus,2025-07-13 17:00:00+02:00,14.395153469509548
26213d2d-2954-4312-b42a-a6b323764086,Kurpark - Eingang Kurhaus,2025-07-13 18:00:00+02:00,10.301242351531982
26213d2d-2954-4312-b42a-a6b323764086,Kurpark - Eingang Kurhaus,2025-07-13 19:00:00+02:00,14.737492970057897
26213d2d-2954-4312-b42a-a6b323764086,Kurpark - Eingang Kurhaus,2025-07-13 20:00:00+02:00,15.373232205708822
26213d2d-2954-4312-b42a-a6b323764086,Kurpark - Eingang Kurhaus,2025-07-13 21:00:00+02:00,9.79781608581543
26213d2d-2954-4312-b42a-a6b323764086,Kurpark - Eingang Kurhaus,2025-07-13 22:00:00+02:00,1.253403663635254
26213d2d-2954-4312-b42a-a6b323764086,Kurpark - Eingang Kurhaus,2025-07-13 23:00:00+02:00,1.2571652730305989
26213d2d-2954-4312-b42a-a6b323764086,Kurpark - Eingang Kurhaus,2025-07-14 00:00:00+02:00,0.48633861541748047
26213d2d-2954-4312-b42a-a6b323764086,Kurpark - Eingang Kurhaus,2025-07-14 01:00:00+02:00,3.390085220336914
3cc1e766-97c5-4ed0-92c3-a800b5be8658,Innenstadt,2025-06-30 03:00:00+02:00,61.06108093261719
3cc1e766-97c5-4ed0-92c3-a800b5be8658,Innenstadt,2025-06-30 04:00:00+02:00,56.35028839111328
3cc1e766-97c5-4ed0-92c3-a800b5be8658,Innenstadt,2025-06-30 05:00:00+02:00,65.45147196451823
3cc1e766-97c5-4ed0-92c3-a800b5be8658,Innenstadt,2025-06-30 06:00:00+02:00,42.9223518371582
3cc1e766-97c5-4ed0-92c3-a800b5be8658,Innenstadt,2025-06-30 07:00:00+02:00,24.414505004882812
3cc1e766-97c5-4ed0-92c3-a800b5be8658,Innenstadt,2025-06-30 08:00:00+02:00,50.00669860839844
3cc1e766-97c5-4ed0-92c3-a800b5be8658,Innenstadt,2025-06-30 09:00:00+02:00,68.72870744977679
3cc1e766-97c5-4ed0-92c3-a800b5be8658,Innenstadt,2025-06-30 10:00:00+02:00,63.925140380859375
3cc1e766-97c5-4ed0-92c3-a800b5be8658,Innenstadt,2025-06-30 11:00:00+02:00,85.64826117621527
3cc1e766-97c5-4ed0-92c3-a800b5be8658,Innenstadt,2025-06-30 12:00:00+02:00,70.39772338867188
3cc1e766-97c5-4ed0-92c3-a800b5be8658,Innenstadt,2025-06-30 13:00:00+02:00,43.32071755149148
3cc1e766-97c5-4ed0-92c3-a800b5be8658,Innenstadt,2025-06-30 14:00:00+02:00,51.54670206705729
3cc1e766-97c5-4ed0-92c3-a800b5be8658,Innenstadt,2025-06-30 15:00:00+02:00,21.61304415189303
3cc1e766-97c5-4ed0-92c3-a800b5be8658,Innenstadt,2025-06-30 16:00:00+02:00,158.22267586844308
3cc1e766-97c5-4ed0-92c3-a800b5be8658,Innenstadt,2025-06-30 17:00:00+02:00,106.45779012044271
3cc1e766-97c5-4ed0-92c3-a800b5be8658,Innenstadt,2025-06-30 18:00:00+02:00,125.12066173553467
3cc1e766-97c5-4ed0-92c3-a800b5be8658,Innenstadt,2025-06-30 19:00:00+02:00,84.06992833754596
3cc1e766-97c5-4ed0-92c3-a800b5be8658,Innenstadt,2025-06-30 20:00:00+02:00,58.39136420355903
3cc1e766-97c5-4ed0-92c3-a800b5be8658,Innenstadt,2025-06-30 21:00:00+02:00,34.540743376079355
3cc1e766-97c5-4ed0-92c3-a800b5be8658,Innenstadt,2025-06-30 22:00:00+02:00,25.54887924194336
3cc1e766-97c5-4ed0-92c3-a800b5be8658,Innenstadt,2025-06-30 23:00:00+02:00,70.61474682035903
3cc1e766-97c5-4ed0-92c3-a800b5be8658,Innenstadt,2025-07-01 00:00:00+02:00,21.77622014825994
3cc1e766-97c5-4ed0-92c3-a800b5be8658,Innenstadt,2025-07-01 01:00:00+02:00,43.672715560249664
3cc1e766-97c5-4ed0-92c3-a800b5be8658,Innenstadt,2025-07-01 02:00:00+02:00,52.128090540568
3cc1e766-97c5-4ed0-92c3-a800b5be8658,Innenstadt,2025-07-01 03:00:00+02:00,68.53279368082683
3cc1e766-97c5-4ed0-92c3-a800b5be8658,Innenstadt,2025-07-01 04:00:00+02:00,82.9394378662109
3cc1e766-97c5-4ed0-92c3-a800b5be8658,Innenstadt,2025-07-01 05:00:00+02:00,83.603759765625
3cc1e766-97c5-4ed0-92c3-a800b5be8658,Innenstadt,2025-07-01 06:00:00+02:00,80.3339417775472
3cc1e766-97c5-4ed0-92c3-a800b5be8658,Innenstadt,2025-07-01 07:00:00+02:00,18.47365951538086
3cc1e766-97c5-4ed0-92c3-a800b5be8658,Innenstadt,2025-07-01 08:00:00+02:00,38.96444574991862
3cc1e766-97c5-4ed0-92c3-a800b5be8658,Innenstadt,2025-07-01 09:00:00+02:00,88.28878529866536
3cc1e766-97c5-4ed0-92c3-a800b5be8658,Innenstadt,2025-07-01 10:00:00+02:00,97.86331431070964
3cc1e766-97c5-4ed0-92c3-a800b5be8658,Innenstadt,2025-07-01 11:00:00+02:00,43.61640167236328
3cc1e766-97c5-4ed0-92c3-a800b5be8658,Innenstadt,2025-07-01 12:00:00+02:00,125.07002512613933
3cc1e766-97c5-4ed0-92c3-a800b5be8658,Innenstadt,2025-07-01 13:00:00+02:00,49.94690704345703
3cc1e766-97c5-4ed0-92c3-a800b5be8658,Innenstadt,2025-07-01 14:00:00+02:00,13.2298952738444
3cc1e766-97c5-4ed0-92c3-a800b5be8658,Innenstadt,2025-07-01 15:00:00+02:00,33.44710795084635
3cc1e766-97c5-4ed0-92c3-a800b5be8658,Innenstadt,2025-07-01 16:00:00+02:00,52.96442159016927
3cc1e766-97c5-4ed0-92c3-a800b5be8658,Innenstadt,2025-07-01 17:00:00+02:00,114.07035573323567
3cc1e766-97c5-4ed0-92c3-a800b5be8658,Innenstadt,2025-07-01 18:00:00+02:00,59.42191950480143
3cc1e766-97c5-4ed0-92c3-a800b5be8658,Innenstadt,2025-07-01 19:00:00+02:00,26.18076451619466
3cc1e766-97c5-4ed0-92c3-a800b5be8658,Innenstadt,2025-07-01 20:00:00+02:00,19.95638147989909
3cc1e766-97c5-4ed0-92c3-a800b5be8658,Innenstadt,2025-07-01 21:00:00+02:00,24.542291005452473
3cc1e766-97c5-4ed0-92c3-a800b5be8658,Innenstadt,2025-07-01 22:00:00+02:00,46.77031962076823
3cc1e766-97c5-4ed0-92c3-a800b5be8658,Innenstadt,2025-07-01 23:00:00+02:00,70.22304916381836
3cc1e766-97c5-4ed0-92c3-a800b5be8658,Innenstadt,2025-07-02 00:00:00+02:00,16.803855260213215
3cc1e766-97c5-4ed0-92c3-a800b5be8658,Innenstadt,2025-07-02 01:00:00+02:00,50.58774948120117
3cc1e766-97c5-4ed0-92c3-a800b5be8658,Innenstadt,2025-07-02 02:00:00+02:00,67.05702527364097
3cc1e766-97c5-4ed0-92c3-a800b5be8658,Innenstadt,2025-07-02 03:00:00+02:00,70.04791768391927
3cc1e766-97c5-4ed0-92c3-a800b5be8658,Innenstadt,2025-07-02 04:00:00+02:00,86.80294227600102
3cc1e766-97c5-4ed0-92c3-a800b5be8658,Innenstadt,2025-07-02 05:00:00+02:00,108.11944325764973
3cc1e766-97c5-4ed0-92c3-a800b5be8658,Innenstadt,2025-07-02 06:00:00+02:00,97.16100692749023
3cc1e766-97c5-4ed0-92c3-a800b5be8658,Innenstadt,2025-07-02 07:00:00+02:00,29.535301844278973
3cc1e766-97c5-4ed0-92c3-a800b5be8658,Innenstadt,2025-07-02 08:00:00+02:00,47.27020772298177
3cc1e766-97c5-4ed0-92c3-a800b5be8658,Innenstadt,2025-07-02 09:00:00+02:00,49.8225351969401
3cc1e766-97c5-4ed0-92c3-a800b5be8658,Innenstadt,2025-07-02 10:00:00+02:00,43.203392028808594
3cc1e766-97c5-4ed0-92c3-a800b5be8658,Innenstadt,2025-07-02 11:00:00+02:00,79.07721455891927
3cc1e766-97c5-4ed0-92c3-a800b5be8658,Innenstadt,2025-07-02 12:00:00+02:00,28.726847330729168
3cc1e766-97c5-4ed0-92c3-a800b5be8658,Innenstadt,2025-07-02 13:00:00+02:00,41.83586756388346
3cc1e766-97c5-4ed0-92c3-a800b5be8658,Innenstadt,2025-07-02 14:00:00+02:00,113.2628173828125
3cc1e766-97c5-4ed0-92c3-a800b5be8658,Innenstadt,2025-07-02 15:00:00+02:00,25.10761260986328
3cc1e766-97c5-4ed0-92c3-a800b5be8658,Innenstadt,2025-07-02 16:00:00+02:00,46.66913604736328
3cc1e766-97c5-4ed0-92c3-a800b5be8658,Innenstadt,2025-07-02 17:00:00+02:00,52.734151204427086
3cc1e766-97c5-4ed0-92c3-a800b5be8658,Innenstadt,2025-07-02 18:00:00+02:00,34.66391944885254
3cc1e766-97c5-4ed0-92c3-a800b5be8658,Innenstadt,2025-07-02 19:00:00+02:00,37.56352424621582
3cc1e766-97c5-4ed0-92c3-a800b5be8658,Innenstadt,2025-07-02 20:00:00+02:00,25.215152740478516
3cc1e766-97c5-4ed0-92c3-a800b5be8658,Innenstadt,2025-07-02 21:00:00+02:00,21.70007069905599
3cc1e766-97c5-4ed0-92c3-a800b5be8658,Innenstadt,2025-07-02 22:00:00+02:00,45.45053291320801
3cc1e766-97c5-4ed0-92c3-a800b5be8658,Innenstadt,2025-07-02 23:00:00+02:00,77.9658711751302
3cc1e766-97c5-4ed0-92c3-a800b5be8658,Innenstadt,2025-07-03 00:00:00+02:00,64.89767646789551
3cc1e766-97c5-4ed0-92c3-a800b5be8658,Innenstadt,2025-07-03 01:00:00+02:00,57.44365119934082
3cc1e766-97c5-4ed0-92c3-a800b5be8658,Innenstadt,2025-07-03 02:00:00+02:00,61.49164136250817
3cc1e766-97c5-4ed0-92c3-a800b5be8658,Innenstadt,2025-07-03 03:00:00+02:00,77.17260233561198
3cc1e766-97c5-4ed0-92c3-a800b5be8658,Innenstadt,2025-07-03 04:00:00+02:00,95.5955130259196
3cc1e766-97c5-4ed0-92c3-a800b5be8658,Innenstadt,2025-07-03 05:00:00+02:00,96.05914115905762
3cc1e766-97c5-4ed0-92c3-a800b5be8658,Innenstadt,2025-07-03 06:00:00+02:00,87.81781768798828
3cc1e766-97c5-4ed0-92c3-a800b5be8658,Innenstadt,2025-07-03 07:00:00+02:00,37.219228744506836
3cc1e766-97c5-4ed0-92c3-a800b5be8658,Innenstadt,2025-07-03 08:00:00+02:00,24.789838155110676
3cc1e766-97c5-4ed0-92c3-a800b5be8658,Innenstadt,2025-07-03 09:00:00+02:00,26.124313354492188
3cc1e766-97c5-4ed0-92c3-a800b5be8658,Innenstadt,2025-07-03 10:00:00+02:00,41.39623769124349
3cc1e766-97c5-4ed0-92c3-a800b5be8658,Innenstadt,2025-07-03 11:00:00+02:00,23.61280695597331
3cc1e766-97c5-4ed0-92c3-a800b5be8658,Innenstadt,2025-07-03 12:00:00+02:00,74.41342290242513
3cc1e766-97c5-4ed0-92c3-a800b5be8658,Innenstadt,2025-07-03 13:00:00+02:00,10.872213999430338
3cc1e766-97c5-4ed0-92c3-a800b5be8658,Innenstadt,2025-07-03 14:00:00+02:00,18.181082407633465
3cc1e766-97c5-4ed0-92c3-a800b5be8658,Innenstadt,2025-07-03 15:00:00+02:00,61.91355005900065
3cc1e766-97c5-4ed0-92c3-a800b5be8658,Innenstadt,2025-07-03 16:00:00+02:00,155.8188158671061
3cc1e766-97c5-4ed0-92c3-a800b5be8658,Innenstadt,2025-07-03 17:00:00+02:00,107.86758422851562
3cc1e766-97c5-4ed0-92c3-a800b5be8658,Innenstadt,2025-07-03 18:00:00+02:00,124.2890141805013
3cc1e766-97c5-4ed0-92c3-a800b5be8658,Innenstadt,2025-07-03 19:00:00+02:00,22.777985254923504
3cc1e766-97c5-4ed0-92c3-a800b5be8658,Innenstadt,2025-07-03 20:00:00+02:00,23.716350555419922
3cc1e766-97c5-4ed0-92c3-a800b5be8658,Innenstadt,2025-07-03 21:00:00+02:00,27.163960138956707
3cc1e766-97c5-4ed0-92c3-a800b5be8658,Innenstadt,2025-07-03 22:00:00+02:00,40.04692077636719
3cc1e766-97c5-4ed0-92c3-a800b5be8658,Innenstadt,2025-07-03 23:00:00+02:00,82.364574432373
3cc1e766-97c5-4ed0-92c3-a800b5be8658,Innenstadt,2025-07-04 00:00:00+02:00,46.315816243489614
3cc1e766-97c5-4ed0-92c3-a800b5be8658,Innenstadt,2025-07-04 01:00:00+02:00,35.995636622111
3cc1e766-97c5-4ed0-92c3-a800b5be8658,Innenstadt,2025-07-04 02:00:00+02:00,59.876120249430336
3cc1e766-97c5-4ed0-92c3-a800b5be8658,Innenstadt,2025-07-04 03:00:00+02:00,85.64054489135746
3cc1e766-97c5-4ed0-92c3-a800b5be8658,Innenstadt,2025-07-04 04:00:00+02:00,83.52138010660808
3cc1e766-97c5-4ed0-92c3-a800b5be8658,Innenstadt,2025-07-04 05:00:00+02:00,82.71921348571777
3cc1e766-97c5-4ed0-92c3-a800b5be8658,Innenstadt,2025-07-04 06:00:00+02:00,90.23111216227214
3cc1e766-97c5-4ed0-92c3-a800b5be8658,Innenstadt,2025-07-04 07:00:00+02:00,25.853583017985027
3cc1e766-97c5-4ed0-92c3-a800b5be8658,Innenstadt,2025-07-04 08:00:00+02:00,42.08474349975586
3cc1e766-97c5-4ed0-92c3-a800b5be8658,Innenstadt,2025-07-04 09:00:00+02:00,38.974114735921226
3cc1e766-97c5-4ed0-92c3-a800b5be8658,Innenstadt,2025-07-04 10:00:00+02:00,197.38513946533203
3cc1e766-97c5-4ed0-92c3-a800b5be8658,Innenstadt,2025-07-04 11:00:00+02:00,81.91449228922527
3cc1e766-97c5-4ed0-92c3-a800b5be8658,Innenstadt,2025-07-04 12:00:00+02:00,72.7064094543457
3cc1e766-97c5-4ed0-92c3-a800b5be8658,Innenstadt,2025-07-04 13:00:00+02:00,107.62767664591472
3cc1e766-97c5-4ed0-92c3-a800b5be8658,Innenstadt,2025-07-04 14:00:00+02:00,107.01534779866536
3cc1e766-97c5-4ed0-92c3-a800b5be8658,Innenstadt,2025-07-04 15:00:00+02:00,175.74090830485025
3cc1e766-97c5-4ed0-92c3-a800b5be8658,Innenstadt,2025-07-04 16:00:00+02:00,206.75453313191733
3cc1e766-97c5-4ed0-92c3-a800b5be8658,Innenstadt,2025-07-04 17:00:00+02:00,198.40956115722656
3cc1e766-97c5-4ed0-92c3-a800b5be8658,Innenstadt,2025-07-04 18:00:00+02:00,215.67725372314453
3cc1e766-97c5-4ed0-92c3-a800b5be8658,Innenstadt,2025-07-04 19:00:00+02:00,102.70279057820638
3cc1e766-97c5-4ed0-92c3-a800b5be8658,Innenstadt,2025-07-04 20:00:00+02:00,47.053340911865234
3cc1e766-97c5-4ed0-92c3-a800b5be8658,Innenstadt,2025-07-04 21:00:00+02:00,47.91165033976237
3cc1e766-97c5-4ed0-92c3-a800b5be8658,Innenstadt,2025-07-04 22:00:00+02:00,23.273784001668293
3cc1e766-97c5-4ed0-92c3-a800b5be8658,Innenstadt,2025-07-04 23:00:00+02:00,91.00412877400716
3cc1e766-97c5-4ed0-92c3-a800b5be8658,Innenstadt,2025-07-05 00:00:00+02:00,67.71657180786129
3cc1e766-97c5-4ed0-92c3-a800b5be8658,Innenstadt,2025-07-05 01:00:00+02:00,50.96930503845215
3cc1e766-97c5-4ed0-92c3-a800b5be8658,Innenstadt,2025-07-05 02:00:00+02:00,54.659878412882485
3cc1e766-97c5-4ed0-92c3-a800b5be8658,Innenstadt,2025-07-05 03:00:00+02:00,52.00948715209958
3cc1e766-97c5-4ed0-92c3-a800b5be8658,Innenstadt,2025-07-05 04:00:00+02:00,67.78855959574382
3cc1e766-97c5-4ed0-92c3-a800b5be8658,Innenstadt,2025-07-05 05:00:00+02:00,56.93197822570801
3cc1e766-97c5-4ed0-92c3-a800b5be8658,Innenstadt,2025-07-05 06:00:00+02:00,48.807860692342125
3cc1e766-97c5-4ed0-92c3-a800b5be8658,Innenstadt,2025-07-05 07:00:00+02:00,46.50910250345866
3cc1e766-97c5-4ed0-92c3-a800b5be8658,Innenstadt,2025-07-05 08:00:00+02:00,30.701210021972656
3cc1e766-97c5-4ed0-92c3-a800b5be8658,Innenstadt,2025-07-05 09:00:00+02:00,60.12280019124349
3cc1e766-97c5-4ed0-92c3-a800b5be8658,Innenstadt,2025-07-05 10:00:00+02:00,407.285649617513
3cc1e766-97c5-4ed0-92c3-a800b5be8658,Innenstadt,2025-07-05 11:00:00+02:00,60.973548889160156
3cc1e766-97c5-4ed0-92c3-a800b5be8658,Innenstadt,2025-07-05 12:00:00+02:00,262.6989059448242
3cc1e766-97c5-4ed0-92c3-a800b5be8658,Innenstadt,2025-07-05 13:00:00+02:00,40.75165049235026
3cc1e766-97c5-4ed0-92c3-a800b5be8658,Innenstadt,2025-07-05 14:00:00+02:00,79.2114995320638
3cc1e766-97c5-4ed0-92c3-a800b5be8658,Innenstadt,2025-07-05 15:00:00+02:00,93.57741928100586
3cc1e766-97c5-4ed0-92c3-a800b5be8658,Innenstadt,2025-07-05 16:00:00+02:00,112.12964757283528
3cc1e766-97c5-4ed0-92c3-a800b5be8658,Innenstadt,2025-07-05 17:00:00+02:00,66.66027196248372
3cc1e766-97c5-4ed0-92c3-a800b5be8658,Innenstadt,2025-07-05 18:00:00+02:00,63.25779469807943
3cc1e766-97c5-4ed0-92c3-a800b5be8658,Innenstadt,2025-07-05 19:00:00+02:00,82.27787208557129
3cc1e766-97c5-4ed0-92c3-a800b5be8658,Innenstadt,2025-07-05 20:00:00+02:00,100.26798311869304
3cc1e766-97c5-4ed0-92c3-a800b5be8658,Innenstadt,2025-07-05 21:00:00+02:00,37.44381364186605
3cc1e766-97c5-4ed0-92c3-a800b5be8658,Innenstadt,2025-07-05 22:00:00+02:00,15.160739262898764
3cc1e766-97c5-4ed0-92c3-a800b5be8658,Innenstadt,2025-07-05 23:00:00+02:00,83.3139553070068
3cc1e766-97c5-4ed0-92c3-a800b5be8658,Innenstadt,2025-07-06 00:00:00+02:00,55.859745025634794
3cc1e766-97c5-4ed0-92c3-a800b5be8658,Innenstadt,2025-07-06 01:00:00+02:00,32.625223795572914
3cc1e766-97c5-4ed0-92c3-a800b5be8658,Innenstadt,2025-07-06 02:00:00+02:00,51.167144775390604
3cc1e766-97c5-4ed0-92c3-a800b5be8658,Innenstadt,2025-07-06 03:00:00+02:00,53.768622080485024
3cc1e766-97c5-4ed0-92c3-a800b5be8658,Innenstadt,2025-07-06 04:00:00+02:00,47.08374786376953
3cc1e766-97c5-4ed0-92c3-a800b5be8658,Innenstadt,2025-07-06 05:00:00+02:00,57.54118728637695
3cc1e766-97c5-4ed0-92c3-a800b5be8658,Innenstadt,2025-07-06 06:00:00+02:00,68.53157107035315
3cc1e766-97c5-4ed0-92c3-a800b5be8658,Innenstadt,2025-07-06 07:00:00+02:00,101.4005807240804
3cc1e766-97c5-4ed0-92c3-a800b5be8658,Innenstadt,2025-07-06 08:00:00+02:00,93.15093421936035
3cc1e766-97c5-4ed0-92c3-a800b5be8658,Innenstadt,2025-07-06 09:00:00+02:00,119.9520657857259
3cc1e766-97c5-4ed0-92c3-a800b5be8658,Innenstadt,2025-07-06 10:00:00+02:00,48.662872314453125
3cc1e766-97c5-4ed0-92c3-a800b5be8658,Innenstadt,2025-07-06 11:00:00+02:00,77.59053548177083
3cc1e766-97c5-4ed0-92c3-a800b5be8658,Innenstadt,2025-07-06 12:00:00+02:00,87.04697672526042
3cc1e766-97c5-4ed0-92c3-a800b5be8658,Innenstadt,2025-07-06 13:00:00+02:00,123.37406412760417
3cc1e766-97c5-4ed0-92c3-a800b5be8658,Innenstadt,2025-07-06 14:00:00+02:00,63.05433781941732
3cc1e766-97c5-4ed0-92c3-a800b5be8658,Innenstadt,2025-07-06 15:00:00+02:00,134.4539883931478
3cc1e766-97c5-4ed0-92c3-a800b5be8658,Innenstadt,2025-07-06 16:00:00+02:00,52.254259745279946
3cc1e766-97c5-4ed0-92c3-a800b5be8658,Innenstadt,2025-07-06 17:00:00+02:00,42.811665852864586
3cc1e766-97c5-4ed0-92c3-a800b5be8658,Innenstadt,2025-07-06 18:00:00+02:00,58.85299491882324
3cc1e766-97c5-4ed0-92c3-a800b5be8658,Innenstadt,2025-07-06 19:00:00+02:00,33.24524688720703
3cc1e766-97c5-4ed0-92c3-a800b5be8658,Innenstadt,2025-07-06 20:00:00+02:00,29.836734771728516
3cc1e766-97c5-4ed0-92c3-a800b5be8658,Innenstadt,2025-07-06 21:00:00+02:00,29.3966801961263
3cc1e766-97c5-4ed0-92c3-a800b5be8658,Innenstadt,2025-07-06 22:00:00+02:00,20.00929133097331
3cc1e766-97c5-4ed0-92c3-a800b5be8658,Innenstadt,2025-07-06 23:00:00+02:00,53.59184964497884
3cc1e766-97c5-4ed0-92c3-a800b5be8658,Innenstadt,2025-07-07 00:00:00+02:00,51.40978749593099
3cc1e766-97c5-4ed0-92c3-a800b5be8658,Innenstadt,2025-07-07 01:00:00+02:00,26.217480341593454
3cc1e766-97c5-4ed0-92c3-a800b5be8658,Innenstadt,2025-07-07 02:00:00+02:00,38.343207041422495
3cc1e766-97c5-4ed0-92c3-a800b5be8658,Innenstadt,2025-07-07 03:00:00+02:00,54.05373764038083
3cc1e766-97c5-4ed0-92c3-a800b5be8658,Innenstadt,2025-07-07 04:00:00+02:00,58.51120249430341
3cc1e766-97c5-4ed0-92c3-a800b5be8658,Innenstadt,2025-07-07 05:00:00+02:00,53.348941802978516
3cc1e766-97c5-4ed0-92c3-a800b5be8658,Innenstadt,2025-07-07 06:00:00+02:00,47.885341008504234
3cc1e766-97c5-4ed0-92c3-a800b5be8658,Innenstadt,2025-07-07 07:00:00+02:00,42.5730406443278
3cc1e766-97c5-4ed0-92c3-a800b5be8658,Innenstadt,2025-07-07 08:00:00+02:00,26.38404146830241
3cc1e766-97c5-4ed0-92c3-a800b5be8658,Innenstadt,2025-07-07 09:00:00+02:00,30.785266876220703
3cc1e766-97c5-4ed0-92c3-a800b5be8658,Innenstadt,2025-07-07 10:00:00+02:00,91.05165608723958
3cc1e766-97c5-4ed0-92c3-a800b5be8658,Innenstadt,2025-07-07 11:00:00+02:00,15.913069407145182
3cc1e766-97c5-4ed0-92c3-a800b5be8658,Innenstadt,2025-07-07 12:00:00+02:00,16.137269337972004
3cc1e766-97c5-4ed0-92c3-a800b5be8658,Innenstadt,2025-07-07 13:00:00+02:00,59.277652740478516
3cc1e766-97c5-4ed0-92c3-a800b5be8658,Innenstadt,2025-07-07 14:00:00+02:00,13.634348551432291
3cc1e766-97c5-4ed0-92c3-a800b5be8658,Innenstadt,2025-07-07 15:00:00+02:00,41.93499501546224
3cc1e766-97c5-4ed0-92c3-a800b5be8658,Innenstadt,2025-07-07 16:00:00+02:00,118.23226102193196
3cc1e766-97c5-4ed0-92c3-a800b5be8658,Innenstadt,2025-07-07 17:00:00+02:00,130.08793512980142
3cc1e766-97c5-4ed0-92c3-a800b5be8658,Innenstadt,2025-07-07 18:00:00+02:00,102.12682978312175
3cc1e766-97c5-4ed0-92c3-a800b5be8658,Innenstadt,2025-07-07 19:00:00+02:00,28.928808848063152
3cc1e766-97c5-4ed0-92c3-a800b5be8658,Innenstadt,2025-07-07 20:00:00+02:00,33.74604479471842
3cc1e766-97c5-4ed0-92c3-a800b5be8658,Innenstadt,2025-07-07 21:00:00+02:00,59.86670811971029
3cc1e766-97c5-4ed0-92c3-a800b5be8658,Innenstadt,2025-07-07 22:00:00+02:00,38.64465141296387
3cc1e766-97c5-4ed0-92c3-a800b5be8658,Innenstadt,2025-07-07 23:00:00+02:00,76.13927205403645
3cc1e766-97c5-4ed0-92c3-a800b5be8658,Innenstadt,2025-07-08 00:00:00+02:00,21.956430435180664
3cc1e766-97c5-4ed0-92c3-a800b5be8658,Innenstadt,2025-07-08 01:00:00+02:00,38.574122746785484
3cc1e766-97c5-4ed0-92c3-a800b5be8658,Innenstadt,2025-07-08 02:00:00+02:00,57.259443283081055
3cc1e766-97c5-4ed0-92c3-a800b5be8658,Innenstadt,2025-07-08 03:00:00+02:00,62.72114181518555
3cc1e766-97c5-4ed0-92c3-a800b5be8658,Innenstadt,2025-07-08 04:00:00+02:00,79.9898529052734
3cc1e766-97c5-4ed0-92c3-a800b5be8658,Innenstadt,2025-07-08 05:00:00+02:00,79.46139303843181
3cc1e766-97c5-4ed0-92c3-a800b5be8658,Innenstadt,2025-07-08 06:00:00+02:00,74.16181310017903
3cc1e766-97c5-4ed0-92c3-a800b5be8658,Innenstadt,2025-07-08 07:00:00+02:00,66.83371543884277
3cc1e766-97c5-4ed0-92c3-a800b5be8658,Innenstadt,2025-07-08 08:00:00+02:00,90.26112238566081
3cc1e766-97c5-4ed0-92c3-a800b5be8658,Innenstadt,2025-07-08 09:00:00+02:00,16.112775166829426
3cc1e766-97c5-4ed0-92c3-a800b5be8658,Innenstadt,2025-07-08 10:00:00+02:00,17.209646860758465
3cc1e766-97c5-4ed0-92c3-a800b5be8658,Innenstadt,2025-07-08 11:00:00+02:00,33.37286376953125
3cc1e766-97c5-4ed0-92c3-a800b5be8658,Innenstadt,2025-07-08 12:00:00+02:00,91.92949676513672
3cc1e766-97c5-4ed0-92c3-a800b5be8658,Innenstadt,2025-07-08 13:00:00+02:00,156.72504297892252
3cc1e766-97c5-4ed0-92c3-a800b5be8658,Innenstadt,2025-07-08 14:00:00+02:00,13.349105834960938
3cc1e766-97c5-4ed0-92c3-a800b5be8658,Innenstadt,2025-07-08 15:00:00+02:00,223.48535919189453
3cc1e766-97c5-4ed0-92c3-a800b5be8658,Innenstadt,2025-07-08 16:00:00+02:00,48.421868642171226
3cc1e766-97c5-4ed0-92c3-a800b5be8658,Innenstadt,2025-07-08 17:00:00+02:00,108.25538380940755
3cc1e766-97c5-4ed0-92c3-a800b5be8658,Innenstadt,2025-07-08 18:00:00+02:00,52.38533020019531
3cc1e766-97c5-4ed0-92c3-a800b5be8658,Innenstadt,2025-07-08 19:00:00+02:00,21.309775670369465
3cc1e766-97c5-4ed0-92c3-a800b5be8658,Innenstadt,2025-07-08 20:00:00+02:00,19.48943837483724
3cc1e766-97c5-4ed0-92c3-a800b5be8658,Innenstadt,2025-07-08 21:00:00+02:00,28.178234736124676
3cc1e766-97c5-4ed0-92c3-a800b5be8658,Innenstadt,2025-07-08 22:00:00+02:00,48.72367286682129
3cc1e766-97c5-4ed0-92c3-a800b5be8658,Innenstadt,2025-07-08 23:00:00+02:00,70.99342028299968
3cc1e766-97c5-4ed0-92c3-a800b5be8658,Innenstadt,2025-07-09 00:00:00+02:00,17.072397232055664
3cc1e766-97c5-4ed0-92c3-a800b5be8658,Innenstadt,2025-07-09 01:00:00+02:00,49.01891644795736
3cc1e766-97c5-4ed0-92c3-a800b5be8658,Innenstadt,2025-07-09 02:00:00+02:00,63.9701900482178
3cc1e766-97c5-4ed0-92c3-a800b5be8658,Innenstadt,2025-07-09 03:00:00+02:00,65.4085184733073
3cc1e766-97c5-4ed0-92c3-a800b5be8658,Innenstadt,2025-07-09 04:00:00+02:00,80.90326563517256
3cc1e766-97c5-4ed0-92c3-a800b5be8658,Innenstadt,2025-07-09 05:00:00+02:00,101.83225631713867
3cc1e766-97c5-4ed0-92c3-a800b5be8658,Innenstadt,2025-07-09 06:00:00+02:00,91.68757629394531
3cc1e766-97c5-4ed0-92c3-a800b5be8658,Innenstadt,2025-07-09 07:00:00+02:00,25.09159787495931
3cc1e766-97c5-4ed0-92c3-a800b5be8658,Innenstadt,2025-07-09 08:00:00+02:00,48.03214772542318
3cc1e766-97c5-4ed0-92c3-a800b5be8658,Innenstadt,2025-07-09 09:00:00+02:00,46.90702692667643
3cc1e766-97c5-4ed0-92c3-a800b5be8658,Innenstadt,2025-07-09 10:00:00+02:00,66.82129287719727
3cc1e766-97c5-4ed0-92c3-a800b5be8658,Innenstadt,2025-07-09 11:00:00+02:00,105.11733373006184
3cc1e766-97c5-4ed0-92c3-a800b5be8658,Innenstadt,2025-07-09 12:00:00+02:00,96.23141225179036
3cc1e766-97c5-4ed0-92c3-a800b5be8658,Innenstadt,2025-07-09 13:00:00+02:00,75.08984883626302
3cc1e766-97c5-4ed0-92c3-a800b5be8658,Innenstadt,2025-07-09 14:00:00+02:00,118.445006052653
3cc1e766-97c5-4ed0-92c3-a800b5be8658,Innenstadt,2025-07-09 15:00:00+02:00,151.554074605306
3cc1e766-97c5-4ed0-92c3-a800b5be8658,Innenstadt,2025-07-09 16:00:00+02:00,175.0154940287272
3cc1e766-97c5-4ed0-92c3-a800b5be8658,Innenstadt,2025-07-09 17:00:00+02:00,126.89314651489258
3cc1e766-97c5-4ed0-92c3-a800b5be8658,Innenstadt,2025-07-09 18:00:00+02:00,119.97352091471355
3cc1e766-97c5-4ed0-92c3-a800b5be8658,Innenstadt,2025-07-09 19:00:00+02:00,32.182647705078125
3cc1e766-97c5-4ed0-92c3-a800b5be8658,Innenstadt,2025-07-09 20:00:00+02:00,35.85282516479492
3cc1e766-97c5-4ed0-92c3-a800b5be8658,Innenstadt,2025-07-09 21:00:00+02:00,25.229759852091473
3cc1e766-97c5-4ed0-92c3-a800b5be8658,Innenstadt,2025-07-09 22:00:00+02:00,37.188402811686196
3cc1e766-97c5-4ed0-92c3-a800b5be8658,Innenstadt,2025-07-09 23:00:00+02:00,78.73161760965984
3cc1e766-97c5-4ed0-92c3-a800b5be8658,Innenstadt,2025-07-10 00:00:00+02:00,64.76892534891765
3cc1e766-97c5-4ed0-92c3-a800b5be8658,Innenstadt,2025-07-10 01:00:00+02:00,56.43918546040853
3cc1e766-97c5-4ed0-92c3-a800b5be8658,Innenstadt,2025-07-10 02:00:00+02:00,59.41421572367353
3cc1e766-97c5-4ed0-92c3-a800b5be8658,Innenstadt,2025-07-10 03:00:00+02:00,73.46797307332356
3cc1e766-97c5-4ed0-92c3-a800b5be8658,Innenstadt,2025-07-10 04:00:00+02:00,89.49368413289388
3cc1e766-97c5-4ed0-92c3-a800b5be8658,Innenstadt,2025-07-10 05:00:00+02:00,86.67399724324544
3cc1e766-97c5-4ed0-92c3-a800b5be8658,Innenstadt,2025-07-10 06:00:00+02:00,75.96279335021973
3cc1e766-97c5-4ed0-92c3-a800b5be8658,Innenstadt,2025-07-10 07:00:00+02:00,26.797285079956055
3cc1e766-97c5-4ed0-92c3-a800b5be8658,Innenstadt,2025-07-10 08:00:00+02:00,22.843589782714844
3cc1e766-97c5-4ed0-92c3-a800b5be8658,Innenstadt,2025-07-10 09:00:00+02:00,18.36125310262044
3cc1e766-97c5-4ed0-92c3-a800b5be8658,Innenstadt,2025-07-10 10:00:00+02:00,15.084303538004557
3cc1e766-97c5-4ed0-92c3-a800b5be8658,Innenstadt,2025-07-10 11:00:00+02:00,77.09988530476888
3cc1e766-97c5-4ed0-92c3-a800b5be8658,Innenstadt,2025-07-10 12:00:00+02:00,145.60140101114908
3cc1e766-97c5-4ed0-92c3-a800b5be8658,Innenstadt,2025-07-10 13:00:00+02:00,93.23487726847331
3cc1e766-97c5-4ed0-92c3-a800b5be8658,Innenstadt,2025-07-10 14:00:00+02:00,29.51187260945638
3cc1e766-97c5-4ed0-92c3-a800b5be8658,Innenstadt,2025-07-10 15:00:00+02:00,200.71184285481772
3cc1e766-97c5-4ed0-92c3-a800b5be8658,Innenstadt,2025-07-10 16:00:00+02:00,77.71928151448567
3cc1e766-97c5-4ed0-92c3-a800b5be8658,Innenstadt,2025-07-10 17:00:00+02:00,161.07791010538736
3cc1e766-97c5-4ed0-92c3-a800b5be8658,Innenstadt,2025-07-10 18:00:00+02:00,189.258056640625
3cc1e766-97c5-4ed0-92c3-a800b5be8658,Innenstadt,2025-07-10 19:00:00+02:00,184.39792823791504
3cc1e766-97c5-4ed0-92c3-a800b5be8658,Innenstadt,2025-07-10 20:00:00+02:00,62.299519856770836
3cc1e766-97c5-4ed0-92c3-a800b5be8658,Innenstadt,2025-07-10 21:00:00+02:00,76.0814380645752
3cc1e766-97c5-4ed0-92c3-a800b5be8658,Innenstadt,2025-07-10 22:00:00+02:00,12.202234586079916
3cc1e766-97c5-4ed0-92c3-a800b5be8658,Innenstadt,2025-07-10 23:00:00+02:00,81.55507914225261
3cc1e766-97c5-4ed0-92c3-a800b5be8658,Innenstadt,2025-07-11 00:00:00+02:00,47.999003728230825
3cc1e766-97c5-4ed0-92c3-a800b5be8658,Innenstadt,2025-07-11 01:00:00+02:00,49.63321876525876
3cc1e766-97c5-4ed0-92c3-a800b5be8658,Innenstadt,2025-07-11 02:00:00+02:00,60.47272555033366
3cc1e766-97c5-4ed0-92c3-a800b5be8658,Innenstadt,2025-07-11 03:00:00+02:00,73.71171760559082
3cc1e766-97c5-4ed0-92c3-a800b5be8658,Innenstadt,2025-07-11 04:00:00+02:00,78.33674240112305
3cc1e766-97c5-4ed0-92c3-a800b5be8658,Innenstadt,2025-07-11 05:00:00+02:00,89.90678660074866
3cc1e766-97c5-4ed0-92c3-a800b5be8658,Innenstadt,2025-07-11 06:00:00+02:00,62.9991823832194
3cc1e766-97c5-4ed0-92c3-a800b5be8658,Innenstadt,2025-07-11 07:00:00+02:00,91.01647249857585
3cc1e766-97c5-4ed0-92c3-a800b5be8658,Innenstadt,2025-07-11 08:00:00+02:00,65.53432591756184
3cc1e766-97c5-4ed0-92c3-a800b5be8658,Innenstadt,2025-07-11 09:00:00+02:00,46.86267217000326
3cc1e766-97c5-4ed0-92c3-a800b5be8658,Innenstadt,2025-07-11 10:00:00+02:00,204.16285959879556
3cc1e766-97c5-4ed0-92c3-a800b5be8658,Innenstadt,2025-07-11 11:00:00+02:00,80.06265004475911
3cc1e766-97c5-4ed0-92c3-a800b5be8658,Innenstadt,2025-07-11 12:00:00+02:00,66.78578186035156
3cc1e766-97c5-4ed0-92c3-a800b5be8658,Innenstadt,2025-07-11 13:00:00+02:00,101.7139892578125
3cc1e766-97c5-4ed0-92c3-a800b5be8658,Innenstadt,2025-07-11 14:00:00+02:00,102.63070678710938
3cc1e766-97c5-4ed0-92c3-a800b5be8658,Innenstadt,2025-07-11 15:00:00+02:00,178.7839673360189
3cc1e766-97c5-4ed0-92c3-a800b5be8658,Innenstadt,2025-07-11 16:00:00+02:00,209.969118754069
3cc1e766-97c5-4ed0-92c3-a800b5be8658,Innenstadt,2025-07-11 17:00:00+02:00,194.14085896809897
3cc1e766-97c5-4ed0-92c3-a800b5be8658,Innenstadt,2025-07-11 18:00:00+02:00,209.5683453877767
3cc1e766-97c5-4ed0-92c3-a800b5be8658,Innenstadt,2025-07-11 19:00:00+02:00,127.02211507161458
3cc1e766-97c5-4ed0-92c3-a800b5be8658,Innenstadt,2025-07-11 20:00:00+02:00,43.664794921875
3cc1e766-97c5-4ed0-92c3-a800b5be8658,Innenstadt,2025-07-11 21:00:00+02:00,45.66525650024414
3cc1e766-97c5-4ed0-92c3-a800b5be8658,Innenstadt,2025-07-11 22:00:00+02:00,40.34782854715983
3cc1e766-97c5-4ed0-92c3-a800b5be8658,Innenstadt,2025-07-11 23:00:00+02:00,87.4097417195638
3cc1e766-97c5-4ed0-92c3-a800b5be8658,Innenstadt,2025-07-12 00:00:00+02:00,70.04405466715491
3cc1e766-97c5-4ed0-92c3-a800b5be8658,Innenstadt,2025-07-12 01:00:00+02:00,54.39237848917643
3cc1e766-97c5-4ed0-92c3-a800b5be8658,Innenstadt,2025-07-12 02:00:00+02:00,55.404383977254234
3cc1e766-97c5-4ed0-92c3-a800b5be8658,Innenstadt,2025-07-12 03:00:00+02:00,52.26301829020179
3cc1e766-97c5-4ed0-92c3-a800b5be8658,Innenstadt,2025-07-12 04:00:00+02:00,67.59250895182292
3cc1e766-97c5-4ed0-92c3-a800b5be8658,Innenstadt,2025-07-12 05:00:00+02:00,56.028005599975586
3cc1e766-97c5-4ed0-92c3-a800b5be8658,Innenstadt,2025-07-12 06:00:00+02:00,46.60911560058594
3cc1e766-97c5-4ed0-92c3-a800b5be8658,Innenstadt,2025-07-12 07:00:00+02:00,42.18293698628744
3cc1e766-97c5-4ed0-92c3-a800b5be8658,Innenstadt,2025-07-12 08:00:00+02:00,44.28987566630045
3cc1e766-97c5-4ed0-92c3-a800b5be8658,Innenstadt,2025-07-12 09:00:00+02:00,72.30683135986328
3cc1e766-97c5-4ed0-92c3-a800b5be8658,Innenstadt,2025-07-12 10:00:00+02:00,388.1108792622884
3cc1e766-97c5-4ed0-92c3-a800b5be8658,Innenstadt,2025-07-12 11:00:00+02:00,46.605262756347656
3cc1e766-97c5-4ed0-92c3-a800b5be8658,Innenstadt,2025-07-12 12:00:00+02:00,89.23875172932942
3cc1e766-97c5-4ed0-92c3-a800b5be8658,Innenstadt,2025-07-12 13:00:00+02:00,82.45823415120442
3cc1e766-97c5-4ed0-92c3-a800b5be8658,Innenstadt,2025-07-12 14:00:00+02:00,72.73659769694011
3cc1e766-97c5-4ed0-92c3-a800b5be8658,Innenstadt,2025-07-12 15:00:00+02:00,77.6981201171875
3cc1e766-97c5-4ed0-92c3-a800b5be8658,Innenstadt,2025-07-12 16:00:00+02:00,110.49366760253906
3cc1e766-97c5-4ed0-92c3-a800b5be8658,Innenstadt,2025-07-12 17:00:00+02:00,65.0540033976237
3cc1e766-97c5-4ed0-92c3-a800b5be8658,Innenstadt,2025-07-12 18:00:00+02:00,67.68086751302083
3cc1e766-97c5-4ed0-92c3-a800b5be8658,Innenstadt,2025-07-12 19:00:00+02:00,54.406846364339195
3cc1e766-97c5-4ed0-92c3-a800b5be8658,Innenstadt,2025-07-12 20:00:00+02:00,32.88530158996582
3cc1e766-97c5-4ed0-92c3-a800b5be8658,Innenstadt,2025-07-12 21:00:00+02:00,34.53404108683268
3cc1e766-97c5-4ed0-92c3-a800b5be8658,Innenstadt,2025-07-12 22:00:00+02:00,23.389020919799805
3cc1e766-97c5-4ed0-92c3-a800b5be8658,Innenstadt,2025-07-12 23:00:00+02:00,74.68162854512532
3cc1e766-97c5-4ed0-92c3-a800b5be8658,Innenstadt,2025-07-13 00:00:00+02:00,55.9318345387777
3cc1e766-97c5-4ed0-92c3-a800b5be8658,Innenstadt,2025-07-13 01:00:00+02:00,34.034417470296226
3cc1e766-97c5-4ed0-92c3-a800b5be8658,Innenstadt,2025-07-13 02:00:00+02:00,47.73048464457196
3cc1e766-97c5-4ed0-92c3-a800b5be8658,Innenstadt,2025-07-13 03:00:00+02:00,50.17531486179518
3cc1e766-97c5-4ed0-92c3-a800b5be8658,Innenstadt,2025-07-13 04:00:00+02:00,48.78430245139382
3cc1e766-97c5-4ed0-92c3-a800b5be8658,Innenstadt,2025-07-13 05:00:00+02:00,59.91480509440104
3cc1e766-97c5-4ed0-92c3-a800b5be8658,Innenstadt,2025-07-13 06:00:00+02:00,69.31551971435545
3cc1e766-97c5-4ed0-92c3-a800b5be8658,Innenstadt,2025-07-13 07:00:00+02:00,103.90930737947163
3cc1e766-97c5-4ed0-92c3-a800b5be8658,Innenstadt,2025-07-13 08:00:00+02:00,96.79234822591145
3cc1e766-97c5-4ed0-92c3-a800b5be8658,Innenstadt,2025-07-13 09:00:00+02:00,124.41173418830422
3cc1e766-97c5-4ed0-92c3-a800b5be8658,Innenstadt,2025-07-13 10:00:00+02:00,49.47120666503906
3cc1e766-97c5-4ed0-92c3-a800b5be8658,Innenstadt,2025-07-13 11:00:00+02:00,57.15699462890625
3cc1e766-97c5-4ed0-92c3-a800b5be8658,Innenstadt,2025-07-13 12:00:00+02:00,109.82516043526786
3cc1e766-97c5-4ed0-92c3-a800b5be8658,Innenstadt,2025-07-13 13:00:00+02:00,162.41471980168268
3cc1e766-97c5-4ed0-92c3-a800b5be8658,Innenstadt,2025-07-13 14:00:00+02:00,91.51163736979167
3cc1e766-97c5-4ed0-92c3-a800b5be8658,Innenstadt,2025-07-13 15:00:00+02:00,109.20798839222302
3cc1e766-97c5-4ed0-92c3-a800b5be8658,Innenstadt,2025-07-13 16:00:00+02:00,55.99185791015625
3cc1e766-97c5-4ed0-92c3-a800b5be8658,Innenstadt,2025-07-13 17:00:00+02:00,44.282828436957466
3cc1e766-97c5-4ed0-92c3-a800b5be8658,Innenstadt,2025-07-13 18:00:00+02:00,35.222103118896484
3cc1e766-97c5-4ed0-92c3-a800b5be8658,Innenstadt,2025-07-13 19:00:00+02:00,39.22405351911272
3cc1e766-97c5-4ed0-92c3-a800b5be8658,Innenstadt,2025-07-13 20:00:00+02:00,31.975318908691406
3cc1e766-97c5-4ed0-92c3-a800b5be8658,Innenstadt,2025-07-13 21:00:00+02:00,7.996853637695312
3cc1e766-97c5-4ed0-92c3-a800b5be8658,Innenstadt,2025-07-13 22:00:00+02:00,5.900245666503906
3cc1e766-97c5-4ed0-92c3-a800b5be8658,Innenstadt,2025-07-13 23:00:00+02:00,54.288925170898466
3cc1e766-97c5-4ed0-92c3-a800b5be8658,Innenstadt,2025-07-14 00:00:00+02:00,46.480812072753906
3cc1e766-97c5-4ed0-92c3-a800b5be8658,Innenstadt,2025-07-14 01:00:00+02:00,23.159027099609403
4275b813-3d57-4b01-93a2-7d8271130792,Stresemannstraße 38,2025-06-30 03:00:00+02:00,1.894160270690918
4275b813-3d57-4b01-93a2-7d8271130792,Stresemannstraße 38,2025-06-30 04:00:00+02:00,3.2697072029113787
4275b813-3d57-4b01-93a2-7d8271130792,Stresemannstraße 38,2025-06-30 05:00:00+02:00,3.5730822881062827
4275b813-3d57-4b01-93a2-7d8271130792,Stresemannstraße 38,2025-06-30 06:00:00+02:00,2.797995686531067
4275b813-3d57-4b01-93a2-7d8271130792,Stresemannstraße 38,2025-06-30 07:00:00+02:00,1.336625099182129
4275b813-3d57-4b01-93a2-7d8271130792,Stresemannstraße 38,2025-06-30 08:00:00+02:00,4.722901026407878
4275b813-3d57-4b01-93a2-7d8271130792,Stresemannstraße 38,2025-06-30 09:00:00+02:00,7.936165400913784
4275b813-3d57-4b01-93a2-7d8271130792,Stresemannstraße 38,2025-06-30 10:00:00+02:00,7.3003904819488525
4275b813-3d57-4b01-93a2-7d8271130792,Stresemannstraße 38,2025-06-30 11:00:00+02:00,7.229211807250977
4275b813-3d57-4b01-93a2-7d8271130792,Stresemannstraße 38,2025-06-30 12:00:00+02:00,2.9577119827270506
4275b813-3d57-4b01-93a2-7d8271130792,Stresemannstraße 38,2025-06-30 13:00:00+02:00,1.920950629494407
4275b813-3d57-4b01-93a2-7d8271130792,Stresemannstraße 38,2025-06-30 14:00:00+02:00,8.05397653579712
4275b813-3d57-4b01-93a2-7d8271130792,Stresemannstraße 38,2025-06-30 15:00:00+02:00,3.7982665575467625
4275b813-3d57-4b01-93a2-7d8271130792,Stresemannstraße 38,2025-06-30 16:00:00+02:00,1.3849443708147322
4275b813-3d57-4b01-93a2-7d8271130792,Stresemannstraße 38,2025-06-30 17:00:00+02:00,3.2563719431559246
4275b813-3d57-4b01-93a2-7d8271130792,Stresemannstraße 38,2025-06-30 18:00:00+02:00,6.0417479276657104
4275b813-3d57-4b01-93a2-7d8271130792,Stresemannstraße 38,2025-06-30 19:00:00+02:00,2.087013188530417
4275b813-3d57-4b01-93a2-7d8271130792,Stresemannstraße 38,2025-06-30 20:00:00+02:00,1.4904434945848253
4275b813-3d57-4b01-93a2-7d8271130792,Stresemannstraße 38,2025-06-30 21:00:00+02:00,1.6082664790906405
4275b813-3d57-4b01-93a2-7d8271130792,Stresemannstraße 38,2025-06-30 22:00:00+02:00,1.4063818216323853
4275b813-3d57-4b01-93a2-7d8271130792,Stresemannstraße 38,2025-06-30 23:00:00+02:00,2.6104308082943883
4275b813-3d57-4b01-93a2-7d8271130792,Stresemannstraße 38,2025-07-01 00:00:00+02:00,1.0027013475244695
4275b813-3d57-4b01-93a2-7d8271130792,Stresemannstraße 38,2025-07-01 01:00:00+02:00,0.7340541922527811
4275b813-3d57-4b01-93a2-7d8271130792,Stresemannstraße 38,2025-07-01 02:00:00+02:00,0.723517378171285
4275b813-3d57-4b01-93a2-7d8271130792,Stresemannstraße 38,2025-07-01 03:00:00+02:00,2.2848503390947994
4275b813-3d57-4b01-93a2-7d8271130792,Stresemannstraße 38,2025-07-01 04:00:00+02:00,4.612105151017507
4275b813-3d57-4b01-93a2-7d8271130792,Stresemannstraße 38,2025-07-01 05:00:00+02:00,0.848092516263326
4275b813-3d57-4b01-93a2-7d8271130792,Stresemannstraße 38,2025-07-01 06:00:00+02:00,1.677587588628133
4275b813-3d57-4b01-93a2-7d8271130792,Stresemannstraße 38,2025-07-01 07:00:00+02:00,1.8561940590540569
4275b813-3d57-4b01-93a2-7d8271130792,Stresemannstraße 38,2025-07-01 08:00:00+02:00,1.4006706078847249
4275b813-3d57-4b01-93a2-7d8271130792,Stresemannstraße 38,2025-07-01 09:00:00+02:00,5.206277847290039
4275b813-3d57-4b01-93a2-7d8271130792,Stresemannstraße 38,2025-07-01 10:00:00+02:00,9.079901536305746
4275b813-3d57-4b01-93a2-7d8271130792,Stresemannstraße 38,2025-07-01 11:00:00+02:00,0.4941364924112956
4275b813-3d57-4b01-93a2-7d8271130792,Stresemannstraße 38,2025-07-01 12:00:00+02:00,0.47195665041605633
4275b813-3d57-4b01-93a2-7d8271130792,Stresemannstraße 38,2025-07-01 13:00:00+02:00,0.7286714712778727
4275b813-3d57-4b01-93a2-7d8271130792,Stresemannstraße 38,2025-07-01 14:00:00+02:00,1.5612235069274902
4275b813-3d57-4b01-93a2-7d8271130792,Stresemannstraße 38,2025-07-01 15:00:00+02:00,0.803236722946167
4275b813-3d57-4b01-93a2-7d8271130792,Stresemannstraße 38,2025-07-01 16:00:00+02:00,0.9292960166931152
4275b813-3d57-4b01-93a2-7d8271130792,Stresemannstraße 38,2025-07-01 17:00:00+02:00,13.998582283655802
4275b813-3d57-4b01-93a2-7d8271130792,Stresemannstraße 38,2025-07-01 18:00:00+02:00,14.912763754526773
4275b813-3d57-4b01-93a2-7d8271130792,Stresemannstraße 38,2025-07-01 19:00:00+02:00,6.832066138585408
4275b813-3d57-4b01-93a2-7d8271130792,Stresemannstraße 38,2025-07-01 20:00:00+02:00,2.6503405570983887
4275b813-3d57-4b01-93a2-7d8271130792,Stresemannstraße 38,2025-07-01 21:00:00+02:00,1.8875600695610046
4275b813-3d57-4b01-93a2-7d8271130792,Stresemannstraße 38,2025-07-01 22:00:00+02:00,2.5426629185676575
4275b813-3d57-4b01-93a2-7d8271130792,Stresemannstraße 38,2025-07-01 23:00:00+02:00,2.56455969810486
4275b813-3d57-4b01-93a2-7d8271130792,Stresemannstraße 38,2025-07-02 00:00:00+02:00,3.0805083513259888
4275b813-3d57-4b01-93a2-7d8271130792,Stresemannstraße 38,2025-07-02 01:00:00+02:00,1.6448887189229346
4275b813-3d57-4b01-93a2-7d8271130792,Stresemannstraße 38,2025-07-02 02:00:00+02:00,0.8592253923416138
4275b813-3d57-4b01-93a2-7d8271130792,Stresemannstraße 38,2025-07-02 03:00:00+02:00,2.529648482799532
4275b813-3d57-4b01-93a2-7d8271130792,Stresemannstraße 38,2025-07-02 04:00:00+02:00,3.833000063896181
4275b813-3d57-4b01-93a2-7d8271130792,Stresemannstraße 38,2025-07-02 05:00:00+02:00,2.783093531926473
4275b813-3d57-4b01-93a2-7d8271130792,Stresemannstraße 38,2025-07-02 06:00:00+02:00,4.255076607068379
4275b813-3d57-4b01-93a2-7d8271130792,Stresemannstraße 38,2025-07-02 07:00:00+02:00,5.93779452641805
4275b813-3d57-4b01-93a2-7d8271130792,Stresemannstraße 38,2025-07-02 08:00:00+02:00,1.1404118140538533
4275b813-3d57-4b01-93a2-7d8271130792,Stresemannstraße 38,2025-07-02 09:00:00+02:00,3.6795300245285034
4275b813-3d57-4b01-93a2-7d8271130792,Stresemannstraße 38,2025-07-02 10:00:00+02:00,8.590452432632446
4275b813-3d57-4b01-93a2-7d8271130792,Stresemannstraße 38,2025-07-02 11:00:00+02:00,4.273582776387532
4275b813-3d57-4b01-93a2-7d8271130792,Stresemannstraße 38,2025-07-02 12:00:00+02:00,0.6230213642120361
4275b813-3d57-4b01-93a2-7d8271130792,Stresemannstraße 38,2025-07-02 13:00:00+02:00,0.5448874632517496
4275b813-3d57-4b01-93a2-7d8271130792,Stresemannstraße 38,2025-07-02 14:00:00+02:00,0.6498290300369263
4275b813-3d57-4b01-93a2-7d8271130792,Stresemannstraße 38,2025-07-02 15:00:00+02:00,2.9413477977116904
4275b813-3d57-4b01-93a2-7d8271130792,Stresemannstraße 38,2025-07-02 16:00:00+02:00,2.7618704239527383
4275b813-3d57-4b01-93a2-7d8271130792,Stresemannstraße 38,2025-07-02 17:00:00+02:00,0.5885233481725057
4275b813-3d57-4b01-93a2-7d8271130792,Stresemannstraße 38,2025-07-02 18:00:00+02:00,1.4721715052922566
4275b813-3d57-4b01-93a2-7d8271130792,Stresemannstraße 38,2025-07-02 19:00:00+02:00,1.6604833205540974
4275b813-3d57-4b01-93a2-7d8271130792,Stresemannstraße 38,2025-07-02 20:00:00+02:00,5.8675734003384905
4275b813-3d57-4b01-93a2-7d8271130792,Stresemannstraße 38,2025-07-02 21:00:00+02:00,3.816298802693685
4275b813-3d57-4b01-93a2-7d8271130792,Stresemannstraße 38,2025-07-02 22:00:00+02:00,3.774564146995546
4275b813-3d57-4b01-93a2-7d8271130792,Stresemannstraße 38,2025-07-02 23:00:00+02:00,1.8228877782821655
4275b813-3d57-4b01-93a2-7d8271130792,Stresemannstraße 38,2025-07-03 00:00:00+02:00,1.255881408850352
4275b813-3d57-4b01-93a2-7d8271130792,Stresemannstraße 38,2025-07-03 01:00:00+02:00,1.0564502875010173
4275b813-3d57-4b01-93a2-7d8271130792,Stresemannstraße 38,2025-07-03 02:00:00+02:00,2.1492755413055438
4275b813-3d57-4b01-93a2-7d8271130792,Stresemannstraße 38,2025-07-03 03:00:00+02:00,3.64398725827535
4275b813-3d57-4b01-93a2-7d8271130792,Stresemannstraße 38,2025-07-03 04:00:00+02:00,3.6122867465019244
4275b813-3d57-4b01-93a2-7d8271130792,Stresemannstraße 38,2025-07-03 05:00:00+02:00,4.166097203890483
4275b813-3d57-4b01-93a2-7d8271130792,Stresemannstraße 38,2025-07-03 06:00:00+02:00,1.3609923124313354
4275b813-3d57-4b01-93a2-7d8271130792,Stresemannstraße 38,2025-07-03 07:00:00+02:00,3.0075793266296387
4275b813-3d57-4b01-93a2-7d8271130792,Stresemannstraße 38,2025-07-03 08:00:00+02:00,1.9832698106765747
4275b813-3d57-4b01-93a2-7d8271130792,Stresemannstraße 38,2025-07-03 09:00:00+02:00,3.971570372581482
4275b813-3d57-4b01-93a2-7d8271130792,Stresemannstraße 38,2025-07-03 10:00:00+02:00,3.610081672668457
4275b813-3d57-4b01-93a2-7d8271130792,Stresemannstraße 38,2025-07-03 11:00:00+02:00,2.5297080675760903
4275b813-3d57-4b01-93a2-7d8271130792,Stresemannstraße 38,2025-07-03 12:00:00+02:00,7.291270971298218
4275b813-3d57-4b01-93a2-7d8271130792,Stresemannstraße 38,2025-07-03 13:00:00+02:00,0.6516372362772623
4275b813-3d57-4b01-93a2-7d8271130792,Stresemannstraße 38,2025-07-03 14:00:00+02:00,3.860820213953654
4275b813-3d57-4b01-93a2-7d8271130792,Stresemannstraße 38,2025-07-03 15:00:00+02:00,2.1885151863098145
4275b813-3d57-4b01-93a2-7d8271130792,Stresemannstraße 38,2025-07-03 16:00:00+02:00,3.8126696745554605
4275b813-3d57-4b01-93a2-7d8271130792,Stresemannstraße 38,2025-07-03 17:00:00+02:00,3.3963147004445395
4275b813-3d57-4b01-93a2-7d8271130792,Stresemannstraße 38,2025-07-03 18:00:00+02:00,3.8004876375198364
4275b813-3d57-4b01-93a2-7d8271130792,Stresemannstraße 38,2025-07-03 19:00:00+02:00,2.079071799914042
4275b813-3d57-4b01-93a2-7d8271130792,Stresemannstraße 38,2025-07-03 20:00:00+02:00,1.4518972833951314
4275b813-3d57-4b01-93a2-7d8271130792,Stresemannstraße 38,2025-07-03 21:00:00+02:00,3.32645591100057
4275b813-3d57-4b01-93a2-7d8271130792,Stresemannstraße 38,2025-07-03 22:00:00+02:00,1.522365649541219
4275b813-3d57-4b01-93a2-7d8271130792,Stresemannstraße 38,2025-07-03 23:00:00+02:00,4.33272401491801
4275b813-3d57-4b01-93a2-7d8271130792,Stresemannstraße 38,2025-07-04 00:00:00+02:00,1.6279181440671284
4275b813-3d57-4b01-93a2-7d8271130792,Stresemannstraße 38,2025-07-04 01:00:00+02:00,0.6899046301841736
4275b813-3d57-4b01-93a2-7d8271130792,Stresemannstraße 38,2025-07-04 02:00:00+02:00,0.9842366377512614
4275b813-3d57-4b01-93a2-7d8271130792,Stresemannstraße 38,2025-07-04 03:00:00+02:00,1.9023613929748535
4275b813-3d57-4b01-93a2-7d8271130792,Stresemannstraße 38,2025-07-04 04:00:00+02:00,3.637218932310742
4275b813-3d57-4b01-93a2-7d8271130792,Stresemannstraße 38,2025-07-04 05:00:00+02:00,6.0409525235493975
4275b813-3d57-4b01-93a2-7d8271130792,Stresemannstraße 38,2025-07-04 06:00:00+02:00,7.211450835069023
4275b813-3d57-4b01-93a2-7d8271130792,Stresemannstraße 38,2025-07-04 07:00:00+02:00,5.474568128585815
4275b813-3d57-4b01-93a2-7d8271130792,Stresemannstraße 38,2025-07-04 08:00:00+02:00,2.236265023549398
4275b813-3d57-4b01-93a2-7d8271130792,Stresemannstraße 38,2025-07-04 09:00:00+02:00,2.0363685290018716
4275b813-3d57-4b01-93a2-7d8271130792,Stresemannstraße 38,2025-07-04 10:00:00+02:00,9.239554564158121
4275b813-3d57-4b01-93a2-7d8271130792,Stresemannstraße 38,2025-07-04 11:00:00+02:00,2.578813632329305
4275b813-3d57-4b01-93a2-7d8271130792,Stresemannstraße 38,2025-07-04 12:00:00+02:00,6.315651973088582
4275b813-3d57-4b01-93a2-7d8271130792,Stresemannstraße 38,2025-07-04 13:00:00+02:00,3.894371271133423
4275b813-3d57-4b01-93a2-7d8271130792,Stresemannstraße 38,2025-07-04 14:00:00+02:00,4.176346778869629
4275b813-3d57-4b01-93a2-7d8271130792,Stresemannstraße 38,2025-07-04 15:00:00+02:00,13.9377814133962
4275b813-3d57-4b01-93a2-7d8271130792,Stresemannstraße 38,2025-07-04 16:00:00+02:00,8.95073135693868
4275b813-3d57-4b01-93a2-7d8271130792,Stresemannstraße 38,2025-07-04 17:00:00+02:00,12.1770068804423
4275b813-3d57-4b01-93a2-7d8271130792,Stresemannstraße 38,2025-07-04 18:00:00+02:00,13.880609512329102
4275b813-3d57-4b01-93a2-7d8271130792,Stresemannstraße 38,2025-07-04 19:00:00+02:00,3.740602413813273
4275b813-3d57-4b01-93a2-7d8271130792,Stresemannstraße 38,2025-07-04 20:00:00+02:00,1.8807363510131836
4275b813-3d57-4b01-93a2-7d8271130792,Stresemannstraße 38,2025-07-04 21:00:00+02:00,9.140786170959473
4275b813-3d57-4b01-93a2-7d8271130792,Stresemannstraße 38,2025-07-04 22:00:00+02:00,2.370122015476227
4275b813-3d57-4b01-93a2-7d8271130792,Stresemannstraße 38,2025-07-04 23:00:00+02:00,5.401082893212636
4275b813-3d57-4b01-93a2-7d8271130792,Stresemannstraße 38,2025-07-05 00:00:00+02:00,2.431349257628123
4275b813-3d57-4b01-93a2-7d8271130792,Stresemannstraße 38,2025-07-05 01:00:00+02:00,0.44038118918736774
4275b813-3d57-4b01-93a2-7d8271130792,Stresemannstraße 38,2025-07-05 02:00:00+02:00,1.5004263718922932
4275b813-3d57-4b01-93a2-7d8271130792,Stresemannstraße 38,2025-07-05 03:00:00+02:00,2.3797454436620096
4275b813-3d57-4b01-93a2-7d8271130792,Stresemannstraße 38,2025-07-05 04:00:00+02:00,2.5121920307477335
4275b813-3d57-4b01-93a2-7d8271130792,Stresemannstraße 38,2025-07-05 05:00:00+02:00,2.9612053235371927
4275b813-3d57-4b01-93a2-7d8271130792,Stresemannstraße 38,2025-07-05 06:00:00+02:00,1.1835668285687764
4275b813-3d57-4b01-93a2-7d8271130792,Stresemannstraße 38,2025-07-05 07:00:00+02:00,3.5769741336504617
4275b813-3d57-4b01-93a2-7d8271130792,Stresemannstraße 38,2025-07-05 08:00:00+02:00,5.261595884958903
4275b813-3d57-4b01-93a2-7d8271130792,Stresemannstraße 38,2025-07-05 09:00:00+02:00,2.619826833407084
4275b813-3d57-4b01-93a2-7d8271130792,Stresemannstraße 38,2025-07-05 10:00:00+02:00,19.890865921974182
4275b813-3d57-4b01-93a2-7d8271130792,Stresemannstraße 38,2025-07-05 11:00:00+02:00,2.3481480280558267
4275b813-3d57-4b01-93a2-7d8271130792,Stresemannstraße 38,2025-07-05 12:00:00+02:00,24.228331883748382
4275b813-3d57-4b01-93a2-7d8271130792,Stresemannstraße 38,2025-07-05 13:00:00+02:00,2.233757177988688
4275b813-3d57-4b01-93a2-7d8271130792,Stresemannstraße 38,2025-07-05 14:00:00+02:00,11.140251636505127
4275b813-3d57-4b01-93a2-7d8271130792,Stresemannstraße 38,2025-07-05 15:00:00+02:00,6.59956431388855
4275b813-3d57-4b01-93a2-7d8271130792,Stresemannstraße 38,2025-07-05 16:00:00+02:00,2.4829240640004477
4275b813-3d57-4b01-93a2-7d8271130792,Stresemannstraße 38,2025-07-05 17:00:00+02:00,3.6694934368133545
4275b813-3d57-4b01-93a2-7d8271130792,Stresemannstraße 38,2025-07-05 18:00:00+02:00,2.6808380683263144
4275b813-3d57-4b01-93a2-7d8271130792,Stresemannstraße 38,2025-07-05 19:00:00+02:00,2.28951366742452
4275b813-3d57-4b01-93a2-7d8271130792,Stresemannstraße 38,2025-07-05 20:00:00+02:00,10.81510591506958
4275b813-3d57-4b01-93a2-7d8271130792,Stresemannstraße 38,2025-07-05 21:00:00+02:00,2.094004770119985
4275b813-3d57-4b01-93a2-7d8271130792,Stresemannstraße 38,2025-07-05 22:00:00+02:00,0.8465378284454346
4275b813-3d57-4b01-93a2-7d8271130792,Stresemannstraße 38,2025-07-05 23:00:00+02:00,3.0951276222864803
4275b813-3d57-4b01-93a2-7d8271130792,Stresemannstraße 38,2025-07-06 00:00:00+02:00,7.466098666191101
4275b813-3d57-4b01-93a2-7d8271130792,Stresemannstraße 38,2025-07-06 01:00:00+02:00,0.8781598607699076
4275b813-3d57-4b01-93a2-7d8271130792,Stresemannstraße 38,2025-07-06 02:00:00+02:00,2.0334589481353773
4275b813-3d57-4b01-93a2-7d8271130792,Stresemannstraße 38,2025-07-06 03:00:00+02:00,1.4378395080566406
4275b813-3d57-4b01-93a2-7d8271130792,Stresemannstraße 38,2025-07-06 04:00:00+02:00,1.8105116486549386
4275b813-3d57-4b01-93a2-7d8271130792,Stresemannstraße 38,2025-07-06 05:00:00+02:00,1.4631083806355794
4275b813-3d57-4b01-93a2-7d8271130792,Stresemannstraße 38,2025-07-06 06:00:00+02:00,1.2163787881533306
4275b813-3d57-4b01-93a2-7d8271130792,Stresemannstraße 38,2025-07-06 07:00:00+02:00,2.1325287222862244
4275b813-3d57-4b01-93a2-7d8271130792,Stresemannstraße 38,2025-07-06 08:00:00+02:00,5.60504287481308
4275b813-3d57-4b01-93a2-7d8271130792,Stresemannstraße 38,2025-07-06 09:00:00+02:00,5.545796314875285
4275b813-3d57-4b01-93a2-7d8271130792,Stresemannstraße 38,2025-07-06 10:00:00+02:00,10.418228705724081
4275b813-3d57-4b01-93a2-7d8271130792,Stresemannstraße 38,2025-07-06 11:00:00+02:00,8.426895380020142
4275b813-3d57-4b01-93a2-7d8271130792,Stresemannstraße 38,2025-07-06 12:00:00+02:00,13.07954970995585
4275b813-3d57-4b01-93a2-7d8271130792,Stresemannstraße 38,2025-07-06 13:00:00+02:00,8.410172462463379
4275b813-3d57-4b01-93a2-7d8271130792,Stresemannstraße 38,2025-07-06 14:00:00+02:00,3.9892502625783286
4275b813-3d57-4b01-93a2-7d8271130792,Stresemannstraße 38,2025-07-06 15:00:00+02:00,3.079886039098104
4275b813-3d57-4b01-93a2-7d8271130792,Stresemannstraße 38,2025-07-06 16:00:00+02:00,4.665659070014954
4275b813-3d57-4b01-93a2-7d8271130792,Stresemannstraße 38,2025-07-06 17:00:00+02:00,2.8917504946390786
4275b813-3d57-4b01-93a2-7d8271130792,Stresemannstraße 38,2025-07-06 18:00:00+02:00,2.8854422171910605
4275b813-3d57-4b01-93a2-7d8271130792,Stresemannstraße 38,2025-07-06 19:00:00+02:00,1.6352561910947163
4275b813-3d57-4b01-93a2-7d8271130792,Stresemannstraße 38,2025-07-06 20:00:00+02:00,3.414495567480723
4275b813-3d57-4b01-93a2-7d8271130792,Stresemannstraße 38,2025-07-06 21:00:00+02:00,1.5269133845965068
4275b813-3d57-4b01-93a2-7d8271130792,Stresemannstraße 38,2025-07-06 22:00:00+02:00,1.5836963653564469
4275b813-3d57-4b01-93a2-7d8271130792,Stresemannstraße 38,2025-07-06 23:00:00+02:00,2.2297006448109946
4275b813-3d57-4b01-93a2-7d8271130792,Stresemannstraße 38,2025-07-07 00:00:00+02:00,2.099892318248749
4275b813-3d57-4b01-93a2-7d8271130792,Stresemannstraße 38,2025-07-07 01:00:00+02:00,2.974101503690084
4275b813-3d57-4b01-93a2-7d8271130792,Stresemannstraße 38,2025-07-07 02:00:00+02:00,0.7175583442052206
4275b813-3d57-4b01-93a2-7d8271130792,Stresemannstraße 38,2025-07-07 03:00:00+02:00,2.324760317802429
4275b813-3d57-4b01-93a2-7d8271130792,Stresemannstraße 38,2025-07-07 04:00:00+02:00,0.7528987328211466
4275b813-3d57-4b01-93a2-7d8271130792,Stresemannstraße 38,2025-07-07 05:00:00+02:00,2.2589794397354126
4275b813-3d57-4b01-93a2-7d8271130792,Stresemannstraße 38,2025-07-07 06:00:00+02:00,1.455638309319814
4275b813-3d57-4b01-93a2-7d8271130792,Stresemannstraße 38,2025-07-07 07:00:00+02:00,3.5249410271644592
4275b813-3d57-4b01-93a2-7d8271130792,Stresemannstraße 38,2025-07-07 08:00:00+02:00,1.6764113108317058
4275b813-3d57-4b01-93a2-7d8271130792,Stresemannstraße 38,2025-07-07 09:00:00+02:00,1.3894981145858765
4275b813-3d57-4b01-93a2-7d8271130792,Stresemannstraße 38,2025-07-07 10:00:00+02:00,7.757330298423767
4275b813-3d57-4b01-93a2-7d8271130792,Stresemannstraße 38,2025-07-07 11:00:00+02:00,2.7500529289245605
4275b813-3d57-4b01-93a2-7d8271130792,Stresemannstraße 38,2025-07-07 12:00:00+02:00,2.7196845213572183
4275b813-3d57-4b01-93a2-7d8271130792,Stresemannstraße 38,2025-07-07 13:00:00+02:00,1.524362564086914
4275b813-3d57-4b01-93a2-7d8271130792,Stresemannstraße 38,2025-07-07 14:00:00+02:00,1.4774828751881917
4275b813-3d57-4b01-93a2-7d8271130792,Stresemannstraße 38,2025-07-07 15:00:00+02:00,3.948143641153971
4275b813-3d57-4b01-93a2-7d8271130792,Stresemannstraße 38,2025-07-07 16:00:00+02:00,15.407669623692831
4275b813-3d57-4b01-93a2-7d8271130792,Stresemannstraße 38,2025-07-07 17:00:00+02:00,7.06322968006134
4275b813-3d57-4b01-93a2-7d8271130792,Stresemannstraße 38,2025-07-07 18:00:00+02:00,6.9358599583307905
4275b813-3d57-4b01-93a2-7d8271130792,Stresemannstraße 38,2025-07-07 19:00:00+02:00,2.2173773447672525
4275b813-3d57-4b01-93a2-7d8271130792,Stresemannstraße 38,2025-07-07 20:00:00+02:00,3.211258331934611
4275b813-3d57-4b01-93a2-7d8271130792,Stresemannstraße 38,2025-07-07 21:00:00+02:00,1.4159624973932903
4275b813-3d57-4b01-93a2-7d8271130792,Stresemannstraße 38,2025-07-07 22:00:00+02:00,1.5218042731285095
4275b813-3d57-4b01-93a2-7d8271130792,Stresemannstraße 38,2025-07-07 23:00:00+02:00,3.781701227029165
4275b813-3d57-4b01-93a2-7d8271130792,Stresemannstraße 38,2025-07-08 00:00:00+02:00,0.8402105967203776
4275b813-3d57-4b01-93a2-7d8271130792,Stresemannstraße 38,2025-07-08 01:00:00+02:00,1.2507636547088623
4275b813-3d57-4b01-93a2-7d8271130792,Stresemannstraße 38,2025-07-08 02:00:00+02:00,2.386439045270284
4275b813-3d57-4b01-93a2-7d8271130792,Stresemannstraße 38,2025-07-08 03:00:00+02:00,2.00145737330119
4275b813-3d57-4b01-93a2-7d8271130792,Stresemannstraße 38,2025-07-08 04:00:00+02:00,3.0673500100771602
4275b813-3d57-4b01-93a2-7d8271130792,Stresemannstraße 38,2025-07-08 05:00:00+02:00,3.9234241247177124
4275b813-3d57-4b01-93a2-7d8271130792,Stresemannstraße 38,2025-07-08 06:00:00+02:00,4.620866060256958
4275b813-3d57-4b01-93a2-7d8271130792,Stresemannstraße 38,2025-07-08 07:00:00+02:00,2.833048621813456
4275b813-3d57-4b01-93a2-7d8271130792,Stresemannstraße 38,2025-07-08 08:00:00+02:00,9.95261263847351
4275b813-3d57-4b01-93a2-7d8271130792,Stresemannstraße 38,2025-07-08 09:00:00+02:00,0.842856248219808
4275b813-3d57-4b01-93a2-7d8271130792,Stresemannstraße 38,2025-07-08 10:00:00+02:00,9.217283169428507
4275b813-3d57-4b01-93a2-7d8271130792,Stresemannstraße 38,2025-07-08 11:00:00+02:00,0.45266175270080566
4275b813-3d57-4b01-93a2-7d8271130792,Stresemannstraße 38,2025-07-08 12:00:00+02:00,2.7558425267537436
4275b813-3d57-4b01-93a2-7d8271130792,Stresemannstraße 38,2025-07-08 13:00:00+02:00,9.308281501134237
4275b813-3d57-4b01-93a2-7d8271130792,Stresemannstraße 38,2025-07-08 14:00:00+02:00,6.105942010879517
4275b813-3d57-4b01-93a2-7d8271130792,Stresemannstraße 38,2025-07-08 15:00:00+02:00,11.028557260831198
4275b813-3d57-4b01-93a2-7d8271130792,Stresemannstraße 38,2025-07-08 16:00:00+02:00,0.8285585244496664
4275b813-3d57-4b01-93a2-7d8271130792,Stresemannstraße 38,2025-07-08 17:00:00+02:00,13.581437548001608
4275b813-3d57-4b01-93a2-7d8271130792,Stresemannstraße 38,2025-07-08 18:00:00+02:00,14.41471517086029
4275b813-3d57-4b01-93a2-7d8271130792,Stresemannstraße 38,2025-07-08 19:00:00+02:00,7.359873533248901
4275b813-3d57-4b01-93a2-7d8271130792,Stresemannstraße 38,2025-07-08 20:00:00+02:00,3.079990486303965
4275b813-3d57-4b01-93a2-7d8271130792,Stresemannstraße 38,2025-07-08 21:00:00+02:00,2.171181639035543
4275b813-3d57-4b01-93a2-7d8271130792,Stresemannstraße 38,2025-07-08 22:00:00+02:00,2.711560090382894
4275b813-3d57-4b01-93a2-7d8271130792,Stresemannstraße 38,2025-07-08 23:00:00+02:00,2.6567884882291177
4275b813-3d57-4b01-93a2-7d8271130792,Stresemannstraße 38,2025-07-09 00:00:00+02:00,3.051573157310486
4275b813-3d57-4b01-93a2-7d8271130792,Stresemannstraße 38,2025-07-09 01:00:00+02:00,1.6042282183965064
4275b813-3d57-4b01-93a2-7d8271130792,Stresemannstraße 38,2025-07-09 02:00:00+02:00,0.7744375069936117
4275b813-3d57-4b01-93a2-7d8271130792,Stresemannstraße 38,2025-07-09 03:00:00+02:00,2.311091065406801
4275b813-3d57-4b01-93a2-7d8271130792,Stresemannstraße 38,2025-07-09 04:00:00+02:00,3.531196912129722
4275b813-3d57-4b01-93a2-7d8271130792,Stresemannstraße 38,2025-07-09 05:00:00+02:00,2.4313348531723022
4275b813-3d57-4b01-93a2-7d8271130792,Stresemannstraße 38,2025-07-09 06:00:00+02:00,3.9233484466870627
4275b813-3d57-4b01-93a2-7d8271130792,Stresemannstraße 38,2025-07-09 07:00:00+02:00,5.6986188888549805
4275b813-3d57-4b01-93a2-7d8271130792,Stresemannstraße 38,2025-07-09 08:00:00+02:00,1.1583706935246785
4275b813-3d57-4b01-93a2-7d8271130792,Stresemannstraße 38,2025-07-09 09:00:00+02:00,2.3568076292673745
4275b813-3d57-4b01-93a2-7d8271130792,Stresemannstraße 38,2025-07-09 10:00:00+02:00,11.411052942276001
4275b813-3d57-4b01-93a2-7d8271130792,Stresemannstraße 38,2025-07-09 11:00:00+02:00,4.980373700459798
4275b813-3d57-4b01-93a2-7d8271130792,Stresemannstraße 38,2025-07-09 12:00:00+02:00,3.1099940141042075
4275b813-3d57-4b01-93a2-7d8271130792,Stresemannstraße 38,2025-07-09 13:00:00+02:00,9.540379524230957
4275b813-3d57-4b01-93a2-7d8271130792,Stresemannstraße 38,2025-07-09 14:00:00+02:00,3.0669626792271933
4275b813-3d57-4b01-93a2-7d8271130792,Stresemannstraße 38,2025-07-09 15:00:00+02:00,3.370158632596334
4275b813-3d57-4b01-93a2-7d8271130792,Stresemannstraße 38,2025-07-09 16:00:00+02:00,18.341375986735027
4275b813-3d57-4b01-93a2-7d8271130792,Stresemannstraße 38,2025-07-09 17:00:00+02:00,9.439299941062927
4275b813-3d57-4b01-93a2-7d8271130792,Stresemannstraße 38,2025-07-09 18:00:00+02:00,3.1127156813939414
4275b813-3d57-4b01-93a2-7d8271130792,Stresemannstraße 38,2025-07-09 19:00:00+02:00,2.386975566546122
4275b813-3d57-4b01-93a2-7d8271130792,Stresemannstraße 38,2025-07-09 20:00:00+02:00,1.0855016311009724
4275b813-3d57-4b01-93a2-7d8271130792,Stresemannstraße 38,2025-07-09 21:00:00+02:00,1.9144423802693684
4275b813-3d57-4b01-93a2-7d8271130792,Stresemannstraße 38,2025-07-09 22:00:00+02:00,3.6330352624257425
4275b813-3d57-4b01-93a2-7d8271130792,Stresemannstraße 38,2025-07-09 23:00:00+02:00,1.687558690706889
4275b813-3d57-4b01-93a2-7d8271130792,Stresemannstraße 38,2025-07-10 00:00:00+02:00,1.133730133374532
4275b813-3d57-4b01-93a2-7d8271130792,Stresemannstraße 38,2025-07-10 01:00:00+02:00,1.000760793685913
4275b813-3d57-4b01-93a2-7d8271130792,Stresemannstraße 38,2025-07-10 02:00:00+02:00,2.0713005065917987
4275b813-3d57-4b01-93a2-7d8271130792,Stresemannstraße 38,2025-07-10 03:00:00+02:00,3.5842373172442117
4275b813-3d57-4b01-93a2-7d8271130792,Stresemannstraße 38,2025-07-10 04:00:00+02:00,3.562701900800071
4275b813-3d57-4b01-93a2-7d8271130792,Stresemannstraße 38,2025-07-10 05:00:00+02:00,4.132628679275513
4275b813-3d57-4b01-93a2-7d8271130792,Stresemannstraße 38,2025-07-10 06:00:00+02:00,1.3896502653757732
4275b813-3d57-4b01-93a2-7d8271130792,Stresemannstraße 38,2025-07-10 07:00:00+02:00,3.2654585043589273
4275b813-3d57-4b01-93a2-7d8271130792,Stresemannstraße 38,2025-07-10 08:00:00+02:00,2.5511484146118164
4275b813-3d57-4b01-93a2-7d8271130792,Stresemannstraße 38,2025-07-10 09:00:00+02:00,3.828306039174398
4275b813-3d57-4b01-93a2-7d8271130792,Stresemannstraße 38,2025-07-10 10:00:00+02:00,3.405032237370809
4275b813-3d57-4b01-93a2-7d8271130792,Stresemannstraße 38,2025-07-10 11:00:00+02:00,10.629294792811075
4275b813-3d57-4b01-93a2-7d8271130792,Stresemannstraße 38,2025-07-10 12:00:00+02:00,19.023958524068195
4275b813-3d57-4b01-93a2-7d8271130792,Stresemannstraße 38,2025-07-10 13:00:00+02:00,0.539085865020752
4275b813-3d57-4b01-93a2-7d8271130792,Stresemannstraße 38,2025-07-10 14:00:00+02:00,4.14359180132548
4275b813-3d57-4b01-93a2-7d8271130792,Stresemannstraße 38,2025-07-10 15:00:00+02:00,11.589552243550619
4275b813-3d57-4b01-93a2-7d8271130792,Stresemannstraße 38,2025-07-10 16:00:00+02:00,4.369557062784831
4275b813-3d57-4b01-93a2-7d8271130792,Stresemannstraße 38,2025-07-10 17:00:00+02:00,1.0406941572825115
4275b813-3d57-4b01-93a2-7d8271130792,Stresemannstraße 38,2025-07-10 18:00:00+02:00,8.621830304463705
4275b813-3d57-4b01-93a2-7d8271130792,Stresemannstraße 38,2025-07-10 19:00:00+02:00,7.833607037862142
4275b813-3d57-4b01-93a2-7d8271130792,Stresemannstraße 38,2025-07-10 20:00:00+02:00,2.1233179370562234
4275b813-3d57-4b01-93a2-7d8271130792,Stresemannstraße 38,2025-07-10 21:00:00+02:00,1.1355810761451721
4275b813-3d57-4b01-93a2-7d8271130792,Stresemannstraße 38,2025-07-10 22:00:00+02:00,1.529293914635976
4275b813-3d57-4b01-93a2-7d8271130792,Stresemannstraße 38,2025-07-10 23:00:00+02:00,4.323063929875691
4275b813-3d57-4b01-93a2-7d8271130792,Stresemannstraße 38,2025-07-11 00:00:00+02:00,1.600356936454773
4275b813-3d57-4b01-93a2-7d8271130792,Stresemannstraße 38,2025-07-11 01:00:00+02:00,1.424522856871287
4275b813-3d57-4b01-93a2-7d8271130792,Stresemannstraße 38,2025-07-11 02:00:00+02:00,0.9561396638552347
4275b813-3d57-4b01-93a2-7d8271130792,Stresemannstraße 38,2025-07-11 03:00:00+02:00,3.78897092739741
4275b813-3d57-4b01-93a2-7d8271130792,Stresemannstraße 38,2025-07-11 04:00:00+02:00,3.62930742899577
4275b813-3d57-4b01-93a2-7d8271130792,Stresemannstraße 38,2025-07-11 05:00:00+02:00,5.058179457982383
4275b813-3d57-4b01-93a2-7d8271130792,Stresemannstraße 38,2025-07-11 06:00:00+02:00,4.280547797679901
4275b813-3d57-4b01-93a2-7d8271130792,Stresemannstraße 38,2025-07-11 07:00:00+02:00,4.626137137413025
4275b813-3d57-4b01-93a2-7d8271130792,Stresemannstraße 38,2025-07-11 08:00:00+02:00,2.3174938360850015
4275b813-3d57-4b01-93a2-7d8271130792,Stresemannstraße 38,2025-07-11 09:00:00+02:00,1.8618642489115398
4275b813-3d57-4b01-93a2-7d8271130792,Stresemannstraße 38,2025-07-11 10:00:00+02:00,8.900319496790567
4275b813-3d57-4b01-93a2-7d8271130792,Stresemannstraße 38,2025-07-11 11:00:00+02:00,2.6535207430521646
4275b813-3d57-4b01-93a2-7d8271130792,Stresemannstraße 38,2025-07-11 12:00:00+02:00,6.43397577603658
4275b813-3d57-4b01-93a2-7d8271130792,Stresemannstraße 38,2025-07-11 13:00:00+02:00,3.7175916830698648
4275b813-3d57-4b01-93a2-7d8271130792,Stresemannstraße 38,2025-07-11 14:00:00+02:00,4.045629819234212
4275b813-3d57-4b01-93a2-7d8271130792,Stresemannstraße 38,2025-07-11 15:00:00+02:00,13.86532195409139
4275b813-3d57-4b01-93a2-7d8271130792,Stresemannstraße 38,2025-07-11 16:00:00+02:00,8.925373951594034
4275b813-3d57-4b01-93a2-7d8271130792,Stresemannstraße 38,2025-07-11 17:00:00+02:00,12.214313268661499
4275b813-3d57-4b01-93a2-7d8271130792,Stresemannstraße 38,2025-07-11 18:00:00+02:00,14.023784399032593
4275b813-3d57-4b01-93a2-7d8271130792,Stresemannstraße 38,2025-07-11 19:00:00+02:00,1.5599370400110881
4275b813-3d57-4b01-93a2-7d8271130792,Stresemannstraße 38,2025-07-11 20:00:00+02:00,2.2878007888793945
4275b813-3d57-4b01-93a2-7d8271130792,Stresemannstraße 38,2025-07-11 21:00:00+02:00,1.8715797861417134
4275b813-3d57-4b01-93a2-7d8271130792,Stresemannstraße 38,2025-07-11 22:00:00+02:00,2.4505030711491904
4275b813-3d57-4b01-93a2-7d8271130792,Stresemannstraße 38,2025-07-11 23:00:00+02:00,5.454712549845378
4275b813-3d57-4b01-93a2-7d8271130792,Stresemannstraße 38,2025-07-12 00:00:00+02:00,2.5106362104415894
4275b813-3d57-4b01-93a2-7d8271130792,Stresemannstraße 38,2025-07-12 01:00:00+02:00,0.9000020225842794
4275b813-3d57-4b01-93a2-7d8271130792,Stresemannstraße 38,2025-07-12 02:00:00+02:00,1.5633935332298279
4275b813-3d57-4b01-93a2-7d8271130792,Stresemannstraße 38,2025-07-12 03:00:00+02:00,2.4562044342358926
4275b813-3d57-4b01-93a2-7d8271130792,Stresemannstraße 38,2025-07-12 04:00:00+02:00,2.5745871861775735
4275b813-3d57-4b01-93a2-7d8271130792,Stresemannstraße 38,2025-07-12 05:00:00+02:00,3.002658665180208
4275b813-3d57-4b01-93a2-7d8271130792,Stresemannstraße 38,2025-07-12 06:00:00+02:00,1.2835169831911724
4275b813-3d57-4b01-93a2-7d8271130792,Stresemannstraße 38,2025-07-12 07:00:00+02:00,3.3876627484957376
4275b813-3d57-4b01-93a2-7d8271130792,Stresemannstraße 38,2025-07-12 08:00:00+02:00,1.1041798790295918
4275b813-3d57-4b01-93a2-7d8271130792,Stresemannstraße 38,2025-07-12 09:00:00+02:00,3.3738011916478476
4275b813-3d57-4b01-93a2-7d8271130792,Stresemannstraße 38,2025-07-12 10:00:00+02:00,18.473352948824566
4275b813-3d57-4b01-93a2-7d8271130792,Stresemannstraße 38,2025-07-12 11:00:00+02:00,3.6820281346639
4275b813-3d57-4b01-93a2-7d8271130792,Stresemannstraße 38,2025-07-12 12:00:00+02:00,10.767837365468344
4275b813-3d57-4b01-93a2-7d8271130792,Stresemannstraße 38,2025-07-12 13:00:00+02:00,11.54128885269165
4275b813-3d57-4b01-93a2-7d8271130792,Stresemannstraße 38,2025-07-12 14:00:00+02:00,5.133975903193156
4275b813-3d57-4b01-93a2-7d8271130792,Stresemannstraße 38,2025-07-12 15:00:00+02:00,2.2910801569620767
4275b813-3d57-4b01-93a2-7d8271130792,Stresemannstraße 38,2025-07-12 16:00:00+02:00,2.7374207178751626
4275b813-3d57-4b01-93a2-7d8271130792,Stresemannstraße 38,2025-07-12 17:00:00+02:00,3.5906209150950112
4275b813-3d57-4b01-93a2-7d8271130792,Stresemannstraße 38,2025-07-12 18:00:00+02:00,3.6381446520487466
4275b813-3d57-4b01-93a2-7d8271130792,Stresemannstraße 38,2025-07-12 19:00:00+02:00,4.4938903252283735
4275b813-3d57-4b01-93a2-7d8271130792,Stresemannstraße 38,2025-07-12 20:00:00+02:00,8.154913306236267
4275b813-3d57-4b01-93a2-7d8271130792,Stresemannstraße 38,2025-07-12 21:00:00+02:00,1.7674424449602764
4275b813-3d57-4b01-93a2-7d8271130792,Stresemannstraße 38,2025-07-12 22:00:00+02:00,0.7926902373631796
4275b813-3d57-4b01-93a2-7d8271130792,Stresemannstraße 38,2025-07-12 23:00:00+02:00,4.191575209299724
4275b813-3d57-4b01-93a2-7d8271130792,Stresemannstraße 38,2025-07-13 00:00:00+02:00,7.424808084964752
4275b813-3d57-4b01-93a2-7d8271130792,Stresemannstraße 38,2025-07-13 01:00:00+02:00,3.0976070562998452
4275b813-3d57-4b01-93a2-7d8271130792,Stresemannstraße 38,2025-07-13 02:00:00+02:00,1.016162137190501
4275b813-3d57-4b01-93a2-7d8271130792,Stresemannstraße 38,2025-07-13 03:00:00+02:00,1.3710808961287788
4275b813-3d57-4b01-93a2-7d8271130792,Stresemannstraße 38,2025-07-13 04:00:00+02:00,1.368438872424039
4275b813-3d57-4b01-93a2-7d8271130792,Stresemannstraße 38,2025-07-13 05:00:00+02:00,1.2671405701410203
4275b813-3d57-4b01-93a2-7d8271130792,Stresemannstraße 38,2025-07-13 06:00:00+02:00,1.0868869781494142
4275b813-3d57-4b01-93a2-7d8271130792,Stresemannstraße 38,2025-07-13 07:00:00+02:00,2.0819779948184363
4275b813-3d57-4b01-93a2-7d8271130792,Stresemannstraße 38,2025-07-13 08:00:00+02:00,5.66360796822442
4275b813-3d57-4b01-93a2-7d8271130792,Stresemannstraße 38,2025-07-13 09:00:00+02:00,5.755478297962862
4275b813-3d57-4b01-93a2-7d8271130792,Stresemannstraße 38,2025-07-13 10:00:00+02:00,10.952288508415222
4275b813-3d57-4b01-93a2-7d8271130792,Stresemannstraße 38,2025-07-13 11:00:00+02:00,7.456686401367188
4275b813-3d57-4b01-93a2-7d8271130792,Stresemannstraße 38,2025-07-13 12:00:00+02:00,14.405221666608538
4275b813-3d57-4b01-93a2-7d8271130792,Stresemannstraße 38,2025-07-13 13:00:00+02:00,6.891885023850661
4275b813-3d57-4b01-93a2-7d8271130792,Stresemannstraße 38,2025-07-13 14:00:00+02:00,5.416520118713379
4275b813-3d57-4b01-93a2-7d8271130792,Stresemannstraße 38,2025-07-13 15:00:00+02:00,3.9975487102161753
4275b813-3d57-4b01-93a2-7d8271130792,Stresemannstraße 38,2025-07-13 16:00:00+02:00,4.663603973388672
4275b813-3d57-4b01-93a2-7d8271130792,Stresemannstraße 38,2025-07-13 17:00:00+02:00,2.025867568122016
4275b813-3d57-4b01-93a2-7d8271130792,Stresemannstraße 38,2025-07-13 18:00:00+02:00,1.6207022070884705
4275b813-3d57-4b01-93a2-7d8271130792,Stresemannstraße 38,2025-07-13 19:00:00+02:00,0.9821380206516811
4275b813-3d57-4b01-93a2-7d8271130792,Stresemannstraße 38,2025-07-13 20:00:00+02:00,4.834320942560832
4275b813-3d57-4b01-93a2-7d8271130792,Stresemannstraße 38,2025-07-13 21:00:00+02:00,0.36945648193359376
4275b813-3d57-4b01-93a2-7d8271130792,Stresemannstraße 38,2025-07-13 22:00:00+02:00,0.626951217651369
4275b813-3d57-4b01-93a2-7d8271130792,Stresemannstraße 38,2025-07-13 23:00:00+02:00,1.616912841796875
4275b813-3d57-4b01-93a2-7d8271130792,Stresemannstraße 38,2025-07-14 00:00:00+02:00,1.6723651885986328
4275b813-3d57-4b01-93a2-7d8271130792,Stresemannstraße 38,2025-07-14 01:00:00+02:00,3.346677780151367
444377cc-f3b9-45ed-984c-4a8bb6586feb,Kurpark - Großer Teich Süd Ost,2025-06-30 03:00:00+02:00,4.614843368530273
444377cc-f3b9-45ed-984c-4a8bb6586feb,Kurpark - Großer Teich Süd Ost,2025-06-30 04:00:00+02:00,4.55294942855835
444377cc-f3b9-45ed-984c-4a8bb6586feb,Kurpark - Großer Teich Süd Ost,2025-06-30 05:00:00+02:00,2.1499478022257485
444377cc-f3b9-45ed-984c-4a8bb6586feb,Kurpark - Großer Teich Süd Ost,2025-06-30 06:00:00+02:00,9.991354942321777
444377cc-f3b9-45ed-984c-4a8bb6586feb,Kurpark - Großer Teich Süd Ost,2025-06-30 07:00:00+02:00,13.109867477416993
444377cc-f3b9-45ed-984c-4a8bb6586feb,Kurpark - Großer Teich Süd Ost,2025-06-30 08:00:00+02:00,10.569441477457682
444377cc-f3b9-45ed-984c-4a8bb6586feb,Kurpark - Großer Teich Süd Ost,2025-06-30 09:00:00+02:00,1.4892169407435827
444377cc-f3b9-45ed-984c-4a8bb6586feb,Kurpark - Großer Teich Süd Ost,2025-06-30 10:00:00+02:00,4.189113140106201
444377cc-f3b9-45ed-984c-4a8bb6586feb,Kurpark - Großer Teich Süd Ost,2025-06-30 11:00:00+02:00,7.3635275099012585
444377cc-f3b9-45ed-984c-4a8bb6586feb,Kurpark - Großer Teich Süd Ost,2025-06-30 12:00:00+02:00,4.355875015258789
444377cc-f3b9-45ed-984c-4a8bb6586feb,Kurpark - Großer Teich Süd Ost,2025-06-30 13:00:00+02:00,8.523875496604226
444377cc-f3b9-45ed-984c-4a8bb6586feb,Kurpark - Großer Teich Süd Ost,2025-06-30 14:00:00+02:00,6.814089934031169
444377cc-f3b9-45ed-984c-4a8bb6586feb,Kurpark - Großer Teich Süd Ost,2025-06-30 15:00:00+02:00,8.573911666870117
444377cc-f3b9-45ed-984c-4a8bb6586feb,Kurpark - Großer Teich Süd Ost,2025-06-30 16:00:00+02:00,2.7770850317818776
444377cc-f3b9-45ed-984c-4a8bb6586feb,Kurpark - Großer Teich Süd Ost,2025-06-30 17:00:00+02:00,4.720746612548828
444377cc-f3b9-45ed-984c-4a8bb6586feb,Kurpark - Großer Teich Süd Ost,2025-06-30 18:00:00+02:00,6.610249638557434
444377cc-f3b9-45ed-984c-4a8bb6586feb,Kurpark - Großer Teich Süd Ost,2025-06-30 19:00:00+02:00,10.13658966737635
444377cc-f3b9-45ed-984c-4a8bb6586feb,Kurpark - Großer Teich Süd Ost,2025-06-30 20:00:00+02:00,26.751865598890518
444377cc-f3b9-45ed-984c-4a8bb6586feb,Kurpark - Großer Teich Süd Ost,2025-06-30 21:00:00+02:00,6.075752308494167
444377cc-f3b9-45ed-984c-4a8bb6586feb,Kurpark - Großer Teich Süd Ost,2025-06-30 22:00:00+02:00,3.7590684413909914
444377cc-f3b9-45ed-984c-4a8bb6586feb,Kurpark - Großer Teich Süd Ost,2025-06-30 23:00:00+02:00,5.11258179800851
444377cc-f3b9-45ed-984c-4a8bb6586feb,Kurpark - Großer Teich Süd Ost,2025-07-01 00:00:00+02:00,2.3034890348261055
444377cc-f3b9-45ed-984c-4a8bb6586feb,Kurpark - Großer Teich Süd Ost,2025-07-01 01:00:00+02:00,2.2367512661477793
444377cc-f3b9-45ed-984c-4a8bb6586feb,Kurpark - Großer Teich Süd Ost,2025-07-01 02:00:00+02:00,0.7572932243347168
444377cc-f3b9-45ed-984c-4a8bb6586feb,Kurpark - Großer Teich Süd Ost,2025-07-01 03:00:00+02:00,4.309884190559387
444377cc-f3b9-45ed-984c-4a8bb6586feb,Kurpark - Großer Teich Süd Ost,2025-07-01 04:00:00+02:00,2.8600538969039917
444377cc-f3b9-45ed-984c-4a8bb6586feb,Kurpark - Großer Teich Süd Ost,2025-07-01 05:00:00+02:00,2.5050479968388877
444377cc-f3b9-45ed-984c-4a8bb6586feb,Kurpark - Großer Teich Süd Ost,2025-07-01 06:00:00+02:00,7.742056210835774
444377cc-f3b9-45ed-984c-4a8bb6586feb,Kurpark - Großer Teich Süd Ost,2025-07-01 07:00:00+02:00,1.9287871917088826
444377cc-f3b9-45ed-984c-4a8bb6586feb,Kurpark - Großer Teich Süd Ost,2025-07-01 08:00:00+02:00,11.61481237411499
444377cc-f3b9-45ed-984c-4a8bb6586feb,Kurpark - Großer Teich Süd Ost,2025-07-01 09:00:00+02:00,1.8244813283284504
444377cc-f3b9-45ed-984c-4a8bb6586feb,Kurpark - Großer Teich Süd Ost,2025-07-01 10:00:00+02:00,6.787179072697957
444377cc-f3b9-45ed-984c-4a8bb6586feb,Kurpark - Großer Teich Süd Ost,2025-07-01 11:00:00+02:00,10.292117754618326
444377cc-f3b9-45ed-984c-4a8bb6586feb,Kurpark - Großer Teich Süd Ost,2025-07-01 12:00:00+02:00,6.017910957336426
444377cc-f3b9-45ed-984c-4a8bb6586feb,Kurpark - Großer Teich Süd Ost,2025-07-01 13:00:00+02:00,7.222748676935832
444377cc-f3b9-45ed-984c-4a8bb6586feb,Kurpark - Großer Teich Süd Ost,2025-07-01 14:00:00+02:00,7.1347096761067705
444377cc-f3b9-45ed-984c-4a8bb6586feb,Kurpark - Großer Teich Süd Ost,2025-07-01 15:00:00+02:00,3.855548858642578
444377cc-f3b9-45ed-984c-4a8bb6586feb,Kurpark - Großer Teich Süd Ost,2025-07-01 16:00:00+02:00,6.268880367279053
444377cc-f3b9-45ed-984c-4a8bb6586feb,Kurpark - Großer Teich Süd Ost,2025-07-01 17:00:00+02:00,8.245602130889893
444377cc-f3b9-45ed-984c-4a8bb6586feb,Kurpark - Großer Teich Süd Ost,2025-07-01 18:00:00+02:00,1.1526389916737874
444377cc-f3b9-45ed-984c-4a8bb6586feb,Kurpark - Großer Teich Süd Ost,2025-07-01 19:00:00+02:00,2.7034595807393393
444377cc-f3b9-45ed-984c-4a8bb6586feb,Kurpark - Großer Teich Süd Ost,2025-07-01 20:00:00+02:00,1.2689398527145386
444377cc-f3b9-45ed-984c-4a8bb6586feb,Kurpark - Großer Teich Süd Ost,2025-07-01 21:00:00+02:00,5.379737099011739
444377cc-f3b9-45ed-984c-4a8bb6586feb,Kurpark - Großer Teich Süd Ost,2025-07-01 22:00:00+02:00,0.9542305866877238
444377cc-f3b9-45ed-984c-4a8bb6586feb,Kurpark - Großer Teich Süd Ost,2025-07-01 23:00:00+02:00,0.7681877613067627
444377cc-f3b9-45ed-984c-4a8bb6586feb,Kurpark - Großer Teich Süd Ost,2025-07-02 00:00:00+02:00,0.3430135250091553
444377cc-f3b9-45ed-984c-4a8bb6586feb,Kurpark - Großer Teich Süd Ost,2025-07-02 01:00:00+02:00,1.731551726659139
444377cc-f3b9-45ed-984c-4a8bb6586feb,Kurpark - Großer Teich Süd Ost,2025-07-02 02:00:00+02:00,4.014230052630107
444377cc-f3b9-45ed-984c-4a8bb6586feb,Kurpark - Großer Teich Süd Ost,2025-07-02 03:00:00+02:00,4.041934490203857
444377cc-f3b9-45ed-984c-4a8bb6586feb,Kurpark - Großer Teich Süd Ost,2025-07-02 04:00:00+02:00,5.886647582054138
444377cc-f3b9-45ed-984c-4a8bb6586feb,Kurpark - Großer Teich Süd Ost,2025-07-02 05:00:00+02:00,2.5481533209482827
444377cc-f3b9-45ed-984c-4a8bb6586feb,Kurpark - Großer Teich Süd Ost,2025-07-02 06:00:00+02:00,2.228751301765442
444377cc-f3b9-45ed-984c-4a8bb6586feb,Kurpark - Großer Teich Süd Ost,2025-07-02 07:00:00+02:00,19.876877347628277
444377cc-f3b9-45ed-984c-4a8bb6586feb,Kurpark - Großer Teich Süd Ost,2025-07-02 08:00:00+02:00,6.863989233970642
444377cc-f3b9-45ed-984c-4a8bb6586feb,Kurpark - Großer Teich Süd Ost,2025-07-02 09:00:00+02:00,6.456701993942261
444377cc-f3b9-45ed-984c-4a8bb6586feb,Kurpark - Großer Teich Süd Ost,2025-07-02 10:00:00+02:00,2.1845998764038086
444377cc-f3b9-45ed-984c-4a8bb6586feb,Kurpark - Großer Teich Süd Ost,2025-07-02 11:00:00+02:00,1.383043924967448
444377cc-f3b9-45ed-984c-4a8bb6586feb,Kurpark - Großer Teich Süd Ost,2025-07-02 12:00:00+02:00,1.938245137532552
444377cc-f3b9-45ed-984c-4a8bb6586feb,Kurpark - Großer Teich Süd Ost,2025-07-02 13:00:00+02:00,9.326884826024374
444377cc-f3b9-45ed-984c-4a8bb6586feb,Kurpark - Großer Teich Süd Ost,2025-07-02 14:00:00+02:00,9.624743938446045
444377cc-f3b9-45ed-984c-4a8bb6586feb,Kurpark - Großer Teich Süd Ost,2025-07-02 15:00:00+02:00,11.897336721420288
444377cc-f3b9-45ed-984c-4a8bb6586feb,Kurpark - Großer Teich Süd Ost,2025-07-02 16:00:00+02:00,4.016716480255127
444377cc-f3b9-45ed-984c-4a8bb6586feb,Kurpark - Großer Teich Süd Ost,2025-07-02 17:00:00+02:00,4.746244430541992
444377cc-f3b9-45ed-984c-4a8bb6586feb,Kurpark - Großer Teich Süd Ost,2025-07-02 18:00:00+02:00,13.156809767087301
444377cc-f3b9-45ed-984c-4a8bb6586feb,Kurpark - Großer Teich Süd Ost,2025-07-02 19:00:00+02:00,2.2076133092244468
444377cc-f3b9-45ed-984c-4a8bb6586feb,Kurpark - Großer Teich Süd Ost,2025-07-02 20:00:00+02:00,1.5463923613230388
444377cc-f3b9-45ed-984c-4a8bb6586feb,Kurpark - Großer Teich Süd Ost,2025-07-02 21:00:00+02:00,5.4991544882456465
444377cc-f3b9-45ed-984c-4a8bb6586feb,Kurpark - Großer Teich Süd Ost,2025-07-02 22:00:00+02:00,1.6241496404012044
444377cc-f3b9-45ed-984c-4a8bb6586feb,Kurpark - Großer Teich Süd Ost,2025-07-02 23:00:00+02:00,0.5134787956873575
444377cc-f3b9-45ed-984c-4a8bb6586feb,Kurpark - Großer Teich Süd Ost,2025-07-03 00:00:00+02:00,1.5089604059855144
444377cc-f3b9-45ed-984c-4a8bb6586feb,Kurpark - Großer Teich Süd Ost,2025-07-03 01:00:00+02:00,3.190239151318868
444377cc-f3b9-45ed-984c-4a8bb6586feb,Kurpark - Großer Teich Süd Ost,2025-07-03 02:00:00+02:00,4.284648299217224
444377cc-f3b9-45ed-984c-4a8bb6586feb,Kurpark - Großer Teich Süd Ost,2025-07-03 03:00:00+02:00,3.8698976834615073
444377cc-f3b9-45ed-984c-4a8bb6586feb,Kurpark - Großer Teich Süd Ost,2025-07-03 04:00:00+02:00,3.095427950223287
444377cc-f3b9-45ed-984c-4a8bb6586feb,Kurpark - Großer Teich Süd Ost,2025-07-03 05:00:00+02:00,1.546377142270406
444377cc-f3b9-45ed-984c-4a8bb6586feb,Kurpark - Großer Teich Süd Ost,2025-07-03 06:00:00+02:00,6.127537449200948
444377cc-f3b9-45ed-984c-4a8bb6586feb,Kurpark - Großer Teich Süd Ost,2025-07-03 07:00:00+02:00,3.938151478767395
444377cc-f3b9-45ed-984c-4a8bb6586feb,Kurpark - Großer Teich Süd Ost,2025-07-03 08:00:00+02:00,2.428335269292196
444377cc-f3b9-45ed-984c-4a8bb6586feb,Kurpark - Großer Teich Süd Ost,2025-07-03 09:00:00+02:00,6.755985975265503
444377cc-f3b9-45ed-984c-4a8bb6586feb,Kurpark - Großer Teich Süd Ost,2025-07-03 10:00:00+02:00,9.295010169347128
444377cc-f3b9-45ed-984c-4a8bb6586feb,Kurpark - Großer Teich Süd Ost,2025-07-03 11:00:00+02:00,11.013708353042603
444377cc-f3b9-45ed-984c-4a8bb6586feb,Kurpark - Großer Teich Süd Ost,2025-07-03 12:00:00+02:00,10.44241468111674
444377cc-f3b9-45ed-984c-4a8bb6586feb,Kurpark - Großer Teich Süd Ost,2025-07-03 13:00:00+02:00,1.8485922813415527
444377cc-f3b9-45ed-984c-4a8bb6586feb,Kurpark - Großer Teich Süd Ost,2025-07-03 14:00:00+02:00,4.7699875831604
444377cc-f3b9-45ed-984c-4a8bb6586feb,Kurpark - Großer Teich Süd Ost,2025-07-03 15:00:00+02:00,3.674276272455851
444377cc-f3b9-45ed-984c-4a8bb6586feb,Kurpark - Großer Teich Süd Ost,2025-07-03 16:00:00+02:00,4.7717823187510175
444377cc-f3b9-45ed-984c-4a8bb6586feb,Kurpark - Großer Teich Süd Ost,2025-07-03 17:00:00+02:00,1.6904971599578857
444377cc-f3b9-45ed-984c-4a8bb6586feb,Kurpark - Großer Teich Süd Ost,2025-07-03 18:00:00+02:00,5.45809268951416
444377cc-f3b9-45ed-984c-4a8bb6586feb,Kurpark - Großer Teich Süd Ost,2025-07-03 19:00:00+02:00,2.0053884188334146
444377cc-f3b9-45ed-984c-4a8bb6586feb,Kurpark - Großer Teich Süd Ost,2025-07-03 20:00:00+02:00,3.9116297562917075
444377cc-f3b9-45ed-984c-4a8bb6586feb,Kurpark - Großer Teich Süd Ost,2025-07-03 21:00:00+02:00,1.234917442003886
444377cc-f3b9-45ed-984c-4a8bb6586feb,Kurpark - Großer Teich Süd Ost,2025-07-03 22:00:00+02:00,2.799066742261251
444377cc-f3b9-45ed-984c-4a8bb6586feb,Kurpark - Großer Teich Süd Ost,2025-07-03 23:00:00+02:00,3.030724048614502
444377cc-f3b9-45ed-984c-4a8bb6586feb,Kurpark - Großer Teich Süd Ost,2025-07-04 00:00:00+02:00,2.964665095011393
444377cc-f3b9-45ed-984c-4a8bb6586feb,Kurpark - Großer Teich Süd Ost,2025-07-04 01:00:00+02:00,1.7070226669311523
444377cc-f3b9-45ed-984c-4a8bb6586feb,Kurpark - Großer Teich Süd Ost,2025-07-04 02:00:00+02:00,3.565732757250468
444377cc-f3b9-45ed-984c-4a8bb6586feb,Kurpark - Großer Teich Süd Ost,2025-07-04 03:00:00+02:00,5.0701725880304975
444377cc-f3b9-45ed-984c-4a8bb6586feb,Kurpark - Großer Teich Süd Ost,2025-07-04 04:00:00+02:00,5.159125248591105
444377cc-f3b9-45ed-984c-4a8bb6586feb,Kurpark - Großer Teich Süd Ost,2025-07-04 05:00:00+02:00,3.9610915978749595
444377cc-f3b9-45ed-984c-4a8bb6586feb,Kurpark - Großer Teich Süd Ost,2025-07-04 06:00:00+02:00,2.214751919110616
444377cc-f3b9-45ed-984c-4a8bb6586feb,Kurpark - Großer Teich Süd Ost,2025-07-04 07:00:00+02:00,8.593059182167053
444377cc-f3b9-45ed-984c-4a8bb6586feb,Kurpark - Großer Teich Süd Ost,2025-07-04 08:00:00+02:00,3.4281858603159585
444377cc-f3b9-45ed-984c-4a8bb6586feb,Kurpark - Großer Teich Süd Ost,2025-07-04 09:00:00+02:00,12.755549112955729
444377cc-f3b9-45ed-984c-4a8bb6586feb,Kurpark - Großer Teich Süd Ost,2025-07-04 10:00:00+02:00,18.42948071161906
444377cc-f3b9-45ed-984c-4a8bb6586feb,Kurpark - Großer Teich Süd Ost,2025-07-04 11:00:00+02:00,8.495441436767578
444377cc-f3b9-45ed-984c-4a8bb6586feb,Kurpark - Großer Teich Süd Ost,2025-07-04 12:00:00+02:00,5.483784993489583
444377cc-f3b9-45ed-984c-4a8bb6586feb,Kurpark - Großer Teich Süd Ost,2025-07-04 13:00:00+02:00,1.4998326301574707
444377cc-f3b9-45ed-984c-4a8bb6586feb,Kurpark - Großer Teich Süd Ost,2025-07-04 14:00:00+02:00,6.30911922454834
444377cc-f3b9-45ed-984c-4a8bb6586feb,Kurpark - Großer Teich Süd Ost,2025-07-04 15:00:00+02:00,8.301265398661295
444377cc-f3b9-45ed-984c-4a8bb6586feb,Kurpark - Großer Teich Süd Ost,2025-07-04 16:00:00+02:00,25.96585027376811
444377cc-f3b9-45ed-984c-4a8bb6586feb,Kurpark - Großer Teich Süd Ost,2025-07-04 17:00:00+02:00,23.607537508010864
444377cc-f3b9-45ed-984c-4a8bb6586feb,Kurpark - Großer Teich Süd Ost,2025-07-04 18:00:00+02:00,8.941858053207397
444377cc-f3b9-45ed-984c-4a8bb6586feb,Kurpark - Großer Teich Süd Ost,2025-07-04 19:00:00+02:00,1.9796312650044758
444377cc-f3b9-45ed-984c-4a8bb6586feb,Kurpark - Großer Teich Süd Ost,2025-07-04 20:00:00+02:00,2.3615413109461465
444377cc-f3b9-45ed-984c-4a8bb6586feb,Kurpark - Großer Teich Süd Ost,2025-07-04 21:00:00+02:00,2.104921817779541
444377cc-f3b9-45ed-984c-4a8bb6586feb,Kurpark - Großer Teich Süd Ost,2025-07-04 22:00:00+02:00,4.125629623730977
444377cc-f3b9-45ed-984c-4a8bb6586feb,Kurpark - Großer Teich Süd Ost,2025-07-04 23:00:00+02:00,7.3940589427948
444377cc-f3b9-45ed-984c-4a8bb6586feb,Kurpark - Großer Teich Süd Ost,2025-07-05 00:00:00+02:00,1.49398938814799
444377cc-f3b9-45ed-984c-4a8bb6586feb,Kurpark - Großer Teich Süd Ost,2025-07-05 01:00:00+02:00,3.3793036142985025
444377cc-f3b9-45ed-984c-4a8bb6586feb,Kurpark - Großer Teich Süd Ost,2025-07-05 02:00:00+02:00,3.890891114870707
444377cc-f3b9-45ed-984c-4a8bb6586feb,Kurpark - Großer Teich Süd Ost,2025-07-05 03:00:00+02:00,4.6704708735148115
444377cc-f3b9-45ed-984c-4a8bb6586feb,Kurpark - Großer Teich Süd Ost,2025-07-05 04:00:00+02:00,4.744949777921041
444377cc-f3b9-45ed-984c-4a8bb6586feb,Kurpark - Großer Teich Süd Ost,2025-07-05 05:00:00+02:00,4.205955465634664
444377cc-f3b9-45ed-984c-4a8bb6586feb,Kurpark - Großer Teich Süd Ost,2025-07-05 06:00:00+02:00,1.5837762753168743
444377cc-f3b9-45ed-984c-4a8bb6586feb,Kurpark - Großer Teich Süd Ost,2025-07-05 07:00:00+02:00,1.648796558380127
444377cc-f3b9-45ed-984c-4a8bb6586feb,Kurpark - Großer Teich Süd Ost,2025-07-05 08:00:00+02:00,3.8448026180267334
444377cc-f3b9-45ed-984c-4a8bb6586feb,Kurpark - Großer Teich Süd Ost,2025-07-05 09:00:00+02:00,1.9248075882593791
444377cc-f3b9-45ed-984c-4a8bb6586feb,Kurpark - Großer Teich Süd Ost,2025-07-05 10:00:00+02:00,23.531917651494343
444377cc-f3b9-45ed-984c-4a8bb6586feb,Kurpark - Großer Teich Süd Ost,2025-07-05 11:00:00+02:00,11.166533629099527
444377cc-f3b9-45ed-984c-4a8bb6586feb,Kurpark - Großer Teich Süd Ost,2025-07-05 12:00:00+02:00,14.834611415863037
444377cc-f3b9-45ed-984c-4a8bb6586feb,Kurpark - Großer Teich Süd Ost,2025-07-05 13:00:00+02:00,13.404966195424398
444377cc-f3b9-45ed-984c-4a8bb6586feb,Kurpark - Großer Teich Süd Ost,2025-07-05 14:00:00+02:00,21.58921464284261
444377cc-f3b9-45ed-984c-4a8bb6586feb,Kurpark - Großer Teich Süd Ost,2025-07-05 15:00:00+02:00,11.652375221252441
444377cc-f3b9-45ed-984c-4a8bb6586feb,Kurpark - Großer Teich Süd Ost,2025-07-05 16:00:00+02:00,9.575031280517578
444377cc-f3b9-45ed-984c-4a8bb6586feb,Kurpark - Großer Teich Süd Ost,2025-07-05 17:00:00+02:00,14.270880222320557
444377cc-f3b9-45ed-984c-4a8bb6586feb,Kurpark - Großer Teich Süd Ost,2025-07-05 18:00:00+02:00,7.3070268630981445
444377cc-f3b9-45ed-984c-4a8bb6586feb,Kurpark - Großer Teich Süd Ost,2025-07-05 19:00:00+02:00,18.157107909520466
444377cc-f3b9-45ed-984c-4a8bb6586feb,Kurpark - Großer Teich Süd Ost,2025-07-05 20:00:00+02:00,10.669609546661377
444377cc-f3b9-45ed-984c-4a8bb6586feb,Kurpark - Großer Teich Süd Ost,2025-07-05 21:00:00+02:00,6.737132549285889
444377cc-f3b9-45ed-984c-4a8bb6586feb,Kurpark - Großer Teich Süd Ost,2025-07-05 22:00:00+02:00,5.049441893895467
444377cc-f3b9-45ed-984c-4a8bb6586feb,Kurpark - Großer Teich Süd Ost,2025-07-05 23:00:00+02:00,4.936531861623128
444377cc-f3b9-45ed-984c-4a8bb6586feb,Kurpark - Großer Teich Süd Ost,2025-07-06 00:00:00+02:00,2.2009249925613403
444377cc-f3b9-45ed-984c-4a8bb6586feb,Kurpark - Großer Teich Süd Ost,2025-07-06 01:00:00+02:00,1.5786900917689006
444377cc-f3b9-45ed-984c-4a8bb6586feb,Kurpark - Großer Teich Süd Ost,2025-07-06 02:00:00+02:00,3.97908083597819
444377cc-f3b9-45ed-984c-4a8bb6586feb,Kurpark - Großer Teich Süd Ost,2025-07-06 03:00:00+02:00,3.6241446336110434
444377cc-f3b9-45ed-984c-4a8bb6586feb,Kurpark - Großer Teich Süd Ost,2025-07-06 04:00:00+02:00,2.676728884379069
444377cc-f3b9-45ed-984c-4a8bb6586feb,Kurpark - Großer Teich Süd Ost,2025-07-06 05:00:00+02:00,2.243013858795166
444377cc-f3b9-45ed-984c-4a8bb6586feb,Kurpark - Großer Teich Süd Ost,2025-07-06 06:00:00+02:00,2.8926395177841187
444377cc-f3b9-45ed-984c-4a8bb6586feb,Kurpark - Großer Teich Süd Ost,2025-07-06 07:00:00+02:00,4.1761298179626465
444377cc-f3b9-45ed-984c-4a8bb6586feb,Kurpark - Großer Teich Süd Ost,2025-07-06 08:00:00+02:00,5.440281629562378
444377cc-f3b9-45ed-984c-4a8bb6586feb,Kurpark - Großer Teich Süd Ost,2025-07-06 09:00:00+02:00,4.564421097437541
444377cc-f3b9-45ed-984c-4a8bb6586feb,Kurpark - Großer Teich Süd Ost,2025-07-06 10:00:00+02:00,13.261809349060059
444377cc-f3b9-45ed-984c-4a8bb6586feb,Kurpark - Großer Teich Süd Ost,2025-07-06 11:00:00+02:00,3.3741159439086914
444377cc-f3b9-45ed-984c-4a8bb6586feb,Kurpark - Großer Teich Süd Ost,2025-07-06 12:00:00+02:00,10.909995396931967
444377cc-f3b9-45ed-984c-4a8bb6586feb,Kurpark - Großer Teich Süd Ost,2025-07-06 13:00:00+02:00,21.002588748931885
444377cc-f3b9-45ed-984c-4a8bb6586feb,Kurpark - Großer Teich Süd Ost,2025-07-06 14:00:00+02:00,27.885226567586248
444377cc-f3b9-45ed-984c-4a8bb6586feb,Kurpark - Großer Teich Süd Ost,2025-07-06 15:00:00+02:00,20.28848425547282
444377cc-f3b9-45ed-984c-4a8bb6586feb,Kurpark - Großer Teich Süd Ost,2025-07-06 16:00:00+02:00,5.043217897415161
444377cc-f3b9-45ed-984c-4a8bb6586feb,Kurpark - Großer Teich Süd Ost,2025-07-06 17:00:00+02:00,4.910837491353353
444377cc-f3b9-45ed-984c-4a8bb6586feb,Kurpark - Großer Teich Süd Ost,2025-07-06 18:00:00+02:00,7.3964524269104
444377cc-f3b9-45ed-984c-4a8bb6586feb,Kurpark - Großer Teich Süd Ost,2025-07-06 19:00:00+02:00,3.4438741207122803
444377cc-f3b9-45ed-984c-4a8bb6586feb,Kurpark - Großer Teich Süd Ost,2025-07-06 20:00:00+02:00,7.025684237480164
444377cc-f3b9-45ed-984c-4a8bb6586feb,Kurpark - Großer Teich Süd Ost,2025-07-06 21:00:00+02:00,3.086204171180725
444377cc-f3b9-45ed-984c-4a8bb6586feb,Kurpark - Großer Teich Süd Ost,2025-07-06 22:00:00+02:00,1.3180128733317058
444377cc-f3b9-45ed-984c-4a8bb6586feb,Kurpark - Großer Teich Süd Ost,2025-07-06 23:00:00+02:00,3.534570058186849
444377cc-f3b9-45ed-984c-4a8bb6586feb,Kurpark - Großer Teich Süd Ost,2025-07-07 00:00:00+02:00,2.3674588998158774
444377cc-f3b9-45ed-984c-4a8bb6586feb,Kurpark - Großer Teich Süd Ost,2025-07-07 01:00:00+02:00,3.3255736430486045
444377cc-f3b9-45ed-984c-4a8bb6586feb,Kurpark - Großer Teich Süd Ost,2025-07-07 02:00:00+02:00,3.2875593503316245
444377cc-f3b9-45ed-984c-4a8bb6586feb,Kurpark - Großer Teich Süd Ost,2025-07-07 03:00:00+02:00,3.438407778739929
444377cc-f3b9-45ed-984c-4a8bb6586feb,Kurpark - Großer Teich Süd Ost,2025-07-07 04:00:00+02:00,4.102393905321757
444377cc-f3b9-45ed-984c-4a8bb6586feb,Kurpark - Großer Teich Süd Ost,2025-07-07 05:00:00+02:00,7.503624041875203
444377cc-f3b9-45ed-984c-4a8bb6586feb,Kurpark - Großer Teich Süd Ost,2025-07-07 06:00:00+02:00,5.144466241200765
444377cc-f3b9-45ed-984c-4a8bb6586feb,Kurpark - Großer Teich Süd Ost,2025-07-07 07:00:00+02:00,5.701131582260132
444377cc-f3b9-45ed-984c-4a8bb6586feb,Kurpark - Großer Teich Süd Ost,2025-07-07 08:00:00+02:00,1.472563107808431
444377cc-f3b9-45ed-984c-4a8bb6586feb,Kurpark - Großer Teich Süd Ost,2025-07-07 09:00:00+02:00,4.069439093271892
444377cc-f3b9-45ed-984c-4a8bb6586feb,Kurpark - Großer Teich Süd Ost,2025-07-07 10:00:00+02:00,3.1269333362579346
444377cc-f3b9-45ed-984c-4a8bb6586feb,Kurpark - Großer Teich Süd Ost,2025-07-07 11:00:00+02:00,11.641900777816772
444377cc-f3b9-45ed-984c-4a8bb6586feb,Kurpark - Großer Teich Süd Ost,2025-07-07 12:00:00+02:00,7.849889039993286
444377cc-f3b9-45ed-984c-4a8bb6586feb,Kurpark - Großer Teich Süd Ost,2025-07-07 13:00:00+02:00,8.046130418777466
444377cc-f3b9-45ed-984c-4a8bb6586feb,Kurpark - Großer Teich Süd Ost,2025-07-07 14:00:00+02:00,5.599509318669637
444377cc-f3b9-45ed-984c-4a8bb6586feb,Kurpark - Großer Teich Süd Ost,2025-07-07 15:00:00+02:00,1.869411865870158
444377cc-f3b9-45ed-984c-4a8bb6586feb,Kurpark - Großer Teich Süd Ost,2025-07-07 16:00:00+02:00,11.109289407730103
444377cc-f3b9-45ed-984c-4a8bb6586feb,Kurpark - Großer Teich Süd Ost,2025-07-07 17:00:00+02:00,4.3983200788497925
444377cc-f3b9-45ed-984c-4a8bb6586feb,Kurpark - Großer Teich Süd Ost,2025-07-07 18:00:00+02:00,1.822666088740031
444377cc-f3b9-45ed-984c-4a8bb6586feb,Kurpark - Großer Teich Süd Ost,2025-07-07 19:00:00+02:00,8.56156357129415
444377cc-f3b9-45ed-984c-4a8bb6586feb,Kurpark - Großer Teich Süd Ost,2025-07-07 20:00:00+02:00,2.1788703203201294
444377cc-f3b9-45ed-984c-4a8bb6586feb,Kurpark - Großer Teich Süd Ost,2025-07-07 21:00:00+02:00,5.101294239362081
444377cc-f3b9-45ed-984c-4a8bb6586feb,Kurpark - Großer Teich Süd Ost,2025-07-07 22:00:00+02:00,4.215722878774007
444377cc-f3b9-45ed-984c-4a8bb6586feb,Kurpark - Großer Teich Süd Ost,2025-07-07 23:00:00+02:00,4.86808721224467
444377cc-f3b9-45ed-984c-4a8bb6586feb,Kurpark - Großer Teich Süd Ost,2025-07-08 00:00:00+02:00,2.14077099164327
444377cc-f3b9-45ed-984c-4a8bb6586feb,Kurpark - Großer Teich Süd Ost,2025-07-08 01:00:00+02:00,3.639399528503418
444377cc-f3b9-45ed-984c-4a8bb6586feb,Kurpark - Großer Teich Süd Ost,2025-07-08 02:00:00+02:00,0.7088542779286703
444377cc-f3b9-45ed-984c-4a8bb6586feb,Kurpark - Großer Teich Süd Ost,2025-07-08 03:00:00+02:00,4.27933665116628
444377cc-f3b9-45ed-984c-4a8bb6586feb,Kurpark - Großer Teich Süd Ost,2025-07-08 04:00:00+02:00,3.9001253843307495
444377cc-f3b9-45ed-984c-4a8bb6586feb,Kurpark - Großer Teich Süd Ost,2025-07-08 05:00:00+02:00,4.613294363021851
444377cc-f3b9-45ed-984c-4a8bb6586feb,Kurpark - Großer Teich Süd Ost,2025-07-08 06:00:00+02:00,7.632484237353007
444377cc-f3b9-45ed-984c-4a8bb6586feb,Kurpark - Großer Teich Süd Ost,2025-07-08 07:00:00+02:00,13.42247986793518
444377cc-f3b9-45ed-984c-4a8bb6586feb,Kurpark - Großer Teich Süd Ost,2025-07-08 08:00:00+02:00,4.458621184031169
444377cc-f3b9-45ed-984c-4a8bb6586feb,Kurpark - Großer Teich Süd Ost,2025-07-08 09:00:00+02:00,2.649400075276693
444377cc-f3b9-45ed-984c-4a8bb6586feb,Kurpark - Großer Teich Süd Ost,2025-07-08 10:00:00+02:00,6.984817266464233
444377cc-f3b9-45ed-984c-4a8bb6586feb,Kurpark - Großer Teich Süd Ost,2025-07-08 11:00:00+02:00,9.534661531448364
444377cc-f3b9-45ed-984c-4a8bb6586feb,Kurpark - Großer Teich Süd Ost,2025-07-08 12:00:00+02:00,0.7950534820556641
444377cc-f3b9-45ed-984c-4a8bb6586feb,Kurpark - Großer Teich Süd Ost,2025-07-08 13:00:00+02:00,1.5069555441538494
444377cc-f3b9-45ed-984c-4a8bb6586feb,Kurpark - Großer Teich Süd Ost,2025-07-08 14:00:00+02:00,5.543322563171387
444377cc-f3b9-45ed-984c-4a8bb6586feb,Kurpark - Großer Teich Süd Ost,2025-07-08 15:00:00+02:00,18.793031692504883
444377cc-f3b9-45ed-984c-4a8bb6586feb,Kurpark - Großer Teich Süd Ost,2025-07-08 16:00:00+02:00,6.645560185114543
444377cc-f3b9-45ed-984c-4a8bb6586feb,Kurpark - Großer Teich Süd Ost,2025-07-08 17:00:00+02:00,8.67155130704244
444377cc-f3b9-45ed-984c-4a8bb6586feb,Kurpark - Großer Teich Süd Ost,2025-07-08 18:00:00+02:00,0.9193147023518881
444377cc-f3b9-45ed-984c-4a8bb6586feb,Kurpark - Großer Teich Süd Ost,2025-07-08 19:00:00+02:00,3.217912197113037
444377cc-f3b9-45ed-984c-4a8bb6586feb,Kurpark - Großer Teich Süd Ost,2025-07-08 20:00:00+02:00,1.2274586359659831
444377cc-f3b9-45ed-984c-4a8bb6586feb,Kurpark - Großer Teich Süd Ost,2025-07-08 21:00:00+02:00,5.093675017356873
444377cc-f3b9-45ed-984c-4a8bb6586feb,Kurpark - Großer Teich Süd Ost,2025-07-08 22:00:00+02:00,1.131176471710205
444377cc-f3b9-45ed-984c-4a8bb6586feb,Kurpark - Großer Teich Süd Ost,2025-07-08 23:00:00+02:00,0.8582326968510946
444377cc-f3b9-45ed-984c-4a8bb6586feb,Kurpark - Großer Teich Süd Ost,2025-07-09 00:00:00+02:00,0.37991034984588623
444377cc-f3b9-45ed-984c-4a8bb6586feb,Kurpark - Großer Teich Süd Ost,2025-07-09 01:00:00+02:00,1.6657506624857585
444377cc-f3b9-45ed-984c-4a8bb6586feb,Kurpark - Großer Teich Süd Ost,2025-07-09 02:00:00+02:00,3.7335904041926065
444377cc-f3b9-45ed-984c-4a8bb6586feb,Kurpark - Großer Teich Süd Ost,2025-07-09 03:00:00+02:00,3.5954240560531616
444377cc-f3b9-45ed-984c-4a8bb6586feb,Kurpark - Großer Teich Süd Ost,2025-07-09 04:00:00+02:00,5.289098938306172
444377cc-f3b9-45ed-984c-4a8bb6586feb,Kurpark - Großer Teich Süd Ost,2025-07-09 05:00:00+02:00,1.9232008854548137
444377cc-f3b9-45ed-984c-4a8bb6586feb,Kurpark - Großer Teich Süd Ost,2025-07-09 06:00:00+02:00,2.4490137100219727
444377cc-f3b9-45ed-984c-4a8bb6586feb,Kurpark - Großer Teich Süd Ost,2025-07-09 07:00:00+02:00,20.261940201123554
444377cc-f3b9-45ed-984c-4a8bb6586feb,Kurpark - Großer Teich Süd Ost,2025-07-09 08:00:00+02:00,6.997207562128703
444377cc-f3b9-45ed-984c-4a8bb6586feb,Kurpark - Großer Teich Süd Ost,2025-07-09 09:00:00+02:00,5.648635705312093
444377cc-f3b9-45ed-984c-4a8bb6586feb,Kurpark - Großer Teich Süd Ost,2025-07-09 10:00:00+02:00,0.7771219412485758
444377cc-f3b9-45ed-984c-4a8bb6586feb,Kurpark - Großer Teich Süd Ost,2025-07-09 11:00:00+02:00,7.016168435414632
444377cc-f3b9-45ed-984c-4a8bb6586feb,Kurpark - Großer Teich Süd Ost,2025-07-09 12:00:00+02:00,7.135163942972819
444377cc-f3b9-45ed-984c-4a8bb6586feb,Kurpark - Großer Teich Süd Ost,2025-07-09 13:00:00+02:00,1.3072760105133057
444377cc-f3b9-45ed-984c-4a8bb6586feb,Kurpark - Großer Teich Süd Ost,2025-07-09 14:00:00+02:00,10.391446987787882
444377cc-f3b9-45ed-984c-4a8bb6586feb,Kurpark - Großer Teich Süd Ost,2025-07-09 15:00:00+02:00,12.86219318707784
444377cc-f3b9-45ed-984c-4a8bb6586feb,Kurpark - Großer Teich Süd Ost,2025-07-09 16:00:00+02:00,19.01857280731201
444377cc-f3b9-45ed-984c-4a8bb6586feb,Kurpark - Großer Teich Süd Ost,2025-07-09 17:00:00+02:00,17.31467906634013
444377cc-f3b9-45ed-984c-4a8bb6586feb,Kurpark - Großer Teich Süd Ost,2025-07-09 18:00:00+02:00,9.308556079864502
444377cc-f3b9-45ed-984c-4a8bb6586feb,Kurpark - Großer Teich Süd Ost,2025-07-09 19:00:00+02:00,5.161276976267497
444377cc-f3b9-45ed-984c-4a8bb6586feb,Kurpark - Großer Teich Süd Ost,2025-07-09 20:00:00+02:00,2.51632551352183
444377cc-f3b9-45ed-984c-4a8bb6586feb,Kurpark - Großer Teich Süd Ost,2025-07-09 21:00:00+02:00,1.7013139327367146
444377cc-f3b9-45ed-984c-4a8bb6586feb,Kurpark - Großer Teich Süd Ost,2025-07-09 22:00:00+02:00,1.615371545155843
444377cc-f3b9-45ed-984c-4a8bb6586feb,Kurpark - Großer Teich Süd Ost,2025-07-09 23:00:00+02:00,0.4934503634770711
444377cc-f3b9-45ed-984c-4a8bb6586feb,Kurpark - Großer Teich Süd Ost,2025-07-10 00:00:00+02:00,1.365653395652771
444377cc-f3b9-45ed-984c-4a8bb6586feb,Kurpark - Großer Teich Süd Ost,2025-07-10 01:00:00+02:00,3.020488222440084
444377cc-f3b9-45ed-984c-4a8bb6586feb,Kurpark - Großer Teich Süd Ost,2025-07-10 02:00:00+02:00,4.10709277788798
444377cc-f3b9-45ed-984c-4a8bb6586feb,Kurpark - Großer Teich Süd Ost,2025-07-10 03:00:00+02:00,3.6681605180104575
444377cc-f3b9-45ed-984c-4a8bb6586feb,Kurpark - Großer Teich Süd Ost,2025-07-10 04:00:00+02:00,2.836303949356079
444377cc-f3b9-45ed-984c-4a8bb6586feb,Kurpark - Großer Teich Süd Ost,2025-07-10 05:00:00+02:00,1.1500492095947266
444377cc-f3b9-45ed-984c-4a8bb6586feb,Kurpark - Großer Teich Süd Ost,2025-07-10 06:00:00+02:00,6.447164058685303
444377cc-f3b9-45ed-984c-4a8bb6586feb,Kurpark - Großer Teich Süd Ost,2025-07-10 07:00:00+02:00,3.829014301300049
444377cc-f3b9-45ed-984c-4a8bb6586feb,Kurpark - Großer Teich Süd Ost,2025-07-10 08:00:00+02:00,1.946036656697591
444377cc-f3b9-45ed-984c-4a8bb6586feb,Kurpark - Großer Teich Süd Ost,2025-07-10 09:00:00+02:00,9.655186096827189
444377cc-f3b9-45ed-984c-4a8bb6586feb,Kurpark - Großer Teich Süd Ost,2025-07-10 10:00:00+02:00,3.5133350690205893
444377cc-f3b9-45ed-984c-4a8bb6586feb,Kurpark - Großer Teich Süd Ost,2025-07-10 11:00:00+02:00,9.707645893096924
444377cc-f3b9-45ed-984c-4a8bb6586feb,Kurpark - Großer Teich Süd Ost,2025-07-10 12:00:00+02:00,7.457879543304443
444377cc-f3b9-45ed-984c-4a8bb6586feb,Kurpark - Großer Teich Süd Ost,2025-07-10 13:00:00+02:00,5.503706773122151
444377cc-f3b9-45ed-984c-4a8bb6586feb,Kurpark - Großer Teich Süd Ost,2025-07-10 14:00:00+02:00,2.2763843536376953
444377cc-f3b9-45ed-984c-4a8bb6586feb,Kurpark - Großer Teich Süd Ost,2025-07-10 15:00:00+02:00,8.093321482340494
444377cc-f3b9-45ed-984c-4a8bb6586feb,Kurpark - Großer Teich Süd Ost,2025-07-10 16:00:00+02:00,24.27460590998332
444377cc-f3b9-45ed-984c-4a8bb6586feb,Kurpark - Großer Teich Süd Ost,2025-07-10 17:00:00+02:00,5.8801655769348145
444377cc-f3b9-45ed-984c-4a8bb6586feb,Kurpark - Großer Teich Süd Ost,2025-07-10 18:00:00+02:00,5.938414573669434
444377cc-f3b9-45ed-984c-4a8bb6586feb,Kurpark - Großer Teich Süd Ost,2025-07-10 19:00:00+02:00,8.96082099278768
444377cc-f3b9-45ed-984c-4a8bb6586feb,Kurpark - Großer Teich Süd Ost,2025-07-10 20:00:00+02:00,1.8940260410308838
444377cc-f3b9-45ed-984c-4a8bb6586feb,Kurpark - Großer Teich Süd Ost,2025-07-10 21:00:00+02:00,4.789261817932129
444377cc-f3b9-45ed-984c-4a8bb6586feb,Kurpark - Großer Teich Süd Ost,2025-07-10 22:00:00+02:00,3.072138945261637
444377cc-f3b9-45ed-984c-4a8bb6586feb,Kurpark - Großer Teich Süd Ost,2025-07-10 23:00:00+02:00,3.229634960492452
444377cc-f3b9-45ed-984c-4a8bb6586feb,Kurpark - Großer Teich Süd Ost,2025-07-11 00:00:00+02:00,3.058694839477539
444377cc-f3b9-45ed-984c-4a8bb6586feb,Kurpark - Großer Teich Süd Ost,2025-07-11 01:00:00+02:00,1.6730808814366658
444377cc-f3b9-45ed-984c-4a8bb6586feb,Kurpark - Großer Teich Süd Ost,2025-07-11 02:00:00+02:00,3.482742269833883
444377cc-f3b9-45ed-984c-4a8bb6586feb,Kurpark - Großer Teich Süd Ost,2025-07-11 03:00:00+02:00,4.9010307391484575
444377cc-f3b9-45ed-984c-4a8bb6586feb,Kurpark - Großer Teich Süd Ost,2025-07-11 04:00:00+02:00,4.864368478457133
444377cc-f3b9-45ed-984c-4a8bb6586feb,Kurpark - Großer Teich Süd Ost,2025-07-11 05:00:00+02:00,1.1972939570744832
444377cc-f3b9-45ed-984c-4a8bb6586feb,Kurpark - Großer Teich Süd Ost,2025-07-11 06:00:00+02:00,9.694828271865845
444377cc-f3b9-45ed-984c-4a8bb6586feb,Kurpark - Großer Teich Süd Ost,2025-07-11 07:00:00+02:00,4.418959021568298
444377cc-f3b9-45ed-984c-4a8bb6586feb,Kurpark - Großer Teich Süd Ost,2025-07-11 08:00:00+02:00,1.7840737501780193
444377cc-f3b9-45ed-984c-4a8bb6586feb,Kurpark - Großer Teich Süd Ost,2025-07-11 09:00:00+02:00,11.496009667714437
444377cc-f3b9-45ed-984c-4a8bb6586feb,Kurpark - Großer Teich Süd Ost,2025-07-11 10:00:00+02:00,17.76466925938924
444377cc-f3b9-45ed-984c-4a8bb6586feb,Kurpark - Großer Teich Süd Ost,2025-07-11 11:00:00+02:00,8.512890815734863
444377cc-f3b9-45ed-984c-4a8bb6586feb,Kurpark - Großer Teich Süd Ost,2025-07-11 12:00:00+02:00,5.835366090138753
444377cc-f3b9-45ed-984c-4a8bb6586feb,Kurpark - Großer Teich Süd Ost,2025-07-11 13:00:00+02:00,1.6095839341481526
444377cc-f3b9-45ed-984c-4a8bb6586feb,Kurpark - Großer Teich Süd Ost,2025-07-11 14:00:00+02:00,5.977709770202637
444377cc-f3b9-45ed-984c-4a8bb6586feb,Kurpark - Großer Teich Süd Ost,2025-07-11 15:00:00+02:00,8.5128542582194
444377cc-f3b9-45ed-984c-4a8bb6586feb,Kurpark - Großer Teich Süd Ost,2025-07-11 16:00:00+02:00,26.131678501764934
444377cc-f3b9-45ed-984c-4a8bb6586feb,Kurpark - Großer Teich Süd Ost,2025-07-11 17:00:00+02:00,23.406132300694782
444377cc-f3b9-45ed-984c-4a8bb6586feb,Kurpark - Großer Teich Süd Ost,2025-07-11 18:00:00+02:00,9.230459451675415
444377cc-f3b9-45ed-984c-4a8bb6586feb,Kurpark - Großer Teich Süd Ost,2025-07-11 19:00:00+02:00,3.2268291314442954
444377cc-f3b9-45ed-984c-4a8bb6586feb,Kurpark - Großer Teich Süd Ost,2025-07-11 20:00:00+02:00,2.258441964785258
444377cc-f3b9-45ed-984c-4a8bb6586feb,Kurpark - Großer Teich Süd Ost,2025-07-11 21:00:00+02:00,2.5664045810699463
444377cc-f3b9-45ed-984c-4a8bb6586feb,Kurpark - Großer Teich Süd Ost,2025-07-11 22:00:00+02:00,4.2690606117248535
444377cc-f3b9-45ed-984c-4a8bb6586feb,Kurpark - Großer Teich Süd Ost,2025-07-11 23:00:00+02:00,7.461590925852458
444377cc-f3b9-45ed-984c-4a8bb6586feb,Kurpark - Großer Teich Süd Ost,2025-07-12 00:00:00+02:00,5.195641239484151
444377cc-f3b9-45ed-984c-4a8bb6586feb,Kurpark - Großer Teich Süd Ost,2025-07-12 01:00:00+02:00,3.353170474370321
444377cc-f3b9-45ed-984c-4a8bb6586feb,Kurpark - Großer Teich Süd Ost,2025-07-12 02:00:00+02:00,3.853765328725179
444377cc-f3b9-45ed-984c-4a8bb6586feb,Kurpark - Großer Teich Süd Ost,2025-07-12 03:00:00+02:00,4.643518090248108
444377cc-f3b9-45ed-984c-4a8bb6586feb,Kurpark - Großer Teich Süd Ost,2025-07-12 04:00:00+02:00,4.733671108881633
444377cc-f3b9-45ed-984c-4a8bb6586feb,Kurpark - Großer Teich Süd Ost,2025-07-12 05:00:00+02:00,4.211807767550151
444377cc-f3b9-45ed-984c-4a8bb6586feb,Kurpark - Großer Teich Süd Ost,2025-07-12 06:00:00+02:00,1.4913254578908284
444377cc-f3b9-45ed-984c-4a8bb6586feb,Kurpark - Großer Teich Süd Ost,2025-07-12 07:00:00+02:00,1.5477057298024495
444377cc-f3b9-45ed-984c-4a8bb6586feb,Kurpark - Großer Teich Süd Ost,2025-07-12 08:00:00+02:00,4.735776503880818
444377cc-f3b9-45ed-984c-4a8bb6586feb,Kurpark - Großer Teich Süd Ost,2025-07-12 09:00:00+02:00,1.8016664584477742
444377cc-f3b9-45ed-984c-4a8bb6586feb,Kurpark - Großer Teich Süd Ost,2025-07-12 10:00:00+02:00,23.700757026672363
444377cc-f3b9-45ed-984c-4a8bb6586feb,Kurpark - Großer Teich Süd Ost,2025-07-12 11:00:00+02:00,11.362279176712036
444377cc-f3b9-45ed-984c-4a8bb6586feb,Kurpark - Großer Teich Süd Ost,2025-07-12 12:00:00+02:00,2.467625141143799
444377cc-f3b9-45ed-984c-4a8bb6586feb,Kurpark - Großer Teich Süd Ost,2025-07-12 13:00:00+02:00,2.665532112121582
444377cc-f3b9-45ed-984c-4a8bb6586feb,Kurpark - Großer Teich Süd Ost,2025-07-12 14:00:00+02:00,3.7025973002115884
444377cc-f3b9-45ed-984c-4a8bb6586feb,Kurpark - Großer Teich Süd Ost,2025-07-12 15:00:00+02:00,18.199283440907795
444377cc-f3b9-45ed-984c-4a8bb6586feb,Kurpark - Großer Teich Süd Ost,2025-07-12 16:00:00+02:00,10.159218311309814
444377cc-f3b9-45ed-984c-4a8bb6586feb,Kurpark - Großer Teich Süd Ost,2025-07-12 17:00:00+02:00,14.80282998085022
444377cc-f3b9-45ed-984c-4a8bb6586feb,Kurpark - Großer Teich Süd Ost,2025-07-12 18:00:00+02:00,2.754927317301432
444377cc-f3b9-45ed-984c-4a8bb6586feb,Kurpark - Großer Teich Süd Ost,2025-07-12 19:00:00+02:00,7.64298955599467
444377cc-f3b9-45ed-984c-4a8bb6586feb,Kurpark - Großer Teich Süd Ost,2025-07-12 20:00:00+02:00,2.189854303995768
444377cc-f3b9-45ed-984c-4a8bb6586feb,Kurpark - Großer Teich Süd Ost,2025-07-12 21:00:00+02:00,6.987403869628906
444377cc-f3b9-45ed-984c-4a8bb6586feb,Kurpark - Großer Teich Süd Ost,2025-07-12 22:00:00+02:00,5.9382851123809814
444377cc-f3b9-45ed-984c-4a8bb6586feb,Kurpark - Großer Teich Süd Ost,2025-07-12 23:00:00+02:00,1.8924907843271892
444377cc-f3b9-45ed-984c-4a8bb6586feb,Kurpark - Großer Teich Süd Ost,2025-07-13 00:00:00+02:00,3.8724919160207114
444377cc-f3b9-45ed-984c-4a8bb6586feb,Kurpark - Großer Teich Süd Ost,2025-07-13 01:00:00+02:00,1.5547579526901245
444377cc-f3b9-45ed-984c-4a8bb6586feb,Kurpark - Großer Teich Süd Ost,2025-07-13 02:00:00+02:00,3.9579481283823648
444377cc-f3b9-45ed-984c-4a8bb6586feb,Kurpark - Großer Teich Süd Ost,2025-07-13 03:00:00+02:00,3.519513005795686
444377cc-f3b9-45ed-984c-4a8bb6586feb,Kurpark - Großer Teich Süd Ost,2025-07-13 04:00:00+02:00,2.6630380803888496
444377cc-f3b9-45ed-984c-4a8bb6586feb,Kurpark - Großer Teich Süd Ost,2025-07-13 05:00:00+02:00,3.2520734696161178
444377cc-f3b9-45ed-984c-4a8bb6586feb,Kurpark - Großer Teich Süd Ost,2025-07-13 06:00:00+02:00,3.0580661296844482
444377cc-f3b9-45ed-984c-4a8bb6586feb,Kurpark - Großer Teich Süd Ost,2025-07-13 07:00:00+02:00,4.35090446472168
444377cc-f3b9-45ed-984c-4a8bb6586feb,Kurpark - Großer Teich Süd Ost,2025-07-13 08:00:00+02:00,5.449842664930555
444377cc-f3b9-45ed-984c-4a8bb6586feb,Kurpark - Großer Teich Süd Ost,2025-07-13 09:00:00+02:00,4.454039629767923
444377cc-f3b9-45ed-984c-4a8bb6586feb,Kurpark - Großer Teich Süd Ost,2025-07-13 10:00:00+02:00,13.577590227127075
444377cc-f3b9-45ed-984c-4a8bb6586feb,Kurpark - Großer Teich Süd Ost,2025-07-13 11:00:00+02:00,2.70677007039388
444377cc-f3b9-45ed-984c-4a8bb6586feb,Kurpark - Großer Teich Süd Ost,2025-07-13 12:00:00+02:00,9.450532640729632
444377cc-f3b9-45ed-984c-4a8bb6586feb,Kurpark - Großer Teich Süd Ost,2025-07-13 13:00:00+02:00,23.483270498422478
444377cc-f3b9-45ed-984c-4a8bb6586feb,Kurpark - Großer Teich Süd Ost,2025-07-13 14:00:00+02:00,24.56706428527831
444377cc-f3b9-45ed-984c-4a8bb6586feb,Kurpark - Großer Teich Süd Ost,2025-07-13 15:00:00+02:00,16.849468231201172
444377cc-f3b9-45ed-984c-4a8bb6586feb,Kurpark - Großer Teich Süd Ost,2025-07-13 16:00:00+02:00,2.447597122192383
444377cc-f3b9-45ed-984c-4a8bb6586feb,Kurpark - Großer Teich Süd Ost,2025-07-13 17:00:00+02:00,3.6774150000678167
444377cc-f3b9-45ed-984c-4a8bb6586feb,Kurpark - Großer Teich Süd Ost,2025-07-13 18:00:00+02:00,7.668051242828369
444377cc-f3b9-45ed-984c-4a8bb6586feb,Kurpark - Großer Teich Süd Ost,2025-07-13 19:00:00+02:00,4.087291445050921
444377cc-f3b9-45ed-984c-4a8bb6586feb,Kurpark - Großer Teich Süd Ost,2025-07-13 20:00:00+02:00,8.664632797241211
444377cc-f3b9-45ed-984c-4a8bb6586feb,Kurpark - Großer Teich Süd Ost,2025-07-13 21:00:00+02:00,4.076358795166016
444377cc-f3b9-45ed-984c-4a8bb6586feb,Kurpark - Großer Teich Süd Ost,2025-07-13 22:00:00+02:00,0.3941488265991211
444377cc-f3b9-45ed-984c-4a8bb6586feb,Kurpark - Großer Teich Süd Ost,2025-07-13 23:00:00+02:00,3.1440626780192056
444377cc-f3b9-45ed-984c-4a8bb6586feb,Kurpark - Großer Teich Süd Ost,2025-07-14 00:00:00+02:00,0.2924017906188965
444377cc-f3b9-45ed-984c-4a8bb6586feb,Kurpark - Großer Teich Süd Ost,2025-07-14 01:00:00+02:00,3.3533706665039062
481da5b9-afd5-44c5-b29b-6c3e23a59bcb,Hauptstraße 8,2025-06-30 03:00:00+02:00,7.018798828125
481da5b9-afd5-44c5-b29b-6c3e23a59bcb,Hauptstraße 8,2025-06-30 04:00:00+02:00,5.453351020812988
481da5b9-afd5-44c5-b29b-6c3e23a59bcb,Hauptstraße 8,2025-06-30 05:00:00+02:00,5.420335451761882
481da5b9-afd5-44c5-b29b-6c3e23a59bcb,Hauptstraße 8,2025-06-30 06:00:00+02:00,4.638189315795898
481da5b9-afd5-44c5-b29b-6c3e23a59bcb,Hauptstraße 8,2025-06-30 07:00:00+02:00,6.518684768676758
481da5b9-afd5-44c5-b29b-6c3e23a59bcb,Hauptstraße 8,2025-06-30 08:00:00+02:00,5.532866477966309
481da5b9-afd5-44c5-b29b-6c3e23a59bcb,Hauptstraße 8,2025-06-30 09:00:00+02:00,8.454518454415458
481da5b9-afd5-44c5-b29b-6c3e23a59bcb,Hauptstraße 8,2025-06-30 10:00:00+02:00,31.760891914367676
481da5b9-afd5-44c5-b29b-6c3e23a59bcb,Hauptstraße 8,2025-06-30 11:00:00+02:00,28.548912048339844
481da5b9-afd5-44c5-b29b-6c3e23a59bcb,Hauptstraße 8,2025-06-30 12:00:00+02:00,5.65876350402832
481da5b9-afd5-44c5-b29b-6c3e23a59bcb,Hauptstraße 8,2025-06-30 13:00:00+02:00,4.851844440806996
481da5b9-afd5-44c5-b29b-6c3e23a59bcb,Hauptstraße 8,2025-06-30 14:00:00+02:00,33.10226345062256
481da5b9-afd5-44c5-b29b-6c3e23a59bcb,Hauptstraße 8,2025-06-30 15:00:00+02:00,14.579035245455229
481da5b9-afd5-44c5-b29b-6c3e23a59bcb,Hauptstraße 8,2025-06-30 16:00:00+02:00,25.291001183646067
481da5b9-afd5-44c5-b29b-6c3e23a59bcb,Hauptstraße 8,2025-06-30 17:00:00+02:00,14.325931294759114
481da5b9-afd5-44c5-b29b-6c3e23a59bcb,Hauptstraße 8,2025-06-30 18:00:00+02:00,22.726194500923157
481da5b9-afd5-44c5-b29b-6c3e23a59bcb,Hauptstraße 8,2025-06-30 19:00:00+02:00,16.380370308371152
481da5b9-afd5-44c5-b29b-6c3e23a59bcb,Hauptstraße 8,2025-06-30 20:00:00+02:00,12.279777420891655
481da5b9-afd5-44c5-b29b-6c3e23a59bcb,Hauptstraße 8,2025-06-30 21:00:00+02:00,5.947310096339176
481da5b9-afd5-44c5-b29b-6c3e23a59bcb,Hauptstraße 8,2025-06-30 22:00:00+02:00,3.6951116561889648
481da5b9-afd5-44c5-b29b-6c3e23a59bcb,Hauptstraße 8,2025-06-30 23:00:00+02:00,10.712422870454335
481da5b9-afd5-44c5-b29b-6c3e23a59bcb,Hauptstraße 8,2025-07-01 00:00:00+02:00,9.584054079922764
481da5b9-afd5-44c5-b29b-6c3e23a59bcb,Hauptstraße 8,2025-07-01 01:00:00+02:00,8.500917932261592
481da5b9-afd5-44c5-b29b-6c3e23a59bcb,Hauptstraße 8,2025-07-01 02:00:00+02:00,6.27539046605428
481da5b9-afd5-44c5-b29b-6c3e23a59bcb,Hauptstraße 8,2025-07-01 03:00:00+02:00,7.22637136777242
481da5b9-afd5-44c5-b29b-6c3e23a59bcb,Hauptstraße 8,2025-07-01 04:00:00+02:00,9.802189270655314
481da5b9-afd5-44c5-b29b-6c3e23a59bcb,Hauptstraße 8,2025-07-01 05:00:00+02:00,8.283002614974976
481da5b9-afd5-44c5-b29b-6c3e23a59bcb,Hauptstraße 8,2025-07-01 06:00:00+02:00,12.947028557459513
481da5b9-afd5-44c5-b29b-6c3e23a59bcb,Hauptstraße 8,2025-07-01 07:00:00+02:00,17.99897066752116
481da5b9-afd5-44c5-b29b-6c3e23a59bcb,Hauptstraße 8,2025-07-01 08:00:00+02:00,2.6176867485046387
481da5b9-afd5-44c5-b29b-6c3e23a59bcb,Hauptstraße 8,2025-07-01 09:00:00+02:00,7.368122736612956
481da5b9-afd5-44c5-b29b-6c3e23a59bcb,Hauptstraße 8,2025-07-01 10:00:00+02:00,48.54811382293701
481da5b9-afd5-44c5-b29b-6c3e23a59bcb,Hauptstraße 8,2025-07-01 11:00:00+02:00,6.754426797231038
481da5b9-afd5-44c5-b29b-6c3e23a59bcb,Hauptstraße 8,2025-07-01 12:00:00+02:00,32.41928895314535
481da5b9-afd5-44c5-b29b-6c3e23a59bcb,Hauptstraße 8,2025-07-01 13:00:00+02:00,20.00545024871826
481da5b9-afd5-44c5-b29b-6c3e23a59bcb,Hauptstraße 8,2025-07-01 14:00:00+02:00,1.522584597269694
481da5b9-afd5-44c5-b29b-6c3e23a59bcb,Hauptstraße 8,2025-07-01 15:00:00+02:00,5.618575731913249
481da5b9-afd5-44c5-b29b-6c3e23a59bcb,Hauptstraße 8,2025-07-01 16:00:00+02:00,9.733816782633463
481da5b9-afd5-44c5-b29b-6c3e23a59bcb,Hauptstraße 8,2025-07-01 17:00:00+02:00,2.363100210825602
481da5b9-afd5-44c5-b29b-6c3e23a59bcb,Hauptstraße 8,2025-07-01 18:00:00+02:00,4.397850751876831
481da5b9-afd5-44c5-b29b-6c3e23a59bcb,Hauptstraße 8,2025-07-01 19:00:00+02:00,8.04637877146403
481da5b9-afd5-44c5-b29b-6c3e23a59bcb,Hauptstraße 8,2025-07-01 20:00:00+02:00,10.974652846654257
481da5b9-afd5-44c5-b29b-6c3e23a59bcb,Hauptstraße 8,2025-07-01 21:00:00+02:00,10.03927973906199
481da5b9-afd5-44c5-b29b-6c3e23a59bcb,Hauptstraße 8,2025-07-01 22:00:00+02:00,10.17312240600586
481da5b9-afd5-44c5-b29b-6c3e23a59bcb,Hauptstraße 8,2025-07-01 23:00:00+02:00,7.14641539255778
481da5b9-afd5-44c5-b29b-6c3e23a59bcb,Hauptstraße 8,2025-07-02 00:00:00+02:00,12.180020729700724
481da5b9-afd5-44c5-b29b-6c3e23a59bcb,Hauptstraße 8,2025-07-02 01:00:00+02:00,1.6648518244425456
481da5b9-afd5-44c5-b29b-6c3e23a59bcb,Hauptstraße 8,2025-07-02 02:00:00+02:00,2.005302349726359
481da5b9-afd5-44c5-b29b-6c3e23a59bcb,Hauptstraße 8,2025-07-02 03:00:00+02:00,6.866959651311238
481da5b9-afd5-44c5-b29b-6c3e23a59bcb,Hauptstraße 8,2025-07-02 04:00:00+02:00,6.23464314142863
481da5b9-afd5-44c5-b29b-6c3e23a59bcb,Hauptstraße 8,2025-07-02 05:00:00+02:00,5.1359678109486895
481da5b9-afd5-44c5-b29b-6c3e23a59bcb,Hauptstraße 8,2025-07-02 06:00:00+02:00,2.716387987136841
481da5b9-afd5-44c5-b29b-6c3e23a59bcb,Hauptstraße 8,2025-07-02 07:00:00+02:00,3.9610865116119385
481da5b9-afd5-44c5-b29b-6c3e23a59bcb,Hauptstraße 8,2025-07-02 08:00:00+02:00,14.373576164245605
481da5b9-afd5-44c5-b29b-6c3e23a59bcb,Hauptstraße 8,2025-07-02 09:00:00+02:00,2.6400458017985025
481da5b9-afd5-44c5-b29b-6c3e23a59bcb,Hauptstraße 8,2025-07-02 10:00:00+02:00,23.593695004781086
481da5b9-afd5-44c5-b29b-6c3e23a59bcb,Hauptstraße 8,2025-07-02 11:00:00+02:00,8.239923318227133
481da5b9-afd5-44c5-b29b-6c3e23a59bcb,Hauptstraße 8,2025-07-02 12:00:00+02:00,9.926558335622152
481da5b9-afd5-44c5-b29b-6c3e23a59bcb,Hauptstraße 8,2025-07-02 13:00:00+02:00,16.092788378397625
481da5b9-afd5-44c5-b29b-6c3e23a59bcb,Hauptstraße 8,2025-07-02 14:00:00+02:00,18.631423314412434
481da5b9-afd5-44c5-b29b-6c3e23a59bcb,Hauptstraße 8,2025-07-02 15:00:00+02:00,8.264878590901693
481da5b9-afd5-44c5-b29b-6c3e23a59bcb,Hauptstraße 8,2025-07-02 16:00:00+02:00,17.49382432301839
481da5b9-afd5-44c5-b29b-6c3e23a59bcb,Hauptstraße 8,2025-07-02 17:00:00+02:00,16.906046231587727
481da5b9-afd5-44c5-b29b-6c3e23a59bcb,Hauptstraße 8,2025-07-02 18:00:00+02:00,8.107899824778238
481da5b9-afd5-44c5-b29b-6c3e23a59bcb,Hauptstraße 8,2025-07-02 19:00:00+02:00,16.104910453160603
481da5b9-afd5-44c5-b29b-6c3e23a59bcb,Hauptstraße 8,2025-07-02 20:00:00+02:00,8.916184425354004
481da5b9-afd5-44c5-b29b-6c3e23a59bcb,Hauptstraße 8,2025-07-02 21:00:00+02:00,6.294988791147868
481da5b9-afd5-44c5-b29b-6c3e23a59bcb,Hauptstraße 8,2025-07-02 22:00:00+02:00,2.726983149846395
481da5b9-afd5-44c5-b29b-6c3e23a59bcb,Hauptstraße 8,2025-07-02 23:00:00+02:00,5.795860131581624
481da5b9-afd5-44c5-b29b-6c3e23a59bcb,Hauptstraße 8,2025-07-03 00:00:00+02:00,4.706347147623698
481da5b9-afd5-44c5-b29b-6c3e23a59bcb,Hauptstraße 8,2025-07-03 01:00:00+02:00,4.334980249404907
481da5b9-afd5-44c5-b29b-6c3e23a59bcb,Hauptstraße 8,2025-07-03 02:00:00+02:00,1.3963933785756428
481da5b9-afd5-44c5-b29b-6c3e23a59bcb,Hauptstraße 8,2025-07-03 03:00:00+02:00,8.97303303082784
481da5b9-afd5-44c5-b29b-6c3e23a59bcb,Hauptstraße 8,2025-07-03 04:00:00+02:00,9.466500918070475
481da5b9-afd5-44c5-b29b-6c3e23a59bcb,Hauptstraße 8,2025-07-03 05:00:00+02:00,8.349918524424234
481da5b9-afd5-44c5-b29b-6c3e23a59bcb,Hauptstraße 8,2025-07-03 06:00:00+02:00,6.514238595962524
481da5b9-afd5-44c5-b29b-6c3e23a59bcb,Hauptstraße 8,2025-07-03 07:00:00+02:00,3.675473610560099
481da5b9-afd5-44c5-b29b-6c3e23a59bcb,Hauptstraße 8,2025-07-03 08:00:00+02:00,3.5385193824768066
481da5b9-afd5-44c5-b29b-6c3e23a59bcb,Hauptstraße 8,2025-07-03 09:00:00+02:00,8.575159708658854
481da5b9-afd5-44c5-b29b-6c3e23a59bcb,Hauptstraße 8,2025-07-03 10:00:00+02:00,9.721718947092691
481da5b9-afd5-44c5-b29b-6c3e23a59bcb,Hauptstraße 8,2025-07-03 11:00:00+02:00,16.335079828898113
481da5b9-afd5-44c5-b29b-6c3e23a59bcb,Hauptstraße 8,2025-07-03 12:00:00+02:00,8.831864356994629
481da5b9-afd5-44c5-b29b-6c3e23a59bcb,Hauptstraße 8,2025-07-03 13:00:00+02:00,12.183290799458822
481da5b9-afd5-44c5-b29b-6c3e23a59bcb,Hauptstraße 8,2025-07-03 14:00:00+02:00,23.189812819163006
481da5b9-afd5-44c5-b29b-6c3e23a59bcb,Hauptstraße 8,2025-07-03 15:00:00+02:00,1.4839564959208171
481da5b9-afd5-44c5-b29b-6c3e23a59bcb,Hauptstraße 8,2025-07-03 16:00:00+02:00,3.3287018140157065
481da5b9-afd5-44c5-b29b-6c3e23a59bcb,Hauptstraße 8,2025-07-03 17:00:00+02:00,3.0722753206888833
481da5b9-afd5-44c5-b29b-6c3e23a59bcb,Hauptstraße 8,2025-07-03 18:00:00+02:00,4.021341959635417
481da5b9-afd5-44c5-b29b-6c3e23a59bcb,Hauptstraße 8,2025-07-03 19:00:00+02:00,14.696011066436768
481da5b9-afd5-44c5-b29b-6c3e23a59bcb,Hauptstraße 8,2025-07-03 20:00:00+02:00,12.450838883717855
481da5b9-afd5-44c5-b29b-6c3e23a59bcb,Hauptstraße 8,2025-07-03 21:00:00+02:00,10.664661645889282
481da5b9-afd5-44c5-b29b-6c3e23a59bcb,Hauptstraße 8,2025-07-03 22:00:00+02:00,6.641502261161804
481da5b9-afd5-44c5-b29b-6c3e23a59bcb,Hauptstraße 8,2025-07-03 23:00:00+02:00,13.005903005599976
481da5b9-afd5-44c5-b29b-6c3e23a59bcb,Hauptstraße 8,2025-07-04 00:00:00+02:00,7.5097336769104
481da5b9-afd5-44c5-b29b-6c3e23a59bcb,Hauptstraße 8,2025-07-04 01:00:00+02:00,4.956705967585246
481da5b9-afd5-44c5-b29b-6c3e23a59bcb,Hauptstraße 8,2025-07-04 02:00:00+02:00,1.982886552810669
481da5b9-afd5-44c5-b29b-6c3e23a59bcb,Hauptstraße 8,2025-07-04 03:00:00+02:00,9.240137100219727
481da5b9-afd5-44c5-b29b-6c3e23a59bcb,Hauptstraße 8,2025-07-04 04:00:00+02:00,11.378307620684305
481da5b9-afd5-44c5-b29b-6c3e23a59bcb,Hauptstraße 8,2025-07-04 05:00:00+02:00,7.967583219210307
481da5b9-afd5-44c5-b29b-6c3e23a59bcb,Hauptstraße 8,2025-07-04 06:00:00+02:00,4.096311251322429
481da5b9-afd5-44c5-b29b-6c3e23a59bcb,Hauptstraße 8,2025-07-04 07:00:00+02:00,3.8738216559092202
481da5b9-afd5-44c5-b29b-6c3e23a59bcb,Hauptstraße 8,2025-07-04 08:00:00+02:00,22.73308579126994
481da5b9-afd5-44c5-b29b-6c3e23a59bcb,Hauptstraße 8,2025-07-04 09:00:00+02:00,12.806095918019613
481da5b9-afd5-44c5-b29b-6c3e23a59bcb,Hauptstraße 8,2025-07-04 10:00:00+02:00,25.37677510579427
481da5b9-afd5-44c5-b29b-6c3e23a59bcb,Hauptstraße 8,2025-07-04 11:00:00+02:00,24.615642070770264
481da5b9-afd5-44c5-b29b-6c3e23a59bcb,Hauptstraße 8,2025-07-04 12:00:00+02:00,5.225382645924886
481da5b9-afd5-44c5-b29b-6c3e23a59bcb,Hauptstraße 8,2025-07-04 13:00:00+02:00,26.09191592534383
481da5b9-afd5-44c5-b29b-6c3e23a59bcb,Hauptstraße 8,2025-07-04 14:00:00+02:00,28.39958318074544
481da5b9-afd5-44c5-b29b-6c3e23a59bcb,Hauptstraße 8,2025-07-04 15:00:00+02:00,33.789739767710365
481da5b9-afd5-44c5-b29b-6c3e23a59bcb,Hauptstraße 8,2025-07-04 16:00:00+02:00,31.646960735321045
481da5b9-afd5-44c5-b29b-6c3e23a59bcb,Hauptstraße 8,2025-07-04 17:00:00+02:00,23.96869961420695
481da5b9-afd5-44c5-b29b-6c3e23a59bcb,Hauptstraße 8,2025-07-04 18:00:00+02:00,6.987158298492432
481da5b9-afd5-44c5-b29b-6c3e23a59bcb,Hauptstraße 8,2025-07-04 19:00:00+02:00,3.8573997815450034
481da5b9-afd5-44c5-b29b-6c3e23a59bcb,Hauptstraße 8,2025-07-04 20:00:00+02:00,16.41225520769755
481da5b9-afd5-44c5-b29b-6c3e23a59bcb,Hauptstraße 8,2025-07-04 21:00:00+02:00,4.04741096496582
481da5b9-afd5-44c5-b29b-6c3e23a59bcb,Hauptstraße 8,2025-07-04 22:00:00+02:00,16.17755099137624
481da5b9-afd5-44c5-b29b-6c3e23a59bcb,Hauptstraße 8,2025-07-04 23:00:00+02:00,10.138290643692017
481da5b9-afd5-44c5-b29b-6c3e23a59bcb,Hauptstraße 8,2025-07-05 00:00:00+02:00,3.058635393778483
481da5b9-afd5-44c5-b29b-6c3e23a59bcb,Hauptstraße 8,2025-07-05 01:00:00+02:00,3.757178544998169
481da5b9-afd5-44c5-b29b-6c3e23a59bcb,Hauptstraße 8,2025-07-05 02:00:00+02:00,1.1355242729187012
481da5b9-afd5-44c5-b29b-6c3e23a59bcb,Hauptstraße 8,2025-07-05 03:00:00+02:00,7.431588093439738
481da5b9-afd5-44c5-b29b-6c3e23a59bcb,Hauptstraße 8,2025-07-05 04:00:00+02:00,9.493933081626892
481da5b9-afd5-44c5-b29b-6c3e23a59bcb,Hauptstraße 8,2025-07-05 05:00:00+02:00,5.27529247601827
481da5b9-afd5-44c5-b29b-6c3e23a59bcb,Hauptstraße 8,2025-07-05 06:00:00+02:00,5.762673099835713
481da5b9-afd5-44c5-b29b-6c3e23a59bcb,Hauptstraße 8,2025-07-05 07:00:00+02:00,4.158596515655518
481da5b9-afd5-44c5-b29b-6c3e23a59bcb,Hauptstraße 8,2025-07-05 08:00:00+02:00,4.6270014842351275
481da5b9-afd5-44c5-b29b-6c3e23a59bcb,Hauptstraße 8,2025-07-05 09:00:00+02:00,18.437268336613972
481da5b9-afd5-44c5-b29b-6c3e23a59bcb,Hauptstraße 8,2025-07-05 10:00:00+02:00,39.93372583389282
481da5b9-afd5-44c5-b29b-6c3e23a59bcb,Hauptstraße 8,2025-07-05 11:00:00+02:00,28.53741963704427
481da5b9-afd5-44c5-b29b-6c3e23a59bcb,Hauptstraße 8,2025-07-05 12:00:00+02:00,8.2432492574056
481da5b9-afd5-44c5-b29b-6c3e23a59bcb,Hauptstraße 8,2025-07-05 13:00:00+02:00,34.71555439631144
481da5b9-afd5-44c5-b29b-6c3e23a59bcb,Hauptstraße 8,2025-07-05 14:00:00+02:00,29.41797701517741
481da5b9-afd5-44c5-b29b-6c3e23a59bcb,Hauptstraße 8,2025-07-05 15:00:00+02:00,31.12640364964803
481da5b9-afd5-44c5-b29b-6c3e23a59bcb,Hauptstraße 8,2025-07-05 16:00:00+02:00,13.528105576833076
481da5b9-afd5-44c5-b29b-6c3e23a59bcb,Hauptstraße 8,2025-07-05 17:00:00+02:00,16.02036428451538
481da5b9-afd5-44c5-b29b-6c3e23a59bcb,Hauptstraße 8,2025-07-05 18:00:00+02:00,8.670920848846436
481da5b9-afd5-44c5-b29b-6c3e23a59bcb,Hauptstraße 8,2025-07-05 19:00:00+02:00,10.557555437088013
481da5b9-afd5-44c5-b29b-6c3e23a59bcb,Hauptstraße 8,2025-07-05 20:00:00+02:00,7.136000553766887
481da5b9-afd5-44c5-b29b-6c3e23a59bcb,Hauptstraße 8,2025-07-05 21:00:00+02:00,6.746394634246826
481da5b9-afd5-44c5-b29b-6c3e23a59bcb,Hauptstraße 8,2025-07-05 22:00:00+02:00,2.484167695045471
481da5b9-afd5-44c5-b29b-6c3e23a59bcb,Hauptstraße 8,2025-07-05 23:00:00+02:00,10.752114534378052
481da5b9-afd5-44c5-b29b-6c3e23a59bcb,Hauptstraße 8,2025-07-06 00:00:00+02:00,23.900218566258747
481da5b9-afd5-44c5-b29b-6c3e23a59bcb,Hauptstraße 8,2025-07-06 01:00:00+02:00,12.069459199905396
481da5b9-afd5-44c5-b29b-6c3e23a59bcb,Hauptstraße 8,2025-07-06 02:00:00+02:00,2.61901593208313
481da5b9-afd5-44c5-b29b-6c3e23a59bcb,Hauptstraße 8,2025-07-06 03:00:00+02:00,4.192010561625163
481da5b9-afd5-44c5-b29b-6c3e23a59bcb,Hauptstraße 8,2025-07-06 04:00:00+02:00,5.846679131189982
481da5b9-afd5-44c5-b29b-6c3e23a59bcb,Hauptstraße 8,2025-07-06 05:00:00+02:00,5.8335407972335815
481da5b9-afd5-44c5-b29b-6c3e23a59bcb,Hauptstraße 8,2025-07-06 06:00:00+02:00,8.271965185801188
481da5b9-afd5-44c5-b29b-6c3e23a59bcb,Hauptstraße 8,2025-07-06 07:00:00+02:00,5.733097434043884
481da5b9-afd5-44c5-b29b-6c3e23a59bcb,Hauptstraße 8,2025-07-06 08:00:00+02:00,3.119037628173828
481da5b9-afd5-44c5-b29b-6c3e23a59bcb,Hauptstraße 8,2025-07-06 09:00:00+02:00,6.160368839899699
481da5b9-afd5-44c5-b29b-6c3e23a59bcb,Hauptstraße 8,2025-07-06 10:00:00+02:00,16.264430205027264
481da5b9-afd5-44c5-b29b-6c3e23a59bcb,Hauptstraße 8,2025-07-06 11:00:00+02:00,6.997738520304362
481da5b9-afd5-44c5-b29b-6c3e23a59bcb,Hauptstraße 8,2025-07-06 12:00:00+02:00,8.516090393066406
481da5b9-afd5-44c5-b29b-6c3e23a59bcb,Hauptstraße 8,2025-07-06 13:00:00+02:00,19.511104265848797
481da5b9-afd5-44c5-b29b-6c3e23a59bcb,Hauptstraße 8,2025-07-06 14:00:00+02:00,28.108209768931072
481da5b9-afd5-44c5-b29b-6c3e23a59bcb,Hauptstraße 8,2025-07-06 15:00:00+02:00,5.48347012201945
481da5b9-afd5-44c5-b29b-6c3e23a59bcb,Hauptstraße 8,2025-07-06 16:00:00+02:00,10.247544765472412
481da5b9-afd5-44c5-b29b-6c3e23a59bcb,Hauptstraße 8,2025-07-06 17:00:00+02:00,5.29238748550415
481da5b9-afd5-44c5-b29b-6c3e23a59bcb,Hauptstraße 8,2025-07-06 18:00:00+02:00,5.007372617721558
481da5b9-afd5-44c5-b29b-6c3e23a59bcb,Hauptstraße 8,2025-07-06 19:00:00+02:00,20.15563503901164
481da5b9-afd5-44c5-b29b-6c3e23a59bcb,Hauptstraße 8,2025-07-06 20:00:00+02:00,6.694230119387309
481da5b9-afd5-44c5-b29b-6c3e23a59bcb,Hauptstraße 8,2025-07-06 21:00:00+02:00,4.377276261647542
481da5b9-afd5-44c5-b29b-6c3e23a59bcb,Hauptstraße 8,2025-07-06 22:00:00+02:00,6.934963941574097
481da5b9-afd5-44c5-b29b-6c3e23a59bcb,Hauptstraße 8,2025-07-06 23:00:00+02:00,7.528294086456299
481da5b9-afd5-44c5-b29b-6c3e23a59bcb,Hauptstraße 8,2025-07-07 00:00:00+02:00,4.181191921234131
481da5b9-afd5-44c5-b29b-6c3e23a59bcb,Hauptstraße 8,2025-07-07 01:00:00+02:00,3.9801836013793945
481da5b9-afd5-44c5-b29b-6c3e23a59bcb,Hauptstraße 8,2025-07-07 02:00:00+02:00,1.7699995040893555
481da5b9-afd5-44c5-b29b-6c3e23a59bcb,Hauptstraße 8,2025-07-07 03:00:00+02:00,6.24158787727356
481da5b9-afd5-44c5-b29b-6c3e23a59bcb,Hauptstraße 8,2025-07-07 04:00:00+02:00,9.41682775815328
481da5b9-afd5-44c5-b29b-6c3e23a59bcb,Hauptstraße 8,2025-07-07 05:00:00+02:00,2.1679779291152954
481da5b9-afd5-44c5-b29b-6c3e23a59bcb,Hauptstraße 8,2025-07-07 06:00:00+02:00,3.9769883155822754
481da5b9-afd5-44c5-b29b-6c3e23a59bcb,Hauptstraße 8,2025-07-07 07:00:00+02:00,11.100941181182861
481da5b9-afd5-44c5-b29b-6c3e23a59bcb,Hauptstraße 8,2025-07-07 08:00:00+02:00,4.898714780807495
481da5b9-afd5-44c5-b29b-6c3e23a59bcb,Hauptstraße 8,2025-07-07 09:00:00+02:00,20.61469093958537
481da5b9-afd5-44c5-b29b-6c3e23a59bcb,Hauptstraße 8,2025-07-07 10:00:00+02:00,34.61162090301514
481da5b9-afd5-44c5-b29b-6c3e23a59bcb,Hauptstraße 8,2025-07-07 11:00:00+02:00,21.188360532124836
481da5b9-afd5-44c5-b29b-6c3e23a59bcb,Hauptstraße 8,2025-07-07 12:00:00+02:00,14.282174746195475
481da5b9-afd5-44c5-b29b-6c3e23a59bcb,Hauptstraße 8,2025-07-07 13:00:00+02:00,3.563108762105306
481da5b9-afd5-44c5-b29b-6c3e23a59bcb,Hauptstraße 8,2025-07-07 14:00:00+02:00,19.940149466196697
481da5b9-afd5-44c5-b29b-6c3e23a59bcb,Hauptstraße 8,2025-07-07 15:00:00+02:00,29.178990205128986
481da5b9-afd5-44c5-b29b-6c3e23a59bcb,Hauptstraße 8,2025-07-07 16:00:00+02:00,19.74535369873047
481da5b9-afd5-44c5-b29b-6c3e23a59bcb,Hauptstraße 8,2025-07-07 17:00:00+02:00,25.63651951154073
481da5b9-afd5-44c5-b29b-6c3e23a59bcb,Hauptstraße 8,2025-07-07 18:00:00+02:00,40.95847598711649
481da5b9-afd5-44c5-b29b-6c3e23a59bcb,Hauptstraße 8,2025-07-07 19:00:00+02:00,11.657864014307657
481da5b9-afd5-44c5-b29b-6c3e23a59bcb,Hauptstraße 8,2025-07-07 20:00:00+02:00,12.500798304875692
481da5b9-afd5-44c5-b29b-6c3e23a59bcb,Hauptstraße 8,2025-07-07 21:00:00+02:00,5.0640363693237305
481da5b9-afd5-44c5-b29b-6c3e23a59bcb,Hauptstraße 8,2025-07-07 22:00:00+02:00,5.305269559224446
481da5b9-afd5-44c5-b29b-6c3e23a59bcb,Hauptstraße 8,2025-07-07 23:00:00+02:00,9.802418311436972
481da5b9-afd5-44c5-b29b-6c3e23a59bcb,Hauptstraße 8,2025-07-08 00:00:00+02:00,9.480663776397705
481da5b9-afd5-44c5-b29b-6c3e23a59bcb,Hauptstraße 8,2025-07-08 01:00:00+02:00,4.464881658554077
481da5b9-afd5-44c5-b29b-6c3e23a59bcb,Hauptstraße 8,2025-07-08 02:00:00+02:00,1.8243458271026611
481da5b9-afd5-44c5-b29b-6c3e23a59bcb,Hauptstraße 8,2025-07-08 03:00:00+02:00,2.976663668950399
481da5b9-afd5-44c5-b29b-6c3e23a59bcb,Hauptstraße 8,2025-07-08 04:00:00+02:00,8.37761958440145
481da5b9-afd5-44c5-b29b-6c3e23a59bcb,Hauptstraße 8,2025-07-08 05:00:00+02:00,9.6589564482371
481da5b9-afd5-44c5-b29b-6c3e23a59bcb,Hauptstraße 8,2025-07-08 06:00:00+02:00,12.117367506027222
481da5b9-afd5-44c5-b29b-6c3e23a59bcb,Hauptstraße 8,2025-07-08 07:00:00+02:00,3.168571710586548
481da5b9-afd5-44c5-b29b-6c3e23a59bcb,Hauptstraße 8,2025-07-08 08:00:00+02:00,5.87077538172404
481da5b9-afd5-44c5-b29b-6c3e23a59bcb,Hauptstraße 8,2025-07-08 09:00:00+02:00,11.499701340993246
481da5b9-afd5-44c5-b29b-6c3e23a59bcb,Hauptstraße 8,2025-07-08 10:00:00+02:00,48.33305470148722
481da5b9-afd5-44c5-b29b-6c3e23a59bcb,Hauptstraße 8,2025-07-08 11:00:00+02:00,40.28720966974894
481da5b9-afd5-44c5-b29b-6c3e23a59bcb,Hauptstraße 8,2025-07-08 12:00:00+02:00,35.82736778259277
481da5b9-afd5-44c5-b29b-6c3e23a59bcb,Hauptstraße 8,2025-07-08 13:00:00+02:00,51.37113348642985
481da5b9-afd5-44c5-b29b-6c3e23a59bcb,Hauptstraße 8,2025-07-08 14:00:00+02:00,3.6002982457478843
481da5b9-afd5-44c5-b29b-6c3e23a59bcb,Hauptstraße 8,2025-07-08 15:00:00+02:00,19.79379065831502
481da5b9-afd5-44c5-b29b-6c3e23a59bcb,Hauptstraße 8,2025-07-08 16:00:00+02:00,10.312232812245687
481da5b9-afd5-44c5-b29b-6c3e23a59bcb,Hauptstraße 8,2025-07-08 17:00:00+02:00,2.0449918111165366
481da5b9-afd5-44c5-b29b-6c3e23a59bcb,Hauptstraße 8,2025-07-08 18:00:00+02:00,5.023230632146199
481da5b9-afd5-44c5-b29b-6c3e23a59bcb,Hauptstraße 8,2025-07-08 19:00:00+02:00,8.65954860051473
481da5b9-afd5-44c5-b29b-6c3e23a59bcb,Hauptstraße 8,2025-07-08 20:00:00+02:00,11.457783540089926
481da5b9-afd5-44c5-b29b-6c3e23a59bcb,Hauptstraße 8,2025-07-08 21:00:00+02:00,10.368462125460306
481da5b9-afd5-44c5-b29b-6c3e23a59bcb,Hauptstraße 8,2025-07-08 22:00:00+02:00,10.384762525558472
481da5b9-afd5-44c5-b29b-6c3e23a59bcb,Hauptstraße 8,2025-07-08 23:00:00+02:00,7.263075828552246
481da5b9-afd5-44c5-b29b-6c3e23a59bcb,Hauptstraße 8,2025-07-09 00:00:00+02:00,12.182018597920736
481da5b9-afd5-44c5-b29b-6c3e23a59bcb,Hauptstraße 8,2025-07-09 01:00:00+02:00,1.6550631523132324
481da5b9-afd5-44c5-b29b-6c3e23a59bcb,Hauptstraße 8,2025-07-09 02:00:00+02:00,1.9292809168497722
481da5b9-afd5-44c5-b29b-6c3e23a59bcb,Hauptstraße 8,2025-07-09 03:00:00+02:00,6.134814898173015
481da5b9-afd5-44c5-b29b-6c3e23a59bcb,Hauptstraße 8,2025-07-09 04:00:00+02:00,5.246790925661723
481da5b9-afd5-44c5-b29b-6c3e23a59bcb,Hauptstraße 8,2025-07-09 05:00:00+02:00,3.983953515688578
481da5b9-afd5-44c5-b29b-6c3e23a59bcb,Hauptstraße 8,2025-07-09 06:00:00+02:00,3.1091124216715493
481da5b9-afd5-44c5-b29b-6c3e23a59bcb,Hauptstraße 8,2025-07-09 07:00:00+02:00,4.628400087356567
481da5b9-afd5-44c5-b29b-6c3e23a59bcb,Hauptstraße 8,2025-07-09 08:00:00+02:00,14.802940368652344
481da5b9-afd5-44c5-b29b-6c3e23a59bcb,Hauptstraße 8,2025-07-09 09:00:00+02:00,7.422126134236653
481da5b9-afd5-44c5-b29b-6c3e23a59bcb,Hauptstraße 8,2025-07-09 10:00:00+02:00,8.819801807403564
481da5b9-afd5-44c5-b29b-6c3e23a59bcb,Hauptstraße 8,2025-07-09 11:00:00+02:00,47.9413545926412
481da5b9-afd5-44c5-b29b-6c3e23a59bcb,Hauptstraße 8,2025-07-09 12:00:00+02:00,26.33819850285848
481da5b9-afd5-44c5-b29b-6c3e23a59bcb,Hauptstraße 8,2025-07-09 13:00:00+02:00,14.411402702331543
481da5b9-afd5-44c5-b29b-6c3e23a59bcb,Hauptstraße 8,2025-07-09 14:00:00+02:00,20.315386136372883
481da5b9-afd5-44c5-b29b-6c3e23a59bcb,Hauptstraße 8,2025-07-09 15:00:00+02:00,8.03310743967692
481da5b9-afd5-44c5-b29b-6c3e23a59bcb,Hauptstraße 8,2025-07-09 16:00:00+02:00,26.759273687998455
481da5b9-afd5-44c5-b29b-6c3e23a59bcb,Hauptstraße 8,2025-07-09 17:00:00+02:00,11.33112366994222
481da5b9-afd5-44c5-b29b-6c3e23a59bcb,Hauptstraße 8,2025-07-09 18:00:00+02:00,2.468459208806356
481da5b9-afd5-44c5-b29b-6c3e23a59bcb,Hauptstraße 8,2025-07-09 19:00:00+02:00,5.449842055638631
481da5b9-afd5-44c5-b29b-6c3e23a59bcb,Hauptstraße 8,2025-07-09 20:00:00+02:00,2.3073805967966714
481da5b9-afd5-44c5-b29b-6c3e23a59bcb,Hauptstraße 8,2025-07-09 21:00:00+02:00,2.555463989575704
481da5b9-afd5-44c5-b29b-6c3e23a59bcb,Hauptstraße 8,2025-07-09 22:00:00+02:00,1.3896950085957844
481da5b9-afd5-44c5-b29b-6c3e23a59bcb,Hauptstraße 8,2025-07-09 23:00:00+02:00,5.655751784642537
481da5b9-afd5-44c5-b29b-6c3e23a59bcb,Hauptstraße 8,2025-07-10 00:00:00+02:00,4.481389840443929
481da5b9-afd5-44c5-b29b-6c3e23a59bcb,Hauptstraße 8,2025-07-10 01:00:00+02:00,4.041059176127116
481da5b9-afd5-44c5-b29b-6c3e23a59bcb,Hauptstraße 8,2025-07-10 02:00:00+02:00,1.2975717385609944
481da5b9-afd5-44c5-b29b-6c3e23a59bcb,Hauptstraße 8,2025-07-10 03:00:00+02:00,8.452221790949503
481da5b9-afd5-44c5-b29b-6c3e23a59bcb,Hauptstraße 8,2025-07-10 04:00:00+02:00,8.70652170976003
481da5b9-afd5-44c5-b29b-6c3e23a59bcb,Hauptstraße 8,2025-07-10 05:00:00+02:00,7.324054598808289
481da5b9-afd5-44c5-b29b-6c3e23a59bcb,Hauptstraße 8,2025-07-10 06:00:00+02:00,5.4864280223846436
481da5b9-afd5-44c5-b29b-6c3e23a59bcb,Hauptstraße 8,2025-07-10 07:00:00+02:00,3.1637514432271323
481da5b9-afd5-44c5-b29b-6c3e23a59bcb,Hauptstraße 8,2025-07-10 08:00:00+02:00,3.1825011571248374
481da5b9-afd5-44c5-b29b-6c3e23a59bcb,Hauptstraße 8,2025-07-10 09:00:00+02:00,2.6061768531799316
481da5b9-afd5-44c5-b29b-6c3e23a59bcb,Hauptstraße 8,2025-07-10 10:00:00+02:00,6.250442822774251
481da5b9-afd5-44c5-b29b-6c3e23a59bcb,Hauptstraße 8,2025-07-10 11:00:00+02:00,35.89699681599935
481da5b9-afd5-44c5-b29b-6c3e23a59bcb,Hauptstraße 8,2025-07-10 12:00:00+02:00,36.08313608169556
481da5b9-afd5-44c5-b29b-6c3e23a59bcb,Hauptstraße 8,2025-07-10 13:00:00+02:00,18.347771485646565
481da5b9-afd5-44c5-b29b-6c3e23a59bcb,Hauptstraße 8,2025-07-10 14:00:00+02:00,18.321662584940594
481da5b9-afd5-44c5-b29b-6c3e23a59bcb,Hauptstraße 8,2025-07-10 15:00:00+02:00,10.567477067311605
481da5b9-afd5-44c5-b29b-6c3e23a59bcb,Hauptstraße 8,2025-07-10 16:00:00+02:00,14.186124324798584
481da5b9-afd5-44c5-b29b-6c3e23a59bcb,Hauptstraße 8,2025-07-10 17:00:00+02:00,3.2500009536743164
481da5b9-afd5-44c5-b29b-6c3e23a59bcb,Hauptstraße 8,2025-07-10 18:00:00+02:00,12.692139466603598
481da5b9-afd5-44c5-b29b-6c3e23a59bcb,Hauptstraße 8,2025-07-10 19:00:00+02:00,5.084878047307332
481da5b9-afd5-44c5-b29b-6c3e23a59bcb,Hauptstraße 8,2025-07-10 20:00:00+02:00,13.78523071606954
481da5b9-afd5-44c5-b29b-6c3e23a59bcb,Hauptstraße 8,2025-07-10 21:00:00+02:00,12.903230985005697
481da5b9-afd5-44c5-b29b-6c3e23a59bcb,Hauptstraße 8,2025-07-10 22:00:00+02:00,4.834578235944112
481da5b9-afd5-44c5-b29b-6c3e23a59bcb,Hauptstraße 8,2025-07-10 23:00:00+02:00,11.067359765370687
481da5b9-afd5-44c5-b29b-6c3e23a59bcb,Hauptstraße 8,2025-07-11 00:00:00+02:00,7.456575711568196
481da5b9-afd5-44c5-b29b-6c3e23a59bcb,Hauptstraße 8,2025-07-11 01:00:00+02:00,3.123758395512899
481da5b9-afd5-44c5-b29b-6c3e23a59bcb,Hauptstraße 8,2025-07-11 02:00:00+02:00,3.4955936272939048
481da5b9-afd5-44c5-b29b-6c3e23a59bcb,Hauptstraße 8,2025-07-11 03:00:00+02:00,4.225998322168986
481da5b9-afd5-44c5-b29b-6c3e23a59bcb,Hauptstraße 8,2025-07-11 04:00:00+02:00,10.080674529075623
481da5b9-afd5-44c5-b29b-6c3e23a59bcb,Hauptstraße 8,2025-07-11 05:00:00+02:00,6.630473176638286
481da5b9-afd5-44c5-b29b-6c3e23a59bcb,Hauptstraße 8,2025-07-11 06:00:00+02:00,5.140590985616048
481da5b9-afd5-44c5-b29b-6c3e23a59bcb,Hauptstraße 8,2025-07-11 07:00:00+02:00,3.1827142238616943
481da5b9-afd5-44c5-b29b-6c3e23a59bcb,Hauptstraße 8,2025-07-11 08:00:00+02:00,10.47271203994751
481da5b9-afd5-44c5-b29b-6c3e23a59bcb,Hauptstraße 8,2025-07-11 09:00:00+02:00,12.974808692932129
481da5b9-afd5-44c5-b29b-6c3e23a59bcb,Hauptstraße 8,2025-07-11 10:00:00+02:00,24.938809235890705
481da5b9-afd5-44c5-b29b-6c3e23a59bcb,Hauptstraße 8,2025-07-11 11:00:00+02:00,24.288577874501545
481da5b9-afd5-44c5-b29b-6c3e23a59bcb,Hauptstraße 8,2025-07-11 12:00:00+02:00,5.354612827301025
481da5b9-afd5-44c5-b29b-6c3e23a59bcb,Hauptstraße 8,2025-07-11 13:00:00+02:00,26.07642141977946
481da5b9-afd5-44c5-b29b-6c3e23a59bcb,Hauptstraße 8,2025-07-11 14:00:00+02:00,28.358617305755615
481da5b9-afd5-44c5-b29b-6c3e23a59bcb,Hauptstraße 8,2025-07-11 15:00:00+02:00,33.76676273345947
481da5b9-afd5-44c5-b29b-6c3e23a59bcb,Hauptstraße 8,2025-07-11 16:00:00+02:00,31.623085180918377
481da5b9-afd5-44c5-b29b-6c3e23a59bcb,Hauptstraße 8,2025-07-11 17:00:00+02:00,24.020061016082764
481da5b9-afd5-44c5-b29b-6c3e23a59bcb,Hauptstraße 8,2025-07-11 18:00:00+02:00,6.924468835194905
481da5b9-afd5-44c5-b29b-6c3e23a59bcb,Hauptstraße 8,2025-07-11 19:00:00+02:00,18.792911847432453
481da5b9-afd5-44c5-b29b-6c3e23a59bcb,Hauptstraße 8,2025-07-11 20:00:00+02:00,16.262184858322144
481da5b9-afd5-44c5-b29b-6c3e23a59bcb,Hauptstraße 8,2025-07-11 21:00:00+02:00,7.59031327565511
481da5b9-afd5-44c5-b29b-6c3e23a59bcb,Hauptstraße 8,2025-07-11 22:00:00+02:00,4.30300239721934
481da5b9-afd5-44c5-b29b-6c3e23a59bcb,Hauptstraße 8,2025-07-11 23:00:00+02:00,14.029691179593405
481da5b9-afd5-44c5-b29b-6c3e23a59bcb,Hauptstraße 8,2025-07-12 00:00:00+02:00,2.9083750247955322
481da5b9-afd5-44c5-b29b-6c3e23a59bcb,Hauptstraße 8,2025-07-12 01:00:00+02:00,2.0903536478678384
481da5b9-afd5-44c5-b29b-6c3e23a59bcb,Hauptstraße 8,2025-07-12 02:00:00+02:00,1.1499106884002686
481da5b9-afd5-44c5-b29b-6c3e23a59bcb,Hauptstraße 8,2025-07-12 03:00:00+02:00,7.30140753587087
481da5b9-afd5-44c5-b29b-6c3e23a59bcb,Hauptstraße 8,2025-07-12 04:00:00+02:00,9.412893851598104
481da5b9-afd5-44c5-b29b-6c3e23a59bcb,Hauptstraße 8,2025-07-12 05:00:00+02:00,5.234898726145427
481da5b9-afd5-44c5-b29b-6c3e23a59bcb,Hauptstraße 8,2025-07-12 06:00:00+02:00,5.867132385571797
481da5b9-afd5-44c5-b29b-6c3e23a59bcb,Hauptstraße 8,2025-07-12 07:00:00+02:00,4.120340943336487
481da5b9-afd5-44c5-b29b-6c3e23a59bcb,Hauptstraße 8,2025-07-12 08:00:00+02:00,3.5447989304860434
481da5b9-afd5-44c5-b29b-6c3e23a59bcb,Hauptstraße 8,2025-07-12 09:00:00+02:00,17.39929485321045
481da5b9-afd5-44c5-b29b-6c3e23a59bcb,Hauptstraße 8,2025-07-12 10:00:00+02:00,41.61946026484171
481da5b9-afd5-44c5-b29b-6c3e23a59bcb,Hauptstraße 8,2025-07-12 11:00:00+02:00,31.060750007629395
481da5b9-afd5-44c5-b29b-6c3e23a59bcb,Hauptstraße 8,2025-07-12 12:00:00+02:00,5.281112988789876
481da5b9-afd5-44c5-b29b-6c3e23a59bcb,Hauptstraße 8,2025-07-12 13:00:00+02:00,4.679080327351888
481da5b9-afd5-44c5-b29b-6c3e23a59bcb,Hauptstraße 8,2025-07-12 14:00:00+02:00,7.744740804036468
481da5b9-afd5-44c5-b29b-6c3e23a59bcb,Hauptstraße 8,2025-07-12 15:00:00+02:00,4.9505189259847
481da5b9-afd5-44c5-b29b-6c3e23a59bcb,Hauptstraße 8,2025-07-12 16:00:00+02:00,13.527307192484523
481da5b9-afd5-44c5-b29b-6c3e23a59bcb,Hauptstraße 8,2025-07-12 17:00:00+02:00,16.398736159006756
481da5b9-afd5-44c5-b29b-6c3e23a59bcb,Hauptstraße 8,2025-07-12 18:00:00+02:00,10.086897373199463
481da5b9-afd5-44c5-b29b-6c3e23a59bcb,Hauptstraße 8,2025-07-12 19:00:00+02:00,5.951640605926514
481da5b9-afd5-44c5-b29b-6c3e23a59bcb,Hauptstraße 8,2025-07-12 20:00:00+02:00,5.9407815138498945
481da5b9-afd5-44c5-b29b-6c3e23a59bcb,Hauptstraße 8,2025-07-12 21:00:00+02:00,7.864852428436279
481da5b9-afd5-44c5-b29b-6c3e23a59bcb,Hauptstraße 8,2025-07-12 22:00:00+02:00,6.173809846242269
481da5b9-afd5-44c5-b29b-6c3e23a59bcb,Hauptstraße 8,2025-07-12 23:00:00+02:00,9.460791190465292
481da5b9-afd5-44c5-b29b-6c3e23a59bcb,Hauptstraße 8,2025-07-13 00:00:00+02:00,24.044230143229168
481da5b9-afd5-44c5-b29b-6c3e23a59bcb,Hauptstraße 8,2025-07-13 01:00:00+02:00,1.8943850199381511
481da5b9-afd5-44c5-b29b-6c3e23a59bcb,Hauptstraße 8,2025-07-13 02:00:00+02:00,3.6881167888641357
481da5b9-afd5-44c5-b29b-6c3e23a59bcb,Hauptstraße 8,2025-07-13 03:00:00+02:00,3.9408798217773438
481da5b9-afd5-44c5-b29b-6c3e23a59bcb,Hauptstraße 8,2025-07-13 04:00:00+02:00,5.021709528836337
481da5b9-afd5-44c5-b29b-6c3e23a59bcb,Hauptstraße 8,2025-07-13 05:00:00+02:00,7.753171375819615
481da5b9-afd5-44c5-b29b-6c3e23a59bcb,Hauptstraße 8,2025-07-13 06:00:00+02:00,8.423243999481201
481da5b9-afd5-44c5-b29b-6c3e23a59bcb,Hauptstraße 8,2025-07-13 07:00:00+02:00,5.997611096030788
481da5b9-afd5-44c5-b29b-6c3e23a59bcb,Hauptstraße 8,2025-07-13 08:00:00+02:00,2.7774067984686956
481da5b9-afd5-44c5-b29b-6c3e23a59bcb,Hauptstraße 8,2025-07-13 09:00:00+02:00,5.611076130586512
481da5b9-afd5-44c5-b29b-6c3e23a59bcb,Hauptstraße 8,2025-07-13 10:00:00+02:00,17.07490062713623
481da5b9-afd5-44c5-b29b-6c3e23a59bcb,Hauptstraße 8,2025-07-13 11:00:00+02:00,7.89252446492513
481da5b9-afd5-44c5-b29b-6c3e23a59bcb,Hauptstraße 8,2025-07-13 12:00:00+02:00,9.486757550920759
481da5b9-afd5-44c5-b29b-6c3e23a59bcb,Hauptstraße 8,2025-07-13 13:00:00+02:00,20.375440744253304
481da5b9-afd5-44c5-b29b-6c3e23a59bcb,Hauptstraße 8,2025-07-13 14:00:00+02:00,28.913092295328777
481da5b9-afd5-44c5-b29b-6c3e23a59bcb,Hauptstraße 8,2025-07-13 15:00:00+02:00,5.377628326416016
481da5b9-afd5-44c5-b29b-6c3e23a59bcb,Hauptstraße 8,2025-07-13 16:00:00+02:00,9.810291290283203
481da5b9-afd5-44c5-b29b-6c3e23a59bcb,Hauptstraße 8,2025-07-13 17:00:00+02:00,4.745304531521267
481da5b9-afd5-44c5-b29b-6c3e23a59bcb,Hauptstraße 8,2025-07-13 18:00:00+02:00,4.914384603500366
481da5b9-afd5-44c5-b29b-6c3e23a59bcb,Hauptstraße 8,2025-07-13 19:00:00+02:00,21.393132073538645
481da5b9-afd5-44c5-b29b-6c3e23a59bcb,Hauptstraße 8,2025-07-13 20:00:00+02:00,7.799180666605632
481da5b9-afd5-44c5-b29b-6c3e23a59bcb,Hauptstraße 8,2025-07-13 21:00:00+02:00,4.832656478881836
481da5b9-afd5-44c5-b29b-6c3e23a59bcb,Hauptstraße 8,2025-07-13 22:00:00+02:00,8.173249244689941
481da5b9-afd5-44c5-b29b-6c3e23a59bcb,Hauptstraße 8,2025-07-13 23:00:00+02:00,5.203723271687825
481da5b9-afd5-44c5-b29b-6c3e23a59bcb,Hauptstraße 8,2025-07-14 00:00:00+02:00,3.233583450317383
481da5b9-afd5-44c5-b29b-6c3e23a59bcb,Hauptstraße 8,2025-07-14 01:00:00+02:00,3.347991943359375
4e3bbfd4-bb31-424b-99d7-b67ec0a4e026,Kurpark - Großer Teich Nord Ost,2025-06-30 03:00:00+02:00,2.833909034729004
4e3bbfd4-bb31-424b-99d7-b67ec0a4e026,Kurpark - Großer Teich Nord Ost,2025-06-30 04:00:00+02:00,2.8834776878356934
4e3bbfd4-bb31-424b-99d7-b67ec0a4e026,Kurpark - Großer Teich Nord Ost,2025-06-30 05:00:00+02:00,0.8749300638834635
4e3bbfd4-bb31-424b-99d7-b67ec0a4e026,Kurpark - Großer Teich Nord Ost,2025-06-30 06:00:00+02:00,3.623785614967346
4e3bbfd4-bb31-424b-99d7-b67ec0a4e026,Kurpark - Großer Teich Nord Ost,2025-06-30 07:00:00+02:00,13.466891098022462
4e3bbfd4-bb31-424b-99d7-b67ec0a4e026,Kurpark - Großer Teich Nord Ost,2025-06-30 08:00:00+02:00,9.08791716893514
4e3bbfd4-bb31-424b-99d7-b67ec0a4e026,Kurpark - Großer Teich Nord Ost,2025-06-30 09:00:00+02:00,2.0749156134469167
4e3bbfd4-bb31-424b-99d7-b67ec0a4e026,Kurpark - Großer Teich Nord Ost,2025-06-30 10:00:00+02:00,4.172650575637817
4e3bbfd4-bb31-424b-99d7-b67ec0a4e026,Kurpark - Großer Teich Nord Ost,2025-06-30 11:00:00+02:00,0.6531585057576498
4e3bbfd4-bb31-424b-99d7-b67ec0a4e026,Kurpark - Großer Teich Nord Ost,2025-06-30 12:00:00+02:00,3.542347717285156
4e3bbfd4-bb31-424b-99d7-b67ec0a4e026,Kurpark - Großer Teich Nord Ost,2025-06-30 13:00:00+02:00,5.03680419921875
4e3bbfd4-bb31-424b-99d7-b67ec0a4e026,Kurpark - Großer Teich Nord Ost,2025-06-30 14:00:00+02:00,7.289738178253174
4e3bbfd4-bb31-424b-99d7-b67ec0a4e026,Kurpark - Großer Teich Nord Ost,2025-06-30 15:00:00+02:00,5.424684524536133
4e3bbfd4-bb31-424b-99d7-b67ec0a4e026,Kurpark - Großer Teich Nord Ost,2025-06-30 16:00:00+02:00,2.4575809751238142
4e3bbfd4-bb31-424b-99d7-b67ec0a4e026,Kurpark - Großer Teich Nord Ost,2025-06-30 17:00:00+02:00,6.351959737141927
4e3bbfd4-bb31-424b-99d7-b67ec0a4e026,Kurpark - Großer Teich Nord Ost,2025-06-30 18:00:00+02:00,3.881563752889633
4e3bbfd4-bb31-424b-99d7-b67ec0a4e026,Kurpark - Großer Teich Nord Ost,2025-06-30 19:00:00+02:00,21.206238494199866
4e3bbfd4-bb31-424b-99d7-b67ec0a4e026,Kurpark - Großer Teich Nord Ost,2025-06-30 20:00:00+02:00,6.566962083180745
4e3bbfd4-bb31-424b-99d7-b67ec0a4e026,Kurpark - Großer Teich Nord Ost,2025-06-30 21:00:00+02:00,3.731577195619282
4e3bbfd4-bb31-424b-99d7-b67ec0a4e026,Kurpark - Großer Teich Nord Ost,2025-06-30 22:00:00+02:00,2.5478649377822875
4e3bbfd4-bb31-424b-99d7-b67ec0a4e026,Kurpark - Großer Teich Nord Ost,2025-06-30 23:00:00+02:00,0.22142353511991955
4e3bbfd4-bb31-424b-99d7-b67ec0a4e026,Kurpark - Großer Teich Nord Ost,2025-07-01 00:00:00+02:00,1.5102591514587402
4e3bbfd4-bb31-424b-99d7-b67ec0a4e026,Kurpark - Großer Teich Nord Ost,2025-07-01 01:00:00+02:00,1.263052919636602
4e3bbfd4-bb31-424b-99d7-b67ec0a4e026,Kurpark - Großer Teich Nord Ost,2025-07-01 02:00:00+02:00,2.2735032041867576
4e3bbfd4-bb31-424b-99d7-b67ec0a4e026,Kurpark - Großer Teich Nord Ost,2025-07-01 03:00:00+02:00,2.680090308189392
4e3bbfd4-bb31-424b-99d7-b67ec0a4e026,Kurpark - Großer Teich Nord Ost,2025-07-01 04:00:00+02:00,2.592345734437307
4e3bbfd4-bb31-424b-99d7-b67ec0a4e026,Kurpark - Großer Teich Nord Ost,2025-07-01 05:00:00+02:00,1.8997028867403667
4e3bbfd4-bb31-424b-99d7-b67ec0a4e026,Kurpark - Großer Teich Nord Ost,2025-07-01 06:00:00+02:00,3.8437375823656716
4e3bbfd4-bb31-424b-99d7-b67ec0a4e026,Kurpark - Großer Teich Nord Ost,2025-07-01 07:00:00+02:00,0.8737427790959676
4e3bbfd4-bb31-424b-99d7-b67ec0a4e026,Kurpark - Großer Teich Nord Ost,2025-07-01 08:00:00+02:00,7.630568623542786
4e3bbfd4-bb31-424b-99d7-b67ec0a4e026,Kurpark - Großer Teich Nord Ost,2025-07-01 09:00:00+02:00,14.245296478271484
4e3bbfd4-bb31-424b-99d7-b67ec0a4e026,Kurpark - Großer Teich Nord Ost,2025-07-01 10:00:00+02:00,8.462921579678854
4e3bbfd4-bb31-424b-99d7-b67ec0a4e026,Kurpark - Großer Teich Nord Ost,2025-07-01 11:00:00+02:00,6.637449661890666
4e3bbfd4-bb31-424b-99d7-b67ec0a4e026,Kurpark - Großer Teich Nord Ost,2025-07-01 12:00:00+02:00,7.571102778116862
4e3bbfd4-bb31-424b-99d7-b67ec0a4e026,Kurpark - Großer Teich Nord Ost,2025-07-01 13:00:00+02:00,7.963247140248616
4e3bbfd4-bb31-424b-99d7-b67ec0a4e026,Kurpark - Großer Teich Nord Ost,2025-07-01 14:00:00+02:00,5.3674561977386475
4e3bbfd4-bb31-424b-99d7-b67ec0a4e026,Kurpark - Großer Teich Nord Ost,2025-07-01 15:00:00+02:00,7.669434388478597
4e3bbfd4-bb31-424b-99d7-b67ec0a4e026,Kurpark - Großer Teich Nord Ost,2025-07-01 16:00:00+02:00,3.8109593788782754
4e3bbfd4-bb31-424b-99d7-b67ec0a4e026,Kurpark - Großer Teich Nord Ost,2025-07-01 17:00:00+02:00,1.7148302793502808
4e3bbfd4-bb31-424b-99d7-b67ec0a4e026,Kurpark - Großer Teich Nord Ost,2025-07-01 18:00:00+02:00,0.7917366027832031
4e3bbfd4-bb31-424b-99d7-b67ec0a4e026,Kurpark - Großer Teich Nord Ost,2025-07-01 19:00:00+02:00,3.254838784535726
4e3bbfd4-bb31-424b-99d7-b67ec0a4e026,Kurpark - Großer Teich Nord Ost,2025-07-01 20:00:00+02:00,0.8079472382863363
4e3bbfd4-bb31-424b-99d7-b67ec0a4e026,Kurpark - Großer Teich Nord Ost,2025-07-01 21:00:00+02:00,4.824735542138417
4e3bbfd4-bb31-424b-99d7-b67ec0a4e026,Kurpark - Großer Teich Nord Ost,2025-07-01 22:00:00+02:00,1.6401328444480896
4e3bbfd4-bb31-424b-99d7-b67ec0a4e026,Kurpark - Großer Teich Nord Ost,2025-07-01 23:00:00+02:00,0.27976802984873456
4e3bbfd4-bb31-424b-99d7-b67ec0a4e026,Kurpark - Großer Teich Nord Ost,2025-07-02 00:00:00+02:00,1.439220130443573
4e3bbfd4-bb31-424b-99d7-b67ec0a4e026,Kurpark - Großer Teich Nord Ost,2025-07-02 01:00:00+02:00,1.3610719045003254
4e3bbfd4-bb31-424b-99d7-b67ec0a4e026,Kurpark - Großer Teich Nord Ost,2025-07-02 02:00:00+02:00,1.6235169967015584
4e3bbfd4-bb31-424b-99d7-b67ec0a4e026,Kurpark - Großer Teich Nord Ost,2025-07-02 03:00:00+02:00,2.2715908686319985
4e3bbfd4-bb31-424b-99d7-b67ec0a4e026,Kurpark - Großer Teich Nord Ost,2025-07-02 04:00:00+02:00,3.3488709926605225
4e3bbfd4-bb31-424b-99d7-b67ec0a4e026,Kurpark - Großer Teich Nord Ost,2025-07-02 05:00:00+02:00,5.1702867547671
4e3bbfd4-bb31-424b-99d7-b67ec0a4e026,Kurpark - Großer Teich Nord Ost,2025-07-02 06:00:00+02:00,1.58279953400294
4e3bbfd4-bb31-424b-99d7-b67ec0a4e026,Kurpark - Großer Teich Nord Ost,2025-07-02 07:00:00+02:00,6.778397222359975
4e3bbfd4-bb31-424b-99d7-b67ec0a4e026,Kurpark - Großer Teich Nord Ost,2025-07-02 08:00:00+02:00,11.33802036444346
4e3bbfd4-bb31-424b-99d7-b67ec0a4e026,Kurpark - Großer Teich Nord Ost,2025-07-02 09:00:00+02:00,2.3505776723225913
4e3bbfd4-bb31-424b-99d7-b67ec0a4e026,Kurpark - Großer Teich Nord Ost,2025-07-02 10:00:00+02:00,4.118404706319173
4e3bbfd4-bb31-424b-99d7-b67ec0a4e026,Kurpark - Großer Teich Nord Ost,2025-07-02 11:00:00+02:00,8.152910470962524
4e3bbfd4-bb31-424b-99d7-b67ec0a4e026,Kurpark - Großer Teich Nord Ost,2025-07-02 12:00:00+02:00,5.933605829874675
4e3bbfd4-bb31-424b-99d7-b67ec0a4e026,Kurpark - Großer Teich Nord Ost,2025-07-02 13:00:00+02:00,5.626606305440267
4e3bbfd4-bb31-424b-99d7-b67ec0a4e026,Kurpark - Großer Teich Nord Ost,2025-07-02 14:00:00+02:00,8.305930058161417
4e3bbfd4-bb31-424b-99d7-b67ec0a4e026,Kurpark - Großer Teich Nord Ost,2025-07-02 15:00:00+02:00,10.94953986008962
4e3bbfd4-bb31-424b-99d7-b67ec0a4e026,Kurpark - Großer Teich Nord Ost,2025-07-02 16:00:00+02:00,7.463597774505615
4e3bbfd4-bb31-424b-99d7-b67ec0a4e026,Kurpark - Großer Teich Nord Ost,2025-07-02 17:00:00+02:00,4.734113057454427
4e3bbfd4-bb31-424b-99d7-b67ec0a4e026,Kurpark - Großer Teich Nord Ost,2025-07-02 18:00:00+02:00,1.6584160129229228
4e3bbfd4-bb31-424b-99d7-b67ec0a4e026,Kurpark - Großer Teich Nord Ost,2025-07-02 19:00:00+02:00,3.265500545501709
4e3bbfd4-bb31-424b-99d7-b67ec0a4e026,Kurpark - Großer Teich Nord Ost,2025-07-02 20:00:00+02:00,0.9731776714324951
4e3bbfd4-bb31-424b-99d7-b67ec0a4e026,Kurpark - Großer Teich Nord Ost,2025-07-02 21:00:00+02:00,5.398499011993408
4e3bbfd4-bb31-424b-99d7-b67ec0a4e026,Kurpark - Großer Teich Nord Ost,2025-07-02 22:00:00+02:00,1.6808348695437114
4e3bbfd4-bb31-424b-99d7-b67ec0a4e026,Kurpark - Großer Teich Nord Ost,2025-07-02 23:00:00+02:00,2.0452001094818115
4e3bbfd4-bb31-424b-99d7-b67ec0a4e026,Kurpark - Großer Teich Nord Ost,2025-07-03 00:00:00+02:00,1.6680413087209065
4e3bbfd4-bb31-424b-99d7-b67ec0a4e026,Kurpark - Großer Teich Nord Ost,2025-07-03 01:00:00+02:00,1.528569479783376
4e3bbfd4-bb31-424b-99d7-b67ec0a4e026,Kurpark - Großer Teich Nord Ost,2025-07-03 02:00:00+02:00,1.6241268714269002
4e3bbfd4-bb31-424b-99d7-b67ec0a4e026,Kurpark - Großer Teich Nord Ost,2025-07-03 03:00:00+02:00,1.9955917000770569
4e3bbfd4-bb31-424b-99d7-b67ec0a4e026,Kurpark - Großer Teich Nord Ost,2025-07-03 04:00:00+02:00,3.7022729913393655
4e3bbfd4-bb31-424b-99d7-b67ec0a4e026,Kurpark - Großer Teich Nord Ost,2025-07-03 05:00:00+02:00,0.9021311402320862
4e3bbfd4-bb31-424b-99d7-b67ec0a4e026,Kurpark - Großer Teich Nord Ost,2025-07-03 06:00:00+02:00,5.711611012617747
4e3bbfd4-bb31-424b-99d7-b67ec0a4e026,Kurpark - Großer Teich Nord Ost,2025-07-03 07:00:00+02:00,0.8005155920982361
4e3bbfd4-bb31-424b-99d7-b67ec0a4e026,Kurpark - Großer Teich Nord Ost,2025-07-03 08:00:00+02:00,2.052146236101786
4e3bbfd4-bb31-424b-99d7-b67ec0a4e026,Kurpark - Großer Teich Nord Ost,2025-07-03 09:00:00+02:00,1.0918561220169067
4e3bbfd4-bb31-424b-99d7-b67ec0a4e026,Kurpark - Großer Teich Nord Ost,2025-07-03 10:00:00+02:00,3.8916682402292886
4e3bbfd4-bb31-424b-99d7-b67ec0a4e026,Kurpark - Großer Teich Nord Ost,2025-07-03 11:00:00+02:00,5.143687168757121
4e3bbfd4-bb31-424b-99d7-b67ec0a4e026,Kurpark - Großer Teich Nord Ost,2025-07-03 12:00:00+02:00,11.308235883712769
4e3bbfd4-bb31-424b-99d7-b67ec0a4e026,Kurpark - Großer Teich Nord Ost,2025-07-03 13:00:00+02:00,6.690821131070455
4e3bbfd4-bb31-424b-99d7-b67ec0a4e026,Kurpark - Großer Teich Nord Ost,2025-07-03 14:00:00+02:00,0.5399519602457682
4e3bbfd4-bb31-424b-99d7-b67ec0a4e026,Kurpark - Großer Teich Nord Ost,2025-07-03 15:00:00+02:00,0.4266623655954997
4e3bbfd4-bb31-424b-99d7-b67ec0a4e026,Kurpark - Großer Teich Nord Ost,2025-07-03 16:00:00+02:00,3.7580562432607016
4e3bbfd4-bb31-424b-99d7-b67ec0a4e026,Kurpark - Großer Teich Nord Ost,2025-07-03 17:00:00+02:00,3.118893345197042
4e3bbfd4-bb31-424b-99d7-b67ec0a4e026,Kurpark - Großer Teich Nord Ost,2025-07-03 18:00:00+02:00,5.429260889689128
4e3bbfd4-bb31-424b-99d7-b67ec0a4e026,Kurpark - Großer Teich Nord Ost,2025-07-03 19:00:00+02:00,6.263508836428325
4e3bbfd4-bb31-424b-99d7-b67ec0a4e026,Kurpark - Großer Teich Nord Ost,2025-07-03 20:00:00+02:00,2.8961946964263916
4e3bbfd4-bb31-424b-99d7-b67ec0a4e026,Kurpark - Großer Teich Nord Ost,2025-07-03 21:00:00+02:00,2.6133690079053244
4e3bbfd4-bb31-424b-99d7-b67ec0a4e026,Kurpark - Großer Teich Nord Ost,2025-07-03 22:00:00+02:00,0.483810822168986
4e3bbfd4-bb31-424b-99d7-b67ec0a4e026,Kurpark - Großer Teich Nord Ost,2025-07-03 23:00:00+02:00,3.3900867700576782
4e3bbfd4-bb31-424b-99d7-b67ec0a4e026,Kurpark - Großer Teich Nord Ost,2025-07-04 00:00:00+02:00,2.9247340758641562
4e3bbfd4-bb31-424b-99d7-b67ec0a4e026,Kurpark - Großer Teich Nord Ost,2025-07-04 01:00:00+02:00,0.8404271403948466
4e3bbfd4-bb31-424b-99d7-b67ec0a4e026,Kurpark - Großer Teich Nord Ost,2025-07-04 02:00:00+02:00,1.7821557720502217
4e3bbfd4-bb31-424b-99d7-b67ec0a4e026,Kurpark - Großer Teich Nord Ost,2025-07-04 03:00:00+02:00,2.0593095620473227
4e3bbfd4-bb31-424b-99d7-b67ec0a4e026,Kurpark - Großer Teich Nord Ost,2025-07-04 04:00:00+02:00,2.642330050468445
4e3bbfd4-bb31-424b-99d7-b67ec0a4e026,Kurpark - Großer Teich Nord Ost,2025-07-04 05:00:00+02:00,2.3684995571772256
4e3bbfd4-bb31-424b-99d7-b67ec0a4e026,Kurpark - Großer Teich Nord Ost,2025-07-04 06:00:00+02:00,2.1594571073849997
4e3bbfd4-bb31-424b-99d7-b67ec0a4e026,Kurpark - Großer Teich Nord Ost,2025-07-04 07:00:00+02:00,2.555324991544088
4e3bbfd4-bb31-424b-99d7-b67ec0a4e026,Kurpark - Großer Teich Nord Ost,2025-07-04 08:00:00+02:00,1.492565393447876
4e3bbfd4-bb31-424b-99d7-b67ec0a4e026,Kurpark - Großer Teich Nord Ost,2025-07-04 09:00:00+02:00,1.9051113923390706
4e3bbfd4-bb31-424b-99d7-b67ec0a4e026,Kurpark - Großer Teich Nord Ost,2025-07-04 10:00:00+02:00,4.159604708353679
4e3bbfd4-bb31-424b-99d7-b67ec0a4e026,Kurpark - Großer Teich Nord Ost,2025-07-04 11:00:00+02:00,1.4988540013631184
4e3bbfd4-bb31-424b-99d7-b67ec0a4e026,Kurpark - Großer Teich Nord Ost,2025-07-04 12:00:00+02:00,1.100102186203003
4e3bbfd4-bb31-424b-99d7-b67ec0a4e026,Kurpark - Großer Teich Nord Ost,2025-07-04 13:00:00+02:00,2.2732489903767905
4e3bbfd4-bb31-424b-99d7-b67ec0a4e026,Kurpark - Großer Teich Nord Ost,2025-07-04 14:00:00+02:00,4.529179016749064
4e3bbfd4-bb31-424b-99d7-b67ec0a4e026,Kurpark - Großer Teich Nord Ost,2025-07-04 15:00:00+02:00,5.652637322743733
4e3bbfd4-bb31-424b-99d7-b67ec0a4e026,Kurpark - Großer Teich Nord Ost,2025-07-04 16:00:00+02:00,6.965696255366008
4e3bbfd4-bb31-424b-99d7-b67ec0a4e026,Kurpark - Großer Teich Nord Ost,2025-07-04 17:00:00+02:00,12.806430657704672
4e3bbfd4-bb31-424b-99d7-b67ec0a4e026,Kurpark - Großer Teich Nord Ost,2025-07-04 18:00:00+02:00,1.1288326978683472
4e3bbfd4-bb31-424b-99d7-b67ec0a4e026,Kurpark - Großer Teich Nord Ost,2025-07-04 19:00:00+02:00,10.839667161305746
4e3bbfd4-bb31-424b-99d7-b67ec0a4e026,Kurpark - Großer Teich Nord Ost,2025-07-04 20:00:00+02:00,6.24191693464915
4e3bbfd4-bb31-424b-99d7-b67ec0a4e026,Kurpark - Großer Teich Nord Ost,2025-07-04 21:00:00+02:00,2.622920354207357
4e3bbfd4-bb31-424b-99d7-b67ec0a4e026,Kurpark - Großer Teich Nord Ost,2025-07-04 22:00:00+02:00,0.8700384100278219
4e3bbfd4-bb31-424b-99d7-b67ec0a4e026,Kurpark - Großer Teich Nord Ost,2025-07-04 23:00:00+02:00,2.2217504183451333
4e3bbfd4-bb31-424b-99d7-b67ec0a4e026,Kurpark - Großer Teich Nord Ost,2025-07-05 00:00:00+02:00,0.7058276136716207
4e3bbfd4-bb31-424b-99d7-b67ec0a4e026,Kurpark - Großer Teich Nord Ost,2025-07-05 01:00:00+02:00,2.10020520289739
4e3bbfd4-bb31-424b-99d7-b67ec0a4e026,Kurpark - Großer Teich Nord Ost,2025-07-05 02:00:00+02:00,0.8665122588475546
4e3bbfd4-bb31-424b-99d7-b67ec0a4e026,Kurpark - Großer Teich Nord Ost,2025-07-05 03:00:00+02:00,1.7507482171058655
4e3bbfd4-bb31-424b-99d7-b67ec0a4e026,Kurpark - Großer Teich Nord Ost,2025-07-05 04:00:00+02:00,2.818212111790975
4e3bbfd4-bb31-424b-99d7-b67ec0a4e026,Kurpark - Großer Teich Nord Ost,2025-07-05 05:00:00+02:00,2.095152974128723
4e3bbfd4-bb31-424b-99d7-b67ec0a4e026,Kurpark - Großer Teich Nord Ost,2025-07-05 06:00:00+02:00,0.6927521427472433
4e3bbfd4-bb31-424b-99d7-b67ec0a4e026,Kurpark - Großer Teich Nord Ost,2025-07-05 07:00:00+02:00,4.242368181546529
4e3bbfd4-bb31-424b-99d7-b67ec0a4e026,Kurpark - Großer Teich Nord Ost,2025-07-05 08:00:00+02:00,2.5113333463668823
4e3bbfd4-bb31-424b-99d7-b67ec0a4e026,Kurpark - Großer Teich Nord Ost,2025-07-05 09:00:00+02:00,2.7807462016741433
4e3bbfd4-bb31-424b-99d7-b67ec0a4e026,Kurpark - Großer Teich Nord Ost,2025-07-05 10:00:00+02:00,13.366624593734741
4e3bbfd4-bb31-424b-99d7-b67ec0a4e026,Kurpark - Großer Teich Nord Ost,2025-07-05 11:00:00+02:00,5.037272771199544
4e3bbfd4-bb31-424b-99d7-b67ec0a4e026,Kurpark - Großer Teich Nord Ost,2025-07-05 12:00:00+02:00,10.596595605214437
4e3bbfd4-bb31-424b-99d7-b67ec0a4e026,Kurpark - Großer Teich Nord Ost,2025-07-05 13:00:00+02:00,10.50391419728597
4e3bbfd4-bb31-424b-99d7-b67ec0a4e026,Kurpark - Großer Teich Nord Ost,2025-07-05 14:00:00+02:00,13.361005306243896
4e3bbfd4-bb31-424b-99d7-b67ec0a4e026,Kurpark - Großer Teich Nord Ost,2025-07-05 15:00:00+02:00,9.679480711619059
4e3bbfd4-bb31-424b-99d7-b67ec0a4e026,Kurpark - Großer Teich Nord Ost,2025-07-05 16:00:00+02:00,10.26264993349711
4e3bbfd4-bb31-424b-99d7-b67ec0a4e026,Kurpark - Großer Teich Nord Ost,2025-07-05 17:00:00+02:00,7.595306356747945
4e3bbfd4-bb31-424b-99d7-b67ec0a4e026,Kurpark - Großer Teich Nord Ost,2025-07-05 18:00:00+02:00,1.6202685435612996
4e3bbfd4-bb31-424b-99d7-b67ec0a4e026,Kurpark - Großer Teich Nord Ost,2025-07-05 19:00:00+02:00,10.642285784085592
4e3bbfd4-bb31-424b-99d7-b67ec0a4e026,Kurpark - Großer Teich Nord Ost,2025-07-05 20:00:00+02:00,5.350538531939189
4e3bbfd4-bb31-424b-99d7-b67ec0a4e026,Kurpark - Großer Teich Nord Ost,2025-07-05 21:00:00+02:00,2.817753811677297
4e3bbfd4-bb31-424b-99d7-b67ec0a4e026,Kurpark - Großer Teich Nord Ost,2025-07-05 22:00:00+02:00,1.8740216096242268
4e3bbfd4-bb31-424b-99d7-b67ec0a4e026,Kurpark - Großer Teich Nord Ost,2025-07-05 23:00:00+02:00,3.378108779589335
4e3bbfd4-bb31-424b-99d7-b67ec0a4e026,Kurpark - Großer Teich Nord Ost,2025-07-06 00:00:00+02:00,1.0116163690884907
4e3bbfd4-bb31-424b-99d7-b67ec0a4e026,Kurpark - Großer Teich Nord Ost,2025-07-06 01:00:00+02:00,1.6733159224192302
4e3bbfd4-bb31-424b-99d7-b67ec0a4e026,Kurpark - Großer Teich Nord Ost,2025-07-06 02:00:00+02:00,2.3933109442392984
4e3bbfd4-bb31-424b-99d7-b67ec0a4e026,Kurpark - Großer Teich Nord Ost,2025-07-06 03:00:00+02:00,2.21173632144928
4e3bbfd4-bb31-424b-99d7-b67ec0a4e026,Kurpark - Großer Teich Nord Ost,2025-07-06 04:00:00+02:00,1.2923262317975361
4e3bbfd4-bb31-424b-99d7-b67ec0a4e026,Kurpark - Großer Teich Nord Ost,2025-07-06 05:00:00+02:00,1.6194535891215007
4e3bbfd4-bb31-424b-99d7-b67ec0a4e026,Kurpark - Großer Teich Nord Ost,2025-07-06 06:00:00+02:00,0.7052623828252157
4e3bbfd4-bb31-424b-99d7-b67ec0a4e026,Kurpark - Großer Teich Nord Ost,2025-07-06 07:00:00+02:00,1.5394808650016785
4e3bbfd4-bb31-424b-99d7-b67ec0a4e026,Kurpark - Großer Teich Nord Ost,2025-07-06 08:00:00+02:00,9.587873041629791
4e3bbfd4-bb31-424b-99d7-b67ec0a4e026,Kurpark - Großer Teich Nord Ost,2025-07-06 09:00:00+02:00,6.059913833936055
4e3bbfd4-bb31-424b-99d7-b67ec0a4e026,Kurpark - Großer Teich Nord Ost,2025-07-06 10:00:00+02:00,4.740214506785075
4e3bbfd4-bb31-424b-99d7-b67ec0a4e026,Kurpark - Großer Teich Nord Ost,2025-07-06 11:00:00+02:00,1.2643749713897705
4e3bbfd4-bb31-424b-99d7-b67ec0a4e026,Kurpark - Großer Teich Nord Ost,2025-07-06 12:00:00+02:00,6.097994486490886
4e3bbfd4-bb31-424b-99d7-b67ec0a4e026,Kurpark - Großer Teich Nord Ost,2025-07-06 13:00:00+02:00,7.269932667414348
4e3bbfd4-bb31-424b-99d7-b67ec0a4e026,Kurpark - Großer Teich Nord Ost,2025-07-06 14:00:00+02:00,2.5158050855000815
4e3bbfd4-bb31-424b-99d7-b67ec0a4e026,Kurpark - Großer Teich Nord Ost,2025-07-06 15:00:00+02:00,3.330885171890259
4e3bbfd4-bb31-424b-99d7-b67ec0a4e026,Kurpark - Großer Teich Nord Ost,2025-07-06 16:00:00+02:00,3.0766443411509194
4e3bbfd4-bb31-424b-99d7-b67ec0a4e026,Kurpark - Großer Teich Nord Ost,2025-07-06 17:00:00+02:00,11.653090715408325
4e3bbfd4-bb31-424b-99d7-b67ec0a4e026,Kurpark - Großer Teich Nord Ost,2025-07-06 18:00:00+02:00,3.5205286145210266
4e3bbfd4-bb31-424b-99d7-b67ec0a4e026,Kurpark - Großer Teich Nord Ost,2025-07-06 19:00:00+02:00,3.3157615860303244
4e3bbfd4-bb31-424b-99d7-b67ec0a4e026,Kurpark - Großer Teich Nord Ost,2025-07-06 20:00:00+02:00,5.433956225713094
4e3bbfd4-bb31-424b-99d7-b67ec0a4e026,Kurpark - Großer Teich Nord Ost,2025-07-06 21:00:00+02:00,1.2636229594548543
4e3bbfd4-bb31-424b-99d7-b67ec0a4e026,Kurpark - Großer Teich Nord Ost,2025-07-06 22:00:00+02:00,1.621876100699107
4e3bbfd4-bb31-424b-99d7-b67ec0a4e026,Kurpark - Großer Teich Nord Ost,2025-07-06 23:00:00+02:00,0.9518362482388815
4e3bbfd4-bb31-424b-99d7-b67ec0a4e026,Kurpark - Großer Teich Nord Ost,2025-07-07 00:00:00+02:00,0.30031989018122357
4e3bbfd4-bb31-424b-99d7-b67ec0a4e026,Kurpark - Großer Teich Nord Ost,2025-07-07 01:00:00+02:00,0.39566747347513836
4e3bbfd4-bb31-424b-99d7-b67ec0a4e026,Kurpark - Großer Teich Nord Ost,2025-07-07 02:00:00+02:00,0.45285401741663617
4e3bbfd4-bb31-424b-99d7-b67ec0a4e026,Kurpark - Großer Teich Nord Ost,2025-07-07 03:00:00+02:00,2.118957797686259
4e3bbfd4-bb31-424b-99d7-b67ec0a4e026,Kurpark - Großer Teich Nord Ost,2025-07-07 04:00:00+02:00,2.4483738938967385
4e3bbfd4-bb31-424b-99d7-b67ec0a4e026,Kurpark - Großer Teich Nord Ost,2025-07-07 05:00:00+02:00,1.1619366804758708
4e3bbfd4-bb31-424b-99d7-b67ec0a4e026,Kurpark - Großer Teich Nord Ost,2025-07-07 06:00:00+02:00,5.643466194470723
4e3bbfd4-bb31-424b-99d7-b67ec0a4e026,Kurpark - Großer Teich Nord Ost,2025-07-07 07:00:00+02:00,2.1175432801246643
4e3bbfd4-bb31-424b-99d7-b67ec0a4e026,Kurpark - Großer Teich Nord Ost,2025-07-07 08:00:00+02:00,5.647830804189046
4e3bbfd4-bb31-424b-99d7-b67ec0a4e026,Kurpark - Großer Teich Nord Ost,2025-07-07 09:00:00+02:00,5.360108574231465
4e3bbfd4-bb31-424b-99d7-b67ec0a4e026,Kurpark - Großer Teich Nord Ost,2025-07-07 10:00:00+02:00,3.3172427813212075
4e3bbfd4-bb31-424b-99d7-b67ec0a4e026,Kurpark - Großer Teich Nord Ost,2025-07-07 11:00:00+02:00,3.124854326248169
4e3bbfd4-bb31-424b-99d7-b67ec0a4e026,Kurpark - Großer Teich Nord Ost,2025-07-07 12:00:00+02:00,5.247500777244568
4e3bbfd4-bb31-424b-99d7-b67ec0a4e026,Kurpark - Großer Teich Nord Ost,2025-07-07 13:00:00+02:00,7.836258888244629
4e3bbfd4-bb31-424b-99d7-b67ec0a4e026,Kurpark - Großer Teich Nord Ost,2025-07-07 14:00:00+02:00,7.085625648498535
4e3bbfd4-bb31-424b-99d7-b67ec0a4e026,Kurpark - Großer Teich Nord Ost,2025-07-07 15:00:00+02:00,3.164143721262614
4e3bbfd4-bb31-424b-99d7-b67ec0a4e026,Kurpark - Großer Teich Nord Ost,2025-07-07 16:00:00+02:00,6.86972975730896
4e3bbfd4-bb31-424b-99d7-b67ec0a4e026,Kurpark - Großer Teich Nord Ost,2025-07-07 17:00:00+02:00,1.9615545670191448
4e3bbfd4-bb31-424b-99d7-b67ec0a4e026,Kurpark - Großer Teich Nord Ost,2025-07-07 18:00:00+02:00,3.34210475285848
4e3bbfd4-bb31-424b-99d7-b67ec0a4e026,Kurpark - Großer Teich Nord Ost,2025-07-07 19:00:00+02:00,5.269738654295604
4e3bbfd4-bb31-424b-99d7-b67ec0a4e026,Kurpark - Großer Teich Nord Ost,2025-07-07 20:00:00+02:00,1.250420351823171
4e3bbfd4-bb31-424b-99d7-b67ec0a4e026,Kurpark - Großer Teich Nord Ost,2025-07-07 21:00:00+02:00,3.9958542784055076
4e3bbfd4-bb31-424b-99d7-b67ec0a4e026,Kurpark - Großer Teich Nord Ost,2025-07-07 22:00:00+02:00,2.6547521551450095
4e3bbfd4-bb31-424b-99d7-b67ec0a4e026,Kurpark - Großer Teich Nord Ost,2025-07-07 23:00:00+02:00,0.277027686436971
4e3bbfd4-bb31-424b-99d7-b67ec0a4e026,Kurpark - Großer Teich Nord Ost,2025-07-08 00:00:00+02:00,1.5053888360659282
4e3bbfd4-bb31-424b-99d7-b67ec0a4e026,Kurpark - Großer Teich Nord Ost,2025-07-08 01:00:00+02:00,1.2413956920305889
4e3bbfd4-bb31-424b-99d7-b67ec0a4e026,Kurpark - Großer Teich Nord Ost,2025-07-08 02:00:00+02:00,2.2097520430882773
4e3bbfd4-bb31-424b-99d7-b67ec0a4e026,Kurpark - Großer Teich Nord Ost,2025-07-08 03:00:00+02:00,2.555691103140513
4e3bbfd4-bb31-424b-99d7-b67ec0a4e026,Kurpark - Großer Teich Nord Ost,2025-07-08 04:00:00+02:00,2.3935509522755942
4e3bbfd4-bb31-424b-99d7-b67ec0a4e026,Kurpark - Großer Teich Nord Ost,2025-07-08 05:00:00+02:00,0.6754301389058431
4e3bbfd4-bb31-424b-99d7-b67ec0a4e026,Kurpark - Großer Teich Nord Ost,2025-07-08 06:00:00+02:00,4.273261944452922
4e3bbfd4-bb31-424b-99d7-b67ec0a4e026,Kurpark - Großer Teich Nord Ost,2025-07-08 07:00:00+02:00,3.097548504670461
4e3bbfd4-bb31-424b-99d7-b67ec0a4e026,Kurpark - Großer Teich Nord Ost,2025-07-08 08:00:00+02:00,1.2122304042180378
4e3bbfd4-bb31-424b-99d7-b67ec0a4e026,Kurpark - Großer Teich Nord Ost,2025-07-08 09:00:00+02:00,1.5110567013422649
4e3bbfd4-bb31-424b-99d7-b67ec0a4e026,Kurpark - Großer Teich Nord Ost,2025-07-08 10:00:00+02:00,8.391649762789408
4e3bbfd4-bb31-424b-99d7-b67ec0a4e026,Kurpark - Großer Teich Nord Ost,2025-07-08 11:00:00+02:00,3.7221386432647705
4e3bbfd4-bb31-424b-99d7-b67ec0a4e026,Kurpark - Großer Teich Nord Ost,2025-07-08 12:00:00+02:00,1.3761096795399983
4e3bbfd4-bb31-424b-99d7-b67ec0a4e026,Kurpark - Großer Teich Nord Ost,2025-07-08 13:00:00+02:00,2.7735002438227334
4e3bbfd4-bb31-424b-99d7-b67ec0a4e026,Kurpark - Großer Teich Nord Ost,2025-07-08 14:00:00+02:00,5.350260138511658
4e3bbfd4-bb31-424b-99d7-b67ec0a4e026,Kurpark - Großer Teich Nord Ost,2025-07-08 15:00:00+02:00,4.042639414469401
4e3bbfd4-bb31-424b-99d7-b67ec0a4e026,Kurpark - Großer Teich Nord Ost,2025-07-08 16:00:00+02:00,4.121056477228801
4e3bbfd4-bb31-424b-99d7-b67ec0a4e026,Kurpark - Großer Teich Nord Ost,2025-07-08 17:00:00+02:00,2.087557037671407
4e3bbfd4-bb31-424b-99d7-b67ec0a4e026,Kurpark - Großer Teich Nord Ost,2025-07-08 18:00:00+02:00,0.5169597069422404
4e3bbfd4-bb31-424b-99d7-b67ec0a4e026,Kurpark - Großer Teich Nord Ost,2025-07-08 19:00:00+02:00,2.7726264794667563
4e3bbfd4-bb31-424b-99d7-b67ec0a4e026,Kurpark - Großer Teich Nord Ost,2025-07-08 20:00:00+02:00,0.65763392051061
4e3bbfd4-bb31-424b-99d7-b67ec0a4e026,Kurpark - Großer Teich Nord Ost,2025-07-08 21:00:00+02:00,4.620524764060974
4e3bbfd4-bb31-424b-99d7-b67ec0a4e026,Kurpark - Großer Teich Nord Ost,2025-07-08 22:00:00+02:00,1.5430662035942078
4e3bbfd4-bb31-424b-99d7-b67ec0a4e026,Kurpark - Großer Teich Nord Ost,2025-07-08 23:00:00+02:00,0.26881184180577594
4e3bbfd4-bb31-424b-99d7-b67ec0a4e026,Kurpark - Großer Teich Nord Ost,2025-07-09 00:00:00+02:00,1.3774125774701436
4e3bbfd4-bb31-424b-99d7-b67ec0a4e026,Kurpark - Großer Teich Nord Ost,2025-07-09 01:00:00+02:00,1.1916590134302776
4e3bbfd4-bb31-424b-99d7-b67ec0a4e026,Kurpark - Großer Teich Nord Ost,2025-07-09 02:00:00+02:00,1.3202603260676067
4e3bbfd4-bb31-424b-99d7-b67ec0a4e026,Kurpark - Großer Teich Nord Ost,2025-07-09 03:00:00+02:00,1.8410664796829224
4e3bbfd4-bb31-424b-99d7-b67ec0a4e026,Kurpark - Großer Teich Nord Ost,2025-07-09 04:00:00+02:00,2.8207463026046753
4e3bbfd4-bb31-424b-99d7-b67ec0a4e026,Kurpark - Großer Teich Nord Ost,2025-07-09 05:00:00+02:00,5.701732595761617
4e3bbfd4-bb31-424b-99d7-b67ec0a4e026,Kurpark - Großer Teich Nord Ost,2025-07-09 06:00:00+02:00,1.8791100978851318
4e3bbfd4-bb31-424b-99d7-b67ec0a4e026,Kurpark - Großer Teich Nord Ost,2025-07-09 07:00:00+02:00,6.992295304934184
4e3bbfd4-bb31-424b-99d7-b67ec0a4e026,Kurpark - Großer Teich Nord Ost,2025-07-09 08:00:00+02:00,11.32154361406962
4e3bbfd4-bb31-424b-99d7-b67ec0a4e026,Kurpark - Großer Teich Nord Ost,2025-07-09 09:00:00+02:00,3.0506802797317505
4e3bbfd4-bb31-424b-99d7-b67ec0a4e026,Kurpark - Großer Teich Nord Ost,2025-07-09 10:00:00+02:00,2.339831590652466
4e3bbfd4-bb31-424b-99d7-b67ec0a4e026,Kurpark - Großer Teich Nord Ost,2025-07-09 11:00:00+02:00,2.146253784497579
4e3bbfd4-bb31-424b-99d7-b67ec0a4e026,Kurpark - Großer Teich Nord Ost,2025-07-09 12:00:00+02:00,3.292393525441488
4e3bbfd4-bb31-424b-99d7-b67ec0a4e026,Kurpark - Großer Teich Nord Ost,2025-07-09 13:00:00+02:00,6.389792601267497
4e3bbfd4-bb31-424b-99d7-b67ec0a4e026,Kurpark - Großer Teich Nord Ost,2025-07-09 14:00:00+02:00,9.04162311553955
4e3bbfd4-bb31-424b-99d7-b67ec0a4e026,Kurpark - Großer Teich Nord Ost,2025-07-09 15:00:00+02:00,5.306761662165324
4e3bbfd4-bb31-424b-99d7-b67ec0a4e026,Kurpark - Großer Teich Nord Ost,2025-07-09 16:00:00+02:00,14.759465058644613
4e3bbfd4-bb31-424b-99d7-b67ec0a4e026,Kurpark - Großer Teich Nord Ost,2025-07-09 17:00:00+02:00,8.461596091588339
4e3bbfd4-bb31-424b-99d7-b67ec0a4e026,Kurpark - Großer Teich Nord Ost,2025-07-09 18:00:00+02:00,10.550488034884134
4e3bbfd4-bb31-424b-99d7-b67ec0a4e026,Kurpark - Großer Teich Nord Ost,2025-07-09 19:00:00+02:00,1.933213214079539
4e3bbfd4-bb31-424b-99d7-b67ec0a4e026,Kurpark - Großer Teich Nord Ost,2025-07-09 20:00:00+02:00,1.73184601465861
4e3bbfd4-bb31-424b-99d7-b67ec0a4e026,Kurpark - Großer Teich Nord Ost,2025-07-09 21:00:00+02:00,2.8439654111862183
4e3bbfd4-bb31-424b-99d7-b67ec0a4e026,Kurpark - Großer Teich Nord Ost,2025-07-09 22:00:00+02:00,1.792103389898936
4e3bbfd4-bb31-424b-99d7-b67ec0a4e026,Kurpark - Großer Teich Nord Ost,2025-07-09 23:00:00+02:00,2.07861719528834
4e3bbfd4-bb31-424b-99d7-b67ec0a4e026,Kurpark - Großer Teich Nord Ost,2025-07-10 00:00:00+02:00,1.6411293943723042
4e3bbfd4-bb31-424b-99d7-b67ec0a4e026,Kurpark - Großer Teich Nord Ost,2025-07-10 01:00:00+02:00,1.4463671843210857
4e3bbfd4-bb31-424b-99d7-b67ec0a4e026,Kurpark - Großer Teich Nord Ost,2025-07-10 02:00:00+02:00,1.4788336157798767
4e3bbfd4-bb31-424b-99d7-b67ec0a4e026,Kurpark - Großer Teich Nord Ost,2025-07-10 03:00:00+02:00,1.7628631194432576
4e3bbfd4-bb31-424b-99d7-b67ec0a4e026,Kurpark - Großer Teich Nord Ost,2025-07-10 04:00:00+02:00,3.338847577571869
4e3bbfd4-bb31-424b-99d7-b67ec0a4e026,Kurpark - Großer Teich Nord Ost,2025-07-10 05:00:00+02:00,0.46871588627497357
4e3bbfd4-bb31-424b-99d7-b67ec0a4e026,Kurpark - Großer Teich Nord Ost,2025-07-10 06:00:00+02:00,6.336966534455617
4e3bbfd4-bb31-424b-99d7-b67ec0a4e026,Kurpark - Großer Teich Nord Ost,2025-07-10 07:00:00+02:00,0.7919486363728842
4e3bbfd4-bb31-424b-99d7-b67ec0a4e026,Kurpark - Großer Teich Nord Ost,2025-07-10 08:00:00+02:00,1.5528960227966309
4e3bbfd4-bb31-424b-99d7-b67ec0a4e026,Kurpark - Großer Teich Nord Ost,2025-07-10 09:00:00+02:00,1.7154624462127686
4e3bbfd4-bb31-424b-99d7-b67ec0a4e026,Kurpark - Großer Teich Nord Ost,2025-07-10 10:00:00+02:00,2.3383940855662027
4e3bbfd4-bb31-424b-99d7-b67ec0a4e026,Kurpark - Großer Teich Nord Ost,2025-07-10 11:00:00+02:00,2.9091356992721558
4e3bbfd4-bb31-424b-99d7-b67ec0a4e026,Kurpark - Großer Teich Nord Ost,2025-07-10 12:00:00+02:00,6.798797051111857
4e3bbfd4-bb31-424b-99d7-b67ec0a4e026,Kurpark - Großer Teich Nord Ost,2025-07-10 13:00:00+02:00,0.9107257922490438
4e3bbfd4-bb31-424b-99d7-b67ec0a4e026,Kurpark - Großer Teich Nord Ost,2025-07-10 14:00:00+02:00,3.6112712621688843
4e3bbfd4-bb31-424b-99d7-b67ec0a4e026,Kurpark - Großer Teich Nord Ost,2025-07-10 15:00:00+02:00,6.164089163144429
4e3bbfd4-bb31-424b-99d7-b67ec0a4e026,Kurpark - Großer Teich Nord Ost,2025-07-10 16:00:00+02:00,9.444441239039103
4e3bbfd4-bb31-424b-99d7-b67ec0a4e026,Kurpark - Großer Teich Nord Ost,2025-07-10 17:00:00+02:00,4.586850007375081
4e3bbfd4-bb31-424b-99d7-b67ec0a4e026,Kurpark - Großer Teich Nord Ost,2025-07-10 18:00:00+02:00,2.098910609881083
4e3bbfd4-bb31-424b-99d7-b67ec0a4e026,Kurpark - Großer Teich Nord Ost,2025-07-10 19:00:00+02:00,5.970742861429851
4e3bbfd4-bb31-424b-99d7-b67ec0a4e026,Kurpark - Großer Teich Nord Ost,2025-07-10 20:00:00+02:00,4.222936848799388
4e3bbfd4-bb31-424b-99d7-b67ec0a4e026,Kurpark - Großer Teich Nord Ost,2025-07-10 21:00:00+02:00,3.117237091064453
4e3bbfd4-bb31-424b-99d7-b67ec0a4e026,Kurpark - Großer Teich Nord Ost,2025-07-10 22:00:00+02:00,0.5653363863627116
4e3bbfd4-bb31-424b-99d7-b67ec0a4e026,Kurpark - Großer Teich Nord Ost,2025-07-10 23:00:00+02:00,3.5696465969085693
4e3bbfd4-bb31-424b-99d7-b67ec0a4e026,Kurpark - Großer Teich Nord Ost,2025-07-11 00:00:00+02:00,2.9925355911254883
4e3bbfd4-bb31-424b-99d7-b67ec0a4e026,Kurpark - Großer Teich Nord Ost,2025-07-11 01:00:00+02:00,0.8181063930193583
4e3bbfd4-bb31-424b-99d7-b67ec0a4e026,Kurpark - Großer Teich Nord Ost,2025-07-11 02:00:00+02:00,1.7164978384971619
4e3bbfd4-bb31-424b-99d7-b67ec0a4e026,Kurpark - Großer Teich Nord Ost,2025-07-11 03:00:00+02:00,1.9354255000750225
4e3bbfd4-bb31-424b-99d7-b67ec0a4e026,Kurpark - Großer Teich Nord Ost,2025-07-11 04:00:00+02:00,3.4398884574572244
4e3bbfd4-bb31-424b-99d7-b67ec0a4e026,Kurpark - Großer Teich Nord Ost,2025-07-11 05:00:00+02:00,2.3291112184524536
4e3bbfd4-bb31-424b-99d7-b67ec0a4e026,Kurpark - Großer Teich Nord Ost,2025-07-11 06:00:00+02:00,1.3337713877360027
4e3bbfd4-bb31-424b-99d7-b67ec0a4e026,Kurpark - Großer Teich Nord Ost,2025-07-11 07:00:00+02:00,3.853264053662618
4e3bbfd4-bb31-424b-99d7-b67ec0a4e026,Kurpark - Großer Teich Nord Ost,2025-07-11 08:00:00+02:00,1.1460175116856892
4e3bbfd4-bb31-424b-99d7-b67ec0a4e026,Kurpark - Großer Teich Nord Ost,2025-07-11 09:00:00+02:00,2.395198663075765
4e3bbfd4-bb31-424b-99d7-b67ec0a4e026,Kurpark - Großer Teich Nord Ost,2025-07-11 10:00:00+02:00,3.861772974332174
4e3bbfd4-bb31-424b-99d7-b67ec0a4e026,Kurpark - Großer Teich Nord Ost,2025-07-11 11:00:00+02:00,1.4889583587646484
4e3bbfd4-bb31-424b-99d7-b67ec0a4e026,Kurpark - Großer Teich Nord Ost,2025-07-11 12:00:00+02:00,1.2758452892303467
4e3bbfd4-bb31-424b-99d7-b67ec0a4e026,Kurpark - Großer Teich Nord Ost,2025-07-11 13:00:00+02:00,2.083073457082113
4e3bbfd4-bb31-424b-99d7-b67ec0a4e026,Kurpark - Großer Teich Nord Ost,2025-07-11 14:00:00+02:00,4.694505254427592
4e3bbfd4-bb31-424b-99d7-b67ec0a4e026,Kurpark - Großer Teich Nord Ost,2025-07-11 15:00:00+02:00,5.758163332939148
4e3bbfd4-bb31-424b-99d7-b67ec0a4e026,Kurpark - Großer Teich Nord Ost,2025-07-11 16:00:00+02:00,7.030269424120585
4e3bbfd4-bb31-424b-99d7-b67ec0a4e026,Kurpark - Großer Teich Nord Ost,2025-07-11 17:00:00+02:00,12.75824479262034
4e3bbfd4-bb31-424b-99d7-b67ec0a4e026,Kurpark - Großer Teich Nord Ost,2025-07-11 18:00:00+02:00,1.200629750887553
4e3bbfd4-bb31-424b-99d7-b67ec0a4e026,Kurpark - Großer Teich Nord Ost,2025-07-11 19:00:00+02:00,2.9030829668045044
4e3bbfd4-bb31-424b-99d7-b67ec0a4e026,Kurpark - Großer Teich Nord Ost,2025-07-11 20:00:00+02:00,6.197443783283234
4e3bbfd4-bb31-424b-99d7-b67ec0a4e026,Kurpark - Großer Teich Nord Ost,2025-07-11 21:00:00+02:00,2.655434787273407
4e3bbfd4-bb31-424b-99d7-b67ec0a4e026,Kurpark - Großer Teich Nord Ost,2025-07-11 22:00:00+02:00,0.8806500236193339
4e3bbfd4-bb31-424b-99d7-b67ec0a4e026,Kurpark - Großer Teich Nord Ost,2025-07-11 23:00:00+02:00,2.2363650798797607
4e3bbfd4-bb31-424b-99d7-b67ec0a4e026,Kurpark - Großer Teich Nord Ost,2025-07-12 00:00:00+02:00,0.5559853116671244
4e3bbfd4-bb31-424b-99d7-b67ec0a4e026,Kurpark - Großer Teich Nord Ost,2025-07-12 01:00:00+02:00,2.101819117863973
4e3bbfd4-bb31-424b-99d7-b67ec0a4e026,Kurpark - Großer Teich Nord Ost,2025-07-12 02:00:00+02:00,0.8647228479385376
4e3bbfd4-bb31-424b-99d7-b67ec0a4e026,Kurpark - Großer Teich Nord Ost,2025-07-12 03:00:00+02:00,1.7433717846870422
4e3bbfd4-bb31-424b-99d7-b67ec0a4e026,Kurpark - Großer Teich Nord Ost,2025-07-12 04:00:00+02:00,2.812705914179484
4e3bbfd4-bb31-424b-99d7-b67ec0a4e026,Kurpark - Großer Teich Nord Ost,2025-07-12 05:00:00+02:00,2.0904982686042786
4e3bbfd4-bb31-424b-99d7-b67ec0a4e026,Kurpark - Großer Teich Nord Ost,2025-07-12 06:00:00+02:00,0.715002695719401
4e3bbfd4-bb31-424b-99d7-b67ec0a4e026,Kurpark - Großer Teich Nord Ost,2025-07-12 07:00:00+02:00,0.8114784955978394
4e3bbfd4-bb31-424b-99d7-b67ec0a4e026,Kurpark - Großer Teich Nord Ost,2025-07-12 08:00:00+02:00,2.5351468324661255
4e3bbfd4-bb31-424b-99d7-b67ec0a4e026,Kurpark - Großer Teich Nord Ost,2025-07-12 09:00:00+02:00,2.8108115990956626
4e3bbfd4-bb31-424b-99d7-b67ec0a4e026,Kurpark - Großer Teich Nord Ost,2025-07-12 10:00:00+02:00,13.330872694651285
4e3bbfd4-bb31-424b-99d7-b67ec0a4e026,Kurpark - Großer Teich Nord Ost,2025-07-12 11:00:00+02:00,5.021958430608113
4e3bbfd4-bb31-424b-99d7-b67ec0a4e026,Kurpark - Großer Teich Nord Ost,2025-07-12 12:00:00+02:00,4.631855646769206
4e3bbfd4-bb31-424b-99d7-b67ec0a4e026,Kurpark - Großer Teich Nord Ost,2025-07-12 13:00:00+02:00,7.272036234537761
4e3bbfd4-bb31-424b-99d7-b67ec0a4e026,Kurpark - Großer Teich Nord Ost,2025-07-12 14:00:00+02:00,5.856105327606201
4e3bbfd4-bb31-424b-99d7-b67ec0a4e026,Kurpark - Großer Teich Nord Ost,2025-07-12 15:00:00+02:00,11.378271341323853
4e3bbfd4-bb31-424b-99d7-b67ec0a4e026,Kurpark - Großer Teich Nord Ost,2025-07-12 16:00:00+02:00,10.042005062103271
4e3bbfd4-bb31-424b-99d7-b67ec0a4e026,Kurpark - Großer Teich Nord Ost,2025-07-12 17:00:00+02:00,7.483396053314209
4e3bbfd4-bb31-424b-99d7-b67ec0a4e026,Kurpark - Großer Teich Nord Ost,2025-07-12 18:00:00+02:00,7.616726756095886
4e3bbfd4-bb31-424b-99d7-b67ec0a4e026,Kurpark - Großer Teich Nord Ost,2025-07-12 19:00:00+02:00,1.2613621950149536
4e3bbfd4-bb31-424b-99d7-b67ec0a4e026,Kurpark - Großer Teich Nord Ost,2025-07-12 20:00:00+02:00,2.4195204178492227
4e3bbfd4-bb31-424b-99d7-b67ec0a4e026,Kurpark - Großer Teich Nord Ost,2025-07-12 21:00:00+02:00,2.7599807580312095
4e3bbfd4-bb31-424b-99d7-b67ec0a4e026,Kurpark - Großer Teich Nord Ost,2025-07-12 22:00:00+02:00,1.8314762512842815
4e3bbfd4-bb31-424b-99d7-b67ec0a4e026,Kurpark - Großer Teich Nord Ost,2025-07-12 23:00:00+02:00,3.3526732126871743
4e3bbfd4-bb31-424b-99d7-b67ec0a4e026,Kurpark - Großer Teich Nord Ost,2025-07-13 00:00:00+02:00,0.9987070361773173
4e3bbfd4-bb31-424b-99d7-b67ec0a4e026,Kurpark - Großer Teich Nord Ost,2025-07-13 01:00:00+02:00,1.6666836341222127
4e3bbfd4-bb31-424b-99d7-b67ec0a4e026,Kurpark - Großer Teich Nord Ost,2025-07-13 02:00:00+02:00,2.388533055782318
4e3bbfd4-bb31-424b-99d7-b67ec0a4e026,Kurpark - Großer Teich Nord Ost,2025-07-13 03:00:00+02:00,1.2736198383828867
4e3bbfd4-bb31-424b-99d7-b67ec0a4e026,Kurpark - Großer Teich Nord Ost,2025-07-13 04:00:00+02:00,1.284353646365079
4e3bbfd4-bb31-424b-99d7-b67ec0a4e026,Kurpark - Großer Teich Nord Ost,2025-07-13 05:00:00+02:00,1.6508902595156716
4e3bbfd4-bb31-424b-99d7-b67ec0a4e026,Kurpark - Großer Teich Nord Ost,2025-07-13 06:00:00+02:00,0.6075511455535889
4e3bbfd4-bb31-424b-99d7-b67ec0a4e026,Kurpark - Großer Teich Nord Ost,2025-07-13 07:00:00+02:00,1.427145807366622
4e3bbfd4-bb31-424b-99d7-b67ec0a4e026,Kurpark - Großer Teich Nord Ost,2025-07-13 08:00:00+02:00,9.534376197391087
4e3bbfd4-bb31-424b-99d7-b67ec0a4e026,Kurpark - Großer Teich Nord Ost,2025-07-13 09:00:00+02:00,6.092736188103171
4e3bbfd4-bb31-424b-99d7-b67ec0a4e026,Kurpark - Großer Teich Nord Ost,2025-07-13 10:00:00+02:00,4.678245782852173
4e3bbfd4-bb31-424b-99d7-b67ec0a4e026,Kurpark - Großer Teich Nord Ost,2025-07-13 11:00:00+02:00,1.0216990152994792
4e3bbfd4-bb31-424b-99d7-b67ec0a4e026,Kurpark - Großer Teich Nord Ost,2025-07-13 12:00:00+02:00,6.56025995526995
4e3bbfd4-bb31-424b-99d7-b67ec0a4e026,Kurpark - Großer Teich Nord Ost,2025-07-13 13:00:00+02:00,8.14898182795598
4e3bbfd4-bb31-424b-99d7-b67ec0a4e026,Kurpark - Großer Teich Nord Ost,2025-07-13 14:00:00+02:00,1.6054070790608723
4e3bbfd4-bb31-424b-99d7-b67ec0a4e026,Kurpark - Großer Teich Nord Ost,2025-07-13 15:00:00+02:00,4.22747126492587
4e3bbfd4-bb31-424b-99d7-b67ec0a4e026,Kurpark - Großer Teich Nord Ost,2025-07-13 16:00:00+02:00,2.1931568145751954
4e3bbfd4-bb31-424b-99d7-b67ec0a4e026,Kurpark - Großer Teich Nord Ost,2025-07-13 17:00:00+02:00,11.479371812608507
4e3bbfd4-bb31-424b-99d7-b67ec0a4e026,Kurpark - Großer Teich Nord Ost,2025-07-13 18:00:00+02:00,3.9934803247451782
4e3bbfd4-bb31-424b-99d7-b67ec0a4e026,Kurpark - Großer Teich Nord Ost,2025-07-13 19:00:00+02:00,4.157277856554304
4e3bbfd4-bb31-424b-99d7-b67ec0a4e026,Kurpark - Großer Teich Nord Ost,2025-07-13 20:00:00+02:00,6.447037696838379
4e3bbfd4-bb31-424b-99d7-b67ec0a4e026,Kurpark - Großer Teich Nord Ost,2025-07-13 21:00:00+02:00,1.6337393760681151
4e3bbfd4-bb31-424b-99d7-b67ec0a4e026,Kurpark - Großer Teich Nord Ost,2025-07-13 22:00:00+02:00,1.9776555299758911
4e3bbfd4-bb31-424b-99d7-b67ec0a4e026,Kurpark - Großer Teich Nord Ost,2025-07-13 23:00:00+02:00,0.9904944101969401
4e3bbfd4-bb31-424b-99d7-b67ec0a4e026,Kurpark - Großer Teich Nord Ost,2025-07-14 00:00:00+02:00,0.12414407730102539
4e3bbfd4-bb31-424b-99d7-b67ec0a4e026,Kurpark - Großer Teich Nord Ost,2025-07-14 01:00:00+02:00,0.12467098236083984
4ff66154-8c30-4f61-9e54-d5c1744c117c,Karlstraße 6,2025-06-30 03:00:00+02:00,4.571866989135742
4ff66154-8c30-4f61-9e54-d5c1744c117c,Karlstraße 6,2025-06-30 04:00:00+02:00,4.5462493896484375
4ff66154-8c30-4f61-9e54-d5c1744c117c,Karlstraße 6,2025-06-30 05:00:00+02:00,3.624244054158529
4ff66154-8c30-4f61-9e54-d5c1744c117c,Karlstraße 6,2025-06-30 06:00:00+02:00,6.850016117095947
4ff66154-8c30-4f61-9e54-d5c1744c117c,Karlstraße 6,2025-06-30 07:00:00+02:00,14.803378295898437
4ff66154-8c30-4f61-9e54-d5c1744c117c,Karlstraße 6,2025-06-30 08:00:00+02:00,6.279549280802409
4ff66154-8c30-4f61-9e54-d5c1744c117c,Karlstraße 6,2025-06-30 09:00:00+02:00,17.37124252319336
4ff66154-8c30-4f61-9e54-d5c1744c117c,Karlstraße 6,2025-06-30 10:00:00+02:00,26.230249404907227
4ff66154-8c30-4f61-9e54-d5c1744c117c,Karlstraße 6,2025-06-30 11:00:00+02:00,11.34506564670139
4ff66154-8c30-4f61-9e54-d5c1744c117c,Karlstraße 6,2025-06-30 12:00:00+02:00,19.25437202453613
4ff66154-8c30-4f61-9e54-d5c1744c117c,Karlstraße 6,2025-06-30 13:00:00+02:00,8.723594665527344
4ff66154-8c30-4f61-9e54-d5c1744c117c,Karlstraße 6,2025-06-30 14:00:00+02:00,12.986568450927734
4ff66154-8c30-4f61-9e54-d5c1744c117c,Karlstraße 6,2025-06-30 15:00:00+02:00,3.266246795654297
4ff66154-8c30-4f61-9e54-d5c1744c117c,Karlstraße 6,2025-06-30 16:00:00+02:00,63.941962650844026
4ff66154-8c30-4f61-9e54-d5c1744c117c,Karlstraße 6,2025-06-30 17:00:00+02:00,34.24353256225586
4ff66154-8c30-4f61-9e54-d5c1744c117c,Karlstraße 6,2025-06-30 18:00:00+02:00,4.072003245353699
4ff66154-8c30-4f61-9e54-d5c1744c117c,Karlstraße 6,2025-06-30 19:00:00+02:00,10.520903306848863
4ff66154-8c30-4f61-9e54-d5c1744c117c,Karlstraße 6,2025-06-30 20:00:00+02:00,3.782000011867947
4ff66154-8c30-4f61-9e54-d5c1744c117c,Karlstraße 6,2025-06-30 21:00:00+02:00,3.2300958131489
4ff66154-8c30-4f61-9e54-d5c1744c117c,Karlstraße 6,2025-06-30 22:00:00+02:00,8.947395515441894
4ff66154-8c30-4f61-9e54-d5c1744c117c,Karlstraße 6,2025-06-30 23:00:00+02:00,8.28231529962449
4ff66154-8c30-4f61-9e54-d5c1744c117c,Karlstraße 6,2025-07-01 00:00:00+02:00,3.7168657129461113
4ff66154-8c30-4f61-9e54-d5c1744c117c,Karlstraße 6,2025-07-01 01:00:00+02:00,3.0832322991412617
4ff66154-8c30-4f61-9e54-d5c1744c117c,Karlstraße 6,2025-07-01 02:00:00+02:00,1.9639560381571453
4ff66154-8c30-4f61-9e54-d5c1744c117c,Karlstraße 6,2025-07-01 03:00:00+02:00,4.128191709518433
4ff66154-8c30-4f61-9e54-d5c1744c117c,Karlstraße 6,2025-07-01 04:00:00+02:00,5.805019537607829
4ff66154-8c30-4f61-9e54-d5c1744c117c,Karlstraße 6,2025-07-01 05:00:00+02:00,10.124696811040243
4ff66154-8c30-4f61-9e54-d5c1744c117c,Karlstraße 6,2025-07-01 06:00:00+02:00,11.249749898910522
4ff66154-8c30-4f61-9e54-d5c1744c117c,Karlstraße 6,2025-07-01 07:00:00+02:00,2.920990069707235
4ff66154-8c30-4f61-9e54-d5c1744c117c,Karlstraße 6,2025-07-01 08:00:00+02:00,13.75596841176351
4ff66154-8c30-4f61-9e54-d5c1744c117c,Karlstraße 6,2025-07-01 09:00:00+02:00,21.80052439371745
4ff66154-8c30-4f61-9e54-d5c1744c117c,Karlstraße 6,2025-07-01 10:00:00+02:00,23.50462468465169
4ff66154-8c30-4f61-9e54-d5c1744c117c,Karlstraße 6,2025-07-01 11:00:00+02:00,21.006720701853435
4ff66154-8c30-4f61-9e54-d5c1744c117c,Karlstraße 6,2025-07-01 12:00:00+02:00,13.594608783721924
4ff66154-8c30-4f61-9e54-d5c1744c117c,Karlstraße 6,2025-07-01 13:00:00+02:00,20.55696948369344
4ff66154-8c30-4f61-9e54-d5c1744c117c,Karlstraße 6,2025-07-01 14:00:00+02:00,3.5594789187113443
4ff66154-8c30-4f61-9e54-d5c1744c117c,Karlstraße 6,2025-07-01 15:00:00+02:00,19.348723252614338
4ff66154-8c30-4f61-9e54-d5c1744c117c,Karlstraße 6,2025-07-01 16:00:00+02:00,16.10587994257609
4ff66154-8c30-4f61-9e54-d5c1744c117c,Karlstraße 6,2025-07-01 17:00:00+02:00,23.877938111623127
4ff66154-8c30-4f61-9e54-d5c1744c117c,Karlstraße 6,2025-07-01 18:00:00+02:00,13.962318897247314
4ff66154-8c30-4f61-9e54-d5c1744c117c,Karlstraße 6,2025-07-01 19:00:00+02:00,14.745466947555542
4ff66154-8c30-4f61-9e54-d5c1744c117c,Karlstraße 6,2025-07-01 20:00:00+02:00,7.578682899475098
4ff66154-8c30-4f61-9e54-d5c1744c117c,Karlstraße 6,2025-07-01 21:00:00+02:00,8.453425804773962
4ff66154-8c30-4f61-9e54-d5c1744c117c,Karlstraße 6,2025-07-01 22:00:00+02:00,4.028388977050778
4ff66154-8c30-4f61-9e54-d5c1744c117c,Karlstraße 6,2025-07-01 23:00:00+02:00,5.895960330963135
4ff66154-8c30-4f61-9e54-d5c1744c117c,Karlstraße 6,2025-07-02 00:00:00+02:00,11.164360443751017
4ff66154-8c30-4f61-9e54-d5c1744c117c,Karlstraße 6,2025-07-02 01:00:00+02:00,1.5907351175944011
4ff66154-8c30-4f61-9e54-d5c1744c117c,Karlstraße 6,2025-07-02 02:00:00+02:00,5.477417945861816
4ff66154-8c30-4f61-9e54-d5c1744c117c,Karlstraße 6,2025-07-02 03:00:00+02:00,5.770773410797119
4ff66154-8c30-4f61-9e54-d5c1744c117c,Karlstraße 6,2025-07-02 04:00:00+02:00,11.005675236384073
4ff66154-8c30-4f61-9e54-d5c1744c117c,Karlstraße 6,2025-07-02 05:00:00+02:00,12.358211278915405
4ff66154-8c30-4f61-9e54-d5c1744c117c,Karlstraße 6,2025-07-02 06:00:00+02:00,19.473329703013096
4ff66154-8c30-4f61-9e54-d5c1744c117c,Karlstraße 6,2025-07-02 07:00:00+02:00,4.644472599029541
4ff66154-8c30-4f61-9e54-d5c1744c117c,Karlstraße 6,2025-07-02 08:00:00+02:00,3.8207403818766275
4ff66154-8c30-4f61-9e54-d5c1744c117c,Karlstraße 6,2025-07-02 09:00:00+02:00,23.17043701807658
4ff66154-8c30-4f61-9e54-d5c1744c117c,Karlstraße 6,2025-07-02 10:00:00+02:00,23.015082200368244
4ff66154-8c30-4f61-9e54-d5c1744c117c,Karlstraße 6,2025-07-02 11:00:00+02:00,8.230228583017984
4ff66154-8c30-4f61-9e54-d5c1744c117c,Karlstraße 6,2025-07-02 12:00:00+02:00,14.990082263946533
4ff66154-8c30-4f61-9e54-d5c1744c117c,Karlstraße 6,2025-07-02 13:00:00+02:00,17.46010414759318
4ff66154-8c30-4f61-9e54-d5c1744c117c,Karlstraße 6,2025-07-02 14:00:00+02:00,16.741008758544922
4ff66154-8c30-4f61-9e54-d5c1744c117c,Karlstraße 6,2025-07-02 15:00:00+02:00,7.917077382405599
4ff66154-8c30-4f61-9e54-d5c1744c117c,Karlstraße 6,2025-07-02 16:00:00+02:00,2.573296546936035
4ff66154-8c30-4f61-9e54-d5c1744c117c,Karlstraße 6,2025-07-02 17:00:00+02:00,8.889652093251547
4ff66154-8c30-4f61-9e54-d5c1744c117c,Karlstraße 6,2025-07-02 18:00:00+02:00,3.966637293497721
4ff66154-8c30-4f61-9e54-d5c1744c117c,Karlstraße 6,2025-07-02 19:00:00+02:00,12.057064692179361
4ff66154-8c30-4f61-9e54-d5c1744c117c,Karlstraße 6,2025-07-02 20:00:00+02:00,3.4918173948923745
4ff66154-8c30-4f61-9e54-d5c1744c117c,Karlstraße 6,2025-07-02 21:00:00+02:00,7.436787048975627
4ff66154-8c30-4f61-9e54-d5c1744c117c,Karlstraße 6,2025-07-02 22:00:00+02:00,1.8038328488667805
4ff66154-8c30-4f61-9e54-d5c1744c117c,Karlstraße 6,2025-07-02 23:00:00+02:00,6.230477571487427
4ff66154-8c30-4f61-9e54-d5c1744c117c,Karlstraße 6,2025-07-03 00:00:00+02:00,4.632867177327474
4ff66154-8c30-4f61-9e54-d5c1744c117c,Karlstraße 6,2025-07-03 01:00:00+02:00,4.090431133906047
4ff66154-8c30-4f61-9e54-d5c1744c117c,Karlstraße 6,2025-07-03 02:00:00+02:00,4.601812521616618
4ff66154-8c30-4f61-9e54-d5c1744c117c,Karlstraße 6,2025-07-03 03:00:00+02:00,7.384973526000977
4ff66154-8c30-4f61-9e54-d5c1744c117c,Karlstraße 6,2025-07-03 04:00:00+02:00,11.839353005091349
4ff66154-8c30-4f61-9e54-d5c1744c117c,Karlstraße 6,2025-07-03 05:00:00+02:00,10.29325397809346
4ff66154-8c30-4f61-9e54-d5c1744c117c,Karlstraße 6,2025-07-03 06:00:00+02:00,13.677650928497314
4ff66154-8c30-4f61-9e54-d5c1744c117c,Karlstraße 6,2025-07-03 07:00:00+02:00,3.9078821341196694
4ff66154-8c30-4f61-9e54-d5c1744c117c,Karlstraße 6,2025-07-03 08:00:00+02:00,12.985702196756998
4ff66154-8c30-4f61-9e54-d5c1744c117c,Karlstraße 6,2025-07-03 09:00:00+02:00,13.378920396169027
4ff66154-8c30-4f61-9e54-d5c1744c117c,Karlstraße 6,2025-07-03 10:00:00+02:00,21.445083459218342
4ff66154-8c30-4f61-9e54-d5c1744c117c,Karlstraße 6,2025-07-03 11:00:00+02:00,2.1570256551106772
4ff66154-8c30-4f61-9e54-d5c1744c117c,Karlstraße 6,2025-07-03 12:00:00+02:00,16.650131861368816
4ff66154-8c30-4f61-9e54-d5c1744c117c,Karlstraße 6,2025-07-03 13:00:00+02:00,16.060765107472736
4ff66154-8c30-4f61-9e54-d5c1744c117c,Karlstraße 6,2025-07-03 14:00:00+02:00,10.430503686269125
4ff66154-8c30-4f61-9e54-d5c1744c117c,Karlstraße 6,2025-07-03 15:00:00+02:00,9.960302352905273
4ff66154-8c30-4f61-9e54-d5c1744c117c,Karlstraße 6,2025-07-03 16:00:00+02:00,10.418432712554932
4ff66154-8c30-4f61-9e54-d5c1744c117c,Karlstraße 6,2025-07-03 17:00:00+02:00,6.408674081166585
4ff66154-8c30-4f61-9e54-d5c1744c117c,Karlstraße 6,2025-07-03 18:00:00+02:00,5.94587500890096
4ff66154-8c30-4f61-9e54-d5c1744c117c,Karlstraße 6,2025-07-03 19:00:00+02:00,6.102889855702718
4ff66154-8c30-4f61-9e54-d5c1744c117c,Karlstraße 6,2025-07-03 20:00:00+02:00,3.36245059967041
4ff66154-8c30-4f61-9e54-d5c1744c117c,Karlstraße 6,2025-07-03 21:00:00+02:00,2.5097071329752603
4ff66154-8c30-4f61-9e54-d5c1744c117c,Karlstraße 6,2025-07-03 22:00:00+02:00,6.576568206151326
4ff66154-8c30-4f61-9e54-d5c1744c117c,Karlstraße 6,2025-07-03 23:00:00+02:00,9.198800563812256
4ff66154-8c30-4f61-9e54-d5c1744c117c,Karlstraße 6,2025-07-04 00:00:00+02:00,6.4348530769348145
4ff66154-8c30-4f61-9e54-d5c1744c117c,Karlstraße 6,2025-07-04 01:00:00+02:00,3.2574870586395286
4ff66154-8c30-4f61-9e54-d5c1744c117c,Karlstraße 6,2025-07-04 02:00:00+02:00,3.954820712407432
4ff66154-8c30-4f61-9e54-d5c1744c117c,Karlstraße 6,2025-07-04 03:00:00+02:00,8.376516183217367
4ff66154-8c30-4f61-9e54-d5c1744c117c,Karlstraße 6,2025-07-04 04:00:00+02:00,11.776631514231363
4ff66154-8c30-4f61-9e54-d5c1744c117c,Karlstraße 6,2025-07-04 05:00:00+02:00,13.383595307668054
4ff66154-8c30-4f61-9e54-d5c1744c117c,Karlstraße 6,2025-07-04 06:00:00+02:00,10.956219911575317
4ff66154-8c30-4f61-9e54-d5c1744c117c,Karlstraße 6,2025-07-04 07:00:00+02:00,12.55941907564799
4ff66154-8c30-4f61-9e54-d5c1744c117c,Karlstraße 6,2025-07-04 08:00:00+02:00,14.211359977722168
4ff66154-8c30-4f61-9e54-d5c1744c117c,Karlstraße 6,2025-07-04 09:00:00+02:00,30.829411029815674
4ff66154-8c30-4f61-9e54-d5c1744c117c,Karlstraße 6,2025-07-04 10:00:00+02:00,16.4133243560791
4ff66154-8c30-4f61-9e54-d5c1744c117c,Karlstraße 6,2025-07-04 11:00:00+02:00,63.93374061584473
4ff66154-8c30-4f61-9e54-d5c1744c117c,Karlstraße 6,2025-07-04 12:00:00+02:00,34.51316579182943
4ff66154-8c30-4f61-9e54-d5c1744c117c,Karlstraße 6,2025-07-04 13:00:00+02:00,40.641122817993164
4ff66154-8c30-4f61-9e54-d5c1744c117c,Karlstraße 6,2025-07-04 14:00:00+02:00,5.020241101582845
4ff66154-8c30-4f61-9e54-d5c1744c117c,Karlstraße 6,2025-07-04 15:00:00+02:00,30.033124287923176
4ff66154-8c30-4f61-9e54-d5c1744c117c,Karlstraße 6,2025-07-04 16:00:00+02:00,54.86018339792887
4ff66154-8c30-4f61-9e54-d5c1744c117c,Karlstraße 6,2025-07-04 17:00:00+02:00,21.32210636138916
4ff66154-8c30-4f61-9e54-d5c1744c117c,Karlstraße 6,2025-07-04 18:00:00+02:00,29.040559609731037
4ff66154-8c30-4f61-9e54-d5c1744c117c,Karlstraße 6,2025-07-04 19:00:00+02:00,7.5755510330200195
4ff66154-8c30-4f61-9e54-d5c1744c117c,Karlstraße 6,2025-07-04 20:00:00+02:00,5.546709458033244
4ff66154-8c30-4f61-9e54-d5c1744c117c,Karlstraße 6,2025-07-04 21:00:00+02:00,6.474296887715657
4ff66154-8c30-4f61-9e54-d5c1744c117c,Karlstraße 6,2025-07-04 22:00:00+02:00,3.4500757853190103
4ff66154-8c30-4f61-9e54-d5c1744c117c,Karlstraße 6,2025-07-04 23:00:00+02:00,8.836164792378744
4ff66154-8c30-4f61-9e54-d5c1744c117c,Karlstraße 6,2025-07-05 00:00:00+02:00,7.252574443817139
4ff66154-8c30-4f61-9e54-d5c1744c117c,Karlstraße 6,2025-07-05 01:00:00+02:00,3.3378159999847448
4ff66154-8c30-4f61-9e54-d5c1744c117c,Karlstraße 6,2025-07-05 02:00:00+02:00,5.455490668614705
4ff66154-8c30-4f61-9e54-d5c1744c117c,Karlstraße 6,2025-07-05 03:00:00+02:00,5.5026852289835615
4ff66154-8c30-4f61-9e54-d5c1744c117c,Karlstraße 6,2025-07-05 04:00:00+02:00,4.033315896987917
4ff66154-8c30-4f61-9e54-d5c1744c117c,Karlstraße 6,2025-07-05 05:00:00+02:00,6.732907772064209
4ff66154-8c30-4f61-9e54-d5c1744c117c,Karlstraße 6,2025-07-05 06:00:00+02:00,7.224113782246907
4ff66154-8c30-4f61-9e54-d5c1744c117c,Karlstraße 6,2025-07-05 07:00:00+02:00,5.12075138092041
4ff66154-8c30-4f61-9e54-d5c1744c117c,Karlstraße 6,2025-07-05 08:00:00+02:00,12.501992781956991
4ff66154-8c30-4f61-9e54-d5c1744c117c,Karlstraße 6,2025-07-05 09:00:00+02:00,4.701974391937256
4ff66154-8c30-4f61-9e54-d5c1744c117c,Karlstraße 6,2025-07-05 10:00:00+02:00,64.97859191894531
4ff66154-8c30-4f61-9e54-d5c1744c117c,Karlstraße 6,2025-07-05 11:00:00+02:00,28.334033966064453
4ff66154-8c30-4f61-9e54-d5c1744c117c,Karlstraße 6,2025-07-05 12:00:00+02:00,23.068993250528973
4ff66154-8c30-4f61-9e54-d5c1744c117c,Karlstraße 6,2025-07-05 13:00:00+02:00,7.916970888773601
4ff66154-8c30-4f61-9e54-d5c1744c117c,Karlstraße 6,2025-07-05 14:00:00+02:00,16.600274721781414
4ff66154-8c30-4f61-9e54-d5c1744c117c,Karlstraße 6,2025-07-05 15:00:00+02:00,7.26350752512614
4ff66154-8c30-4f61-9e54-d5c1744c117c,Karlstraße 6,2025-07-05 16:00:00+02:00,12.1147673924764
4ff66154-8c30-4f61-9e54-d5c1744c117c,Karlstraße 6,2025-07-05 17:00:00+02:00,7.025006612141927
4ff66154-8c30-4f61-9e54-d5c1744c117c,Karlstraße 6,2025-07-05 18:00:00+02:00,6.441123962402344
4ff66154-8c30-4f61-9e54-d5c1744c117c,Karlstraße 6,2025-07-05 19:00:00+02:00,10.782441139221191
4ff66154-8c30-4f61-9e54-d5c1744c117c,Karlstraße 6,2025-07-05 20:00:00+02:00,10.971348206202189
4ff66154-8c30-4f61-9e54-d5c1744c117c,Karlstraße 6,2025-07-05 21:00:00+02:00,4.780209302902222
4ff66154-8c30-4f61-9e54-d5c1744c117c,Karlstraße 6,2025-07-05 22:00:00+02:00,8.071780443191528
4ff66154-8c30-4f61-9e54-d5c1744c117c,Karlstraße 6,2025-07-05 23:00:00+02:00,9.71696138381958
4ff66154-8c30-4f61-9e54-d5c1744c117c,Karlstraße 6,2025-07-06 00:00:00+02:00,3.6210495630900064
4ff66154-8c30-4f61-9e54-d5c1744c117c,Karlstraße 6,2025-07-06 01:00:00+02:00,4.807917833328247
4ff66154-8c30-4f61-9e54-d5c1744c117c,Karlstraße 6,2025-07-06 02:00:00+02:00,3.688910961151123
4ff66154-8c30-4f61-9e54-d5c1744c117c,Karlstraße 6,2025-07-06 03:00:00+02:00,4.041998783747355
4ff66154-8c30-4f61-9e54-d5c1744c117c,Karlstraße 6,2025-07-06 04:00:00+02:00,5.044060309727986
4ff66154-8c30-4f61-9e54-d5c1744c117c,Karlstraße 6,2025-07-06 05:00:00+02:00,4.978525797526042
4ff66154-8c30-4f61-9e54-d5c1744c117c,Karlstraße 6,2025-07-06 06:00:00+02:00,6.532485802968343
4ff66154-8c30-4f61-9e54-d5c1744c117c,Karlstraße 6,2025-07-06 07:00:00+02:00,11.358064810434982
4ff66154-8c30-4f61-9e54-d5c1744c117c,Karlstraße 6,2025-07-06 08:00:00+02:00,17.14704171816508
4ff66154-8c30-4f61-9e54-d5c1744c117c,Karlstraße 6,2025-07-06 09:00:00+02:00,16.292843103408813
4ff66154-8c30-4f61-9e54-d5c1744c117c,Karlstraße 6,2025-07-06 10:00:00+02:00,21.69244114557902
4ff66154-8c30-4f61-9e54-d5c1744c117c,Karlstraße 6,2025-07-06 11:00:00+02:00,7.688997268676758
4ff66154-8c30-4f61-9e54-d5c1744c117c,Karlstraße 6,2025-07-06 12:00:00+02:00,12.464774131774902
4ff66154-8c30-4f61-9e54-d5c1744c117c,Karlstraße 6,2025-07-06 13:00:00+02:00,27.047863642374676
4ff66154-8c30-4f61-9e54-d5c1744c117c,Karlstraße 6,2025-07-06 14:00:00+02:00,11.65571657816569
4ff66154-8c30-4f61-9e54-d5c1744c117c,Karlstraße 6,2025-07-06 15:00:00+02:00,54.541038513183594
4ff66154-8c30-4f61-9e54-d5c1744c117c,Karlstraße 6,2025-07-06 16:00:00+02:00,6.766476154327393
4ff66154-8c30-4f61-9e54-d5c1744c117c,Karlstraße 6,2025-07-06 17:00:00+02:00,4.93926461537679
4ff66154-8c30-4f61-9e54-d5c1744c117c,Karlstraße 6,2025-07-06 18:00:00+02:00,19.281491200129192
4ff66154-8c30-4f61-9e54-d5c1744c117c,Karlstraße 6,2025-07-06 19:00:00+02:00,5.89381726582845
4ff66154-8c30-4f61-9e54-d5c1744c117c,Karlstraße 6,2025-07-06 20:00:00+02:00,6.669618686040242
4ff66154-8c30-4f61-9e54-d5c1744c117c,Karlstraße 6,2025-07-06 21:00:00+02:00,3.6361323992411303
4ff66154-8c30-4f61-9e54-d5c1744c117c,Karlstraße 6,2025-07-06 22:00:00+02:00,2.938764492670695
4ff66154-8c30-4f61-9e54-d5c1744c117c,Karlstraße 6,2025-07-06 23:00:00+02:00,3.816929737726847
4ff66154-8c30-4f61-9e54-d5c1744c117c,Karlstraße 6,2025-07-07 00:00:00+02:00,10.482720534006754
4ff66154-8c30-4f61-9e54-d5c1744c117c,Karlstraße 6,2025-07-07 01:00:00+02:00,3.61808546384176
4ff66154-8c30-4f61-9e54-d5c1744c117c,Karlstraße 6,2025-07-07 02:00:00+02:00,2.1383164723714194
4ff66154-8c30-4f61-9e54-d5c1744c117c,Karlstraße 6,2025-07-07 03:00:00+02:00,3.449791351954142
4ff66154-8c30-4f61-9e54-d5c1744c117c,Karlstraße 6,2025-07-07 04:00:00+02:00,5.2107640107472735
4ff66154-8c30-4f61-9e54-d5c1744c117c,Karlstraße 6,2025-07-07 05:00:00+02:00,5.259185711542769
4ff66154-8c30-4f61-9e54-d5c1744c117c,Karlstraße 6,2025-07-07 06:00:00+02:00,6.734765609105428
4ff66154-8c30-4f61-9e54-d5c1744c117c,Karlstraße 6,2025-07-07 07:00:00+02:00,10.717255592346191
4ff66154-8c30-4f61-9e54-d5c1744c117c,Karlstraße 6,2025-07-07 08:00:00+02:00,3.663393259048462
4ff66154-8c30-4f61-9e54-d5c1744c117c,Karlstraße 6,2025-07-07 09:00:00+02:00,14.43448289235433
4ff66154-8c30-4f61-9e54-d5c1744c117c,Karlstraße 6,2025-07-07 10:00:00+02:00,28.688355604807537
4ff66154-8c30-4f61-9e54-d5c1744c117c,Karlstraße 6,2025-07-07 11:00:00+02:00,9.587220191955566
4ff66154-8c30-4f61-9e54-d5c1744c117c,Karlstraße 6,2025-07-07 12:00:00+02:00,8.629300117492676
4ff66154-8c30-4f61-9e54-d5c1744c117c,Karlstraße 6,2025-07-07 13:00:00+02:00,6.90591557820638
4ff66154-8c30-4f61-9e54-d5c1744c117c,Karlstraße 6,2025-07-07 14:00:00+02:00,7.199210007985433
4ff66154-8c30-4f61-9e54-d5c1744c117c,Karlstraße 6,2025-07-07 15:00:00+02:00,19.426786422729492
4ff66154-8c30-4f61-9e54-d5c1744c117c,Karlstraße 6,2025-07-07 16:00:00+02:00,17.240707715352375
4ff66154-8c30-4f61-9e54-d5c1744c117c,Karlstraße 6,2025-07-07 17:00:00+02:00,17.60498793919881
4ff66154-8c30-4f61-9e54-d5c1744c117c,Karlstraße 6,2025-07-07 18:00:00+02:00,9.871596336364746
4ff66154-8c30-4f61-9e54-d5c1744c117c,Karlstraße 6,2025-07-07 19:00:00+02:00,11.913849433263143
4ff66154-8c30-4f61-9e54-d5c1744c117c,Karlstraße 6,2025-07-07 20:00:00+02:00,10.780654509862265
4ff66154-8c30-4f61-9e54-d5c1744c117c,Karlstraße 6,2025-07-07 21:00:00+02:00,10.804888566335043
4ff66154-8c30-4f61-9e54-d5c1744c117c,Karlstraße 6,2025-07-07 22:00:00+02:00,8.477120478947958
4ff66154-8c30-4f61-9e54-d5c1744c117c,Karlstraße 6,2025-07-07 23:00:00+02:00,8.214936017990112
4ff66154-8c30-4f61-9e54-d5c1744c117c,Karlstraße 6,2025-07-08 00:00:00+02:00,3.7272154490152993
4ff66154-8c30-4f61-9e54-d5c1744c117c,Karlstraße 6,2025-07-08 01:00:00+02:00,1.0500237941741961
4ff66154-8c30-4f61-9e54-d5c1744c117c,Karlstraße 6,2025-07-08 02:00:00+02:00,1.3706773122151692
4ff66154-8c30-4f61-9e54-d5c1744c117c,Karlstraße 6,2025-07-08 03:00:00+02:00,5.038695732752482
4ff66154-8c30-4f61-9e54-d5c1744c117c,Karlstraße 6,2025-07-08 04:00:00+02:00,8.637563943862915
4ff66154-8c30-4f61-9e54-d5c1744c117c,Karlstraße 6,2025-07-08 05:00:00+02:00,9.845579544703165
4ff66154-8c30-4f61-9e54-d5c1744c117c,Karlstraße 6,2025-07-08 06:00:00+02:00,10.671935399373373
4ff66154-8c30-4f61-9e54-d5c1744c117c,Karlstraße 6,2025-07-08 07:00:00+02:00,16.873778820037842
4ff66154-8c30-4f61-9e54-d5c1744c117c,Karlstraße 6,2025-07-08 08:00:00+02:00,18.720642566680908
4ff66154-8c30-4f61-9e54-d5c1744c117c,Karlstraße 6,2025-07-08 09:00:00+02:00,13.630420525868734
4ff66154-8c30-4f61-9e54-d5c1744c117c,Karlstraße 6,2025-07-08 10:00:00+02:00,24.028930981953938
4ff66154-8c30-4f61-9e54-d5c1744c117c,Karlstraße 6,2025-07-08 11:00:00+02:00,2.0520294507344565
4ff66154-8c30-4f61-9e54-d5c1744c117c,Karlstraße 6,2025-07-08 12:00:00+02:00,20.396095434824627
4ff66154-8c30-4f61-9e54-d5c1744c117c,Karlstraße 6,2025-07-08 13:00:00+02:00,27.360389709472656
4ff66154-8c30-4f61-9e54-d5c1744c117c,Karlstraße 6,2025-07-08 14:00:00+02:00,27.92757288614909
4ff66154-8c30-4f61-9e54-d5c1744c117c,Karlstraße 6,2025-07-08 15:00:00+02:00,37.91909631093343
4ff66154-8c30-4f61-9e54-d5c1744c117c,Karlstraße 6,2025-07-08 16:00:00+02:00,15.54639991124471
4ff66154-8c30-4f61-9e54-d5c1744c117c,Karlstraße 6,2025-07-08 17:00:00+02:00,23.154080073038738
4ff66154-8c30-4f61-9e54-d5c1744c117c,Karlstraße 6,2025-07-08 18:00:00+02:00,13.050355593363443
4ff66154-8c30-4f61-9e54-d5c1744c117c,Karlstraße 6,2025-07-08 19:00:00+02:00,15.786854187647501
4ff66154-8c30-4f61-9e54-d5c1744c117c,Karlstraße 6,2025-07-08 20:00:00+02:00,6.651453415552775
4ff66154-8c30-4f61-9e54-d5c1744c117c,Karlstraße 6,2025-07-08 21:00:00+02:00,9.106281598409012
4ff66154-8c30-4f61-9e54-d5c1744c117c,Karlstraße 6,2025-07-08 22:00:00+02:00,4.425351142883297
4ff66154-8c30-4f61-9e54-d5c1744c117c,Karlstraße 6,2025-07-08 23:00:00+02:00,6.088120857874553
4ff66154-8c30-4f61-9e54-d5c1744c117c,Karlstraße 6,2025-07-09 00:00:00+02:00,11.146233320236206
4ff66154-8c30-4f61-9e54-d5c1744c117c,Karlstraße 6,2025-07-09 01:00:00+02:00,1.6523876984914143
4ff66154-8c30-4f61-9e54-d5c1744c117c,Karlstraße 6,2025-07-09 02:00:00+02:00,5.024616956710815
4ff66154-8c30-4f61-9e54-d5c1744c117c,Karlstraße 6,2025-07-09 03:00:00+02:00,5.021213610967
4ff66154-8c30-4f61-9e54-d5c1744c117c,Karlstraße 6,2025-07-09 04:00:00+02:00,9.997333765029907
4ff66154-8c30-4f61-9e54-d5c1744c117c,Karlstraße 6,2025-07-09 05:00:00+02:00,11.177084366480509
4ff66154-8c30-4f61-9e54-d5c1744c117c,Karlstraße 6,2025-07-09 06:00:00+02:00,18.26063712437947
4ff66154-8c30-4f61-9e54-d5c1744c117c,Karlstraße 6,2025-07-09 07:00:00+02:00,5.306025346120198
4ff66154-8c30-4f61-9e54-d5c1744c117c,Karlstraße 6,2025-07-09 08:00:00+02:00,3.946717103322347
4ff66154-8c30-4f61-9e54-d5c1744c117c,Karlstraße 6,2025-07-09 09:00:00+02:00,3.692880948384603
4ff66154-8c30-4f61-9e54-d5c1744c117c,Karlstraße 6,2025-07-09 10:00:00+02:00,14.186871846516928
4ff66154-8c30-4f61-9e54-d5c1744c117c,Karlstraße 6,2025-07-09 11:00:00+02:00,2.8189875284830728
4ff66154-8c30-4f61-9e54-d5c1744c117c,Karlstraße 6,2025-07-09 12:00:00+02:00,39.253901640574135
4ff66154-8c30-4f61-9e54-d5c1744c117c,Karlstraße 6,2025-07-09 13:00:00+02:00,1.7144899368286133
4ff66154-8c30-4f61-9e54-d5c1744c117c,Karlstraße 6,2025-07-09 14:00:00+02:00,21.474143505096436
4ff66154-8c30-4f61-9e54-d5c1744c117c,Karlstraße 6,2025-07-09 15:00:00+02:00,9.663917700449625
4ff66154-8c30-4f61-9e54-d5c1744c117c,Karlstraße 6,2025-07-09 16:00:00+02:00,25.618696212768555
4ff66154-8c30-4f61-9e54-d5c1744c117c,Karlstraße 6,2025-07-09 17:00:00+02:00,21.980708758036297
4ff66154-8c30-4f61-9e54-d5c1744c117c,Karlstraße 6,2025-07-09 18:00:00+02:00,24.076975027720135
4ff66154-8c30-4f61-9e54-d5c1744c117c,Karlstraße 6,2025-07-09 19:00:00+02:00,3.0670834382375083
4ff66154-8c30-4f61-9e54-d5c1744c117c,Karlstraße 6,2025-07-09 20:00:00+02:00,5.0120155811309814
4ff66154-8c30-4f61-9e54-d5c1744c117c,Karlstraße 6,2025-07-09 21:00:00+02:00,10.245054086049398
4ff66154-8c30-4f61-9e54-d5c1744c117c,Karlstraße 6,2025-07-09 22:00:00+02:00,7.497091293334961
4ff66154-8c30-4f61-9e54-d5c1744c117c,Karlstraße 6,2025-07-09 23:00:00+02:00,6.399871349334717
4ff66154-8c30-4f61-9e54-d5c1744c117c,Karlstraße 6,2025-07-10 00:00:00+02:00,4.595672766367595
4ff66154-8c30-4f61-9e54-d5c1744c117c,Karlstraße 6,2025-07-10 01:00:00+02:00,3.920468250910441
4ff66154-8c30-4f61-9e54-d5c1744c117c,Karlstraße 6,2025-07-10 02:00:00+02:00,4.339089473088582
4ff66154-8c30-4f61-9e54-d5c1744c117c,Karlstraße 6,2025-07-10 03:00:00+02:00,6.834008693695068
4ff66154-8c30-4f61-9e54-d5c1744c117c,Karlstraße 6,2025-07-10 04:00:00+02:00,10.92401130994161
4ff66154-8c30-4f61-9e54-d5c1744c117c,Karlstraße 6,2025-07-10 05:00:00+02:00,8.926777283350622
4ff66154-8c30-4f61-9e54-d5c1744c117c,Karlstraße 6,2025-07-10 06:00:00+02:00,12.07117223739624
4ff66154-8c30-4f61-9e54-d5c1744c117c,Karlstraße 6,2025-07-10 07:00:00+02:00,3.899247884750366
4ff66154-8c30-4f61-9e54-d5c1744c117c,Karlstraße 6,2025-07-10 08:00:00+02:00,12.164653142293295
4ff66154-8c30-4f61-9e54-d5c1744c117c,Karlstraße 6,2025-07-10 09:00:00+02:00,8.298998991648356
4ff66154-8c30-4f61-9e54-d5c1744c117c,Karlstraße 6,2025-07-10 10:00:00+02:00,4.855153560638428
4ff66154-8c30-4f61-9e54-d5c1744c117c,Karlstraße 6,2025-07-10 11:00:00+02:00,2.2192737261454263
4ff66154-8c30-4f61-9e54-d5c1744c117c,Karlstraße 6,2025-07-10 12:00:00+02:00,11.304117520650228
4ff66154-8c30-4f61-9e54-d5c1744c117c,Karlstraße 6,2025-07-10 13:00:00+02:00,19.59000555674235
4ff66154-8c30-4f61-9e54-d5c1744c117c,Karlstraße 6,2025-07-10 14:00:00+02:00,2.941586176554362
4ff66154-8c30-4f61-9e54-d5c1744c117c,Karlstraße 6,2025-07-10 15:00:00+02:00,28.658547242482502
4ff66154-8c30-4f61-9e54-d5c1744c117c,Karlstraße 6,2025-07-10 16:00:00+02:00,43.1046781539917
4ff66154-8c30-4f61-9e54-d5c1744c117c,Karlstraße 6,2025-07-10 17:00:00+02:00,2.796998659769694
4ff66154-8c30-4f61-9e54-d5c1744c117c,Karlstraße 6,2025-07-10 18:00:00+02:00,9.835944334665934
4ff66154-8c30-4f61-9e54-d5c1744c117c,Karlstraße 6,2025-07-10 19:00:00+02:00,3.620394706726074
4ff66154-8c30-4f61-9e54-d5c1744c117c,Karlstraße 6,2025-07-10 20:00:00+02:00,13.324073314666748
4ff66154-8c30-4f61-9e54-d5c1744c117c,Karlstraße 6,2025-07-10 21:00:00+02:00,6.998697519302368
4ff66154-8c30-4f61-9e54-d5c1744c117c,Karlstraße 6,2025-07-10 22:00:00+02:00,7.235556602478027
4ff66154-8c30-4f61-9e54-d5c1744c117c,Karlstraße 6,2025-07-10 23:00:00+02:00,9.55330483118693
4ff66154-8c30-4f61-9e54-d5c1744c117c,Karlstraße 6,2025-07-11 00:00:00+02:00,6.504631519317627
4ff66154-8c30-4f61-9e54-d5c1744c117c,Karlstraße 6,2025-07-11 01:00:00+02:00,4.366119861602783
4ff66154-8c30-4f61-9e54-d5c1744c117c,Karlstraße 6,2025-07-11 02:00:00+02:00,4.251380999883016
4ff66154-8c30-4f61-9e54-d5c1744c117c,Karlstraße 6,2025-07-11 03:00:00+02:00,6.922655979792277
4ff66154-8c30-4f61-9e54-d5c1744c117c,Karlstraße 6,2025-07-11 04:00:00+02:00,8.989308595657349
4ff66154-8c30-4f61-9e54-d5c1744c117c,Karlstraße 6,2025-07-11 05:00:00+02:00,12.218690951665247
4ff66154-8c30-4f61-9e54-d5c1744c117c,Karlstraße 6,2025-07-11 06:00:00+02:00,14.289212624231974
4ff66154-8c30-4f61-9e54-d5c1744c117c,Karlstraße 6,2025-07-11 07:00:00+02:00,20.343608538309734
4ff66154-8c30-4f61-9e54-d5c1744c117c,Karlstraße 6,2025-07-11 08:00:00+02:00,22.82093334197998
4ff66154-8c30-4f61-9e54-d5c1744c117c,Karlstraße 6,2025-07-11 09:00:00+02:00,32.36457904179891
4ff66154-8c30-4f61-9e54-d5c1744c117c,Karlstraße 6,2025-07-11 10:00:00+02:00,16.649685541788738
4ff66154-8c30-4f61-9e54-d5c1744c117c,Karlstraße 6,2025-07-11 11:00:00+02:00,63.43038400014242
4ff66154-8c30-4f61-9e54-d5c1744c117c,Karlstraße 6,2025-07-11 12:00:00+02:00,33.79380861918131
4ff66154-8c30-4f61-9e54-d5c1744c117c,Karlstraße 6,2025-07-11 13:00:00+02:00,40.015100161234535
4ff66154-8c30-4f61-9e54-d5c1744c117c,Karlstraße 6,2025-07-11 14:00:00+02:00,5.169704755147298
4ff66154-8c30-4f61-9e54-d5c1744c117c,Karlstraße 6,2025-07-11 15:00:00+02:00,30.350573857625324
4ff66154-8c30-4f61-9e54-d5c1744c117c,Karlstraße 6,2025-07-11 16:00:00+02:00,55.27854029337565
4ff66154-8c30-4f61-9e54-d5c1744c117c,Karlstraße 6,2025-07-11 17:00:00+02:00,20.735759099324543
4ff66154-8c30-4f61-9e54-d5c1744c117c,Karlstraße 6,2025-07-11 18:00:00+02:00,28.154825846354168
4ff66154-8c30-4f61-9e54-d5c1744c117c,Karlstraße 6,2025-07-11 19:00:00+02:00,6.2651519775390625
4ff66154-8c30-4f61-9e54-d5c1744c117c,Karlstraße 6,2025-07-11 20:00:00+02:00,6.1077001094818115
4ff66154-8c30-4f61-9e54-d5c1744c117c,Karlstraße 6,2025-07-11 21:00:00+02:00,5.360990126927693
4ff66154-8c30-4f61-9e54-d5c1744c117c,Karlstraße 6,2025-07-11 22:00:00+02:00,8.516733646392822
4ff66154-8c30-4f61-9e54-d5c1744c117c,Karlstraße 6,2025-07-11 23:00:00+02:00,10.449506521224976
4ff66154-8c30-4f61-9e54-d5c1744c117c,Karlstraße 6,2025-07-12 00:00:00+02:00,6.826279083887736
4ff66154-8c30-4f61-9e54-d5c1744c117c,Karlstraße 6,2025-07-12 01:00:00+02:00,6.747756560643514
4ff66154-8c30-4f61-9e54-d5c1744c117c,Karlstraße 6,2025-07-12 02:00:00+02:00,5.698955297470093
4ff66154-8c30-4f61-9e54-d5c1744c117c,Karlstraße 6,2025-07-12 03:00:00+02:00,5.5464959144592285
4ff66154-8c30-4f61-9e54-d5c1744c117c,Karlstraße 6,2025-07-12 04:00:00+02:00,4.091976165771486
4ff66154-8c30-4f61-9e54-d5c1744c117c,Karlstraße 6,2025-07-12 05:00:00+02:00,6.401272217432658
4ff66154-8c30-4f61-9e54-d5c1744c117c,Karlstraße 6,2025-07-12 06:00:00+02:00,6.491600592931111
4ff66154-8c30-4f61-9e54-d5c1744c117c,Karlstraße 6,2025-07-12 07:00:00+02:00,3.9848381678263345
4ff66154-8c30-4f61-9e54-d5c1744c117c,Karlstraße 6,2025-07-12 08:00:00+02:00,6.278905868530273
4ff66154-8c30-4f61-9e54-d5c1744c117c,Karlstraße 6,2025-07-12 09:00:00+02:00,6.661135196685791
4ff66154-8c30-4f61-9e54-d5c1744c117c,Karlstraße 6,2025-07-12 10:00:00+02:00,59.606098651885986
4ff66154-8c30-4f61-9e54-d5c1744c117c,Karlstraße 6,2025-07-12 11:00:00+02:00,21.64631748199463
4ff66154-8c30-4f61-9e54-d5c1744c117c,Karlstraße 6,2025-07-12 12:00:00+02:00,39.881826082865395
4ff66154-8c30-4f61-9e54-d5c1744c117c,Karlstraße 6,2025-07-12 13:00:00+02:00,26.876745859781902
4ff66154-8c30-4f61-9e54-d5c1744c117c,Karlstraße 6,2025-07-12 14:00:00+02:00,55.08118089040121
4ff66154-8c30-4f61-9e54-d5c1744c117c,Karlstraße 6,2025-07-12 15:00:00+02:00,20.958343823750813
4ff66154-8c30-4f61-9e54-d5c1744c117c,Karlstraße 6,2025-07-12 16:00:00+02:00,13.01652463277181
4ff66154-8c30-4f61-9e54-d5c1744c117c,Karlstraße 6,2025-07-12 17:00:00+02:00,6.3119988441467285
4ff66154-8c30-4f61-9e54-d5c1744c117c,Karlstraße 6,2025-07-12 18:00:00+02:00,6.614726861317952
4ff66154-8c30-4f61-9e54-d5c1744c117c,Karlstraße 6,2025-07-12 19:00:00+02:00,7.51483154296875
4ff66154-8c30-4f61-9e54-d5c1744c117c,Karlstraße 6,2025-07-12 20:00:00+02:00,8.030133247375488
4ff66154-8c30-4f61-9e54-d5c1744c117c,Karlstraße 6,2025-07-12 21:00:00+02:00,8.136330286661783
4ff66154-8c30-4f61-9e54-d5c1744c117c,Karlstraße 6,2025-07-12 22:00:00+02:00,8.458545684814453
4ff66154-8c30-4f61-9e54-d5c1744c117c,Karlstraße 6,2025-07-12 23:00:00+02:00,7.901490132013957
4ff66154-8c30-4f61-9e54-d5c1744c117c,Karlstraße 6,2025-07-13 00:00:00+02:00,3.537140369415283
4ff66154-8c30-4f61-9e54-d5c1744c117c,Karlstraße 6,2025-07-13 01:00:00+02:00,2.420262893040975
4ff66154-8c30-4f61-9e54-d5c1744c117c,Karlstraße 6,2025-07-13 02:00:00+02:00,4.7309761842091875
4ff66154-8c30-4f61-9e54-d5c1744c117c,Karlstraße 6,2025-07-13 03:00:00+02:00,4.533003350962764
4ff66154-8c30-4f61-9e54-d5c1744c117c,Karlstraße 6,2025-07-13 04:00:00+02:00,4.974617958068848
4ff66154-8c30-4f61-9e54-d5c1744c117c,Karlstraße 6,2025-07-13 05:00:00+02:00,5.465154466174898
4ff66154-8c30-4f61-9e54-d5c1744c117c,Karlstraße 6,2025-07-13 06:00:00+02:00,8.690718269348144
4ff66154-8c30-4f61-9e54-d5c1744c117c,Karlstraße 6,2025-07-13 07:00:00+02:00,12.170102169639188
4ff66154-8c30-4f61-9e54-d5c1744c117c,Karlstraße 6,2025-07-13 08:00:00+02:00,18.116703669230144
4ff66154-8c30-4f61-9e54-d5c1744c117c,Karlstraße 6,2025-07-13 09:00:00+02:00,17.21415620691636
4ff66154-8c30-4f61-9e54-d5c1744c117c,Karlstraße 6,2025-07-13 10:00:00+02:00,22.96980857849121
4ff66154-8c30-4f61-9e54-d5c1744c117c,Karlstraße 6,2025-07-13 11:00:00+02:00,6.986319478352865
4ff66154-8c30-4f61-9e54-d5c1744c117c,Karlstraße 6,2025-07-13 12:00:00+02:00,14.167648315429688
4ff66154-8c30-4f61-9e54-d5c1744c117c,Karlstraße 6,2025-07-13 13:00:00+02:00,31.54382558969351
4ff66154-8c30-4f61-9e54-d5c1744c117c,Karlstraße 6,2025-07-13 14:00:00+02:00,6.97601318359375
4ff66154-8c30-4f61-9e54-d5c1744c117c,Karlstraße 6,2025-07-13 15:00:00+02:00,49.87047784978693
4ff66154-8c30-4f61-9e54-d5c1744c117c,Karlstraße 6,2025-07-13 16:00:00+02:00,6.967510604858399
4ff66154-8c30-4f61-9e54-d5c1744c117c,Karlstraße 6,2025-07-13 17:00:00+02:00,4.1686960856119795
4ff66154-8c30-4f61-9e54-d5c1744c117c,Karlstraße 6,2025-07-13 18:00:00+02:00,15.810945510864258
4ff66154-8c30-4f61-9e54-d5c1744c117c,Karlstraße 6,2025-07-13 19:00:00+02:00,2.3546619415283203
4ff66154-8c30-4f61-9e54-d5c1744c117c,Karlstraße 6,2025-07-13 20:00:00+02:00,9.3898557027181
4ff66154-8c30-4f61-9e54-d5c1744c117c,Karlstraße 6,2025-07-13 21:00:00+02:00,3.235722732543949
4ff66154-8c30-4f61-9e54-d5c1744c117c,Karlstraße 6,2025-07-13 22:00:00+02:00,1.0261812210083008
4ff66154-8c30-4f61-9e54-d5c1744c117c,Karlstraße 6,2025-07-13 23:00:00+02:00,0.8504053751627604
4ff66154-8c30-4f61-9e54-d5c1744c117c,Karlstraße 6,2025-07-14 00:00:00+02:00,11.130106925964355
4ff66154-8c30-4f61-9e54-d5c1744c117c,Karlstraße 6,2025-07-14 01:00:00+02:00,3.8831481933593786
5ee75133-74ce-4a65-ac22-be263ad8566a,Hauptstraße 52 Marktplatz,2025-06-30 03:00:00+02:00,4.854402542114258
5ee75133-74ce-4a65-ac22-be263ad8566a,Hauptstraße 52 Marktplatz,2025-06-30 04:00:00+02:00,1.839128017425537
5ee75133-74ce-4a65-ac22-be263ad8566a,Hauptstraße 52 Marktplatz,2025-06-30 05:00:00+02:00,4.502626101175944
5ee75133-74ce-4a65-ac22-be263ad8566a,Hauptstraße 52 Marktplatz,2025-06-30 06:00:00+02:00,5.520458936691284
5ee75133-74ce-4a65-ac22-be263ad8566a,Hauptstraße 52 Marktplatz,2025-06-30 07:00:00+02:00,10.231800079345703
5ee75133-74ce-4a65-ac22-be263ad8566a,Hauptstraße 52 Marktplatz,2025-06-30 08:00:00+02:00,2.4418328603108725
5ee75133-74ce-4a65-ac22-be263ad8566a,Hauptstraße 52 Marktplatz,2025-06-30 09:00:00+02:00,8.629652840750557
5ee75133-74ce-4a65-ac22-be263ad8566a,Hauptstraße 52 Marktplatz,2025-06-30 10:00:00+02:00,7.621751070022583
5ee75133-74ce-4a65-ac22-be263ad8566a,Hauptstraße 52 Marktplatz,2025-06-30 11:00:00+02:00,3.5531993442111545
5ee75133-74ce-4a65-ac22-be263ad8566a,Hauptstraße 52 Marktplatz,2025-06-30 12:00:00+02:00,4.758963394165039
5ee75133-74ce-4a65-ac22-be263ad8566a,Hauptstraße 52 Marktplatz,2025-06-30 13:00:00+02:00,7.577486905184659
5ee75133-74ce-4a65-ac22-be263ad8566a,Hauptstraße 52 Marktplatz,2025-06-30 14:00:00+02:00,11.001019477844238
5ee75133-74ce-4a65-ac22-be263ad8566a,Hauptstraße 52 Marktplatz,2025-06-30 15:00:00+02:00,7.9204403803898735
5ee75133-74ce-4a65-ac22-be263ad8566a,Hauptstraße 52 Marktplatz,2025-06-30 16:00:00+02:00,10.372595650809151
5ee75133-74ce-4a65-ac22-be263ad8566a,Hauptstraße 52 Marktplatz,2025-06-30 17:00:00+02:00,5.897898610432943
5ee75133-74ce-4a65-ac22-be263ad8566a,Hauptstraße 52 Marktplatz,2025-06-30 18:00:00+02:00,26.735424041748047
5ee75133-74ce-4a65-ac22-be263ad8566a,Hauptstraße 52 Marktplatz,2025-06-30 19:00:00+02:00,18.855291815365064
5ee75133-74ce-4a65-ac22-be263ad8566a,Hauptstraße 52 Marktplatz,2025-06-30 20:00:00+02:00,32.19188117980957
5ee75133-74ce-4a65-ac22-be263ad8566a,Hauptstraße 52 Marktplatz,2025-06-30 21:00:00+02:00,14.516199061745091
5ee75133-74ce-4a65-ac22-be263ad8566a,Hauptstraße 52 Marktplatz,2025-06-30 22:00:00+02:00,1.4551871299743653
5ee75133-74ce-4a65-ac22-be263ad8566a,Hauptstraße 52 Marktplatz,2025-06-30 23:00:00+02:00,7.136535462878999
5ee75133-74ce-4a65-ac22-be263ad8566a,Hauptstraße 52 Marktplatz,2025-07-01 00:00:00+02:00,2.9684989235617887
5ee75133-74ce-4a65-ac22-be263ad8566a,Hauptstraße 52 Marktplatz,2025-07-01 01:00:00+02:00,0.7015780158664869
5ee75133-74ce-4a65-ac22-be263ad8566a,Hauptstraße 52 Marktplatz,2025-07-01 02:00:00+02:00,5.749669512112935
5ee75133-74ce-4a65-ac22-be263ad8566a,Hauptstraße 52 Marktplatz,2025-07-01 03:00:00+02:00,3.9584566354751587
5ee75133-74ce-4a65-ac22-be263ad8566a,Hauptstraße 52 Marktplatz,2025-07-01 04:00:00+02:00,5.1954933404922485
5ee75133-74ce-4a65-ac22-be263ad8566a,Hauptstraße 52 Marktplatz,2025-07-01 05:00:00+02:00,7.656164129575093
5ee75133-74ce-4a65-ac22-be263ad8566a,Hauptstraße 52 Marktplatz,2025-07-01 06:00:00+02:00,1.6285290320714314
5ee75133-74ce-4a65-ac22-be263ad8566a,Hauptstraße 52 Marktplatz,2025-07-01 07:00:00+02:00,12.322257359822592
5ee75133-74ce-4a65-ac22-be263ad8566a,Hauptstraße 52 Marktplatz,2025-07-01 08:00:00+02:00,2.0801146825154624
5ee75133-74ce-4a65-ac22-be263ad8566a,Hauptstraße 52 Marktplatz,2025-07-01 09:00:00+02:00,6.223433415095012
5ee75133-74ce-4a65-ac22-be263ad8566a,Hauptstraße 52 Marktplatz,2025-07-01 10:00:00+02:00,11.014337142308554
5ee75133-74ce-4a65-ac22-be263ad8566a,Hauptstraße 52 Marktplatz,2025-07-01 11:00:00+02:00,6.299574534098308
5ee75133-74ce-4a65-ac22-be263ad8566a,Hauptstraße 52 Marktplatz,2025-07-01 12:00:00+02:00,9.426125446955362
5ee75133-74ce-4a65-ac22-be263ad8566a,Hauptstraße 52 Marktplatz,2025-07-01 13:00:00+02:00,8.749128262201944
5ee75133-74ce-4a65-ac22-be263ad8566a,Hauptstraße 52 Marktplatz,2025-07-01 14:00:00+02:00,12.576707204182943
5ee75133-74ce-4a65-ac22-be263ad8566a,Hauptstraße 52 Marktplatz,2025-07-01 15:00:00+02:00,12.149166901906332
5ee75133-74ce-4a65-ac22-be263ad8566a,Hauptstraße 52 Marktplatz,2025-07-01 16:00:00+02:00,2.4493653774261475
5ee75133-74ce-4a65-ac22-be263ad8566a,Hauptstraße 52 Marktplatz,2025-07-01 17:00:00+02:00,3.321275075276693
5ee75133-74ce-4a65-ac22-be263ad8566a,Hauptstraße 52 Marktplatz,2025-07-01 18:00:00+02:00,10.416628122329712
5ee75133-74ce-4a65-ac22-be263ad8566a,Hauptstraße 52 Marktplatz,2025-07-01 19:00:00+02:00,19.828476667404175
5ee75133-74ce-4a65-ac22-be263ad8566a,Hauptstraße 52 Marktplatz,2025-07-01 20:00:00+02:00,12.55810546875
5ee75133-74ce-4a65-ac22-be263ad8566a,Hauptstraße 52 Marktplatz,2025-07-01 21:00:00+02:00,11.837284088134766
5ee75133-74ce-4a65-ac22-be263ad8566a,Hauptstraße 52 Marktplatz,2025-07-01 22:00:00+02:00,1.6465154091517131
5ee75133-74ce-4a65-ac22-be263ad8566a,Hauptstraße 52 Marktplatz,2025-07-01 23:00:00+02:00,7.820081472396851
5ee75133-74ce-4a65-ac22-be263ad8566a,Hauptstraße 52 Marktplatz,2025-07-02 00:00:00+02:00,5.42815347512563
5ee75133-74ce-4a65-ac22-be263ad8566a,Hauptstraße 52 Marktplatz,2025-07-02 01:00:00+02:00,2.8722196022669473
5ee75133-74ce-4a65-ac22-be263ad8566a,Hauptstraße 52 Marktplatz,2025-07-02 02:00:00+02:00,4.817749301592509
5ee75133-74ce-4a65-ac22-be263ad8566a,Hauptstraße 52 Marktplatz,2025-07-02 03:00:00+02:00,7.568367878595988
5ee75133-74ce-4a65-ac22-be263ad8566a,Hauptstraße 52 Marktplatz,2025-07-02 04:00:00+02:00,6.250501314798991
5ee75133-74ce-4a65-ac22-be263ad8566a,Hauptstraße 52 Marktplatz,2025-07-02 05:00:00+02:00,7.999323010444641
5ee75133-74ce-4a65-ac22-be263ad8566a,Hauptstraße 52 Marktplatz,2025-07-02 06:00:00+02:00,8.632672309875488
5ee75133-74ce-4a65-ac22-be263ad8566a,Hauptstraße 52 Marktplatz,2025-07-02 07:00:00+02:00,13.241170962651571
5ee75133-74ce-4a65-ac22-be263ad8566a,Hauptstraße 52 Marktplatz,2025-07-02 08:00:00+02:00,3.156818389892578
5ee75133-74ce-4a65-ac22-be263ad8566a,Hauptstraße 52 Marktplatz,2025-07-02 09:00:00+02:00,7.3320357004801435
5ee75133-74ce-4a65-ac22-be263ad8566a,Hauptstraße 52 Marktplatz,2025-07-02 10:00:00+02:00,8.867137670516968
5ee75133-74ce-4a65-ac22-be263ad8566a,Hauptstraße 52 Marktplatz,2025-07-02 11:00:00+02:00,1.313112735748291
5ee75133-74ce-4a65-ac22-be263ad8566a,Hauptstraße 52 Marktplatz,2025-07-02 12:00:00+02:00,2.337968111038208
5ee75133-74ce-4a65-ac22-be263ad8566a,Hauptstraße 52 Marktplatz,2025-07-02 13:00:00+02:00,5.80691401163737
5ee75133-74ce-4a65-ac22-be263ad8566a,Hauptstraße 52 Marktplatz,2025-07-02 14:00:00+02:00,7.954583406448364
5ee75133-74ce-4a65-ac22-be263ad8566a,Hauptstraße 52 Marktplatz,2025-07-02 15:00:00+02:00,7.031016667683919
5ee75133-74ce-4a65-ac22-be263ad8566a,Hauptstraße 52 Marktplatz,2025-07-02 16:00:00+02:00,9.99316700299581
5ee75133-74ce-4a65-ac22-be263ad8566a,Hauptstraße 52 Marktplatz,2025-07-02 17:00:00+02:00,6.382458368937175
5ee75133-74ce-4a65-ac22-be263ad8566a,Hauptstraße 52 Marktplatz,2025-07-02 18:00:00+02:00,11.43337376912435
5ee75133-74ce-4a65-ac22-be263ad8566a,Hauptstraße 52 Marktplatz,2025-07-02 19:00:00+02:00,8.446132024129232
5ee75133-74ce-4a65-ac22-be263ad8566a,Hauptstraße 52 Marktplatz,2025-07-02 20:00:00+02:00,19.297840078671772
5ee75133-74ce-4a65-ac22-be263ad8566a,Hauptstraße 52 Marktplatz,2025-07-02 21:00:00+02:00,9.07980771859487
5ee75133-74ce-4a65-ac22-be263ad8566a,Hauptstraße 52 Marktplatz,2025-07-02 22:00:00+02:00,5.0417586962382
5ee75133-74ce-4a65-ac22-be263ad8566a,Hauptstraße 52 Marktplatz,2025-07-02 23:00:00+02:00,6.135845263799031
5ee75133-74ce-4a65-ac22-be263ad8566a,Hauptstraße 52 Marktplatz,2025-07-03 00:00:00+02:00,4.984505573908488
5ee75133-74ce-4a65-ac22-be263ad8566a,Hauptstraße 52 Marktplatz,2025-07-03 01:00:00+02:00,3.4228447675704956
5ee75133-74ce-4a65-ac22-be263ad8566a,Hauptstraße 52 Marktplatz,2025-07-03 02:00:00+02:00,4.374731739362081
5ee75133-74ce-4a65-ac22-be263ad8566a,Hauptstraße 52 Marktplatz,2025-07-03 03:00:00+02:00,6.885600407918294
5ee75133-74ce-4a65-ac22-be263ad8566a,Hauptstraße 52 Marktplatz,2025-07-03 04:00:00+02:00,8.11838404337565
5ee75133-74ce-4a65-ac22-be263ad8566a,Hauptstraße 52 Marktplatz,2025-07-03 05:00:00+02:00,8.31279750665029
5ee75133-74ce-4a65-ac22-be263ad8566a,Hauptstraße 52 Marktplatz,2025-07-03 06:00:00+02:00,2.140807112058004
5ee75133-74ce-4a65-ac22-be263ad8566a,Hauptstraße 52 Marktplatz,2025-07-03 07:00:00+02:00,5.19758419195811
5ee75133-74ce-4a65-ac22-be263ad8566a,Hauptstraße 52 Marktplatz,2025-07-03 08:00:00+02:00,2.180380662282308
5ee75133-74ce-4a65-ac22-be263ad8566a,Hauptstraße 52 Marktplatz,2025-07-03 09:00:00+02:00,9.419792493184408
5ee75133-74ce-4a65-ac22-be263ad8566a,Hauptstraße 52 Marktplatz,2025-07-03 10:00:00+02:00,3.9348624547322593
5ee75133-74ce-4a65-ac22-be263ad8566a,Hauptstraße 52 Marktplatz,2025-07-03 11:00:00+02:00,0.9815066655476888
5ee75133-74ce-4a65-ac22-be263ad8566a,Hauptstraße 52 Marktplatz,2025-07-03 12:00:00+02:00,10.58542807896932
5ee75133-74ce-4a65-ac22-be263ad8566a,Hauptstraße 52 Marktplatz,2025-07-03 13:00:00+02:00,3.1386783917744956
5ee75133-74ce-4a65-ac22-be263ad8566a,Hauptstraße 52 Marktplatz,2025-07-03 14:00:00+02:00,2.5828091303507485
5ee75133-74ce-4a65-ac22-be263ad8566a,Hauptstraße 52 Marktplatz,2025-07-03 15:00:00+02:00,5.55533488591512
5ee75133-74ce-4a65-ac22-be263ad8566a,Hauptstraße 52 Marktplatz,2025-07-03 16:00:00+02:00,4.089335044225057
5ee75133-74ce-4a65-ac22-be263ad8566a,Hauptstraße 52 Marktplatz,2025-07-03 17:00:00+02:00,16.2018084526062
5ee75133-74ce-4a65-ac22-be263ad8566a,Hauptstraße 52 Marktplatz,2025-07-03 18:00:00+02:00,3.6526426474253335
5ee75133-74ce-4a65-ac22-be263ad8566a,Hauptstraße 52 Marktplatz,2025-07-03 19:00:00+02:00,7.487846851348877
5ee75133-74ce-4a65-ac22-be263ad8566a,Hauptstraße 52 Marktplatz,2025-07-03 20:00:00+02:00,2.259974638621012
5ee75133-74ce-4a65-ac22-be263ad8566a,Hauptstraße 52 Marktplatz,2025-07-03 21:00:00+02:00,3.636649012565613
5ee75133-74ce-4a65-ac22-be263ad8566a,Hauptstraße 52 Marktplatz,2025-07-03 22:00:00+02:00,1.3711071411768596
5ee75133-74ce-4a65-ac22-be263ad8566a,Hauptstraße 52 Marktplatz,2025-07-03 23:00:00+02:00,8.842428962389628
5ee75133-74ce-4a65-ac22-be263ad8566a,Hauptstraße 52 Marktplatz,2025-07-04 00:00:00+02:00,0.8114537795384725
5ee75133-74ce-4a65-ac22-be263ad8566a,Hauptstraße 52 Marktplatz,2025-07-04 01:00:00+02:00,3.0707950592041
5ee75133-74ce-4a65-ac22-be263ad8566a,Hauptstraße 52 Marktplatz,2025-07-04 02:00:00+02:00,4.8861459493637085
5ee75133-74ce-4a65-ac22-be263ad8566a,Hauptstraße 52 Marktplatz,2025-07-04 03:00:00+02:00,7.343859871228536
5ee75133-74ce-4a65-ac22-be263ad8566a,Hauptstraße 52 Marktplatz,2025-07-04 04:00:00+02:00,5.482904036839803
5ee75133-74ce-4a65-ac22-be263ad8566a,Hauptstraße 52 Marktplatz,2025-07-04 05:00:00+02:00,3.8107914129892984
5ee75133-74ce-4a65-ac22-be263ad8566a,Hauptstraße 52 Marktplatz,2025-07-04 06:00:00+02:00,3.637230634689331
5ee75133-74ce-4a65-ac22-be263ad8566a,Hauptstraße 52 Marktplatz,2025-07-04 07:00:00+02:00,14.34255321820577
5ee75133-74ce-4a65-ac22-be263ad8566a,Hauptstraße 52 Marktplatz,2025-07-04 08:00:00+02:00,13.487871328989664
5ee75133-74ce-4a65-ac22-be263ad8566a,Hauptstraße 52 Marktplatz,2025-07-04 09:00:00+02:00,13.864417632420858
5ee75133-74ce-4a65-ac22-be263ad8566a,Hauptstraße 52 Marktplatz,2025-07-04 10:00:00+02:00,13.493488470713297
5ee75133-74ce-4a65-ac22-be263ad8566a,Hauptstraße 52 Marktplatz,2025-07-04 11:00:00+02:00,26.0662743250529
5ee75133-74ce-4a65-ac22-be263ad8566a,Hauptstraße 52 Marktplatz,2025-07-04 12:00:00+02:00,15.735026836395264
5ee75133-74ce-4a65-ac22-be263ad8566a,Hauptstraße 52 Marktplatz,2025-07-04 13:00:00+02:00,13.127575238545736
5ee75133-74ce-4a65-ac22-be263ad8566a,Hauptstraße 52 Marktplatz,2025-07-04 14:00:00+02:00,8.175223668416342
5ee75133-74ce-4a65-ac22-be263ad8566a,Hauptstraße 52 Marktplatz,2025-07-04 15:00:00+02:00,22.450642426808674
5ee75133-74ce-4a65-ac22-be263ad8566a,Hauptstraße 52 Marktplatz,2025-07-04 16:00:00+02:00,20.7501056989034
5ee75133-74ce-4a65-ac22-be263ad8566a,Hauptstraße 52 Marktplatz,2025-07-04 17:00:00+02:00,24.851440111796062
5ee75133-74ce-4a65-ac22-be263ad8566a,Hauptstraße 52 Marktplatz,2025-07-04 18:00:00+02:00,33.024353663126625
5ee75133-74ce-4a65-ac22-be263ad8566a,Hauptstraße 52 Marktplatz,2025-07-04 19:00:00+02:00,13.481809775034586
5ee75133-74ce-4a65-ac22-be263ad8566a,Hauptstraße 52 Marktplatz,2025-07-04 20:00:00+02:00,21.51913038889567
5ee75133-74ce-4a65-ac22-be263ad8566a,Hauptstraße 52 Marktplatz,2025-07-04 21:00:00+02:00,10.136901696523031
5ee75133-74ce-4a65-ac22-be263ad8566a,Hauptstraße 52 Marktplatz,2025-07-04 22:00:00+02:00,5.500970323880513
5ee75133-74ce-4a65-ac22-be263ad8566a,Hauptstraße 52 Marktplatz,2025-07-04 23:00:00+02:00,6.7002540826797485
5ee75133-74ce-4a65-ac22-be263ad8566a,Hauptstraße 52 Marktplatz,2025-07-05 00:00:00+02:00,23.24737350145976
5ee75133-74ce-4a65-ac22-be263ad8566a,Hauptstraße 52 Marktplatz,2025-07-05 01:00:00+02:00,5.397427956263225
5ee75133-74ce-4a65-ac22-be263ad8566a,Hauptstraße 52 Marktplatz,2025-07-05 02:00:00+02:00,2.5428613821665444
5ee75133-74ce-4a65-ac22-be263ad8566a,Hauptstraße 52 Marktplatz,2025-07-05 03:00:00+02:00,5.079899390538533
5ee75133-74ce-4a65-ac22-be263ad8566a,Hauptstraße 52 Marktplatz,2025-07-05 04:00:00+02:00,5.939624905586243
5ee75133-74ce-4a65-ac22-be263ad8566a,Hauptstraße 52 Marktplatz,2025-07-05 05:00:00+02:00,4.168417612711589
5ee75133-74ce-4a65-ac22-be263ad8566a,Hauptstraße 52 Marktplatz,2025-07-05 06:00:00+02:00,3.9745044708251953
5ee75133-74ce-4a65-ac22-be263ad8566a,Hauptstraße 52 Marktplatz,2025-07-05 07:00:00+02:00,2.806390643119812
5ee75133-74ce-4a65-ac22-be263ad8566a,Hauptstraße 52 Marktplatz,2025-07-05 08:00:00+02:00,2.051763335863749
5ee75133-74ce-4a65-ac22-be263ad8566a,Hauptstraße 52 Marktplatz,2025-07-05 09:00:00+02:00,7.697079698244731
5ee75133-74ce-4a65-ac22-be263ad8566a,Hauptstraße 52 Marktplatz,2025-07-05 10:00:00+02:00,25.611750682195026
5ee75133-74ce-4a65-ac22-be263ad8566a,Hauptstraße 52 Marktplatz,2025-07-05 11:00:00+02:00,11.656450271606445
5ee75133-74ce-4a65-ac22-be263ad8566a,Hauptstraße 52 Marktplatz,2025-07-05 12:00:00+02:00,17.13350248336792
5ee75133-74ce-4a65-ac22-be263ad8566a,Hauptstraße 52 Marktplatz,2025-07-05 13:00:00+02:00,8.938540935516357
5ee75133-74ce-4a65-ac22-be263ad8566a,Hauptstraße 52 Marktplatz,2025-07-05 14:00:00+02:00,15.361029465993246
5ee75133-74ce-4a65-ac22-be263ad8566a,Hauptstraße 52 Marktplatz,2025-07-05 15:00:00+02:00,23.261735598246258
5ee75133-74ce-4a65-ac22-be263ad8566a,Hauptstraße 52 Marktplatz,2025-07-05 16:00:00+02:00,7.131081581115723
5ee75133-74ce-4a65-ac22-be263ad8566a,Hauptstraße 52 Marktplatz,2025-07-05 17:00:00+02:00,18.372728029886883
5ee75133-74ce-4a65-ac22-be263ad8566a,Hauptstraße 52 Marktplatz,2025-07-05 18:00:00+02:00,10.93349027633667
5ee75133-74ce-4a65-ac22-be263ad8566a,Hauptstraße 52 Marktplatz,2025-07-05 19:00:00+02:00,30.06372372309367
5ee75133-74ce-4a65-ac22-be263ad8566a,Hauptstraße 52 Marktplatz,2025-07-05 20:00:00+02:00,8.693197329839071
5ee75133-74ce-4a65-ac22-be263ad8566a,Hauptstraße 52 Marktplatz,2025-07-05 21:00:00+02:00,15.739084482192993
5ee75133-74ce-4a65-ac22-be263ad8566a,Hauptstraße 52 Marktplatz,2025-07-05 22:00:00+02:00,2.498292326927185
5ee75133-74ce-4a65-ac22-be263ad8566a,Hauptstraße 52 Marktplatz,2025-07-05 23:00:00+02:00,2.166743755340576
5ee75133-74ce-4a65-ac22-be263ad8566a,Hauptstraße 52 Marktplatz,2025-07-06 00:00:00+02:00,22.2614529132843
5ee75133-74ce-4a65-ac22-be263ad8566a,Hauptstraße 52 Marktplatz,2025-07-06 01:00:00+02:00,3.330019950866698
5ee75133-74ce-4a65-ac22-be263ad8566a,Hauptstraße 52 Marktplatz,2025-07-06 02:00:00+02:00,3.50494376818339
5ee75133-74ce-4a65-ac22-be263ad8566a,Hauptstraße 52 Marktplatz,2025-07-06 03:00:00+02:00,4.012134869893392
5ee75133-74ce-4a65-ac22-be263ad8566a,Hauptstraße 52 Marktplatz,2025-07-06 04:00:00+02:00,2.6251102288564048
5ee75133-74ce-4a65-ac22-be263ad8566a,Hauptstraße 52 Marktplatz,2025-07-06 05:00:00+02:00,6.503987590471904
5ee75133-74ce-4a65-ac22-be263ad8566a,Hauptstraße 52 Marktplatz,2025-07-06 06:00:00+02:00,4.382620453834534
5ee75133-74ce-4a65-ac22-be263ad8566a,Hauptstraße 52 Marktplatz,2025-07-06 07:00:00+02:00,3.51075279712677
5ee75133-74ce-4a65-ac22-be263ad8566a,Hauptstraße 52 Marktplatz,2025-07-06 08:00:00+02:00,2.5073201656341566
5ee75133-74ce-4a65-ac22-be263ad8566a,Hauptstraße 52 Marktplatz,2025-07-06 09:00:00+02:00,8.08783582846324
5ee75133-74ce-4a65-ac22-be263ad8566a,Hauptstraße 52 Marktplatz,2025-07-06 10:00:00+02:00,11.560623327891031
5ee75133-74ce-4a65-ac22-be263ad8566a,Hauptstraße 52 Marktplatz,2025-07-06 11:00:00+02:00,13.34127958615621
5ee75133-74ce-4a65-ac22-be263ad8566a,Hauptstraße 52 Marktplatz,2025-07-06 12:00:00+02:00,15.980326652526855
5ee75133-74ce-4a65-ac22-be263ad8566a,Hauptstraße 52 Marktplatz,2025-07-06 13:00:00+02:00,16.582332611083984
5ee75133-74ce-4a65-ac22-be263ad8566a,Hauptstraße 52 Marktplatz,2025-07-06 14:00:00+02:00,13.56698497136434
5ee75133-74ce-4a65-ac22-be263ad8566a,Hauptstraße 52 Marktplatz,2025-07-06 15:00:00+02:00,5.943466107050578
5ee75133-74ce-4a65-ac22-be263ad8566a,Hauptstraße 52 Marktplatz,2025-07-06 16:00:00+02:00,10.31321907043457
5ee75133-74ce-4a65-ac22-be263ad8566a,Hauptstraße 52 Marktplatz,2025-07-06 17:00:00+02:00,12.992658774058023
5ee75133-74ce-4a65-ac22-be263ad8566a,Hauptstraße 52 Marktplatz,2025-07-06 18:00:00+02:00,2.544970989227295
5ee75133-74ce-4a65-ac22-be263ad8566a,Hauptstraße 52 Marktplatz,2025-07-06 19:00:00+02:00,5.73259178797404
5ee75133-74ce-4a65-ac22-be263ad8566a,Hauptstraße 52 Marktplatz,2025-07-06 20:00:00+02:00,5.608397006988525
5ee75133-74ce-4a65-ac22-be263ad8566a,Hauptstraße 52 Marktplatz,2025-07-06 21:00:00+02:00,1.6827903588612874
5ee75133-74ce-4a65-ac22-be263ad8566a,Hauptstraße 52 Marktplatz,2025-07-06 22:00:00+02:00,1.81104572614034
5ee75133-74ce-4a65-ac22-be263ad8566a,Hauptstraße 52 Marktplatz,2025-07-06 23:00:00+02:00,4.862655123074849
5ee75133-74ce-4a65-ac22-be263ad8566a,Hauptstraße 52 Marktplatz,2025-07-07 00:00:00+02:00,4.584957679112752
5ee75133-74ce-4a65-ac22-be263ad8566a,Hauptstraße 52 Marktplatz,2025-07-07 01:00:00+02:00,6.524586637814839
5ee75133-74ce-4a65-ac22-be263ad8566a,Hauptstraße 52 Marktplatz,2025-07-07 02:00:00+02:00,1.7052892446517944
5ee75133-74ce-4a65-ac22-be263ad8566a,Hauptstraße 52 Marktplatz,2025-07-07 03:00:00+02:00,3.97286065419515
5ee75133-74ce-4a65-ac22-be263ad8566a,Hauptstraße 52 Marktplatz,2025-07-07 04:00:00+02:00,4.027584155400594
5ee75133-74ce-4a65-ac22-be263ad8566a,Hauptstraße 52 Marktplatz,2025-07-07 05:00:00+02:00,7.917505621910095
5ee75133-74ce-4a65-ac22-be263ad8566a,Hauptstraße 52 Marktplatz,2025-07-07 06:00:00+02:00,4.929270505905151
5ee75133-74ce-4a65-ac22-be263ad8566a,Hauptstraße 52 Marktplatz,2025-07-07 07:00:00+02:00,6.252027630805969
5ee75133-74ce-4a65-ac22-be263ad8566a,Hauptstraße 52 Marktplatz,2025-07-07 08:00:00+02:00,7.748079617818196
5ee75133-74ce-4a65-ac22-be263ad8566a,Hauptstraße 52 Marktplatz,2025-07-07 09:00:00+02:00,3.052418073018392
5ee75133-74ce-4a65-ac22-be263ad8566a,Hauptstraße 52 Marktplatz,2025-07-07 10:00:00+02:00,6.369385004043579
5ee75133-74ce-4a65-ac22-be263ad8566a,Hauptstraße 52 Marktplatz,2025-07-07 11:00:00+02:00,13.212595780690512
5ee75133-74ce-4a65-ac22-be263ad8566a,Hauptstraße 52 Marktplatz,2025-07-07 12:00:00+02:00,15.557047526041666
5ee75133-74ce-4a65-ac22-be263ad8566a,Hauptstraße 52 Marktplatz,2025-07-07 13:00:00+02:00,4.700296878814697
5ee75133-74ce-4a65-ac22-be263ad8566a,Hauptstraße 52 Marktplatz,2025-07-07 14:00:00+02:00,14.06010135014852
5ee75133-74ce-4a65-ac22-be263ad8566a,Hauptstraße 52 Marktplatz,2025-07-07 15:00:00+02:00,4.191312392552693
5ee75133-74ce-4a65-ac22-be263ad8566a,Hauptstraße 52 Marktplatz,2025-07-07 16:00:00+02:00,8.72945793469747
5ee75133-74ce-4a65-ac22-be263ad8566a,Hauptstraße 52 Marktplatz,2025-07-07 17:00:00+02:00,3.188737948735555
5ee75133-74ce-4a65-ac22-be263ad8566a,Hauptstraße 52 Marktplatz,2025-07-07 18:00:00+02:00,13.772039731343588
5ee75133-74ce-4a65-ac22-be263ad8566a,Hauptstraße 52 Marktplatz,2025-07-07 19:00:00+02:00,7.02439280351003
5ee75133-74ce-4a65-ac22-be263ad8566a,Hauptstraße 52 Marktplatz,2025-07-07 20:00:00+02:00,4.2703202565511065
5ee75133-74ce-4a65-ac22-be263ad8566a,Hauptstraße 52 Marktplatz,2025-07-07 21:00:00+02:00,5.416339039802551
5ee75133-74ce-4a65-ac22-be263ad8566a,Hauptstraße 52 Marktplatz,2025-07-07 22:00:00+02:00,1.5216240485509236
5ee75133-74ce-4a65-ac22-be263ad8566a,Hauptstraße 52 Marktplatz,2025-07-07 23:00:00+02:00,6.504645586013794
5ee75133-74ce-4a65-ac22-be263ad8566a,Hauptstraße 52 Marktplatz,2025-07-08 00:00:00+02:00,1.5930970907211304
5ee75133-74ce-4a65-ac22-be263ad8566a,Hauptstraße 52 Marktplatz,2025-07-08 01:00:00+02:00,0.9812709093093872
5ee75133-74ce-4a65-ac22-be263ad8566a,Hauptstraße 52 Marktplatz,2025-07-08 02:00:00+02:00,4.600174466768901
5ee75133-74ce-4a65-ac22-be263ad8566a,Hauptstraße 52 Marktplatz,2025-07-08 03:00:00+02:00,4.12265157699585
5ee75133-74ce-4a65-ac22-be263ad8566a,Hauptstraße 52 Marktplatz,2025-07-08 04:00:00+02:00,4.714832862218221
5ee75133-74ce-4a65-ac22-be263ad8566a,Hauptstraße 52 Marktplatz,2025-07-08 05:00:00+02:00,8.567420959472656
5ee75133-74ce-4a65-ac22-be263ad8566a,Hauptstraße 52 Marktplatz,2025-07-08 06:00:00+02:00,1.9934193293253581
5ee75133-74ce-4a65-ac22-be263ad8566a,Hauptstraße 52 Marktplatz,2025-07-08 07:00:00+02:00,4.586510896682739
5ee75133-74ce-4a65-ac22-be263ad8566a,Hauptstraße 52 Marktplatz,2025-07-08 08:00:00+02:00,3.5225002765655518
5ee75133-74ce-4a65-ac22-be263ad8566a,Hauptstraße 52 Marktplatz,2025-07-08 09:00:00+02:00,11.487306674321493
5ee75133-74ce-4a65-ac22-be263ad8566a,Hauptstraße 52 Marktplatz,2025-07-08 10:00:00+02:00,11.168464342753092
5ee75133-74ce-4a65-ac22-be263ad8566a,Hauptstraße 52 Marktplatz,2025-07-08 11:00:00+02:00,9.398219585418701
5ee75133-74ce-4a65-ac22-be263ad8566a,Hauptstraße 52 Marktplatz,2025-07-08 12:00:00+02:00,1.1109907627105713
5ee75133-74ce-4a65-ac22-be263ad8566a,Hauptstraße 52 Marktplatz,2025-07-08 13:00:00+02:00,3.1813531716664634
5ee75133-74ce-4a65-ac22-be263ad8566a,Hauptstraße 52 Marktplatz,2025-07-08 14:00:00+02:00,1.11575714747111
5ee75133-74ce-4a65-ac22-be263ad8566a,Hauptstraße 52 Marktplatz,2025-07-08 15:00:00+02:00,13.261145114898682
5ee75133-74ce-4a65-ac22-be263ad8566a,Hauptstraße 52 Marktplatz,2025-07-08 16:00:00+02:00,2.602768341700236
5ee75133-74ce-4a65-ac22-be263ad8566a,Hauptstraße 52 Marktplatz,2025-07-08 17:00:00+02:00,3.5189759731292725
5ee75133-74ce-4a65-ac22-be263ad8566a,Hauptstraße 52 Marktplatz,2025-07-08 18:00:00+02:00,10.155940214792887
5ee75133-74ce-4a65-ac22-be263ad8566a,Hauptstraße 52 Marktplatz,2025-07-08 19:00:00+02:00,19.505767901738484
5ee75133-74ce-4a65-ac22-be263ad8566a,Hauptstraße 52 Marktplatz,2025-07-08 20:00:00+02:00,12.235618948936462
5ee75133-74ce-4a65-ac22-be263ad8566a,Hauptstraße 52 Marktplatz,2025-07-08 21:00:00+02:00,11.602606892585754
5ee75133-74ce-4a65-ac22-be263ad8566a,Hauptstraße 52 Marktplatz,2025-07-08 22:00:00+02:00,1.8056191205978394
5ee75133-74ce-4a65-ac22-be263ad8566a,Hauptstraße 52 Marktplatz,2025-07-08 23:00:00+02:00,7.930011868476868
5ee75133-74ce-4a65-ac22-be263ad8566a,Hauptstraße 52 Marktplatz,2025-07-09 00:00:00+02:00,5.362630446751912
5ee75133-74ce-4a65-ac22-be263ad8566a,Hauptstraße 52 Marktplatz,2025-07-09 01:00:00+02:00,2.8772199551264444
5ee75133-74ce-4a65-ac22-be263ad8566a,Hauptstraße 52 Marktplatz,2025-07-09 02:00:00+02:00,4.725630442301433
5ee75133-74ce-4a65-ac22-be263ad8566a,Hauptstraße 52 Marktplatz,2025-07-09 03:00:00+02:00,7.354230086008708
5ee75133-74ce-4a65-ac22-be263ad8566a,Hauptstraße 52 Marktplatz,2025-07-09 04:00:00+02:00,5.909518599510193
5ee75133-74ce-4a65-ac22-be263ad8566a,Hauptstraße 52 Marktplatz,2025-07-09 05:00:00+02:00,7.546229958534241
5ee75133-74ce-4a65-ac22-be263ad8566a,Hauptstraße 52 Marktplatz,2025-07-09 06:00:00+02:00,8.15898323059082
5ee75133-74ce-4a65-ac22-be263ad8566a,Hauptstraße 52 Marktplatz,2025-07-09 07:00:00+02:00,13.665425936381022
5ee75133-74ce-4a65-ac22-be263ad8566a,Hauptstraße 52 Marktplatz,2025-07-09 08:00:00+02:00,3.437795718510946
5ee75133-74ce-4a65-ac22-be263ad8566a,Hauptstraße 52 Marktplatz,2025-07-09 09:00:00+02:00,11.120779752731323
5ee75133-74ce-4a65-ac22-be263ad8566a,Hauptstraße 52 Marktplatz,2025-07-09 10:00:00+02:00,10.889352560043335
5ee75133-74ce-4a65-ac22-be263ad8566a,Hauptstraße 52 Marktplatz,2025-07-09 11:00:00+02:00,7.454646905263265
5ee75133-74ce-4a65-ac22-be263ad8566a,Hauptstraße 52 Marktplatz,2025-07-09 12:00:00+02:00,11.137934048970541
5ee75133-74ce-4a65-ac22-be263ad8566a,Hauptstraße 52 Marktplatz,2025-07-09 13:00:00+02:00,8.550419251124064
5ee75133-74ce-4a65-ac22-be263ad8566a,Hauptstraße 52 Marktplatz,2025-07-09 14:00:00+02:00,5.623783032099406
5ee75133-74ce-4a65-ac22-be263ad8566a,Hauptstraße 52 Marktplatz,2025-07-09 15:00:00+02:00,7.6956063111623125
5ee75133-74ce-4a65-ac22-be263ad8566a,Hauptstraße 52 Marktplatz,2025-07-09 16:00:00+02:00,2.681560675303141
5ee75133-74ce-4a65-ac22-be263ad8566a,Hauptstraße 52 Marktplatz,2025-07-09 17:00:00+02:00,16.655434290568035
5ee75133-74ce-4a65-ac22-be263ad8566a,Hauptstraße 52 Marktplatz,2025-07-09 18:00:00+02:00,24.64500419298808
5ee75133-74ce-4a65-ac22-be263ad8566a,Hauptstraße 52 Marktplatz,2025-07-09 19:00:00+02:00,34.60374530156454
5ee75133-74ce-4a65-ac22-be263ad8566a,Hauptstraße 52 Marktplatz,2025-07-09 20:00:00+02:00,25.522111813227337
5ee75133-74ce-4a65-ac22-be263ad8566a,Hauptstraße 52 Marktplatz,2025-07-09 21:00:00+02:00,1.9184614419937134
5ee75133-74ce-4a65-ac22-be263ad8566a,Hauptstraße 52 Marktplatz,2025-07-09 22:00:00+02:00,4.444496591885884
5ee75133-74ce-4a65-ac22-be263ad8566a,Hauptstraße 52 Marktplatz,2025-07-09 23:00:00+02:00,6.3979869683583575
5ee75133-74ce-4a65-ac22-be263ad8566a,Hauptstraße 52 Marktplatz,2025-07-10 00:00:00+02:00,5.129724462827046
5ee75133-74ce-4a65-ac22-be263ad8566a,Hauptstraße 52 Marktplatz,2025-07-10 01:00:00+02:00,3.4608012437820435
5ee75133-74ce-4a65-ac22-be263ad8566a,Hauptstraße 52 Marktplatz,2025-07-10 02:00:00+02:00,4.292937318483989
5ee75133-74ce-4a65-ac22-be263ad8566a,Hauptstraße 52 Marktplatz,2025-07-10 03:00:00+02:00,6.625737388928731
5ee75133-74ce-4a65-ac22-be263ad8566a,Hauptstraße 52 Marktplatz,2025-07-10 04:00:00+02:00,7.616830786069234
5ee75133-74ce-4a65-ac22-be263ad8566a,Hauptstraße 52 Marktplatz,2025-07-10 05:00:00+02:00,7.487874070803325
5ee75133-74ce-4a65-ac22-be263ad8566a,Hauptstraße 52 Marktplatz,2025-07-10 06:00:00+02:00,2.8087435960769653
5ee75133-74ce-4a65-ac22-be263ad8566a,Hauptstraße 52 Marktplatz,2025-07-10 07:00:00+02:00,6.632793068885803
5ee75133-74ce-4a65-ac22-be263ad8566a,Hauptstraße 52 Marktplatz,2025-07-10 08:00:00+02:00,3.1432281335194907
5ee75133-74ce-4a65-ac22-be263ad8566a,Hauptstraße 52 Marktplatz,2025-07-10 09:00:00+02:00,14.08879574139913
5ee75133-74ce-4a65-ac22-be263ad8566a,Hauptstraße 52 Marktplatz,2025-07-10 10:00:00+02:00,1.6114201545715332
5ee75133-74ce-4a65-ac22-be263ad8566a,Hauptstraße 52 Marktplatz,2025-07-10 11:00:00+02:00,2.936744054158529
5ee75133-74ce-4a65-ac22-be263ad8566a,Hauptstraße 52 Marktplatz,2025-07-10 12:00:00+02:00,1.2384966214497883
5ee75133-74ce-4a65-ac22-be263ad8566a,Hauptstraße 52 Marktplatz,2025-07-10 13:00:00+02:00,1.979131857554118
5ee75133-74ce-4a65-ac22-be263ad8566a,Hauptstraße 52 Marktplatz,2025-07-10 14:00:00+02:00,5.4495283762613935
5ee75133-74ce-4a65-ac22-be263ad8566a,Hauptstraße 52 Marktplatz,2025-07-10 15:00:00+02:00,8.487106164296469
5ee75133-74ce-4a65-ac22-be263ad8566a,Hauptstraße 52 Marktplatz,2025-07-10 16:00:00+02:00,19.19554376602173
5ee75133-74ce-4a65-ac22-be263ad8566a,Hauptstraße 52 Marktplatz,2025-07-10 17:00:00+02:00,9.630081017812094
5ee75133-74ce-4a65-ac22-be263ad8566a,Hauptstraße 52 Marktplatz,2025-07-10 18:00:00+02:00,41.37493912378947
5ee75133-74ce-4a65-ac22-be263ad8566a,Hauptstraße 52 Marktplatz,2025-07-10 19:00:00+02:00,32.5352398554484
5ee75133-74ce-4a65-ac22-be263ad8566a,Hauptstraße 52 Marktplatz,2025-07-10 20:00:00+02:00,26.007684389750164
5ee75133-74ce-4a65-ac22-be263ad8566a,Hauptstraße 52 Marktplatz,2025-07-10 21:00:00+02:00,10.411587238311768
5ee75133-74ce-4a65-ac22-be263ad8566a,Hauptstraße 52 Marktplatz,2025-07-10 22:00:00+02:00,3.500153064727783
5ee75133-74ce-4a65-ac22-be263ad8566a,Hauptstraße 52 Marktplatz,2025-07-10 23:00:00+02:00,7.723169883092244
5ee75133-74ce-4a65-ac22-be263ad8566a,Hauptstraße 52 Marktplatz,2025-07-11 00:00:00+02:00,1.0650395154953003
5ee75133-74ce-4a65-ac22-be263ad8566a,Hauptstraße 52 Marktplatz,2025-07-11 01:00:00+02:00,2.0697603623072305
5ee75133-74ce-4a65-ac22-be263ad8566a,Hauptstraße 52 Marktplatz,2025-07-11 02:00:00+02:00,4.749925454457601
5ee75133-74ce-4a65-ac22-be263ad8566a,Hauptstraße 52 Marktplatz,2025-07-11 03:00:00+02:00,5.975694338480632
5ee75133-74ce-4a65-ac22-be263ad8566a,Hauptstraße 52 Marktplatz,2025-07-11 04:00:00+02:00,7.763296365737915
5ee75133-74ce-4a65-ac22-be263ad8566a,Hauptstraße 52 Marktplatz,2025-07-11 05:00:00+02:00,3.54165248076121
5ee75133-74ce-4a65-ac22-be263ad8566a,Hauptstraße 52 Marktplatz,2025-07-11 06:00:00+02:00,2.778480648994447
5ee75133-74ce-4a65-ac22-be263ad8566a,Hauptstraße 52 Marktplatz,2025-07-11 07:00:00+02:00,2.8172662258148193
5ee75133-74ce-4a65-ac22-be263ad8566a,Hauptstraße 52 Marktplatz,2025-07-11 08:00:00+02:00,8.308961311976114
5ee75133-74ce-4a65-ac22-be263ad8566a,Hauptstraße 52 Marktplatz,2025-07-11 09:00:00+02:00,10.565833648045858
5ee75133-74ce-4a65-ac22-be263ad8566a,Hauptstraße 52 Marktplatz,2025-07-11 10:00:00+02:00,15.669822851816813
5ee75133-74ce-4a65-ac22-be263ad8566a,Hauptstraße 52 Marktplatz,2025-07-11 11:00:00+02:00,26.65821139017741
5ee75133-74ce-4a65-ac22-be263ad8566a,Hauptstraße 52 Marktplatz,2025-07-11 12:00:00+02:00,15.08147128423055
5ee75133-74ce-4a65-ac22-be263ad8566a,Hauptstraße 52 Marktplatz,2025-07-11 13:00:00+02:00,11.977706750233969
5ee75133-74ce-4a65-ac22-be263ad8566a,Hauptstraße 52 Marktplatz,2025-07-11 14:00:00+02:00,7.1227413813273115
5ee75133-74ce-4a65-ac22-be263ad8566a,Hauptstraße 52 Marktplatz,2025-07-11 15:00:00+02:00,23.179110685984295
5ee75133-74ce-4a65-ac22-be263ad8566a,Hauptstraße 52 Marktplatz,2025-07-11 16:00:00+02:00,21.324259757995605
5ee75133-74ce-4a65-ac22-be263ad8566a,Hauptstraße 52 Marktplatz,2025-07-11 17:00:00+02:00,24.209217707316082
5ee75133-74ce-4a65-ac22-be263ad8566a,Hauptstraße 52 Marktplatz,2025-07-11 18:00:00+02:00,32.13506523768107
5ee75133-74ce-4a65-ac22-be263ad8566a,Hauptstraße 52 Marktplatz,2025-07-11 19:00:00+02:00,27.17550841967265
5ee75133-74ce-4a65-ac22-be263ad8566a,Hauptstraße 52 Marktplatz,2025-07-11 20:00:00+02:00,19.83045442899068
5ee75133-74ce-4a65-ac22-be263ad8566a,Hauptstraße 52 Marktplatz,2025-07-11 21:00:00+02:00,8.466013034184774
5ee75133-74ce-4a65-ac22-be263ad8566a,Hauptstraße 52 Marktplatz,2025-07-11 22:00:00+02:00,13.265035072962442
5ee75133-74ce-4a65-ac22-be263ad8566a,Hauptstraße 52 Marktplatz,2025-07-11 23:00:00+02:00,3.499386787414551
5ee75133-74ce-4a65-ac22-be263ad8566a,Hauptstraße 52 Marktplatz,2025-07-12 00:00:00+02:00,22.696090976397198
5ee75133-74ce-4a65-ac22-be263ad8566a,Hauptstraße 52 Marktplatz,2025-07-12 01:00:00+02:00,5.767938574155171
5ee75133-74ce-4a65-ac22-be263ad8566a,Hauptstraße 52 Marktplatz,2025-07-12 02:00:00+02:00,2.762171228726705
5ee75133-74ce-4a65-ac22-be263ad8566a,Hauptstraße 52 Marktplatz,2025-07-12 03:00:00+02:00,5.187858025232951
5ee75133-74ce-4a65-ac22-be263ad8566a,Hauptstraße 52 Marktplatz,2025-07-12 04:00:00+02:00,5.954551498095195
5ee75133-74ce-4a65-ac22-be263ad8566a,Hauptstraße 52 Marktplatz,2025-07-12 05:00:00+02:00,4.0748588641484575
5ee75133-74ce-4a65-ac22-be263ad8566a,Hauptstraße 52 Marktplatz,2025-07-12 06:00:00+02:00,3.709380586942037
5ee75133-74ce-4a65-ac22-be263ad8566a,Hauptstraße 52 Marktplatz,2025-07-12 07:00:00+02:00,2.4470285971959433
5ee75133-74ce-4a65-ac22-be263ad8566a,Hauptstraße 52 Marktplatz,2025-07-12 08:00:00+02:00,3.6031226317087808
5ee75133-74ce-4a65-ac22-be263ad8566a,Hauptstraße 52 Marktplatz,2025-07-12 09:00:00+02:00,9.339001456896463
5ee75133-74ce-4a65-ac22-be263ad8566a,Hauptstraße 52 Marktplatz,2025-07-12 10:00:00+02:00,23.056416670481365
5ee75133-74ce-4a65-ac22-be263ad8566a,Hauptstraße 52 Marktplatz,2025-07-12 11:00:00+02:00,7.811068693796794
5ee75133-74ce-4a65-ac22-be263ad8566a,Hauptstraße 52 Marktplatz,2025-07-12 12:00:00+02:00,10.135655244191488
5ee75133-74ce-4a65-ac22-be263ad8566a,Hauptstraße 52 Marktplatz,2025-07-12 13:00:00+02:00,30.786654949188232
5ee75133-74ce-4a65-ac22-be263ad8566a,Hauptstraße 52 Marktplatz,2025-07-12 14:00:00+02:00,20.055170853932697
5ee75133-74ce-4a65-ac22-be263ad8566a,Hauptstraße 52 Marktplatz,2025-07-12 15:00:00+02:00,16.789894739786785
5ee75133-74ce-4a65-ac22-be263ad8566a,Hauptstraße 52 Marktplatz,2025-07-12 16:00:00+02:00,8.261157512664795
5ee75133-74ce-4a65-ac22-be263ad8566a,Hauptstraße 52 Marktplatz,2025-07-12 17:00:00+02:00,17.196302890777588
5ee75133-74ce-4a65-ac22-be263ad8566a,Hauptstraße 52 Marktplatz,2025-07-12 18:00:00+02:00,21.853079160054524
5ee75133-74ce-4a65-ac22-be263ad8566a,Hauptstraße 52 Marktplatz,2025-07-12 19:00:00+02:00,20.032122532526653
5ee75133-74ce-4a65-ac22-be263ad8566a,Hauptstraße 52 Marktplatz,2025-07-12 20:00:00+02:00,3.7492841879526773
5ee75133-74ce-4a65-ac22-be263ad8566a,Hauptstraße 52 Marktplatz,2025-07-12 21:00:00+02:00,14.861727674802145
5ee75133-74ce-4a65-ac22-be263ad8566a,Hauptstraße 52 Marktplatz,2025-07-12 22:00:00+02:00,6.7930967807769775
5ee75133-74ce-4a65-ac22-be263ad8566a,Hauptstraße 52 Marktplatz,2025-07-12 23:00:00+02:00,5.358566840489705
5ee75133-74ce-4a65-ac22-be263ad8566a,Hauptstraße 52 Marktplatz,2025-07-13 00:00:00+02:00,22.169678807258606
5ee75133-74ce-4a65-ac22-be263ad8566a,Hauptstraße 52 Marktplatz,2025-07-13 01:00:00+02:00,5.118729670842488
5ee75133-74ce-4a65-ac22-be263ad8566a,Hauptstraße 52 Marktplatz,2025-07-13 02:00:00+02:00,2.0046414136886597
5ee75133-74ce-4a65-ac22-be263ad8566a,Hauptstraße 52 Marktplatz,2025-07-13 03:00:00+02:00,3.807114725527556
5ee75133-74ce-4a65-ac22-be263ad8566a,Hauptstraße 52 Marktplatz,2025-07-13 04:00:00+02:00,2.5124661272222344
5ee75133-74ce-4a65-ac22-be263ad8566a,Hauptstraße 52 Marktplatz,2025-07-13 05:00:00+02:00,5.303113755725679
5ee75133-74ce-4a65-ac22-be263ad8566a,Hauptstraße 52 Marktplatz,2025-07-13 06:00:00+02:00,4.155352973937989
5ee75133-74ce-4a65-ac22-be263ad8566a,Hauptstraße 52 Marktplatz,2025-07-13 07:00:00+02:00,3.256327227542275
5ee75133-74ce-4a65-ac22-be263ad8566a,Hauptstraße 52 Marktplatz,2025-07-13 08:00:00+02:00,2.1023741828070763
5ee75133-74ce-4a65-ac22-be263ad8566a,Hauptstraße 52 Marktplatz,2025-07-13 09:00:00+02:00,7.986121906953701
5ee75133-74ce-4a65-ac22-be263ad8566a,Hauptstraße 52 Marktplatz,2025-07-13 10:00:00+02:00,11.565489411354065
5ee75133-74ce-4a65-ac22-be263ad8566a,Hauptstraße 52 Marktplatz,2025-07-13 11:00:00+02:00,13.746350860595703
5ee75133-74ce-4a65-ac22-be263ad8566a,Hauptstraße 52 Marktplatz,2025-07-13 12:00:00+02:00,17.062336240495956
5ee75133-74ce-4a65-ac22-be263ad8566a,Hauptstraße 52 Marktplatz,2025-07-13 13:00:00+02:00,18.03188705444336
5ee75133-74ce-4a65-ac22-be263ad8566a,Hauptstraße 52 Marktplatz,2025-07-13 14:00:00+02:00,14.98049545288086
5ee75133-74ce-4a65-ac22-be263ad8566a,Hauptstraße 52 Marktplatz,2025-07-13 15:00:00+02:00,6.416204279119318
5ee75133-74ce-4a65-ac22-be263ad8566a,Hauptstraße 52 Marktplatz,2025-07-13 16:00:00+02:00,10.843778800964355
5ee75133-74ce-4a65-ac22-be263ad8566a,Hauptstraße 52 Marktplatz,2025-07-13 17:00:00+02:00,12.71707492404514
5ee75133-74ce-4a65-ac22-be263ad8566a,Hauptstraße 52 Marktplatz,2025-07-13 18:00:00+02:00,2.329317092895508
5ee75133-74ce-4a65-ac22-be263ad8566a,Hauptstraße 52 Marktplatz,2025-07-13 19:00:00+02:00,4.3970858710152765
5ee75133-74ce-4a65-ac22-be263ad8566a,Hauptstraße 52 Marktplatz,2025-07-13 20:00:00+02:00,7.178197860717773
5ee75133-74ce-4a65-ac22-be263ad8566a,Hauptstraße 52 Marktplatz,2025-07-13 21:00:00+02:00,1.5616935729980468
5ee75133-74ce-4a65-ac22-be263ad8566a,Hauptstraße 52 Marktplatz,2025-07-13 22:00:00+02:00,1.9745326042175293
5ee75133-74ce-4a65-ac22-be263ad8566a,Hauptstraße 52 Marktplatz,2025-07-13 23:00:00+02:00,2.587498346964518
5ee75133-74ce-4a65-ac22-be263ad8566a,Hauptstraße 52 Marktplatz,2025-07-14 00:00:00+02:00,3.456277847290039
5ee75133-74ce-4a65-ac22-be263ad8566a,Hauptstraße 52 Marktplatz,2025-07-14 01:00:00+02:00,7.7000579833984375
7d06c31f-aa88-4c5b-8280-565243350ad8,Reinhardstraße 19,2025-06-30 03:00:00+02:00,4.384380340576172
7d06c31f-aa88-4c5b-8280-565243350ad8,Reinhardstraße 19,2025-06-30 04:00:00+02:00,3.722867012023926
7d06c31f-aa88-4c5b-8280-565243350ad8,Reinhardstraße 19,2025-06-30 05:00:00+02:00,5.473735809326172
7d06c31f-aa88-4c5b-8280-565243350ad8,Reinhardstraße 19,2025-06-30 06:00:00+02:00,3.040639877319336
7d06c31f-aa88-4c5b-8280-565243350ad8,Reinhardstraße 19,2025-06-30 07:00:00+02:00,4.251971054077148
7d06c31f-aa88-4c5b-8280-565243350ad8,Reinhardstraße 19,2025-06-30 08:00:00+02:00,9.534610430399576
7d06c31f-aa88-4c5b-8280-565243350ad8,Reinhardstraße 19,2025-06-30 09:00:00+02:00,18.705904824393137
7d06c31f-aa88-4c5b-8280-565243350ad8,Reinhardstraße 19,2025-06-30 10:00:00+02:00,4.5847978591918945
7d06c31f-aa88-4c5b-8280-565243350ad8,Reinhardstraße 19,2025-06-30 11:00:00+02:00,27.202345106336807
7d06c31f-aa88-4c5b-8280-565243350ad8,Reinhardstraße 19,2025-06-30 12:00:00+02:00,26.671299743652344
7d06c31f-aa88-4c5b-8280-565243350ad8,Reinhardstraße 19,2025-06-30 13:00:00+02:00,16.444226351651277
7d06c31f-aa88-4c5b-8280-565243350ad8,Reinhardstraße 19,2025-06-30 14:00:00+02:00,2.396206537882487
7d06c31f-aa88-4c5b-8280-565243350ad8,Reinhardstraße 19,2025-06-30 15:00:00+02:00,28.14156018770658
7d06c31f-aa88-4c5b-8280-565243350ad8,Reinhardstraße 19,2025-06-30 16:00:00+02:00,4.6009063720703125
7d06c31f-aa88-4c5b-8280-565243350ad8,Reinhardstraße 19,2025-06-30 17:00:00+02:00,3.9938896179199217
7d06c31f-aa88-4c5b-8280-565243350ad8,Reinhardstraße 19,2025-06-30 18:00:00+02:00,2.6377108097076416
7d06c31f-aa88-4c5b-8280-565243350ad8,Reinhardstraße 19,2025-06-30 19:00:00+02:00,10.966435264138614
7d06c31f-aa88-4c5b-8280-565243350ad8,Reinhardstraße 19,2025-06-30 20:00:00+02:00,3.605312877231174
7d06c31f-aa88-4c5b-8280-565243350ad8,Reinhardstraße 19,2025-06-30 21:00:00+02:00,3.1279517725894324
7d06c31f-aa88-4c5b-8280-565243350ad8,Reinhardstraße 19,2025-06-30 22:00:00+02:00,2.6673462867736815
7d06c31f-aa88-4c5b-8280-565243350ad8,Reinhardstraße 19,2025-06-30 23:00:00+02:00,9.998107637677874
7d06c31f-aa88-4c5b-8280-565243350ad8,Reinhardstraße 19,2025-07-01 00:00:00+02:00,7.5492564114657315
7d06c31f-aa88-4c5b-8280-565243350ad8,Reinhardstraße 19,2025-07-01 01:00:00+02:00,2.3972990616508154
7d06c31f-aa88-4c5b-8280-565243350ad8,Reinhardstraße 19,2025-07-01 02:00:00+02:00,1.5677479108174641
7d06c31f-aa88-4c5b-8280-565243350ad8,Reinhardstraße 19,2025-07-01 03:00:00+02:00,3.343569755554199
7d06c31f-aa88-4c5b-8280-565243350ad8,Reinhardstraße 19,2025-07-01 04:00:00+02:00,6.288684368133545
7d06c31f-aa88-4c5b-8280-565243350ad8,Reinhardstraße 19,2025-07-01 05:00:00+02:00,13.548617919286093
7d06c31f-aa88-4c5b-8280-565243350ad8,Reinhardstraße 19,2025-07-01 06:00:00+02:00,9.903552055358887
7d06c31f-aa88-4c5b-8280-565243350ad8,Reinhardstraße 19,2025-07-01 07:00:00+02:00,4.5842024485270185
7d06c31f-aa88-4c5b-8280-565243350ad8,Reinhardstraße 19,2025-07-01 08:00:00+02:00,4.738227208455403
7d06c31f-aa88-4c5b-8280-565243350ad8,Reinhardstraße 19,2025-07-01 09:00:00+02:00,12.558268864949545
7d06c31f-aa88-4c5b-8280-565243350ad8,Reinhardstraße 19,2025-07-01 10:00:00+02:00,18.619903405507404
7d06c31f-aa88-4c5b-8280-565243350ad8,Reinhardstraße 19,2025-07-01 11:00:00+02:00,2.2144320805867515
7d06c31f-aa88-4c5b-8280-565243350ad8,Reinhardstraße 19,2025-07-01 12:00:00+02:00,10.28948942820231
7d06c31f-aa88-4c5b-8280-565243350ad8,Reinhardstraße 19,2025-07-01 13:00:00+02:00,7.298489888509114
7d06c31f-aa88-4c5b-8280-565243350ad8,Reinhardstraße 19,2025-07-01 14:00:00+02:00,6.232011953989665
7d06c31f-aa88-4c5b-8280-565243350ad8,Reinhardstraße 19,2025-07-01 15:00:00+02:00,12.778645674387613
7d06c31f-aa88-4c5b-8280-565243350ad8,Reinhardstraße 19,2025-07-01 16:00:00+02:00,9.883263746897379
7d06c31f-aa88-4c5b-8280-565243350ad8,Reinhardstraße 19,2025-07-01 17:00:00+02:00,27.73702907562256
7d06c31f-aa88-4c5b-8280-565243350ad8,Reinhardstraße 19,2025-07-01 18:00:00+02:00,38.40916522343954
7d06c31f-aa88-4c5b-8280-565243350ad8,Reinhardstraße 19,2025-07-01 19:00:00+02:00,13.812092304229736
7d06c31f-aa88-4c5b-8280-565243350ad8,Reinhardstraße 19,2025-07-01 20:00:00+02:00,2.1692301432291665
7d06c31f-aa88-4c5b-8280-565243350ad8,Reinhardstraße 19,2025-07-01 21:00:00+02:00,11.23536197344462
7d06c31f-aa88-4c5b-8280-565243350ad8,Reinhardstraße 19,2025-07-01 22:00:00+02:00,5.284329096476237
7d06c31f-aa88-4c5b-8280-565243350ad8,Reinhardstraße 19,2025-07-01 23:00:00+02:00,1.8018611272176106
7d06c31f-aa88-4c5b-8280-565243350ad8,Reinhardstraße 19,2025-07-02 00:00:00+02:00,8.471949100494385
7d06c31f-aa88-4c5b-8280-565243350ad8,Reinhardstraße 19,2025-07-02 01:00:00+02:00,2.6681911945343018
7d06c31f-aa88-4c5b-8280-565243350ad8,Reinhardstraße 19,2025-07-02 02:00:00+02:00,2.709432284037272
7d06c31f-aa88-4c5b-8280-565243350ad8,Reinhardstraße 19,2025-07-02 03:00:00+02:00,4.7979302406311035
7d06c31f-aa88-4c5b-8280-565243350ad8,Reinhardstraße 19,2025-07-02 04:00:00+02:00,7.755032857259114
7d06c31f-aa88-4c5b-8280-565243350ad8,Reinhardstraße 19,2025-07-02 05:00:00+02:00,15.502131621042887
7d06c31f-aa88-4c5b-8280-565243350ad8,Reinhardstraße 19,2025-07-02 06:00:00+02:00,11.799673954645792
7d06c31f-aa88-4c5b-8280-565243350ad8,Reinhardstraße 19,2025-07-02 07:00:00+02:00,4.9853354295094805
7d06c31f-aa88-4c5b-8280-565243350ad8,Reinhardstraße 19,2025-07-02 08:00:00+02:00,5.9554368654886884
7d06c31f-aa88-4c5b-8280-565243350ad8,Reinhardstraße 19,2025-07-02 09:00:00+02:00,3.683201789855957
7d06c31f-aa88-4c5b-8280-565243350ad8,Reinhardstraße 19,2025-07-02 10:00:00+02:00,4.812454541524251
7d06c31f-aa88-4c5b-8280-565243350ad8,Reinhardstraße 19,2025-07-02 11:00:00+02:00,19.343938032786053
7d06c31f-aa88-4c5b-8280-565243350ad8,Reinhardstraße 19,2025-07-02 12:00:00+02:00,1.300248146057129
7d06c31f-aa88-4c5b-8280-565243350ad8,Reinhardstraße 19,2025-07-02 13:00:00+02:00,1.9780103365580242
7d06c31f-aa88-4c5b-8280-565243350ad8,Reinhardstraße 19,2025-07-02 14:00:00+02:00,14.386096795399984
7d06c31f-aa88-4c5b-8280-565243350ad8,Reinhardstraße 19,2025-07-02 15:00:00+02:00,12.200703938802084
7d06c31f-aa88-4c5b-8280-565243350ad8,Reinhardstraße 19,2025-07-02 16:00:00+02:00,2.4122961362202964
7d06c31f-aa88-4c5b-8280-565243350ad8,Reinhardstraße 19,2025-07-02 17:00:00+02:00,11.481405258178711
7d06c31f-aa88-4c5b-8280-565243350ad8,Reinhardstraße 19,2025-07-02 18:00:00+02:00,7.0488840738932295
7d06c31f-aa88-4c5b-8280-565243350ad8,Reinhardstraße 19,2025-07-02 19:00:00+02:00,2.2439446449279785
7d06c31f-aa88-4c5b-8280-565243350ad8,Reinhardstraße 19,2025-07-02 20:00:00+02:00,2.663128217061361
7d06c31f-aa88-4c5b-8280-565243350ad8,Reinhardstraße 19,2025-07-02 21:00:00+02:00,15.690149386723837
7d06c31f-aa88-4c5b-8280-565243350ad8,Reinhardstraße 19,2025-07-02 22:00:00+02:00,1.773360808690389
7d06c31f-aa88-4c5b-8280-565243350ad8,Reinhardstraße 19,2025-07-02 23:00:00+02:00,7.912523905436198
7d06c31f-aa88-4c5b-8280-565243350ad8,Reinhardstraße 19,2025-07-03 00:00:00+02:00,7.208644628524784
7d06c31f-aa88-4c5b-8280-565243350ad8,Reinhardstraße 19,2025-07-03 01:00:00+02:00,7.403660217920939
7d06c31f-aa88-4c5b-8280-565243350ad8,Reinhardstraße 19,2025-07-03 02:00:00+02:00,8.415832678476969
7d06c31f-aa88-4c5b-8280-565243350ad8,Reinhardstraße 19,2025-07-03 03:00:00+02:00,10.360305786132812
7d06c31f-aa88-4c5b-8280-565243350ad8,Reinhardstraße 19,2025-07-03 04:00:00+02:00,10.562977234522501
7d06c31f-aa88-4c5b-8280-565243350ad8,Reinhardstraße 19,2025-07-03 05:00:00+02:00,12.397738138834635
7d06c31f-aa88-4c5b-8280-565243350ad8,Reinhardstraße 19,2025-07-03 06:00:00+02:00,9.083537419637045
7d06c31f-aa88-4c5b-8280-565243350ad8,Reinhardstraße 19,2025-07-03 07:00:00+02:00,4.619805494944255
7d06c31f-aa88-4c5b-8280-565243350ad8,Reinhardstraße 19,2025-07-03 08:00:00+02:00,5.051155249277751
7d06c31f-aa88-4c5b-8280-565243350ad8,Reinhardstraße 19,2025-07-03 09:00:00+02:00,9.525903383890787
7d06c31f-aa88-4c5b-8280-565243350ad8,Reinhardstraße 19,2025-07-03 10:00:00+02:00,2.240997632344564
7d06c31f-aa88-4c5b-8280-565243350ad8,Reinhardstraße 19,2025-07-03 11:00:00+02:00,9.007554054260254
7d06c31f-aa88-4c5b-8280-565243350ad8,Reinhardstraße 19,2025-07-03 12:00:00+02:00,22.89316527048747
7d06c31f-aa88-4c5b-8280-565243350ad8,Reinhardstraße 19,2025-07-03 13:00:00+02:00,1.8662155469258626
7d06c31f-aa88-4c5b-8280-565243350ad8,Reinhardstraße 19,2025-07-03 14:00:00+02:00,1.623968283335368
7d06c31f-aa88-4c5b-8280-565243350ad8,Reinhardstraße 19,2025-07-03 15:00:00+02:00,14.561319986979166
7d06c31f-aa88-4c5b-8280-565243350ad8,Reinhardstraße 19,2025-07-03 16:00:00+02:00,24.118393262227375
7d06c31f-aa88-4c5b-8280-565243350ad8,Reinhardstraße 19,2025-07-03 17:00:00+02:00,13.90370480219523
7d06c31f-aa88-4c5b-8280-565243350ad8,Reinhardstraße 19,2025-07-03 18:00:00+02:00,29.584240436553955
7d06c31f-aa88-4c5b-8280-565243350ad8,Reinhardstraße 19,2025-07-03 19:00:00+02:00,3.574053923288981
7d06c31f-aa88-4c5b-8280-565243350ad8,Reinhardstraße 19,2025-07-03 20:00:00+02:00,6.103180567423503
7d06c31f-aa88-4c5b-8280-565243350ad8,Reinhardstraße 19,2025-07-03 21:00:00+02:00,2.67620841662089
7d06c31f-aa88-4c5b-8280-565243350ad8,Reinhardstraße 19,2025-07-03 22:00:00+02:00,4.7303200562795
7d06c31f-aa88-4c5b-8280-565243350ad8,Reinhardstraße 19,2025-07-03 23:00:00+02:00,10.148566643397018
7d06c31f-aa88-4c5b-8280-565243350ad8,Reinhardstraße 19,2025-07-04 00:00:00+02:00,7.048343340555827
7d06c31f-aa88-4c5b-8280-565243350ad8,Reinhardstraße 19,2025-07-04 01:00:00+02:00,4.879365046819051
7d06c31f-aa88-4c5b-8280-565243350ad8,Reinhardstraße 19,2025-07-04 02:00:00+02:00,3.1220056215922036
7d06c31f-aa88-4c5b-8280-565243350ad8,Reinhardstraße 19,2025-07-04 03:00:00+02:00,7.009827375411987
7d06c31f-aa88-4c5b-8280-565243350ad8,Reinhardstraße 19,2025-07-04 04:00:00+02:00,11.053524573644003
7d06c31f-aa88-4c5b-8280-565243350ad8,Reinhardstraße 19,2025-07-04 05:00:00+02:00,8.753039042154947
7d06c31f-aa88-4c5b-8280-565243350ad8,Reinhardstraße 19,2025-07-04 06:00:00+02:00,10.599914312362671
7d06c31f-aa88-4c5b-8280-565243350ad8,Reinhardstraße 19,2025-07-04 07:00:00+02:00,8.621778011322021
7d06c31f-aa88-4c5b-8280-565243350ad8,Reinhardstraße 19,2025-07-04 08:00:00+02:00,8.337403933207193
7d06c31f-aa88-4c5b-8280-565243350ad8,Reinhardstraße 19,2025-07-04 09:00:00+02:00,13.423758029937744
7d06c31f-aa88-4c5b-8280-565243350ad8,Reinhardstraße 19,2025-07-04 10:00:00+02:00,55.589213848114014
7d06c31f-aa88-4c5b-8280-565243350ad8,Reinhardstraße 19,2025-07-04 11:00:00+02:00,2.9078054428100586
7d06c31f-aa88-4c5b-8280-565243350ad8,Reinhardstraße 19,2025-07-04 12:00:00+02:00,28.966552734375
7d06c31f-aa88-4c5b-8280-565243350ad8,Reinhardstraße 19,2025-07-04 13:00:00+02:00,3.006477197011312
7d06c31f-aa88-4c5b-8280-565243350ad8,Reinhardstraße 19,2025-07-04 14:00:00+02:00,7.346991062164307
7d06c31f-aa88-4c5b-8280-565243350ad8,Reinhardstraße 19,2025-07-04 15:00:00+02:00,33.66652981440226
7d06c31f-aa88-4c5b-8280-565243350ad8,Reinhardstraße 19,2025-07-04 16:00:00+02:00,23.85311985015869
7d06c31f-aa88-4c5b-8280-565243350ad8,Reinhardstraße 19,2025-07-04 17:00:00+02:00,36.21994082132975
7d06c31f-aa88-4c5b-8280-565243350ad8,Reinhardstraße 19,2025-07-04 18:00:00+02:00,22.7990296681722
7d06c31f-aa88-4c5b-8280-565243350ad8,Reinhardstraße 19,2025-07-04 19:00:00+02:00,4.119552930196126
7d06c31f-aa88-4c5b-8280-565243350ad8,Reinhardstraße 19,2025-07-04 20:00:00+02:00,9.031285365422567
7d06c31f-aa88-4c5b-8280-565243350ad8,Reinhardstraße 19,2025-07-04 21:00:00+02:00,11.39202880859375
7d06c31f-aa88-4c5b-8280-565243350ad8,Reinhardstraße 19,2025-07-04 22:00:00+02:00,3.2061425844828286
7d06c31f-aa88-4c5b-8280-565243350ad8,Reinhardstraße 19,2025-07-04 23:00:00+02:00,11.200562874476114
7d06c31f-aa88-4c5b-8280-565243350ad8,Reinhardstraße 19,2025-07-05 00:00:00+02:00,13.366093397140503
7d06c31f-aa88-4c5b-8280-565243350ad8,Reinhardstraße 19,2025-07-05 01:00:00+02:00,1.8899590174357097
7d06c31f-aa88-4c5b-8280-565243350ad8,Reinhardstraße 19,2025-07-05 02:00:00+02:00,2.8983707427978516
7d06c31f-aa88-4c5b-8280-565243350ad8,Reinhardstraße 19,2025-07-05 03:00:00+02:00,2.4350677331288657
7d06c31f-aa88-4c5b-8280-565243350ad8,Reinhardstraße 19,2025-07-05 04:00:00+02:00,8.426866372426352
7d06c31f-aa88-4c5b-8280-565243350ad8,Reinhardstraße 19,2025-07-05 05:00:00+02:00,7.290881395339966
7d06c31f-aa88-4c5b-8280-565243350ad8,Reinhardstraße 19,2025-07-05 06:00:00+02:00,4.734230915705363
7d06c31f-aa88-4c5b-8280-565243350ad8,Reinhardstraße 19,2025-07-05 07:00:00+02:00,8.108416001001993
7d06c31f-aa88-4c5b-8280-565243350ad8,Reinhardstraße 19,2025-07-05 08:00:00+02:00,3.4292379220326743
7d06c31f-aa88-4c5b-8280-565243350ad8,Reinhardstraße 19,2025-07-05 09:00:00+02:00,3.99506147702535
7d06c31f-aa88-4c5b-8280-565243350ad8,Reinhardstraße 19,2025-07-05 10:00:00+02:00,48.260612646738686
7d06c31f-aa88-4c5b-8280-565243350ad8,Reinhardstraße 19,2025-07-05 11:00:00+02:00,10.713314692179361
7d06c31f-aa88-4c5b-8280-565243350ad8,Reinhardstraße 19,2025-07-05 12:00:00+02:00,41.63098430633545
7d06c31f-aa88-4c5b-8280-565243350ad8,Reinhardstraße 19,2025-07-05 13:00:00+02:00,5.15830930074056
7d06c31f-aa88-4c5b-8280-565243350ad8,Reinhardstraße 19,2025-07-05 14:00:00+02:00,15.118594487508139
7d06c31f-aa88-4c5b-8280-565243350ad8,Reinhardstraße 19,2025-07-05 15:00:00+02:00,6.804591814676921
7d06c31f-aa88-4c5b-8280-565243350ad8,Reinhardstraße 19,2025-07-05 16:00:00+02:00,10.533682505289713
7d06c31f-aa88-4c5b-8280-565243350ad8,Reinhardstraße 19,2025-07-05 17:00:00+02:00,18.143082936604817
7d06c31f-aa88-4c5b-8280-565243350ad8,Reinhardstraße 19,2025-07-05 18:00:00+02:00,6.359684149424235
7d06c31f-aa88-4c5b-8280-565243350ad8,Reinhardstraße 19,2025-07-05 19:00:00+02:00,11.554195404052734
7d06c31f-aa88-4c5b-8280-565243350ad8,Reinhardstraße 19,2025-07-05 20:00:00+02:00,4.565712849299113
7d06c31f-aa88-4c5b-8280-565243350ad8,Reinhardstraße 19,2025-07-05 21:00:00+02:00,9.277968088785807
7d06c31f-aa88-4c5b-8280-565243350ad8,Reinhardstraße 19,2025-07-05 22:00:00+02:00,3.2914559046427407
7d06c31f-aa88-4c5b-8280-565243350ad8,Reinhardstraße 19,2025-07-05 23:00:00+02:00,11.443038702011108
7d06c31f-aa88-4c5b-8280-565243350ad8,Reinhardstraße 19,2025-07-06 00:00:00+02:00,24.106857617696125
7d06c31f-aa88-4c5b-8280-565243350ad8,Reinhardstraße 19,2025-07-06 01:00:00+02:00,5.518531163533528
7d06c31f-aa88-4c5b-8280-565243350ad8,Reinhardstraße 19,2025-07-06 02:00:00+02:00,4.720657587051392
7d06c31f-aa88-4c5b-8280-565243350ad8,Reinhardstraße 19,2025-07-06 03:00:00+02:00,7.151456753412883
7d06c31f-aa88-4c5b-8280-565243350ad8,Reinhardstraße 19,2025-07-06 04:00:00+02:00,4.847200234731038
7d06c31f-aa88-4c5b-8280-565243350ad8,Reinhardstraße 19,2025-07-06 05:00:00+02:00,7.969125032424927
7d06c31f-aa88-4c5b-8280-565243350ad8,Reinhardstraße 19,2025-07-06 06:00:00+02:00,6.2580344676971436
7d06c31f-aa88-4c5b-8280-565243350ad8,Reinhardstraße 19,2025-07-06 07:00:00+02:00,6.633393923441569
7d06c31f-aa88-4c5b-8280-565243350ad8,Reinhardstraße 19,2025-07-06 08:00:00+02:00,9.974032878875732
7d06c31f-aa88-4c5b-8280-565243350ad8,Reinhardstraße 19,2025-07-06 09:00:00+02:00,7.286374092102051
7d06c31f-aa88-4c5b-8280-565243350ad8,Reinhardstraße 19,2025-07-06 10:00:00+02:00,26.537916660308838
7d06c31f-aa88-4c5b-8280-565243350ad8,Reinhardstraße 19,2025-07-06 11:00:00+02:00,16.535279591878254
7d06c31f-aa88-4c5b-8280-565243350ad8,Reinhardstraße 19,2025-07-06 12:00:00+02:00,26.515674273173016
7d06c31f-aa88-4c5b-8280-565243350ad8,Reinhardstraße 19,2025-07-06 13:00:00+02:00,7.14774227142334
7d06c31f-aa88-4c5b-8280-565243350ad8,Reinhardstraße 19,2025-07-06 14:00:00+02:00,7.343562761942546
7d06c31f-aa88-4c5b-8280-565243350ad8,Reinhardstraße 19,2025-07-06 15:00:00+02:00,6.070480028788249
7d06c31f-aa88-4c5b-8280-565243350ad8,Reinhardstraße 19,2025-07-06 16:00:00+02:00,26.29994281133016
7d06c31f-aa88-4c5b-8280-565243350ad8,Reinhardstraße 19,2025-07-06 17:00:00+02:00,12.710549910863241
7d06c31f-aa88-4c5b-8280-565243350ad8,Reinhardstraße 19,2025-07-06 18:00:00+02:00,13.055763403574625
7d06c31f-aa88-4c5b-8280-565243350ad8,Reinhardstraße 19,2025-07-06 19:00:00+02:00,2.8488786220550537
7d06c31f-aa88-4c5b-8280-565243350ad8,Reinhardstraße 19,2025-07-06 20:00:00+02:00,13.656556526819864
7d06c31f-aa88-4c5b-8280-565243350ad8,Reinhardstraße 19,2025-07-06 21:00:00+02:00,5.798132658004761
7d06c31f-aa88-4c5b-8280-565243350ad8,Reinhardstraße 19,2025-07-06 22:00:00+02:00,2.5959366162618003
7d06c31f-aa88-4c5b-8280-565243350ad8,Reinhardstraße 19,2025-07-06 23:00:00+02:00,4.255452076594038
7d06c31f-aa88-4c5b-8280-565243350ad8,Reinhardstraße 19,2025-07-07 00:00:00+02:00,4.825032154719035
7d06c31f-aa88-4c5b-8280-565243350ad8,Reinhardstraße 19,2025-07-07 01:00:00+02:00,7.41437300046285
7d06c31f-aa88-4c5b-8280-565243350ad8,Reinhardstraße 19,2025-07-07 02:00:00+02:00,2.2893900076548257
7d06c31f-aa88-4c5b-8280-565243350ad8,Reinhardstraße 19,2025-07-07 03:00:00+02:00,5.091533819834392
7d06c31f-aa88-4c5b-8280-565243350ad8,Reinhardstraße 19,2025-07-07 04:00:00+02:00,3.764608303705851
7d06c31f-aa88-4c5b-8280-565243350ad8,Reinhardstraße 19,2025-07-07 05:00:00+02:00,3.937826077143351
7d06c31f-aa88-4c5b-8280-565243350ad8,Reinhardstraße 19,2025-07-07 06:00:00+02:00,7.033416986465454
7d06c31f-aa88-4c5b-8280-565243350ad8,Reinhardstraße 19,2025-07-07 07:00:00+02:00,12.938340346018473
7d06c31f-aa88-4c5b-8280-565243350ad8,Reinhardstraße 19,2025-07-07 08:00:00+02:00,4.7632470925649
7d06c31f-aa88-4c5b-8280-565243350ad8,Reinhardstraße 19,2025-07-07 09:00:00+02:00,4.205999374389648
7d06c31f-aa88-4c5b-8280-565243350ad8,Reinhardstraße 19,2025-07-07 10:00:00+02:00,5.206287225087483
7d06c31f-aa88-4c5b-8280-565243350ad8,Reinhardstraße 19,2025-07-07 11:00:00+02:00,13.357714335123697
7d06c31f-aa88-4c5b-8280-565243350ad8,Reinhardstraße 19,2025-07-07 12:00:00+02:00,12.527014573415121
7d06c31f-aa88-4c5b-8280-565243350ad8,Reinhardstraße 19,2025-07-07 13:00:00+02:00,14.888217767079672
7d06c31f-aa88-4c5b-8280-565243350ad8,Reinhardstraße 19,2025-07-07 14:00:00+02:00,9.333322525024414
7d06c31f-aa88-4c5b-8280-565243350ad8,Reinhardstraße 19,2025-07-07 15:00:00+02:00,21.159479935963947
7d06c31f-aa88-4c5b-8280-565243350ad8,Reinhardstraße 19,2025-07-07 16:00:00+02:00,48.97847636540731
7d06c31f-aa88-4c5b-8280-565243350ad8,Reinhardstraße 19,2025-07-07 17:00:00+02:00,14.255223433176676
7d06c31f-aa88-4c5b-8280-565243350ad8,Reinhardstraße 19,2025-07-07 18:00:00+02:00,21.083484331766766
7d06c31f-aa88-4c5b-8280-565243350ad8,Reinhardstraße 19,2025-07-07 19:00:00+02:00,5.035307089487712
7d06c31f-aa88-4c5b-8280-565243350ad8,Reinhardstraße 19,2025-07-07 20:00:00+02:00,3.5684216817220054
7d06c31f-aa88-4c5b-8280-565243350ad8,Reinhardstraße 19,2025-07-07 21:00:00+02:00,8.21904182434082
7d06c31f-aa88-4c5b-8280-565243350ad8,Reinhardstraße 19,2025-07-07 22:00:00+02:00,2.181784152984619
7d06c31f-aa88-4c5b-8280-565243350ad8,Reinhardstraße 19,2025-07-07 23:00:00+02:00,11.542636632919312
7d06c31f-aa88-4c5b-8280-565243350ad8,Reinhardstraße 19,2025-07-08 00:00:00+02:00,8.003135999043783
7d06c31f-aa88-4c5b-8280-565243350ad8,Reinhardstraße 19,2025-07-08 01:00:00+02:00,2.7270981470743814
7d06c31f-aa88-4c5b-8280-565243350ad8,Reinhardstraße 19,2025-07-08 02:00:00+02:00,8.094433069229126
7d06c31f-aa88-4c5b-8280-565243350ad8,Reinhardstraße 19,2025-07-08 03:00:00+02:00,5.67519028981527
7d06c31f-aa88-4c5b-8280-565243350ad8,Reinhardstraße 19,2025-07-08 04:00:00+02:00,8.01715707778931
7d06c31f-aa88-4c5b-8280-565243350ad8,Reinhardstraße 19,2025-07-08 05:00:00+02:00,9.493201971054077
7d06c31f-aa88-4c5b-8280-565243350ad8,Reinhardstraße 19,2025-07-08 06:00:00+02:00,7.327143430709839
7d06c31f-aa88-4c5b-8280-565243350ad8,Reinhardstraße 19,2025-07-08 07:00:00+02:00,3.7212401231129966
7d06c31f-aa88-4c5b-8280-565243350ad8,Reinhardstraße 19,2025-07-08 08:00:00+02:00,13.134174346923828
7d06c31f-aa88-4c5b-8280-565243350ad8,Reinhardstraße 19,2025-07-08 09:00:00+02:00,5.171069622039795
7d06c31f-aa88-4c5b-8280-565243350ad8,Reinhardstraße 19,2025-07-08 10:00:00+02:00,19.145048141479492
7d06c31f-aa88-4c5b-8280-565243350ad8,Reinhardstraße 19,2025-07-08 11:00:00+02:00,19.021384874979656
7d06c31f-aa88-4c5b-8280-565243350ad8,Reinhardstraße 19,2025-07-08 12:00:00+02:00,22.78892167409261
7d06c31f-aa88-4c5b-8280-565243350ad8,Reinhardstraße 19,2025-07-08 13:00:00+02:00,15.99369732538859
7d06c31f-aa88-4c5b-8280-565243350ad8,Reinhardstraße 19,2025-07-08 14:00:00+02:00,2.3090902964274087
7d06c31f-aa88-4c5b-8280-565243350ad8,Reinhardstraße 19,2025-07-08 15:00:00+02:00,21.543354034423828
7d06c31f-aa88-4c5b-8280-565243350ad8,Reinhardstraße 19,2025-07-08 16:00:00+02:00,10.524625619252523
7d06c31f-aa88-4c5b-8280-565243350ad8,Reinhardstraße 19,2025-07-08 17:00:00+02:00,27.046226978302002
7d06c31f-aa88-4c5b-8280-565243350ad8,Reinhardstraße 19,2025-07-08 18:00:00+02:00,37.59516970316569
7d06c31f-aa88-4c5b-8280-565243350ad8,Reinhardstraße 19,2025-07-08 19:00:00+02:00,14.726635138193766
7d06c31f-aa88-4c5b-8280-565243350ad8,Reinhardstraße 19,2025-07-08 20:00:00+02:00,1.9010116259257
7d06c31f-aa88-4c5b-8280-565243350ad8,Reinhardstraße 19,2025-07-08 21:00:00+02:00,11.70805803934733
7d06c31f-aa88-4c5b-8280-565243350ad8,Reinhardstraße 19,2025-07-08 22:00:00+02:00,5.518941640853882
7d06c31f-aa88-4c5b-8280-565243350ad8,Reinhardstraße 19,2025-07-08 23:00:00+02:00,1.6784625848134358
7d06c31f-aa88-4c5b-8280-565243350ad8,Reinhardstraße 19,2025-07-09 00:00:00+02:00,8.471952517827352
7d06c31f-aa88-4c5b-8280-565243350ad8,Reinhardstraße 19,2025-07-09 01:00:00+02:00,2.6531269550323486
7d06c31f-aa88-4c5b-8280-565243350ad8,Reinhardstraße 19,2025-07-09 02:00:00+02:00,2.593545436859131
7d06c31f-aa88-4c5b-8280-565243350ad8,Reinhardstraße 19,2025-07-09 03:00:00+02:00,4.513045310974121
7d06c31f-aa88-4c5b-8280-565243350ad8,Reinhardstraße 19,2025-07-09 04:00:00+02:00,7.4017190138498945
7d06c31f-aa88-4c5b-8280-565243350ad8,Reinhardstraße 19,2025-07-09 05:00:00+02:00,15.139299869537354
7d06c31f-aa88-4c5b-8280-565243350ad8,Reinhardstraße 19,2025-07-09 06:00:00+02:00,11.619390805562338
7d06c31f-aa88-4c5b-8280-565243350ad8,Reinhardstraße 19,2025-07-09 07:00:00+02:00,4.422636429468791
7d06c31f-aa88-4c5b-8280-565243350ad8,Reinhardstraße 19,2025-07-09 08:00:00+02:00,5.970813751220703
7d06c31f-aa88-4c5b-8280-565243350ad8,Reinhardstraße 19,2025-07-09 09:00:00+02:00,13.503742535909018
7d06c31f-aa88-4c5b-8280-565243350ad8,Reinhardstraße 19,2025-07-09 10:00:00+02:00,5.568785826365153
7d06c31f-aa88-4c5b-8280-565243350ad8,Reinhardstraße 19,2025-07-09 11:00:00+02:00,14.703931013743082
7d06c31f-aa88-4c5b-8280-565243350ad8,Reinhardstraße 19,2025-07-09 12:00:00+02:00,10.601779619852701
7d06c31f-aa88-4c5b-8280-565243350ad8,Reinhardstraße 19,2025-07-09 13:00:00+02:00,2.3960363070170083
7d06c31f-aa88-4c5b-8280-565243350ad8,Reinhardstraße 19,2025-07-09 14:00:00+02:00,14.934559027353922
7d06c31f-aa88-4c5b-8280-565243350ad8,Reinhardstraße 19,2025-07-09 15:00:00+02:00,31.616771539052326
7d06c31f-aa88-4c5b-8280-565243350ad8,Reinhardstraße 19,2025-07-09 16:00:00+02:00,16.44190565745036
7d06c31f-aa88-4c5b-8280-565243350ad8,Reinhardstraße 19,2025-07-09 17:00:00+02:00,26.973222096761067
7d06c31f-aa88-4c5b-8280-565243350ad8,Reinhardstraße 19,2025-07-09 18:00:00+02:00,9.73300282160441
7d06c31f-aa88-4c5b-8280-565243350ad8,Reinhardstraße 19,2025-07-09 19:00:00+02:00,2.9147682984670005
7d06c31f-aa88-4c5b-8280-565243350ad8,Reinhardstraße 19,2025-07-09 20:00:00+02:00,4.951587915420532
7d06c31f-aa88-4c5b-8280-565243350ad8,Reinhardstraße 19,2025-07-09 21:00:00+02:00,3.1403274536132812
7d06c31f-aa88-4c5b-8280-565243350ad8,Reinhardstraße 19,2025-07-09 22:00:00+02:00,1.9022640387217205
7d06c31f-aa88-4c5b-8280-565243350ad8,Reinhardstraße 19,2025-07-09 23:00:00+02:00,7.8376358350118
7d06c31f-aa88-4c5b-8280-565243350ad8,Reinhardstraße 19,2025-07-10 00:00:00+02:00,7.133425712585453
7d06c31f-aa88-4c5b-8280-565243350ad8,Reinhardstraße 19,2025-07-10 01:00:00+02:00,7.3190681139628095
7d06c31f-aa88-4c5b-8280-565243350ad8,Reinhardstraße 19,2025-07-10 02:00:00+02:00,8.320091724395752
7d06c31f-aa88-4c5b-8280-565243350ad8,Reinhardstraße 19,2025-07-10 03:00:00+02:00,10.227764765421549
7d06c31f-aa88-4c5b-8280-565243350ad8,Reinhardstraße 19,2025-07-10 04:00:00+02:00,10.359242757161459
7d06c31f-aa88-4c5b-8280-565243350ad8,Reinhardstraße 19,2025-07-10 05:00:00+02:00,12.058631499608358
7d06c31f-aa88-4c5b-8280-565243350ad8,Reinhardstraße 19,2025-07-10 06:00:00+02:00,8.562809546788534
7d06c31f-aa88-4c5b-8280-565243350ad8,Reinhardstraße 19,2025-07-10 07:00:00+02:00,4.62091867129008
7d06c31f-aa88-4c5b-8280-565243350ad8,Reinhardstraße 19,2025-07-10 08:00:00+02:00,4.888022104899089
7d06c31f-aa88-4c5b-8280-565243350ad8,Reinhardstraße 19,2025-07-10 09:00:00+02:00,8.32016690572103
7d06c31f-aa88-4c5b-8280-565243350ad8,Reinhardstraße 19,2025-07-10 10:00:00+02:00,2.3477934201558432
7d06c31f-aa88-4c5b-8280-565243350ad8,Reinhardstraße 19,2025-07-10 11:00:00+02:00,6.710600058237712
7d06c31f-aa88-4c5b-8280-565243350ad8,Reinhardstraße 19,2025-07-10 12:00:00+02:00,24.41421890258789
7d06c31f-aa88-4c5b-8280-565243350ad8,Reinhardstraße 19,2025-07-10 13:00:00+02:00,2.979190985361735
7d06c31f-aa88-4c5b-8280-565243350ad8,Reinhardstraße 19,2025-07-10 14:00:00+02:00,2.162469228108724
7d06c31f-aa88-4c5b-8280-565243350ad8,Reinhardstraße 19,2025-07-10 15:00:00+02:00,44.12357838948568
7d06c31f-aa88-4c5b-8280-565243350ad8,Reinhardstraße 19,2025-07-10 16:00:00+02:00,26.620817184448242
7d06c31f-aa88-4c5b-8280-565243350ad8,Reinhardstraße 19,2025-07-10 17:00:00+02:00,18.258153756459553
7d06c31f-aa88-4c5b-8280-565243350ad8,Reinhardstraße 19,2025-07-10 18:00:00+02:00,15.690855662027994
7d06c31f-aa88-4c5b-8280-565243350ad8,Reinhardstraße 19,2025-07-10 19:00:00+02:00,11.536811033884684
7d06c31f-aa88-4c5b-8280-565243350ad8,Reinhardstraße 19,2025-07-10 20:00:00+02:00,2.973581314086914
7d06c31f-aa88-4c5b-8280-565243350ad8,Reinhardstraße 19,2025-07-10 21:00:00+02:00,2.3398861090342202
7d06c31f-aa88-4c5b-8280-565243350ad8,Reinhardstraße 19,2025-07-10 22:00:00+02:00,3.038931051890055
7d06c31f-aa88-4c5b-8280-565243350ad8,Reinhardstraße 19,2025-07-10 23:00:00+02:00,7.464397509892781
7d06c31f-aa88-4c5b-8280-565243350ad8,Reinhardstraße 19,2025-07-11 00:00:00+02:00,7.207614103953044
7d06c31f-aa88-4c5b-8280-565243350ad8,Reinhardstraße 19,2025-07-11 01:00:00+02:00,2.601246436436971
7d06c31f-aa88-4c5b-8280-565243350ad8,Reinhardstraße 19,2025-07-11 02:00:00+02:00,4.369450489679973
7d06c31f-aa88-4c5b-8280-565243350ad8,Reinhardstraße 19,2025-07-11 03:00:00+02:00,5.135823885599772
7d06c31f-aa88-4c5b-8280-565243350ad8,Reinhardstraße 19,2025-07-11 04:00:00+02:00,8.709098021189371
7d06c31f-aa88-4c5b-8280-565243350ad8,Reinhardstraße 19,2025-07-11 05:00:00+02:00,6.265619119008382
7d06c31f-aa88-4c5b-8280-565243350ad8,Reinhardstraße 19,2025-07-11 06:00:00+02:00,10.74551010131836
7d06c31f-aa88-4c5b-8280-565243350ad8,Reinhardstraße 19,2025-07-11 07:00:00+02:00,5.211708386739095
7d06c31f-aa88-4c5b-8280-565243350ad8,Reinhardstraße 19,2025-07-11 08:00:00+02:00,10.405990839004517
7d06c31f-aa88-4c5b-8280-565243350ad8,Reinhardstraße 19,2025-07-11 09:00:00+02:00,11.863428910573324
7d06c31f-aa88-4c5b-8280-565243350ad8,Reinhardstraße 19,2025-07-11 10:00:00+02:00,56.48364273707072
7d06c31f-aa88-4c5b-8280-565243350ad8,Reinhardstraße 19,2025-07-11 11:00:00+02:00,3.080869992574056
7d06c31f-aa88-4c5b-8280-565243350ad8,Reinhardstraße 19,2025-07-11 12:00:00+02:00,28.53701909383138
7d06c31f-aa88-4c5b-8280-565243350ad8,Reinhardstraße 19,2025-07-11 13:00:00+02:00,3.049075126647949
7d06c31f-aa88-4c5b-8280-565243350ad8,Reinhardstraße 19,2025-07-11 14:00:00+02:00,6.885233720143636
7d06c31f-aa88-4c5b-8280-565243350ad8,Reinhardstraße 19,2025-07-11 15:00:00+02:00,34.007490158081055
7d06c31f-aa88-4c5b-8280-565243350ad8,Reinhardstraße 19,2025-07-11 16:00:00+02:00,24.223381837209065
7d06c31f-aa88-4c5b-8280-565243350ad8,Reinhardstraße 19,2025-07-11 17:00:00+02:00,35.70655965805054
7d06c31f-aa88-4c5b-8280-565243350ad8,Reinhardstraße 19,2025-07-11 18:00:00+02:00,22.063690344492596
7d06c31f-aa88-4c5b-8280-565243350ad8,Reinhardstraße 19,2025-07-11 19:00:00+02:00,7.174515088399251
7d06c31f-aa88-4c5b-8280-565243350ad8,Reinhardstraße 19,2025-07-11 20:00:00+02:00,10.14318029085795
7d06c31f-aa88-4c5b-8280-565243350ad8,Reinhardstraße 19,2025-07-11 21:00:00+02:00,10.467388232549032
7d06c31f-aa88-4c5b-8280-565243350ad8,Reinhardstraße 19,2025-07-11 22:00:00+02:00,7.860257863998413
7d06c31f-aa88-4c5b-8280-565243350ad8,Reinhardstraße 19,2025-07-11 23:00:00+02:00,11.653003533681234
7d06c31f-aa88-4c5b-8280-565243350ad8,Reinhardstraße 19,2025-07-12 00:00:00+02:00,7.351637681325276
7d06c31f-aa88-4c5b-8280-565243350ad8,Reinhardstraße 19,2025-07-12 01:00:00+02:00,2.144705851872762
7d06c31f-aa88-4c5b-8280-565243350ad8,Reinhardstraße 19,2025-07-12 02:00:00+02:00,3.026085138320923
7d06c31f-aa88-4c5b-8280-565243350ad8,Reinhardstraße 19,2025-07-12 03:00:00+02:00,2.357827345530192
7d06c31f-aa88-4c5b-8280-565243350ad8,Reinhardstraße 19,2025-07-12 04:00:00+02:00,8.478798468907675
7d06c31f-aa88-4c5b-8280-565243350ad8,Reinhardstraße 19,2025-07-12 05:00:00+02:00,7.231853167215983
7d06c31f-aa88-4c5b-8280-565243350ad8,Reinhardstraße 19,2025-07-12 06:00:00+02:00,4.631527582804362
7d06c31f-aa88-4c5b-8280-565243350ad8,Reinhardstraße 19,2025-07-12 07:00:00+02:00,7.5527065594991045
7d06c31f-aa88-4c5b-8280-565243350ad8,Reinhardstraße 19,2025-07-12 08:00:00+02:00,3.7281351884206138
7d06c31f-aa88-4c5b-8280-565243350ad8,Reinhardstraße 19,2025-07-12 09:00:00+02:00,4.323926687240601
7d06c31f-aa88-4c5b-8280-565243350ad8,Reinhardstraße 19,2025-07-12 10:00:00+02:00,45.406843503316246
7d06c31f-aa88-4c5b-8280-565243350ad8,Reinhardstraße 19,2025-07-12 11:00:00+02:00,8.249979972839355
7d06c31f-aa88-4c5b-8280-565243350ad8,Reinhardstraße 19,2025-07-12 12:00:00+02:00,17.26822630564372
7d06c31f-aa88-4c5b-8280-565243350ad8,Reinhardstraße 19,2025-07-12 13:00:00+02:00,24.793946266174316
7d06c31f-aa88-4c5b-8280-565243350ad8,Reinhardstraße 19,2025-07-12 14:00:00+02:00,8.647388458251953
7d06c31f-aa88-4c5b-8280-565243350ad8,Reinhardstraße 19,2025-07-12 15:00:00+02:00,20.560654322306316
7d06c31f-aa88-4c5b-8280-565243350ad8,Reinhardstraße 19,2025-07-12 16:00:00+02:00,10.835651397705078
7d06c31f-aa88-4c5b-8280-565243350ad8,Reinhardstraße 19,2025-07-12 17:00:00+02:00,18.10789171854655
7d06c31f-aa88-4c5b-8280-565243350ad8,Reinhardstraße 19,2025-07-12 18:00:00+02:00,5.8261105219523115
7d06c31f-aa88-4c5b-8280-565243350ad8,Reinhardstraße 19,2025-07-12 19:00:00+02:00,5.52704135576884
7d06c31f-aa88-4c5b-8280-565243350ad8,Reinhardstraße 19,2025-07-12 20:00:00+02:00,5.186022996902466
7d06c31f-aa88-4c5b-8280-565243350ad8,Reinhardstraße 19,2025-07-12 21:00:00+02:00,8.669119596481323
7d06c31f-aa88-4c5b-8280-565243350ad8,Reinhardstraße 19,2025-07-12 22:00:00+02:00,2.5637404918670654
7d06c31f-aa88-4c5b-8280-565243350ad8,Reinhardstraße 19,2025-07-12 23:00:00+02:00,9.584970553716028
7d06c31f-aa88-4c5b-8280-565243350ad8,Reinhardstraße 19,2025-07-13 00:00:00+02:00,24.039432207743328
7d06c31f-aa88-4c5b-8280-565243350ad8,Reinhardstraße 19,2025-07-13 01:00:00+02:00,4.57954470316569
7d06c31f-aa88-4c5b-8280-565243350ad8,Reinhardstraße 19,2025-07-13 02:00:00+02:00,6.895037810007731
7d06c31f-aa88-4c5b-8280-565243350ad8,Reinhardstraße 19,2025-07-13 03:00:00+02:00,6.081979751586914
7d06c31f-aa88-4c5b-8280-565243350ad8,Reinhardstraße 19,2025-07-13 04:00:00+02:00,4.615783778103915
7d06c31f-aa88-4c5b-8280-565243350ad8,Reinhardstraße 19,2025-07-13 05:00:00+02:00,5.90177009219215
7d06c31f-aa88-4c5b-8280-565243350ad8,Reinhardstraße 19,2025-07-13 06:00:00+02:00,6.046072101593017
7d06c31f-aa88-4c5b-8280-565243350ad8,Reinhardstraße 19,2025-07-13 07:00:00+02:00,6.605288756521125
7d06c31f-aa88-4c5b-8280-565243350ad8,Reinhardstraße 19,2025-07-13 08:00:00+02:00,10.398317866855198
7d06c31f-aa88-4c5b-8280-565243350ad8,Reinhardstraße 19,2025-07-13 09:00:00+02:00,7.775005452773151
7d06c31f-aa88-4c5b-8280-565243350ad8,Reinhardstraße 19,2025-07-13 10:00:00+02:00,27.855058193206787
7d06c31f-aa88-4c5b-8280-565243350ad8,Reinhardstraße 19,2025-07-13 11:00:00+02:00,15.498328653971354
7d06c31f-aa88-4c5b-8280-565243350ad8,Reinhardstraße 19,2025-07-13 12:00:00+02:00,28.410831451416016
7d06c31f-aa88-4c5b-8280-565243350ad8,Reinhardstraße 19,2025-07-13 13:00:00+02:00,8.591870528001051
7d06c31f-aa88-4c5b-8280-565243350ad8,Reinhardstraße 19,2025-07-13 14:00:00+02:00,7.586627006530762
7d06c31f-aa88-4c5b-8280-565243350ad8,Reinhardstraße 19,2025-07-13 15:00:00+02:00,6.061717640269887
7d06c31f-aa88-4c5b-8280-565243350ad8,Reinhardstraße 19,2025-07-13 16:00:00+02:00,25.957927322387697
7d06c31f-aa88-4c5b-8280-565243350ad8,Reinhardstraße 19,2025-07-13 17:00:00+02:00,11.673763063218859
7d06c31f-aa88-4c5b-8280-565243350ad8,Reinhardstraße 19,2025-07-13 18:00:00+02:00,11.727263450622559
7d06c31f-aa88-4c5b-8280-565243350ad8,Reinhardstraße 19,2025-07-13 19:00:00+02:00,2.3741871970040456
7d06c31f-aa88-4c5b-8280-565243350ad8,Reinhardstraße 19,2025-07-13 20:00:00+02:00,11.135791142781576
7d06c31f-aa88-4c5b-8280-565243350ad8,Reinhardstraße 19,2025-07-13 21:00:00+02:00,2.9716732025146486
7d06c31f-aa88-4c5b-8280-565243350ad8,Reinhardstraße 19,2025-07-13 22:00:00+02:00,1.3898978233337402
7d06c31f-aa88-4c5b-8280-565243350ad8,Reinhardstraße 19,2025-07-13 23:00:00+02:00,5.1288636525472
7d06c31f-aa88-4c5b-8280-565243350ad8,Reinhardstraße 19,2025-07-14 00:00:00+02:00,3.0201120376586914
7d06c31f-aa88-4c5b-8280-565243350ad8,Reinhardstraße 19,2025-07-14 01:00:00+02:00,9.130500793457031
b0d968cd-ded3-4953-b99f-2cb5fabd086d,Kurpark - Eingang Sprudelhof,2025-06-30 03:00:00+02:00,3.193134307861328
b0d968cd-ded3-4953-b99f-2cb5fabd086d,Kurpark - Eingang Sprudelhof,2025-06-30 04:00:00+02:00,5.776874542236328
b0d968cd-ded3-4953-b99f-2cb5fabd086d,Kurpark - Eingang Sprudelhof,2025-06-30 05:00:00+02:00,4.8257795969645185
b0d968cd-ded3-4953-b99f-2cb5fabd086d,Kurpark - Eingang Sprudelhof,2025-06-30 06:00:00+02:00,4.336939811706543
b0d968cd-ded3-4953-b99f-2cb5fabd086d,Kurpark - Eingang Sprudelhof,2025-06-30 07:00:00+02:00,5.4430694580078125
b0d968cd-ded3-4953-b99f-2cb5fabd086d,Kurpark - Eingang Sprudelhof,2025-06-30 08:00:00+02:00,11.027832667032877
b0d968cd-ded3-4953-b99f-2cb5fabd086d,Kurpark - Eingang Sprudelhof,2025-06-30 09:00:00+02:00,7.711636679513114
b0d968cd-ded3-4953-b99f-2cb5fabd086d,Kurpark - Eingang Sprudelhof,2025-06-30 10:00:00+02:00,5.528935432434082
b0d968cd-ded3-4953-b99f-2cb5fabd086d,Kurpark - Eingang Sprudelhof,2025-06-30 11:00:00+02:00,6.302663167317708
b0d968cd-ded3-4953-b99f-2cb5fabd086d,Kurpark - Eingang Sprudelhof,2025-06-30 12:00:00+02:00,3.666350555419922
b0d968cd-ded3-4953-b99f-2cb5fabd086d,Kurpark - Eingang Sprudelhof,2025-06-30 13:00:00+02:00,6.401792352849787
b0d968cd-ded3-4953-b99f-2cb5fabd086d,Kurpark - Eingang Sprudelhof,2025-06-30 14:00:00+02:00,2.99897034962972
b0d968cd-ded3-4953-b99f-2cb5fabd086d,Kurpark - Eingang Sprudelhof,2025-06-30 15:00:00+02:00,3.6165313720703125
b0d968cd-ded3-4953-b99f-2cb5fabd086d,Kurpark - Eingang Sprudelhof,2025-06-30 16:00:00+02:00,7.513749531337193
b0d968cd-ded3-4953-b99f-2cb5fabd086d,Kurpark - Eingang Sprudelhof,2025-06-30 17:00:00+02:00,22.47321497599284
b0d968cd-ded3-4953-b99f-2cb5fabd086d,Kurpark - Eingang Sprudelhof,2025-06-30 18:00:00+02:00,7.151918172836304
b0d968cd-ded3-4953-b99f-2cb5fabd086d,Kurpark - Eingang Sprudelhof,2025-06-30 19:00:00+02:00,16.06753943948185
b0d968cd-ded3-4953-b99f-2cb5fabd086d,Kurpark - Eingang Sprudelhof,2025-06-30 20:00:00+02:00,28.50819714864095
b0d968cd-ded3-4953-b99f-2cb5fabd086d,Kurpark - Eingang Sprudelhof,2025-06-30 21:00:00+02:00,15.090530295121042
b0d968cd-ded3-4953-b99f-2cb5fabd086d,Kurpark - Eingang Sprudelhof,2025-06-30 22:00:00+02:00,4.7234352111816404
b0d968cd-ded3-4953-b99f-2cb5fabd086d,Kurpark - Eingang Sprudelhof,2025-06-30 23:00:00+02:00,2.9111807686941966
b0d968cd-ded3-4953-b99f-2cb5fabd086d,Kurpark - Eingang Sprudelhof,2025-07-01 00:00:00+02:00,2.535336494445801
b0d968cd-ded3-4953-b99f-2cb5fabd086d,Kurpark - Eingang Sprudelhof,2025-07-01 01:00:00+02:00,1.566311214281165
b0d968cd-ded3-4953-b99f-2cb5fabd086d,Kurpark - Eingang Sprudelhof,2025-07-01 02:00:00+02:00,1.7581087748209636
b0d968cd-ded3-4953-b99f-2cb5fabd086d,Kurpark - Eingang Sprudelhof,2025-07-01 03:00:00+02:00,3.7077860832214355
b0d968cd-ded3-4953-b99f-2cb5fabd086d,Kurpark - Eingang Sprudelhof,2025-07-01 04:00:00+02:00,4.119855165481567
b0d968cd-ded3-4953-b99f-2cb5fabd086d,Kurpark - Eingang Sprudelhof,2025-07-01 05:00:00+02:00,8.920084476470947
b0d968cd-ded3-4953-b99f-2cb5fabd086d,Kurpark - Eingang Sprudelhof,2025-07-01 06:00:00+02:00,7.478608926137288
b0d968cd-ded3-4953-b99f-2cb5fabd086d,Kurpark - Eingang Sprudelhof,2025-07-01 07:00:00+02:00,14.625318686167398
b0d968cd-ded3-4953-b99f-2cb5fabd086d,Kurpark - Eingang Sprudelhof,2025-07-01 08:00:00+02:00,15.326246420542398
b0d968cd-ded3-4953-b99f-2cb5fabd086d,Kurpark - Eingang Sprudelhof,2025-07-01 09:00:00+02:00,9.725735505421957
b0d968cd-ded3-4953-b99f-2cb5fabd086d,Kurpark - Eingang Sprudelhof,2025-07-01 10:00:00+02:00,5.821169376373291
b0d968cd-ded3-4953-b99f-2cb5fabd086d,Kurpark - Eingang Sprudelhof,2025-07-01 11:00:00+02:00,33.75187301635742
b0d968cd-ded3-4953-b99f-2cb5fabd086d,Kurpark - Eingang Sprudelhof,2025-07-01 12:00:00+02:00,18.435924530029297
b0d968cd-ded3-4953-b99f-2cb5fabd086d,Kurpark - Eingang Sprudelhof,2025-07-01 13:00:00+02:00,30.234928766886394
b0d968cd-ded3-4953-b99f-2cb5fabd086d,Kurpark - Eingang Sprudelhof,2025-07-01 14:00:00+02:00,20.953660011291504
b0d968cd-ded3-4953-b99f-2cb5fabd086d,Kurpark - Eingang Sprudelhof,2025-07-01 15:00:00+02:00,4.47890027364095
b0d968cd-ded3-4953-b99f-2cb5fabd086d,Kurpark - Eingang Sprudelhof,2025-07-01 16:00:00+02:00,3.141306718190511
b0d968cd-ded3-4953-b99f-2cb5fabd086d,Kurpark - Eingang Sprudelhof,2025-07-01 17:00:00+02:00,17.34935760498047
b0d968cd-ded3-4953-b99f-2cb5fabd086d,Kurpark - Eingang Sprudelhof,2025-07-01 18:00:00+02:00,6.206017176310222
b0d968cd-ded3-4953-b99f-2cb5fabd086d,Kurpark - Eingang Sprudelhof,2025-07-01 19:00:00+02:00,15.13077163696289
b0d968cd-ded3-4953-b99f-2cb5fabd086d,Kurpark - Eingang Sprudelhof,2025-07-01 20:00:00+02:00,9.338291645050049
b0d968cd-ded3-4953-b99f-2cb5fabd086d,Kurpark - Eingang Sprudelhof,2025-07-01 21:00:00+02:00,3.923969348271688
b0d968cd-ded3-4953-b99f-2cb5fabd086d,Kurpark - Eingang Sprudelhof,2025-07-01 22:00:00+02:00,3.4888017177581787
b0d968cd-ded3-4953-b99f-2cb5fabd086d,Kurpark - Eingang Sprudelhof,2025-07-01 23:00:00+02:00,2.0755295753479004
b0d968cd-ded3-4953-b99f-2cb5fabd086d,Kurpark - Eingang Sprudelhof,2025-07-02 00:00:00+02:00,2.439666271209717
b0d968cd-ded3-4953-b99f-2cb5fabd086d,Kurpark - Eingang Sprudelhof,2025-07-02 01:00:00+02:00,2.242246945699056
b0d968cd-ded3-4953-b99f-2cb5fabd086d,Kurpark - Eingang Sprudelhof,2025-07-02 02:00:00+02:00,3.201624075571696
b0d968cd-ded3-4953-b99f-2cb5fabd086d,Kurpark - Eingang Sprudelhof,2025-07-02 03:00:00+02:00,5.6880677541097
b0d968cd-ded3-4953-b99f-2cb5fabd086d,Kurpark - Eingang Sprudelhof,2025-07-02 04:00:00+02:00,10.663855950037638
b0d968cd-ded3-4953-b99f-2cb5fabd086d,Kurpark - Eingang Sprudelhof,2025-07-02 05:00:00+02:00,8.376731395721436
b0d968cd-ded3-4953-b99f-2cb5fabd086d,Kurpark - Eingang Sprudelhof,2025-07-02 06:00:00+02:00,12.342113018035894
b0d968cd-ded3-4953-b99f-2cb5fabd086d,Kurpark - Eingang Sprudelhof,2025-07-02 07:00:00+02:00,7.832005580266316
b0d968cd-ded3-4953-b99f-2cb5fabd086d,Kurpark - Eingang Sprudelhof,2025-07-02 08:00:00+02:00,18.561139583587646
b0d968cd-ded3-4953-b99f-2cb5fabd086d,Kurpark - Eingang Sprudelhof,2025-07-02 09:00:00+02:00,5.2011745770772295
b0d968cd-ded3-4953-b99f-2cb5fabd086d,Kurpark - Eingang Sprudelhof,2025-07-02 10:00:00+02:00,4.3898641268412275
b0d968cd-ded3-4953-b99f-2cb5fabd086d,Kurpark - Eingang Sprudelhof,2025-07-02 11:00:00+02:00,8.239446957906088
b0d968cd-ded3-4953-b99f-2cb5fabd086d,Kurpark - Eingang Sprudelhof,2025-07-02 12:00:00+02:00,39.72611220677694
b0d968cd-ded3-4953-b99f-2cb5fabd086d,Kurpark - Eingang Sprudelhof,2025-07-02 13:00:00+02:00,27.937174161275227
b0d968cd-ded3-4953-b99f-2cb5fabd086d,Kurpark - Eingang Sprudelhof,2025-07-02 14:00:00+02:00,30.70011822382609
b0d968cd-ded3-4953-b99f-2cb5fabd086d,Kurpark - Eingang Sprudelhof,2025-07-02 15:00:00+02:00,25.296000798543293
b0d968cd-ded3-4953-b99f-2cb5fabd086d,Kurpark - Eingang Sprudelhof,2025-07-02 16:00:00+02:00,17.343791166941326
b0d968cd-ded3-4953-b99f-2cb5fabd086d,Kurpark - Eingang Sprudelhof,2025-07-02 17:00:00+02:00,6.133365631103516
b0d968cd-ded3-4953-b99f-2cb5fabd086d,Kurpark - Eingang Sprudelhof,2025-07-02 18:00:00+02:00,8.05527369181315
b0d968cd-ded3-4953-b99f-2cb5fabd086d,Kurpark - Eingang Sprudelhof,2025-07-02 19:00:00+02:00,6.710021336873372
b0d968cd-ded3-4953-b99f-2cb5fabd086d,Kurpark - Eingang Sprudelhof,2025-07-02 20:00:00+02:00,4.248743851979573
b0d968cd-ded3-4953-b99f-2cb5fabd086d,Kurpark - Eingang Sprudelhof,2025-07-02 21:00:00+02:00,10.108137845993042
b0d968cd-ded3-4953-b99f-2cb5fabd086d,Kurpark - Eingang Sprudelhof,2025-07-02 22:00:00+02:00,8.98681092262268
b0d968cd-ded3-4953-b99f-2cb5fabd086d,Kurpark - Eingang Sprudelhof,2025-07-02 23:00:00+02:00,6.044728914896647
b0d968cd-ded3-4953-b99f-2cb5fabd086d,Kurpark - Eingang Sprudelhof,2025-07-03 00:00:00+02:00,3.772589365641276
b0d968cd-ded3-4953-b99f-2cb5fabd086d,Kurpark - Eingang Sprudelhof,2025-07-03 01:00:00+02:00,4.246386845906575
b0d968cd-ded3-4953-b99f-2cb5fabd086d,Kurpark - Eingang Sprudelhof,2025-07-03 02:00:00+02:00,4.907120068868001
b0d968cd-ded3-4953-b99f-2cb5fabd086d,Kurpark - Eingang Sprudelhof,2025-07-03 03:00:00+02:00,5.783985694249471
b0d968cd-ded3-4953-b99f-2cb5fabd086d,Kurpark - Eingang Sprudelhof,2025-07-03 04:00:00+02:00,6.9026845296223955
b0d968cd-ded3-4953-b99f-2cb5fabd086d,Kurpark - Eingang Sprudelhof,2025-07-03 05:00:00+02:00,7.844831546147664
b0d968cd-ded3-4953-b99f-2cb5fabd086d,Kurpark - Eingang Sprudelhof,2025-07-03 06:00:00+02:00,17.439338843027752
b0d968cd-ded3-4953-b99f-2cb5fabd086d,Kurpark - Eingang Sprudelhof,2025-07-03 07:00:00+02:00,23.82563869158427
b0d968cd-ded3-4953-b99f-2cb5fabd086d,Kurpark - Eingang Sprudelhof,2025-07-03 08:00:00+02:00,23.438404719034832
b0d968cd-ded3-4953-b99f-2cb5fabd086d,Kurpark - Eingang Sprudelhof,2025-07-03 09:00:00+02:00,11.714219729105631
b0d968cd-ded3-4953-b99f-2cb5fabd086d,Kurpark - Eingang Sprudelhof,2025-07-03 10:00:00+02:00,3.9667348861694336
b0d968cd-ded3-4953-b99f-2cb5fabd086d,Kurpark - Eingang Sprudelhof,2025-07-03 11:00:00+02:00,31.261535326639812
b0d968cd-ded3-4953-b99f-2cb5fabd086d,Kurpark - Eingang Sprudelhof,2025-07-03 12:00:00+02:00,50.07417710622152
b0d968cd-ded3-4953-b99f-2cb5fabd086d,Kurpark - Eingang Sprudelhof,2025-07-03 13:00:00+02:00,9.333216667175293
b0d968cd-ded3-4953-b99f-2cb5fabd086d,Kurpark - Eingang Sprudelhof,2025-07-03 14:00:00+02:00,3.9821252822875977
b0d968cd-ded3-4953-b99f-2cb5fabd086d,Kurpark - Eingang Sprudelhof,2025-07-03 15:00:00+02:00,40.489593823750816
b0d968cd-ded3-4953-b99f-2cb5fabd086d,Kurpark - Eingang Sprudelhof,2025-07-03 16:00:00+02:00,55.515235582987465
b0d968cd-ded3-4953-b99f-2cb5fabd086d,Kurpark - Eingang Sprudelhof,2025-07-03 17:00:00+02:00,51.72492504119873
b0d968cd-ded3-4953-b99f-2cb5fabd086d,Kurpark - Eingang Sprudelhof,2025-07-03 18:00:00+02:00,6.590980688730876
b0d968cd-ded3-4953-b99f-2cb5fabd086d,Kurpark - Eingang Sprudelhof,2025-07-03 19:00:00+02:00,9.509820620218912
b0d968cd-ded3-4953-b99f-2cb5fabd086d,Kurpark - Eingang Sprudelhof,2025-07-03 20:00:00+02:00,7.388914267222087
b0d968cd-ded3-4953-b99f-2cb5fabd086d,Kurpark - Eingang Sprudelhof,2025-07-03 21:00:00+02:00,9.722293694814047
b0d968cd-ded3-4953-b99f-2cb5fabd086d,Kurpark - Eingang Sprudelhof,2025-07-03 22:00:00+02:00,2.617790460586548
b0d968cd-ded3-4953-b99f-2cb5fabd086d,Kurpark - Eingang Sprudelhof,2025-07-03 23:00:00+02:00,7.978366454442342
b0d968cd-ded3-4953-b99f-2cb5fabd086d,Kurpark - Eingang Sprudelhof,2025-07-04 00:00:00+02:00,2.1136889457702637
b0d968cd-ded3-4953-b99f-2cb5fabd086d,Kurpark - Eingang Sprudelhof,2025-07-04 01:00:00+02:00,3.036696434020996
b0d968cd-ded3-4953-b99f-2cb5fabd086d,Kurpark - Eingang Sprudelhof,2025-07-04 02:00:00+02:00,4.747228463490804
b0d968cd-ded3-4953-b99f-2cb5fabd086d,Kurpark - Eingang Sprudelhof,2025-07-04 03:00:00+02:00,7.136769374211629
b0d968cd-ded3-4953-b99f-2cb5fabd086d,Kurpark - Eingang Sprudelhof,2025-07-04 04:00:00+02:00,9.637125174204508
b0d968cd-ded3-4953-b99f-2cb5fabd086d,Kurpark - Eingang Sprudelhof,2025-07-04 05:00:00+02:00,5.7876012325286865
b0d968cd-ded3-4953-b99f-2cb5fabd086d,Kurpark - Eingang Sprudelhof,2025-07-04 06:00:00+02:00,8.483747720718386
b0d968cd-ded3-4953-b99f-2cb5fabd086d,Kurpark - Eingang Sprudelhof,2025-07-04 07:00:00+02:00,11.727639754613241
b0d968cd-ded3-4953-b99f-2cb5fabd086d,Kurpark - Eingang Sprudelhof,2025-07-04 08:00:00+02:00,34.80382569630941
b0d968cd-ded3-4953-b99f-2cb5fabd086d,Kurpark - Eingang Sprudelhof,2025-07-04 09:00:00+02:00,23.743641535441082
b0d968cd-ded3-4953-b99f-2cb5fabd086d,Kurpark - Eingang Sprudelhof,2025-07-04 10:00:00+02:00,6.604979832967122
b0d968cd-ded3-4953-b99f-2cb5fabd086d,Kurpark - Eingang Sprudelhof,2025-07-04 11:00:00+02:00,8.553720156351725
b0d968cd-ded3-4953-b99f-2cb5fabd086d,Kurpark - Eingang Sprudelhof,2025-07-04 12:00:00+02:00,4.455539385477702
b0d968cd-ded3-4953-b99f-2cb5fabd086d,Kurpark - Eingang Sprudelhof,2025-07-04 13:00:00+02:00,8.928217887878418
b0d968cd-ded3-4953-b99f-2cb5fabd086d,Kurpark - Eingang Sprudelhof,2025-07-04 14:00:00+02:00,37.562977155049644
b0d968cd-ded3-4953-b99f-2cb5fabd086d,Kurpark - Eingang Sprudelhof,2025-07-04 15:00:00+02:00,10.595289866129557
b0d968cd-ded3-4953-b99f-2cb5fabd086d,Kurpark - Eingang Sprudelhof,2025-07-04 16:00:00+02:00,26.94196128845215
b0d968cd-ded3-4953-b99f-2cb5fabd086d,Kurpark - Eingang Sprudelhof,2025-07-04 17:00:00+02:00,75.24522813161214
b0d968cd-ded3-4953-b99f-2cb5fabd086d,Kurpark - Eingang Sprudelhof,2025-07-04 18:00:00+02:00,12.094195048014322
b0d968cd-ded3-4953-b99f-2cb5fabd086d,Kurpark - Eingang Sprudelhof,2025-07-04 19:00:00+02:00,16.39250596364339
b0d968cd-ded3-4953-b99f-2cb5fabd086d,Kurpark - Eingang Sprudelhof,2025-07-04 20:00:00+02:00,6.656179507573445
b0d968cd-ded3-4953-b99f-2cb5fabd086d,Kurpark - Eingang Sprudelhof,2025-07-04 21:00:00+02:00,6.001664161682129
b0d968cd-ded3-4953-b99f-2cb5fabd086d,Kurpark - Eingang Sprudelhof,2025-07-04 22:00:00+02:00,7.280680020650228
b0d968cd-ded3-4953-b99f-2cb5fabd086d,Kurpark - Eingang Sprudelhof,2025-07-04 23:00:00+02:00,12.837594429651896
b0d968cd-ded3-4953-b99f-2cb5fabd086d,Kurpark - Eingang Sprudelhof,2025-07-05 00:00:00+02:00,6.07146151860555
b0d968cd-ded3-4953-b99f-2cb5fabd086d,Kurpark - Eingang Sprudelhof,2025-07-05 01:00:00+02:00,6.567725896835327
b0d968cd-ded3-4953-b99f-2cb5fabd086d,Kurpark - Eingang Sprudelhof,2025-07-05 02:00:00+02:00,5.08718466758728
b0d968cd-ded3-4953-b99f-2cb5fabd086d,Kurpark - Eingang Sprudelhof,2025-07-05 03:00:00+02:00,4.118011633555095
b0d968cd-ded3-4953-b99f-2cb5fabd086d,Kurpark - Eingang Sprudelhof,2025-07-05 04:00:00+02:00,6.119090716044108
b0d968cd-ded3-4953-b99f-2cb5fabd086d,Kurpark - Eingang Sprudelhof,2025-07-05 05:00:00+02:00,5.827743848164876
b0d968cd-ded3-4953-b99f-2cb5fabd086d,Kurpark - Eingang Sprudelhof,2025-07-05 06:00:00+02:00,9.62985928853353
b0d968cd-ded3-4953-b99f-2cb5fabd086d,Kurpark - Eingang Sprudelhof,2025-07-05 07:00:00+02:00,7.098128795623779
b0d968cd-ded3-4953-b99f-2cb5fabd086d,Kurpark - Eingang Sprudelhof,2025-07-05 08:00:00+02:00,9.10818068186442
b0d968cd-ded3-4953-b99f-2cb5fabd086d,Kurpark - Eingang Sprudelhof,2025-07-05 09:00:00+02:00,20.85256044069926
b0d968cd-ded3-4953-b99f-2cb5fabd086d,Kurpark - Eingang Sprudelhof,2025-07-05 10:00:00+02:00,69.30584891637166
b0d968cd-ded3-4953-b99f-2cb5fabd086d,Kurpark - Eingang Sprudelhof,2025-07-05 11:00:00+02:00,17.122729937235516
b0d968cd-ded3-4953-b99f-2cb5fabd086d,Kurpark - Eingang Sprudelhof,2025-07-05 12:00:00+02:00,41.09447352091471
b0d968cd-ded3-4953-b99f-2cb5fabd086d,Kurpark - Eingang Sprudelhof,2025-07-05 13:00:00+02:00,18.077922821044922
b0d968cd-ded3-4953-b99f-2cb5fabd086d,Kurpark - Eingang Sprudelhof,2025-07-05 14:00:00+02:00,31.597934087117512
b0d968cd-ded3-4953-b99f-2cb5fabd086d,Kurpark - Eingang Sprudelhof,2025-07-05 15:00:00+02:00,19.702675183614094
b0d968cd-ded3-4953-b99f-2cb5fabd086d,Kurpark - Eingang Sprudelhof,2025-07-05 16:00:00+02:00,68.01076984405518
b0d968cd-ded3-4953-b99f-2cb5fabd086d,Kurpark - Eingang Sprudelhof,2025-07-05 17:00:00+02:00,41.130776723225914
b0d968cd-ded3-4953-b99f-2cb5fabd086d,Kurpark - Eingang Sprudelhof,2025-07-05 18:00:00+02:00,23.265510241190594
b0d968cd-ded3-4953-b99f-2cb5fabd086d,Kurpark - Eingang Sprudelhof,2025-07-05 19:00:00+02:00,75.58416970570882
b0d968cd-ded3-4953-b99f-2cb5fabd086d,Kurpark - Eingang Sprudelhof,2025-07-05 20:00:00+02:00,18.532103459040325
b0d968cd-ded3-4953-b99f-2cb5fabd086d,Kurpark - Eingang Sprudelhof,2025-07-05 21:00:00+02:00,6.527472337086995
b0d968cd-ded3-4953-b99f-2cb5fabd086d,Kurpark - Eingang Sprudelhof,2025-07-05 22:00:00+02:00,15.902466694513956
b0d968cd-ded3-4953-b99f-2cb5fabd086d,Kurpark - Eingang Sprudelhof,2025-07-05 23:00:00+02:00,8.066009600957232
b0d968cd-ded3-4953-b99f-2cb5fabd086d,Kurpark - Eingang Sprudelhof,2025-07-06 00:00:00+02:00,3.3398687839508057
b0d968cd-ded3-4953-b99f-2cb5fabd086d,Kurpark - Eingang Sprudelhof,2025-07-06 01:00:00+02:00,2.935225248336792
b0d968cd-ded3-4953-b99f-2cb5fabd086d,Kurpark - Eingang Sprudelhof,2025-07-06 02:00:00+02:00,4.815433979034424
b0d968cd-ded3-4953-b99f-2cb5fabd086d,Kurpark - Eingang Sprudelhof,2025-07-06 03:00:00+02:00,4.7784121831258135
b0d968cd-ded3-4953-b99f-2cb5fabd086d,Kurpark - Eingang Sprudelhof,2025-07-06 04:00:00+02:00,4.72182822227478
b0d968cd-ded3-4953-b99f-2cb5fabd086d,Kurpark - Eingang Sprudelhof,2025-07-06 05:00:00+02:00,4.882955312728882
b0d968cd-ded3-4953-b99f-2cb5fabd086d,Kurpark - Eingang Sprudelhof,2025-07-06 06:00:00+02:00,7.8873928387959795
b0d968cd-ded3-4953-b99f-2cb5fabd086d,Kurpark - Eingang Sprudelhof,2025-07-06 07:00:00+02:00,16.28904954592387
b0d968cd-ded3-4953-b99f-2cb5fabd086d,Kurpark - Eingang Sprudelhof,2025-07-06 08:00:00+02:00,23.329768180847168
b0d968cd-ded3-4953-b99f-2cb5fabd086d,Kurpark - Eingang Sprudelhof,2025-07-06 09:00:00+02:00,15.002953370412191
b0d968cd-ded3-4953-b99f-2cb5fabd086d,Kurpark - Eingang Sprudelhof,2025-07-06 10:00:00+02:00,40.71393712361654
b0d968cd-ded3-4953-b99f-2cb5fabd086d,Kurpark - Eingang Sprudelhof,2025-07-06 11:00:00+02:00,55.791072845458984
b0d968cd-ded3-4953-b99f-2cb5fabd086d,Kurpark - Eingang Sprudelhof,2025-07-06 12:00:00+02:00,14.215530395507812
b0d968cd-ded3-4953-b99f-2cb5fabd086d,Kurpark - Eingang Sprudelhof,2025-07-06 13:00:00+02:00,36.12441190083822
b0d968cd-ded3-4953-b99f-2cb5fabd086d,Kurpark - Eingang Sprudelhof,2025-07-06 14:00:00+02:00,15.900001525878906
b0d968cd-ded3-4953-b99f-2cb5fabd086d,Kurpark - Eingang Sprudelhof,2025-07-06 15:00:00+02:00,22.640475591023762
b0d968cd-ded3-4953-b99f-2cb5fabd086d,Kurpark - Eingang Sprudelhof,2025-07-06 16:00:00+02:00,33.81675879160563
b0d968cd-ded3-4953-b99f-2cb5fabd086d,Kurpark - Eingang Sprudelhof,2025-07-06 17:00:00+02:00,7.183258215586345
b0d968cd-ded3-4953-b99f-2cb5fabd086d,Kurpark - Eingang Sprudelhof,2025-07-06 18:00:00+02:00,6.760374069213867
b0d968cd-ded3-4953-b99f-2cb5fabd086d,Kurpark - Eingang Sprudelhof,2025-07-06 19:00:00+02:00,8.169099966684977
b0d968cd-ded3-4953-b99f-2cb5fabd086d,Kurpark - Eingang Sprudelhof,2025-07-06 20:00:00+02:00,7.948840141296387
b0d968cd-ded3-4953-b99f-2cb5fabd086d,Kurpark - Eingang Sprudelhof,2025-07-06 21:00:00+02:00,11.110910177230833
b0d968cd-ded3-4953-b99f-2cb5fabd086d,Kurpark - Eingang Sprudelhof,2025-07-06 22:00:00+02:00,6.701154947280884
b0d968cd-ded3-4953-b99f-2cb5fabd086d,Kurpark - Eingang Sprudelhof,2025-07-06 23:00:00+02:00,2.3953933715820312
b0d968cd-ded3-4953-b99f-2cb5fabd086d,Kurpark - Eingang Sprudelhof,2025-07-07 00:00:00+02:00,2.0459412733713784
b0d968cd-ded3-4953-b99f-2cb5fabd086d,Kurpark - Eingang Sprudelhof,2025-07-07 01:00:00+02:00,2.3063575426737466
b0d968cd-ded3-4953-b99f-2cb5fabd086d,Kurpark - Eingang Sprudelhof,2025-07-07 02:00:00+02:00,2.88236935933431
b0d968cd-ded3-4953-b99f-2cb5fabd086d,Kurpark - Eingang Sprudelhof,2025-07-07 03:00:00+02:00,2.9878835678100586
b0d968cd-ded3-4953-b99f-2cb5fabd086d,Kurpark - Eingang Sprudelhof,2025-07-07 04:00:00+02:00,3.643449068069458
b0d968cd-ded3-4953-b99f-2cb5fabd086d,Kurpark - Eingang Sprudelhof,2025-07-07 05:00:00+02:00,5.323424736658732
b0d968cd-ded3-4953-b99f-2cb5fabd086d,Kurpark - Eingang Sprudelhof,2025-07-07 06:00:00+02:00,5.882241249084473
b0d968cd-ded3-4953-b99f-2cb5fabd086d,Kurpark - Eingang Sprudelhof,2025-07-07 07:00:00+02:00,8.742654561996455
b0d968cd-ded3-4953-b99f-2cb5fabd086d,Kurpark - Eingang Sprudelhof,2025-07-07 08:00:00+02:00,22.26783545811971
b0d968cd-ded3-4953-b99f-2cb5fabd086d,Kurpark - Eingang Sprudelhof,2025-07-07 09:00:00+02:00,19.600419680277508
b0d968cd-ded3-4953-b99f-2cb5fabd086d,Kurpark - Eingang Sprudelhof,2025-07-07 10:00:00+02:00,10.863855044047037
b0d968cd-ded3-4953-b99f-2cb5fabd086d,Kurpark - Eingang Sprudelhof,2025-07-07 11:00:00+02:00,24.18913761774699
b0d968cd-ded3-4953-b99f-2cb5fabd086d,Kurpark - Eingang Sprudelhof,2025-07-07 12:00:00+02:00,31.223954677581787
b0d968cd-ded3-4953-b99f-2cb5fabd086d,Kurpark - Eingang Sprudelhof,2025-07-07 13:00:00+02:00,9.153039932250977
b0d968cd-ded3-4953-b99f-2cb5fabd086d,Kurpark - Eingang Sprudelhof,2025-07-07 14:00:00+02:00,34.39134375254313
b0d968cd-ded3-4953-b99f-2cb5fabd086d,Kurpark - Eingang Sprudelhof,2025-07-07 15:00:00+02:00,5.889200210571289
b0d968cd-ded3-4953-b99f-2cb5fabd086d,Kurpark - Eingang Sprudelhof,2025-07-07 16:00:00+02:00,6.435913721720378
b0d968cd-ded3-4953-b99f-2cb5fabd086d,Kurpark - Eingang Sprudelhof,2025-07-07 17:00:00+02:00,4.832431157430013
b0d968cd-ded3-4953-b99f-2cb5fabd086d,Kurpark - Eingang Sprudelhof,2025-07-07 18:00:00+02:00,11.37091096242269
b0d968cd-ded3-4953-b99f-2cb5fabd086d,Kurpark - Eingang Sprudelhof,2025-07-07 19:00:00+02:00,22.899921894073486
b0d968cd-ded3-4953-b99f-2cb5fabd086d,Kurpark - Eingang Sprudelhof,2025-07-07 20:00:00+02:00,8.847388505935669
b0d968cd-ded3-4953-b99f-2cb5fabd086d,Kurpark - Eingang Sprudelhof,2025-07-07 21:00:00+02:00,7.073817491531372
b0d968cd-ded3-4953-b99f-2cb5fabd086d,Kurpark - Eingang Sprudelhof,2025-07-07 22:00:00+02:00,4.129430691401164
b0d968cd-ded3-4953-b99f-2cb5fabd086d,Kurpark - Eingang Sprudelhof,2025-07-07 23:00:00+02:00,2.526902755101522
b0d968cd-ded3-4953-b99f-2cb5fabd086d,Kurpark - Eingang Sprudelhof,2025-07-08 00:00:00+02:00,2.0072445074717202
b0d968cd-ded3-4953-b99f-2cb5fabd086d,Kurpark - Eingang Sprudelhof,2025-07-08 01:00:00+02:00,1.3302377065022786
b0d968cd-ded3-4953-b99f-2cb5fabd086d,Kurpark - Eingang Sprudelhof,2025-07-08 02:00:00+02:00,1.6821826299031575
b0d968cd-ded3-4953-b99f-2cb5fabd086d,Kurpark - Eingang Sprudelhof,2025-07-08 03:00:00+02:00,3.6416091918945312
b0d968cd-ded3-4953-b99f-2cb5fabd086d,Kurpark - Eingang Sprudelhof,2025-07-08 04:00:00+02:00,8.081213315327963
b0d968cd-ded3-4953-b99f-2cb5fabd086d,Kurpark - Eingang Sprudelhof,2025-07-08 05:00:00+02:00,9.053717772165934
b0d968cd-ded3-4953-b99f-2cb5fabd086d,Kurpark - Eingang Sprudelhof,2025-07-08 06:00:00+02:00,7.489847739537557
b0d968cd-ded3-4953-b99f-2cb5fabd086d,Kurpark - Eingang Sprudelhof,2025-07-08 07:00:00+02:00,14.246365944544474
b0d968cd-ded3-4953-b99f-2cb5fabd086d,Kurpark - Eingang Sprudelhof,2025-07-08 08:00:00+02:00,31.797375520070393
b0d968cd-ded3-4953-b99f-2cb5fabd086d,Kurpark - Eingang Sprudelhof,2025-07-08 09:00:00+02:00,27.938886006673176
b0d968cd-ded3-4953-b99f-2cb5fabd086d,Kurpark - Eingang Sprudelhof,2025-07-08 10:00:00+02:00,5.762997468312581
b0d968cd-ded3-4953-b99f-2cb5fabd086d,Kurpark - Eingang Sprudelhof,2025-07-08 11:00:00+02:00,29.093270301818848
b0d968cd-ded3-4953-b99f-2cb5fabd086d,Kurpark - Eingang Sprudelhof,2025-07-08 12:00:00+02:00,18.005314191182453
b0d968cd-ded3-4953-b99f-2cb5fabd086d,Kurpark - Eingang Sprudelhof,2025-07-08 13:00:00+02:00,13.969961166381836
b0d968cd-ded3-4953-b99f-2cb5fabd086d,Kurpark - Eingang Sprudelhof,2025-07-08 14:00:00+02:00,26.188702901204426
b0d968cd-ded3-4953-b99f-2cb5fabd086d,Kurpark - Eingang Sprudelhof,2025-07-08 15:00:00+02:00,46.94292958577474
b0d968cd-ded3-4953-b99f-2cb5fabd086d,Kurpark - Eingang Sprudelhof,2025-07-08 16:00:00+02:00,2.8592098553975425
b0d968cd-ded3-4953-b99f-2cb5fabd086d,Kurpark - Eingang Sprudelhof,2025-07-08 17:00:00+02:00,16.10139226913452
b0d968cd-ded3-4953-b99f-2cb5fabd086d,Kurpark - Eingang Sprudelhof,2025-07-08 18:00:00+02:00,7.67893632253011
b0d968cd-ded3-4953-b99f-2cb5fabd086d,Kurpark - Eingang Sprudelhof,2025-07-08 19:00:00+02:00,16.76557946205139
b0d968cd-ded3-4953-b99f-2cb5fabd086d,Kurpark - Eingang Sprudelhof,2025-07-08 20:00:00+02:00,7.857985019683838
b0d968cd-ded3-4953-b99f-2cb5fabd086d,Kurpark - Eingang Sprudelhof,2025-07-08 21:00:00+02:00,4.7893772919972735
b0d968cd-ded3-4953-b99f-2cb5fabd086d,Kurpark - Eingang Sprudelhof,2025-07-08 22:00:00+02:00,4.161475261052449
b0d968cd-ded3-4953-b99f-2cb5fabd086d,Kurpark - Eingang Sprudelhof,2025-07-08 23:00:00+02:00,2.3907059033711753
b0d968cd-ded3-4953-b99f-2cb5fabd086d,Kurpark - Eingang Sprudelhof,2025-07-09 00:00:00+02:00,2.618886947631836
b0d968cd-ded3-4953-b99f-2cb5fabd086d,Kurpark - Eingang Sprudelhof,2025-07-09 01:00:00+02:00,2.3088040351867676
b0d968cd-ded3-4953-b99f-2cb5fabd086d,Kurpark - Eingang Sprudelhof,2025-07-09 02:00:00+02:00,2.9313411712646484
b0d968cd-ded3-4953-b99f-2cb5fabd086d,Kurpark - Eingang Sprudelhof,2025-07-09 03:00:00+02:00,4.285978317260742
b0d968cd-ded3-4953-b99f-2cb5fabd086d,Kurpark - Eingang Sprudelhof,2025-07-09 04:00:00+02:00,8.688512166341146
b0d968cd-ded3-4953-b99f-2cb5fabd086d,Kurpark - Eingang Sprudelhof,2025-07-09 05:00:00+02:00,6.060781002044678
b0d968cd-ded3-4953-b99f-2cb5fabd086d,Kurpark - Eingang Sprudelhof,2025-07-09 06:00:00+02:00,10.115975220998132
b0d968cd-ded3-4953-b99f-2cb5fabd086d,Kurpark - Eingang Sprudelhof,2025-07-09 07:00:00+02:00,6.120394150416057
b0d968cd-ded3-4953-b99f-2cb5fabd086d,Kurpark - Eingang Sprudelhof,2025-07-09 08:00:00+02:00,19.3792626063029
b0d968cd-ded3-4953-b99f-2cb5fabd086d,Kurpark - Eingang Sprudelhof,2025-07-09 09:00:00+02:00,21.886509736378986
b0d968cd-ded3-4953-b99f-2cb5fabd086d,Kurpark - Eingang Sprudelhof,2025-07-09 10:00:00+02:00,18.223060607910156
b0d968cd-ded3-4953-b99f-2cb5fabd086d,Kurpark - Eingang Sprudelhof,2025-07-09 11:00:00+02:00,2.2525831858317056
b0d968cd-ded3-4953-b99f-2cb5fabd086d,Kurpark - Eingang Sprudelhof,2025-07-09 12:00:00+02:00,9.701185544331869
b0d968cd-ded3-4953-b99f-2cb5fabd086d,Kurpark - Eingang Sprudelhof,2025-07-09 13:00:00+02:00,13.296271165211996
b0d968cd-ded3-4953-b99f-2cb5fabd086d,Kurpark - Eingang Sprudelhof,2025-07-09 14:00:00+02:00,41.56500768661499
b0d968cd-ded3-4953-b99f-2cb5fabd086d,Kurpark - Eingang Sprudelhof,2025-07-09 15:00:00+02:00,28.980676015218098
b0d968cd-ded3-4953-b99f-2cb5fabd086d,Kurpark - Eingang Sprudelhof,2025-07-09 16:00:00+02:00,83.84668207168579
b0d968cd-ded3-4953-b99f-2cb5fabd086d,Kurpark - Eingang Sprudelhof,2025-07-09 17:00:00+02:00,38.97977145512899
b0d968cd-ded3-4953-b99f-2cb5fabd086d,Kurpark - Eingang Sprudelhof,2025-07-09 18:00:00+02:00,32.26748545964559
b0d968cd-ded3-4953-b99f-2cb5fabd086d,Kurpark - Eingang Sprudelhof,2025-07-09 19:00:00+02:00,3.981581528981527
b0d968cd-ded3-4953-b99f-2cb5fabd086d,Kurpark - Eingang Sprudelhof,2025-07-09 20:00:00+02:00,4.415904601414998
b0d968cd-ded3-4953-b99f-2cb5fabd086d,Kurpark - Eingang Sprudelhof,2025-07-09 21:00:00+02:00,4.068849166234334
b0d968cd-ded3-4953-b99f-2cb5fabd086d,Kurpark - Eingang Sprudelhof,2025-07-09 22:00:00+02:00,3.5709051291147866
b0d968cd-ded3-4953-b99f-2cb5fabd086d,Kurpark - Eingang Sprudelhof,2025-07-09 23:00:00+02:00,6.15371052424113
b0d968cd-ded3-4953-b99f-2cb5fabd086d,Kurpark - Eingang Sprudelhof,2025-07-10 00:00:00+02:00,3.5670809745788574
b0d968cd-ded3-4953-b99f-2cb5fabd086d,Kurpark - Eingang Sprudelhof,2025-07-10 01:00:00+02:00,3.84838072458903
b0d968cd-ded3-4953-b99f-2cb5fabd086d,Kurpark - Eingang Sprudelhof,2025-07-10 02:00:00+02:00,4.31641149520874
b0d968cd-ded3-4953-b99f-2cb5fabd086d,Kurpark - Eingang Sprudelhof,2025-07-10 03:00:00+02:00,4.887259324391683
b0d968cd-ded3-4953-b99f-2cb5fabd086d,Kurpark - Eingang Sprudelhof,2025-07-10 04:00:00+02:00,5.501405477523804
b0d968cd-ded3-4953-b99f-2cb5fabd086d,Kurpark - Eingang Sprudelhof,2025-07-10 05:00:00+02:00,5.820735851923625
b0d968cd-ded3-4953-b99f-2cb5fabd086d,Kurpark - Eingang Sprudelhof,2025-07-10 06:00:00+02:00,15.09821597735087
b0d968cd-ded3-4953-b99f-2cb5fabd086d,Kurpark - Eingang Sprudelhof,2025-07-10 07:00:00+02:00,22.038092056910198
b0d968cd-ded3-4953-b99f-2cb5fabd086d,Kurpark - Eingang Sprudelhof,2025-07-10 08:00:00+02:00,22.692832469940186
b0d968cd-ded3-4953-b99f-2cb5fabd086d,Kurpark - Eingang Sprudelhof,2025-07-10 09:00:00+02:00,11.570132573445639
b0d968cd-ded3-4953-b99f-2cb5fabd086d,Kurpark - Eingang Sprudelhof,2025-07-10 10:00:00+02:00,3.853099505106608
b0d968cd-ded3-4953-b99f-2cb5fabd086d,Kurpark - Eingang Sprudelhof,2025-07-10 11:00:00+02:00,9.510544459025065
b0d968cd-ded3-4953-b99f-2cb5fabd086d,Kurpark - Eingang Sprudelhof,2025-07-10 12:00:00+02:00,14.900677998860678
b0d968cd-ded3-4953-b99f-2cb5fabd086d,Kurpark - Eingang Sprudelhof,2025-07-10 13:00:00+02:00,33.413618405659996
b0d968cd-ded3-4953-b99f-2cb5fabd086d,Kurpark - Eingang Sprudelhof,2025-07-10 14:00:00+02:00,5.382747332255046
b0d968cd-ded3-4953-b99f-2cb5fabd086d,Kurpark - Eingang Sprudelhof,2025-07-10 15:00:00+02:00,74.00613435109456
b0d968cd-ded3-4953-b99f-2cb5fabd086d,Kurpark - Eingang Sprudelhof,2025-07-10 16:00:00+02:00,91.11870733896892
b0d968cd-ded3-4953-b99f-2cb5fabd086d,Kurpark - Eingang Sprudelhof,2025-07-10 17:00:00+02:00,14.368034362792969
b0d968cd-ded3-4953-b99f-2cb5fabd086d,Kurpark - Eingang Sprudelhof,2025-07-10 18:00:00+02:00,10.629202206929525
b0d968cd-ded3-4953-b99f-2cb5fabd086d,Kurpark - Eingang Sprudelhof,2025-07-10 19:00:00+02:00,10.959728240966797
b0d968cd-ded3-4953-b99f-2cb5fabd086d,Kurpark - Eingang Sprudelhof,2025-07-10 20:00:00+02:00,13.721869786580404
b0d968cd-ded3-4953-b99f-2cb5fabd086d,Kurpark - Eingang Sprudelhof,2025-07-10 21:00:00+02:00,5.335095405578613
b0d968cd-ded3-4953-b99f-2cb5fabd086d,Kurpark - Eingang Sprudelhof,2025-07-10 22:00:00+02:00,2.6708590984344482
b0d968cd-ded3-4953-b99f-2cb5fabd086d,Kurpark - Eingang Sprudelhof,2025-07-10 23:00:00+02:00,8.207902749379477
b0d968cd-ded3-4953-b99f-2cb5fabd086d,Kurpark - Eingang Sprudelhof,2025-07-11 00:00:00+02:00,2.0830111503601074
b0d968cd-ded3-4953-b99f-2cb5fabd086d,Kurpark - Eingang Sprudelhof,2025-07-11 01:00:00+02:00,4.671656767527263
b0d968cd-ded3-4953-b99f-2cb5fabd086d,Kurpark - Eingang Sprudelhof,2025-07-11 02:00:00+02:00,4.691916465759277
b0d968cd-ded3-4953-b99f-2cb5fabd086d,Kurpark - Eingang Sprudelhof,2025-07-11 03:00:00+02:00,7.040646553039551
b0d968cd-ded3-4953-b99f-2cb5fabd086d,Kurpark - Eingang Sprudelhof,2025-07-11 04:00:00+02:00,7.754789272944133
b0d968cd-ded3-4953-b99f-2cb5fabd086d,Kurpark - Eingang Sprudelhof,2025-07-11 05:00:00+02:00,6.652484734853108
b0d968cd-ded3-4953-b99f-2cb5fabd086d,Kurpark - Eingang Sprudelhof,2025-07-11 06:00:00+02:00,16.549770911534626
b0d968cd-ded3-4953-b99f-2cb5fabd086d,Kurpark - Eingang Sprudelhof,2025-07-11 07:00:00+02:00,29.704644838968914
b0d968cd-ded3-4953-b99f-2cb5fabd086d,Kurpark - Eingang Sprudelhof,2025-07-11 08:00:00+02:00,33.46419811248779
b0d968cd-ded3-4953-b99f-2cb5fabd086d,Kurpark - Eingang Sprudelhof,2025-07-11 09:00:00+02:00,22.351608276367188
b0d968cd-ded3-4953-b99f-2cb5fabd086d,Kurpark - Eingang Sprudelhof,2025-07-11 10:00:00+02:00,7.100019454956055
b0d968cd-ded3-4953-b99f-2cb5fabd086d,Kurpark - Eingang Sprudelhof,2025-07-11 11:00:00+02:00,8.398557345072428
b0d968cd-ded3-4953-b99f-2cb5fabd086d,Kurpark - Eingang Sprudelhof,2025-07-11 12:00:00+02:00,4.416741371154785
b0d968cd-ded3-4953-b99f-2cb5fabd086d,Kurpark - Eingang Sprudelhof,2025-07-11 13:00:00+02:00,8.542719205220541
b0d968cd-ded3-4953-b99f-2cb5fabd086d,Kurpark - Eingang Sprudelhof,2025-07-11 14:00:00+02:00,37.18049589792887
b0d968cd-ded3-4953-b99f-2cb5fabd086d,Kurpark - Eingang Sprudelhof,2025-07-11 15:00:00+02:00,10.882022857666016
b0d968cd-ded3-4953-b99f-2cb5fabd086d,Kurpark - Eingang Sprudelhof,2025-07-11 16:00:00+02:00,27.251773516337078
b0d968cd-ded3-4953-b99f-2cb5fabd086d,Kurpark - Eingang Sprudelhof,2025-07-11 17:00:00+02:00,74.80885028839111
b0d968cd-ded3-4953-b99f-2cb5fabd086d,Kurpark - Eingang Sprudelhof,2025-07-11 18:00:00+02:00,11.7963973681132
b0d968cd-ded3-4953-b99f-2cb5fabd086d,Kurpark - Eingang Sprudelhof,2025-07-11 19:00:00+02:00,10.40481694539388
b0d968cd-ded3-4953-b99f-2cb5fabd086d,Kurpark - Eingang Sprudelhof,2025-07-11 20:00:00+02:00,7.075723330179851
b0d968cd-ded3-4953-b99f-2cb5fabd086d,Kurpark - Eingang Sprudelhof,2025-07-11 21:00:00+02:00,11.281671603520707
b0d968cd-ded3-4953-b99f-2cb5fabd086d,Kurpark - Eingang Sprudelhof,2025-07-11 22:00:00+02:00,11.52435827255249
b0d968cd-ded3-4953-b99f-2cb5fabd086d,Kurpark - Eingang Sprudelhof,2025-07-11 23:00:00+02:00,9.850759108861288
b0d968cd-ded3-4953-b99f-2cb5fabd086d,Kurpark - Eingang Sprudelhof,2025-07-12 00:00:00+02:00,2.8978918393452964
b0d968cd-ded3-4953-b99f-2cb5fabd086d,Kurpark - Eingang Sprudelhof,2025-07-12 01:00:00+02:00,6.250535090764363
b0d968cd-ded3-4953-b99f-2cb5fabd086d,Kurpark - Eingang Sprudelhof,2025-07-12 02:00:00+02:00,4.973189989725749
b0d968cd-ded3-4953-b99f-2cb5fabd086d,Kurpark - Eingang Sprudelhof,2025-07-12 03:00:00+02:00,4.211615562438965
b0d968cd-ded3-4953-b99f-2cb5fabd086d,Kurpark - Eingang Sprudelhof,2025-07-12 04:00:00+02:00,6.034844795862834
b0d968cd-ded3-4953-b99f-2cb5fabd086d,Kurpark - Eingang Sprudelhof,2025-07-12 05:00:00+02:00,5.4729240735371905
b0d968cd-ded3-4953-b99f-2cb5fabd086d,Kurpark - Eingang Sprudelhof,2025-07-12 06:00:00+02:00,10.329883337020874
b0d968cd-ded3-4953-b99f-2cb5fabd086d,Kurpark - Eingang Sprudelhof,2025-07-12 07:00:00+02:00,7.337165911992391
b0d968cd-ded3-4953-b99f-2cb5fabd086d,Kurpark - Eingang Sprudelhof,2025-07-12 08:00:00+02:00,21.574501911799114
b0d968cd-ded3-4953-b99f-2cb5fabd086d,Kurpark - Eingang Sprudelhof,2025-07-12 09:00:00+02:00,17.802157878875732
b0d968cd-ded3-4953-b99f-2cb5fabd086d,Kurpark - Eingang Sprudelhof,2025-07-12 10:00:00+02:00,73.98621813456218
b0d968cd-ded3-4953-b99f-2cb5fabd086d,Kurpark - Eingang Sprudelhof,2025-07-12 11:00:00+02:00,11.476469357808432
b0d968cd-ded3-4953-b99f-2cb5fabd086d,Kurpark - Eingang Sprudelhof,2025-07-12 12:00:00+02:00,23.75299326578776
b0d968cd-ded3-4953-b99f-2cb5fabd086d,Kurpark - Eingang Sprudelhof,2025-07-12 13:00:00+02:00,11.025220235188803
b0d968cd-ded3-4953-b99f-2cb5fabd086d,Kurpark - Eingang Sprudelhof,2025-07-12 14:00:00+02:00,24.5786927541097
b0d968cd-ded3-4953-b99f-2cb5fabd086d,Kurpark - Eingang Sprudelhof,2025-07-12 15:00:00+02:00,58.80089886983236
b0d968cd-ded3-4953-b99f-2cb5fabd086d,Kurpark - Eingang Sprudelhof,2025-07-12 16:00:00+02:00,74.6161101659139
b0d968cd-ded3-4953-b99f-2cb5fabd086d,Kurpark - Eingang Sprudelhof,2025-07-12 17:00:00+02:00,47.00463883082072
b0d968cd-ded3-4953-b99f-2cb5fabd086d,Kurpark - Eingang Sprudelhof,2025-07-12 18:00:00+02:00,20.72503932317098
b0d968cd-ded3-4953-b99f-2cb5fabd086d,Kurpark - Eingang Sprudelhof,2025-07-12 19:00:00+02:00,9.835965951283773
b0d968cd-ded3-4953-b99f-2cb5fabd086d,Kurpark - Eingang Sprudelhof,2025-07-12 20:00:00+02:00,12.351521968841558
b0d968cd-ded3-4953-b99f-2cb5fabd086d,Kurpark - Eingang Sprudelhof,2025-07-12 21:00:00+02:00,8.082747220993042
b0d968cd-ded3-4953-b99f-2cb5fabd086d,Kurpark - Eingang Sprudelhof,2025-07-12 22:00:00+02:00,4.376691659291585
b0d968cd-ded3-4953-b99f-2cb5fabd086d,Kurpark - Eingang Sprudelhof,2025-07-12 23:00:00+02:00,5.411948204040527
b0d968cd-ded3-4953-b99f-2cb5fabd086d,Kurpark - Eingang Sprudelhof,2025-07-13 00:00:00+02:00,3.521710475285848
b0d968cd-ded3-4953-b99f-2cb5fabd086d,Kurpark - Eingang Sprudelhof,2025-07-13 01:00:00+02:00,3.3414602279663086
b0d968cd-ded3-4953-b99f-2cb5fabd086d,Kurpark - Eingang Sprudelhof,2025-07-13 02:00:00+02:00,4.64620304107666
b0d968cd-ded3-4953-b99f-2cb5fabd086d,Kurpark - Eingang Sprudelhof,2025-07-13 03:00:00+02:00,4.51587262360946
b0d968cd-ded3-4953-b99f-2cb5fabd086d,Kurpark - Eingang Sprudelhof,2025-07-13 04:00:00+02:00,4.528459548950195
b0d968cd-ded3-4953-b99f-2cb5fabd086d,Kurpark - Eingang Sprudelhof,2025-07-13 05:00:00+02:00,4.415770394461496
b0d968cd-ded3-4953-b99f-2cb5fabd086d,Kurpark - Eingang Sprudelhof,2025-07-13 06:00:00+02:00,8.65104055404663
b0d968cd-ded3-4953-b99f-2cb5fabd086d,Kurpark - Eingang Sprudelhof,2025-07-13 07:00:00+02:00,17.479386480231035
b0d968cd-ded3-4953-b99f-2cb5fabd086d,Kurpark - Eingang Sprudelhof,2025-07-13 08:00:00+02:00,24.140557818942597
b0d968cd-ded3-4953-b99f-2cb5fabd086d,Kurpark - Eingang Sprudelhof,2025-07-13 09:00:00+02:00,15.13173630658318
b0d968cd-ded3-4953-b99f-2cb5fabd086d,Kurpark - Eingang Sprudelhof,2025-07-13 10:00:00+02:00,39.451090812683105
b0d968cd-ded3-4953-b99f-2cb5fabd086d,Kurpark - Eingang Sprudelhof,2025-07-13 11:00:00+02:00,52.4234619140625
b0d968cd-ded3-4953-b99f-2cb5fabd086d,Kurpark - Eingang Sprudelhof,2025-07-13 12:00:00+02:00,8.566155569893974
b0d968cd-ded3-4953-b99f-2cb5fabd086d,Kurpark - Eingang Sprudelhof,2025-07-13 13:00:00+02:00,41.81049288236178
b0d968cd-ded3-4953-b99f-2cb5fabd086d,Kurpark - Eingang Sprudelhof,2025-07-13 14:00:00+02:00,8.957489013671875
b0d968cd-ded3-4953-b99f-2cb5fabd086d,Kurpark - Eingang Sprudelhof,2025-07-13 15:00:00+02:00,13.937771883877842
b0d968cd-ded3-4953-b99f-2cb5fabd086d,Kurpark - Eingang Sprudelhof,2025-07-13 16:00:00+02:00,28.613385009765626
b0d968cd-ded3-4953-b99f-2cb5fabd086d,Kurpark - Eingang Sprudelhof,2025-07-13 17:00:00+02:00,3.2927652994791665
b0d968cd-ded3-4953-b99f-2cb5fabd086d,Kurpark - Eingang Sprudelhof,2025-07-13 18:00:00+02:00,3.6412312984466553
b0d968cd-ded3-4953-b99f-2cb5fabd086d,Kurpark - Eingang Sprudelhof,2025-07-13 19:00:00+02:00,3.6126395634242465
b0d968cd-ded3-4953-b99f-2cb5fabd086d,Kurpark - Eingang Sprudelhof,2025-07-13 20:00:00+02:00,5.609493255615234
b0d968cd-ded3-4953-b99f-2cb5fabd086d,Kurpark - Eingang Sprudelhof,2025-07-13 21:00:00+02:00,14.760829925537106
b0d968cd-ded3-4953-b99f-2cb5fabd086d,Kurpark - Eingang Sprudelhof,2025-07-13 22:00:00+02:00,7.896267890930176
b0d968cd-ded3-4953-b99f-2cb5fabd086d,Kurpark - Eingang Sprudelhof,2025-07-13 23:00:00+02:00,0.9722150166829427
b0d968cd-ded3-4953-b99f-2cb5fabd086d,Kurpark - Eingang Sprudelhof,2025-07-14 00:00:00+02:00,1.1338119506835938
b0d968cd-ded3-4953-b99f-2cb5fabd086d,Kurpark - Eingang Sprudelhof,2025-07-14 01:00:00+02:00,0.01836395263671875
b40103c5-1f38-4c15-9781-8788ae4790da,Kurpark - Eingang Parkstraße,2025-06-30 03:00:00+02:00,0.6349520683288574
b40103c5-1f38-4c15-9781-8788ae4790da,Kurpark - Eingang Parkstraße,2025-06-30 04:00:00+02:00,1.1536586284637451
b40103c5-1f38-4c15-9781-8788ae4790da,Kurpark - Eingang Parkstraße,2025-06-30 05:00:00+02:00,0.8918005625406901
b40103c5-1f38-4c15-9781-8788ae4790da,Kurpark - Eingang Parkstraße,2025-06-30 06:00:00+02:00,0.7503275871276855
b40103c5-1f38-4c15-9781-8788ae4790da,Kurpark - Eingang Parkstraße,2025-06-30 07:00:00+02:00,3.4480114459991453
b40103c5-1f38-4c15-9781-8788ae4790da,Kurpark - Eingang Parkstraße,2025-06-30 08:00:00+02:00,2.0938456058502197
b40103c5-1f38-4c15-9781-8788ae4790da,Kurpark - Eingang Parkstraße,2025-06-30 09:00:00+02:00,0.5268286296299526
b40103c5-1f38-4c15-9781-8788ae4790da,Kurpark - Eingang Parkstraße,2025-06-30 10:00:00+02:00,7.562681198120117
b40103c5-1f38-4c15-9781-8788ae4790da,Kurpark - Eingang Parkstraße,2025-06-30 11:00:00+02:00,4.38510979546441
b40103c5-1f38-4c15-9781-8788ae4790da,Kurpark - Eingang Parkstraße,2025-06-30 12:00:00+02:00,0.8488799095153808
b40103c5-1f38-4c15-9781-8788ae4790da,Kurpark - Eingang Parkstraße,2025-06-30 13:00:00+02:00,1.4942592274058948
b40103c5-1f38-4c15-9781-8788ae4790da,Kurpark - Eingang Parkstraße,2025-06-30 14:00:00+02:00,4.760228951772054
b40103c5-1f38-4c15-9781-8788ae4790da,Kurpark - Eingang Parkstraße,2025-06-30 15:00:00+02:00,1.8250045776367188
b40103c5-1f38-4c15-9781-8788ae4790da,Kurpark - Eingang Parkstraße,2025-06-30 16:00:00+02:00,5.768853187561035
b40103c5-1f38-4c15-9781-8788ae4790da,Kurpark - Eingang Parkstraße,2025-06-30 17:00:00+02:00,2.46268850962321
b40103c5-1f38-4c15-9781-8788ae4790da,Kurpark - Eingang Parkstraße,2025-06-30 18:00:00+02:00,7.80575892329216
b40103c5-1f38-4c15-9781-8788ae4790da,Kurpark - Eingang Parkstraße,2025-06-30 19:00:00+02:00,1.6717306024887983
b40103c5-1f38-4c15-9781-8788ae4790da,Kurpark - Eingang Parkstraße,2025-06-30 20:00:00+02:00,1.9233154985639784
b40103c5-1f38-4c15-9781-8788ae4790da,Kurpark - Eingang Parkstraße,2025-06-30 21:00:00+02:00,1.4511844233462685
b40103c5-1f38-4c15-9781-8788ae4790da,Kurpark - Eingang Parkstraße,2025-06-30 22:00:00+02:00,2.4488799214363097
b40103c5-1f38-4c15-9781-8788ae4790da,Kurpark - Eingang Parkstraße,2025-06-30 23:00:00+02:00,3.1611225491478327
b40103c5-1f38-4c15-9781-8788ae4790da,Kurpark - Eingang Parkstraße,2025-07-01 00:00:00+02:00,3.660596153952859
b40103c5-1f38-4c15-9781-8788ae4790da,Kurpark - Eingang Parkstraße,2025-07-01 01:00:00+02:00,1.0226447478584622
b40103c5-1f38-4c15-9781-8788ae4790da,Kurpark - Eingang Parkstraße,2025-07-01 02:00:00+02:00,0.22799577315648398
b40103c5-1f38-4c15-9781-8788ae4790da,Kurpark - Eingang Parkstraße,2025-07-01 03:00:00+02:00,0.8857631683349609
b40103c5-1f38-4c15-9781-8788ae4790da,Kurpark - Eingang Parkstraße,2025-07-01 04:00:00+02:00,0.9086523254712423
b40103c5-1f38-4c15-9781-8788ae4790da,Kurpark - Eingang Parkstraße,2025-07-01 05:00:00+02:00,0.489789883295695
b40103c5-1f38-4c15-9781-8788ae4790da,Kurpark - Eingang Parkstraße,2025-07-01 06:00:00+02:00,0.6844336092472076
b40103c5-1f38-4c15-9781-8788ae4790da,Kurpark - Eingang Parkstraße,2025-07-01 07:00:00+02:00,1.9265158375104268
b40103c5-1f38-4c15-9781-8788ae4790da,Kurpark - Eingang Parkstraße,2025-07-01 08:00:00+02:00,6.304377734661102
b40103c5-1f38-4c15-9781-8788ae4790da,Kurpark - Eingang Parkstraße,2025-07-01 09:00:00+02:00,3.7536316315333047
b40103c5-1f38-4c15-9781-8788ae4790da,Kurpark - Eingang Parkstraße,2025-07-01 10:00:00+02:00,8.469168186187744
b40103c5-1f38-4c15-9781-8788ae4790da,Kurpark - Eingang Parkstraße,2025-07-01 11:00:00+02:00,3.9917134046554565
b40103c5-1f38-4c15-9781-8788ae4790da,Kurpark - Eingang Parkstraße,2025-07-01 12:00:00+02:00,2.9798436959584556
b40103c5-1f38-4c15-9781-8788ae4790da,Kurpark - Eingang Parkstraße,2025-07-01 13:00:00+02:00,8.60049561659495
b40103c5-1f38-4c15-9781-8788ae4790da,Kurpark - Eingang Parkstraße,2025-07-01 14:00:00+02:00,7.0094190041224165
b40103c5-1f38-4c15-9781-8788ae4790da,Kurpark - Eingang Parkstraße,2025-07-01 15:00:00+02:00,2.30998702843984
b40103c5-1f38-4c15-9781-8788ae4790da,Kurpark - Eingang Parkstraße,2025-07-01 16:00:00+02:00,2.4817842642466226
b40103c5-1f38-4c15-9781-8788ae4790da,Kurpark - Eingang Parkstraße,2025-07-01 17:00:00+02:00,0.7663472890853882
b40103c5-1f38-4c15-9781-8788ae4790da,Kurpark - Eingang Parkstraße,2025-07-01 18:00:00+02:00,1.0938101808230083
b40103c5-1f38-4c15-9781-8788ae4790da,Kurpark - Eingang Parkstraße,2025-07-01 19:00:00+02:00,4.56427389383316
b40103c5-1f38-4c15-9781-8788ae4790da,Kurpark - Eingang Parkstraße,2025-07-01 20:00:00+02:00,0.9451300998528799
b40103c5-1f38-4c15-9781-8788ae4790da,Kurpark - Eingang Parkstraße,2025-07-01 21:00:00+02:00,1.1120296518007915
b40103c5-1f38-4c15-9781-8788ae4790da,Kurpark - Eingang Parkstraße,2025-07-01 22:00:00+02:00,0.8970411419868469
b40103c5-1f38-4c15-9781-8788ae4790da,Kurpark - Eingang Parkstraße,2025-07-01 23:00:00+02:00,0.23862687746683756
b40103c5-1f38-4c15-9781-8788ae4790da,Kurpark - Eingang Parkstraße,2025-07-02 00:00:00+02:00,0.6483397881189982
b40103c5-1f38-4c15-9781-8788ae4790da,Kurpark - Eingang Parkstraße,2025-07-02 01:00:00+02:00,0.23725247383117676
b40103c5-1f38-4c15-9781-8788ae4790da,Kurpark - Eingang Parkstraße,2025-07-02 02:00:00+02:00,0.2777993083000183
b40103c5-1f38-4c15-9781-8788ae4790da,Kurpark - Eingang Parkstraße,2025-07-02 03:00:00+02:00,0.5085445642471313
b40103c5-1f38-4c15-9781-8788ae4790da,Kurpark - Eingang Parkstraße,2025-07-02 04:00:00+02:00,1.3128782908121746
b40103c5-1f38-4c15-9781-8788ae4790da,Kurpark - Eingang Parkstraße,2025-07-02 05:00:00+02:00,2.629187524318695
b40103c5-1f38-4c15-9781-8788ae4790da,Kurpark - Eingang Parkstraße,2025-07-02 06:00:00+02:00,0.7769615650177002
b40103c5-1f38-4c15-9781-8788ae4790da,Kurpark - Eingang Parkstraße,2025-07-02 07:00:00+02:00,1.5428390105565388
b40103c5-1f38-4c15-9781-8788ae4790da,Kurpark - Eingang Parkstraße,2025-07-02 08:00:00+02:00,4.907546957333882
b40103c5-1f38-4c15-9781-8788ae4790da,Kurpark - Eingang Parkstraße,2025-07-02 09:00:00+02:00,4.678171177705129
b40103c5-1f38-4c15-9781-8788ae4790da,Kurpark - Eingang Parkstraße,2025-07-02 10:00:00+02:00,5.781219204266866
b40103c5-1f38-4c15-9781-8788ae4790da,Kurpark - Eingang Parkstraße,2025-07-02 11:00:00+02:00,7.312837998072307
b40103c5-1f38-4c15-9781-8788ae4790da,Kurpark - Eingang Parkstraße,2025-07-02 12:00:00+02:00,8.369792262713114
b40103c5-1f38-4c15-9781-8788ae4790da,Kurpark - Eingang Parkstraße,2025-07-02 13:00:00+02:00,7.140117526054382
b40103c5-1f38-4c15-9781-8788ae4790da,Kurpark - Eingang Parkstraße,2025-07-02 14:00:00+02:00,6.798720955848694
b40103c5-1f38-4c15-9781-8788ae4790da,Kurpark - Eingang Parkstraße,2025-07-02 15:00:00+02:00,6.429226199785869
b40103c5-1f38-4c15-9781-8788ae4790da,Kurpark - Eingang Parkstraße,2025-07-02 16:00:00+02:00,6.002949118614197
b40103c5-1f38-4c15-9781-8788ae4790da,Kurpark - Eingang Parkstraße,2025-07-02 17:00:00+02:00,2.4163460731506348
b40103c5-1f38-4c15-9781-8788ae4790da,Kurpark - Eingang Parkstraße,2025-07-02 18:00:00+02:00,4.542811314264934
b40103c5-1f38-4c15-9781-8788ae4790da,Kurpark - Eingang Parkstraße,2025-07-02 19:00:00+02:00,3.7393760482470193
b40103c5-1f38-4c15-9781-8788ae4790da,Kurpark - Eingang Parkstraße,2025-07-02 20:00:00+02:00,0.8923619190851847
b40103c5-1f38-4c15-9781-8788ae4790da,Kurpark - Eingang Parkstraße,2025-07-02 21:00:00+02:00,0.7561099727948507
b40103c5-1f38-4c15-9781-8788ae4790da,Kurpark - Eingang Parkstraße,2025-07-02 22:00:00+02:00,0.6697249114513397
b40103c5-1f38-4c15-9781-8788ae4790da,Kurpark - Eingang Parkstraße,2025-07-02 23:00:00+02:00,0.6634783148765564
b40103c5-1f38-4c15-9781-8788ae4790da,Kurpark - Eingang Parkstraße,2025-07-03 00:00:00+02:00,1.3133667906125386
b40103c5-1f38-4c15-9781-8788ae4790da,Kurpark - Eingang Parkstraße,2025-07-03 01:00:00+02:00,1.711163322130839
b40103c5-1f38-4c15-9781-8788ae4790da,Kurpark - Eingang Parkstraße,2025-07-03 02:00:00+02:00,1.8221909999847412
b40103c5-1f38-4c15-9781-8788ae4790da,Kurpark - Eingang Parkstraße,2025-07-03 03:00:00+02:00,1.64686252673467
b40103c5-1f38-4c15-9781-8788ae4790da,Kurpark - Eingang Parkstraße,2025-07-03 04:00:00+02:00,1.1398344437281291
b40103c5-1f38-4c15-9781-8788ae4790da,Kurpark - Eingang Parkstraße,2025-07-03 05:00:00+02:00,0.4522369901339213
b40103c5-1f38-4c15-9781-8788ae4790da,Kurpark - Eingang Parkstraße,2025-07-03 06:00:00+02:00,0.8191277285416921
b40103c5-1f38-4c15-9781-8788ae4790da,Kurpark - Eingang Parkstraße,2025-07-03 07:00:00+02:00,2.2322284479935965
b40103c5-1f38-4c15-9781-8788ae4790da,Kurpark - Eingang Parkstraße,2025-07-03 08:00:00+02:00,3.5508302450180054
b40103c5-1f38-4c15-9781-8788ae4790da,Kurpark - Eingang Parkstraße,2025-07-03 09:00:00+02:00,1.0126807689666748
b40103c5-1f38-4c15-9781-8788ae4790da,Kurpark - Eingang Parkstraße,2025-07-03 10:00:00+02:00,0.9085839589436849
b40103c5-1f38-4c15-9781-8788ae4790da,Kurpark - Eingang Parkstraße,2025-07-03 11:00:00+02:00,2.8869006633758545
b40103c5-1f38-4c15-9781-8788ae4790da,Kurpark - Eingang Parkstraße,2025-07-03 12:00:00+02:00,5.125612020492554
b40103c5-1f38-4c15-9781-8788ae4790da,Kurpark - Eingang Parkstraße,2025-07-03 13:00:00+02:00,5.392833312352498
b40103c5-1f38-4c15-9781-8788ae4790da,Kurpark - Eingang Parkstraße,2025-07-03 14:00:00+02:00,0.7084759076436361
b40103c5-1f38-4c15-9781-8788ae4790da,Kurpark - Eingang Parkstraße,2025-07-03 15:00:00+02:00,2.7814811070760093
b40103c5-1f38-4c15-9781-8788ae4790da,Kurpark - Eingang Parkstraße,2025-07-03 16:00:00+02:00,1.9905249675114949
b40103c5-1f38-4c15-9781-8788ae4790da,Kurpark - Eingang Parkstraße,2025-07-03 17:00:00+02:00,2.977953473726908
b40103c5-1f38-4c15-9781-8788ae4790da,Kurpark - Eingang Parkstraße,2025-07-03 18:00:00+02:00,4.343882282574971
b40103c5-1f38-4c15-9781-8788ae4790da,Kurpark - Eingang Parkstraße,2025-07-03 19:00:00+02:00,2.989525397618612
b40103c5-1f38-4c15-9781-8788ae4790da,Kurpark - Eingang Parkstraße,2025-07-03 20:00:00+02:00,1.700777570406596
b40103c5-1f38-4c15-9781-8788ae4790da,Kurpark - Eingang Parkstraße,2025-07-03 21:00:00+02:00,3.172648082176844
b40103c5-1f38-4c15-9781-8788ae4790da,Kurpark - Eingang Parkstraße,2025-07-03 22:00:00+02:00,2.5572579006354013
b40103c5-1f38-4c15-9781-8788ae4790da,Kurpark - Eingang Parkstraße,2025-07-03 23:00:00+02:00,1.4694520632425945
b40103c5-1f38-4c15-9781-8788ae4790da,Kurpark - Eingang Parkstraße,2025-07-04 00:00:00+02:00,1.2213696042696636
b40103c5-1f38-4c15-9781-8788ae4790da,Kurpark - Eingang Parkstraße,2025-07-04 01:00:00+02:00,0.5323854684829712
b40103c5-1f38-4c15-9781-8788ae4790da,Kurpark - Eingang Parkstraße,2025-07-04 02:00:00+02:00,0.8303501804669698
b40103c5-1f38-4c15-9781-8788ae4790da,Kurpark - Eingang Parkstraße,2025-07-04 03:00:00+02:00,1.1007580359776814
b40103c5-1f38-4c15-9781-8788ae4790da,Kurpark - Eingang Parkstraße,2025-07-04 04:00:00+02:00,1.060059626897176
b40103c5-1f38-4c15-9781-8788ae4790da,Kurpark - Eingang Parkstraße,2025-07-04 05:00:00+02:00,1.190098802248637
b40103c5-1f38-4c15-9781-8788ae4790da,Kurpark - Eingang Parkstraße,2025-07-04 06:00:00+02:00,1.5438048144181569
b40103c5-1f38-4c15-9781-8788ae4790da,Kurpark - Eingang Parkstraße,2025-07-04 07:00:00+02:00,1.9600023130575817
b40103c5-1f38-4c15-9781-8788ae4790da,Kurpark - Eingang Parkstraße,2025-07-04 08:00:00+02:00,4.652049879233043
b40103c5-1f38-4c15-9781-8788ae4790da,Kurpark - Eingang Parkstraße,2025-07-04 09:00:00+02:00,8.362622419993082
b40103c5-1f38-4c15-9781-8788ae4790da,Kurpark - Eingang Parkstraße,2025-07-04 10:00:00+02:00,5.1670100291570025
b40103c5-1f38-4c15-9781-8788ae4790da,Kurpark - Eingang Parkstraße,2025-07-04 11:00:00+02:00,1.498646338780721
b40103c5-1f38-4c15-9781-8788ae4790da,Kurpark - Eingang Parkstraße,2025-07-04 12:00:00+02:00,8.850965023040771
b40103c5-1f38-4c15-9781-8788ae4790da,Kurpark - Eingang Parkstraße,2025-07-04 13:00:00+02:00,4.757073084513347
b40103c5-1f38-4c15-9781-8788ae4790da,Kurpark - Eingang Parkstraße,2025-07-04 14:00:00+02:00,5.751094698905945
b40103c5-1f38-4c15-9781-8788ae4790da,Kurpark - Eingang Parkstraße,2025-07-04 15:00:00+02:00,10.006422360738119
b40103c5-1f38-4c15-9781-8788ae4790da,Kurpark - Eingang Parkstraße,2025-07-04 16:00:00+02:00,1.0975202322006226
b40103c5-1f38-4c15-9781-8788ae4790da,Kurpark - Eingang Parkstraße,2025-07-04 17:00:00+02:00,15.794484297434488
b40103c5-1f38-4c15-9781-8788ae4790da,Kurpark - Eingang Parkstraße,2025-07-04 18:00:00+02:00,8.955650607744852
b40103c5-1f38-4c15-9781-8788ae4790da,Kurpark - Eingang Parkstraße,2025-07-04 19:00:00+02:00,4.745681484540303
b40103c5-1f38-4c15-9781-8788ae4790da,Kurpark - Eingang Parkstraße,2025-07-04 20:00:00+02:00,7.341984669367473
b40103c5-1f38-4c15-9781-8788ae4790da,Kurpark - Eingang Parkstraße,2025-07-04 21:00:00+02:00,6.1706187923749285
b40103c5-1f38-4c15-9781-8788ae4790da,Kurpark - Eingang Parkstraße,2025-07-04 22:00:00+02:00,2.295838604370753
b40103c5-1f38-4c15-9781-8788ae4790da,Kurpark - Eingang Parkstraße,2025-07-04 23:00:00+02:00,2.3988066911697388
b40103c5-1f38-4c15-9781-8788ae4790da,Kurpark - Eingang Parkstraße,2025-07-05 00:00:00+02:00,1.6137571930885315
b40103c5-1f38-4c15-9781-8788ae4790da,Kurpark - Eingang Parkstraße,2025-07-05 01:00:00+02:00,0.8924904465675354
b40103c5-1f38-4c15-9781-8788ae4790da,Kurpark - Eingang Parkstraße,2025-07-05 02:00:00+02:00,2.4611308375994363
b40103c5-1f38-4c15-9781-8788ae4790da,Kurpark - Eingang Parkstraße,2025-07-05 03:00:00+02:00,0.6706343293190002
b40103c5-1f38-4c15-9781-8788ae4790da,Kurpark - Eingang Parkstraße,2025-07-05 04:00:00+02:00,0.8893113533655802
b40103c5-1f38-4c15-9781-8788ae4790da,Kurpark - Eingang Parkstraße,2025-07-05 05:00:00+02:00,0.9726836284001669
b40103c5-1f38-4c15-9781-8788ae4790da,Kurpark - Eingang Parkstraße,2025-07-05 06:00:00+02:00,0.7170933286348978
b40103c5-1f38-4c15-9781-8788ae4790da,Kurpark - Eingang Parkstraße,2025-07-05 07:00:00+02:00,1.3391706148783367
b40103c5-1f38-4c15-9781-8788ae4790da,Kurpark - Eingang Parkstraße,2025-07-05 08:00:00+02:00,4.263478140036265
b40103c5-1f38-4c15-9781-8788ae4790da,Kurpark - Eingang Parkstraße,2025-07-05 09:00:00+02:00,2.982353409131368
b40103c5-1f38-4c15-9781-8788ae4790da,Kurpark - Eingang Parkstraße,2025-07-05 10:00:00+02:00,12.958929101626078
b40103c5-1f38-4c15-9781-8788ae4790da,Kurpark - Eingang Parkstraße,2025-07-05 11:00:00+02:00,4.10472846031189
b40103c5-1f38-4c15-9781-8788ae4790da,Kurpark - Eingang Parkstraße,2025-07-05 12:00:00+02:00,8.47554874420166
b40103c5-1f38-4c15-9781-8788ae4790da,Kurpark - Eingang Parkstraße,2025-07-05 13:00:00+02:00,9.830670515696207
b40103c5-1f38-4c15-9781-8788ae4790da,Kurpark - Eingang Parkstraße,2025-07-05 14:00:00+02:00,19.097788095474243
b40103c5-1f38-4c15-9781-8788ae4790da,Kurpark - Eingang Parkstraße,2025-07-05 15:00:00+02:00,8.739885449409478
b40103c5-1f38-4c15-9781-8788ae4790da,Kurpark - Eingang Parkstraße,2025-07-05 16:00:00+02:00,4.033320983250936
b40103c5-1f38-4c15-9781-8788ae4790da,Kurpark - Eingang Parkstraße,2025-07-05 17:00:00+02:00,1.25363556543986
b40103c5-1f38-4c15-9781-8788ae4790da,Kurpark - Eingang Parkstraße,2025-07-05 18:00:00+02:00,6.142371296882629
b40103c5-1f38-4c15-9781-8788ae4790da,Kurpark - Eingang Parkstraße,2025-07-05 19:00:00+02:00,3.775495946407318
b40103c5-1f38-4c15-9781-8788ae4790da,Kurpark - Eingang Parkstraße,2025-07-05 20:00:00+02:00,4.006641983985901
b40103c5-1f38-4c15-9781-8788ae4790da,Kurpark - Eingang Parkstraße,2025-07-05 21:00:00+02:00,0.9682881633440653
b40103c5-1f38-4c15-9781-8788ae4790da,Kurpark - Eingang Parkstraße,2025-07-05 22:00:00+02:00,0.7946028908093771
b40103c5-1f38-4c15-9781-8788ae4790da,Kurpark - Eingang Parkstraße,2025-07-05 23:00:00+02:00,1.2027501265207927
b40103c5-1f38-4c15-9781-8788ae4790da,Kurpark - Eingang Parkstraße,2025-07-06 00:00:00+02:00,0.7920006116231283
b40103c5-1f38-4c15-9781-8788ae4790da,Kurpark - Eingang Parkstraße,2025-07-06 01:00:00+02:00,0.673708458741506
b40103c5-1f38-4c15-9781-8788ae4790da,Kurpark - Eingang Parkstraße,2025-07-06 02:00:00+02:00,2.9143692453702292
b40103c5-1f38-4c15-9781-8788ae4790da,Kurpark - Eingang Parkstraße,2025-07-06 03:00:00+02:00,1.1255150238672893
b40103c5-1f38-4c15-9781-8788ae4790da,Kurpark - Eingang Parkstraße,2025-07-06 04:00:00+02:00,0.8645932674407959
b40103c5-1f38-4c15-9781-8788ae4790da,Kurpark - Eingang Parkstraße,2025-07-06 05:00:00+02:00,0.960447092851003
b40103c5-1f38-4c15-9781-8788ae4790da,Kurpark - Eingang Parkstraße,2025-07-06 06:00:00+02:00,0.8550064365069071
b40103c5-1f38-4c15-9781-8788ae4790da,Kurpark - Eingang Parkstraße,2025-07-06 07:00:00+02:00,2.523700843254725
b40103c5-1f38-4c15-9781-8788ae4790da,Kurpark - Eingang Parkstraße,2025-07-06 08:00:00+02:00,1.115904947121938
b40103c5-1f38-4c15-9781-8788ae4790da,Kurpark - Eingang Parkstraße,2025-07-06 09:00:00+02:00,1.37514595190684
b40103c5-1f38-4c15-9781-8788ae4790da,Kurpark - Eingang Parkstraße,2025-07-06 10:00:00+02:00,6.615355412165324
b40103c5-1f38-4c15-9781-8788ae4790da,Kurpark - Eingang Parkstraße,2025-07-06 11:00:00+02:00,13.114285945892334
b40103c5-1f38-4c15-9781-8788ae4790da,Kurpark - Eingang Parkstraße,2025-07-06 12:00:00+02:00,4.876977205276489
b40103c5-1f38-4c15-9781-8788ae4790da,Kurpark - Eingang Parkstraße,2025-07-06 13:00:00+02:00,7.3844194412231445
b40103c5-1f38-4c15-9781-8788ae4790da,Kurpark - Eingang Parkstraße,2025-07-06 14:00:00+02:00,19.789662917455036
b40103c5-1f38-4c15-9781-8788ae4790da,Kurpark - Eingang Parkstraße,2025-07-06 15:00:00+02:00,12.305862426757812
b40103c5-1f38-4c15-9781-8788ae4790da,Kurpark - Eingang Parkstraße,2025-07-06 16:00:00+02:00,1.8815286954243977
b40103c5-1f38-4c15-9781-8788ae4790da,Kurpark - Eingang Parkstraße,2025-07-06 17:00:00+02:00,2.6073038578033447
b40103c5-1f38-4c15-9781-8788ae4790da,Kurpark - Eingang Parkstraße,2025-07-06 18:00:00+02:00,1.6185668309529622
b40103c5-1f38-4c15-9781-8788ae4790da,Kurpark - Eingang Parkstraße,2025-07-06 19:00:00+02:00,1.497027228275935
b40103c5-1f38-4c15-9781-8788ae4790da,Kurpark - Eingang Parkstraße,2025-07-06 20:00:00+02:00,1.5574525892734528
b40103c5-1f38-4c15-9781-8788ae4790da,Kurpark - Eingang Parkstraße,2025-07-06 21:00:00+02:00,1.3796881834665935
b40103c5-1f38-4c15-9781-8788ae4790da,Kurpark - Eingang Parkstraße,2025-07-06 22:00:00+02:00,0.7358282804489136
b40103c5-1f38-4c15-9781-8788ae4790da,Kurpark - Eingang Parkstraße,2025-07-06 23:00:00+02:00,0.5162693858146667
b40103c5-1f38-4c15-9781-8788ae4790da,Kurpark - Eingang Parkstraße,2025-07-07 00:00:00+02:00,1.3689717650413513
b40103c5-1f38-4c15-9781-8788ae4790da,Kurpark - Eingang Parkstraße,2025-07-07 01:00:00+02:00,0.47280798355738324
b40103c5-1f38-4c15-9781-8788ae4790da,Kurpark - Eingang Parkstraße,2025-07-07 02:00:00+02:00,0.4885478615760803
b40103c5-1f38-4c15-9781-8788ae4790da,Kurpark - Eingang Parkstraße,2025-07-07 03:00:00+02:00,0.534469207127889
b40103c5-1f38-4c15-9781-8788ae4790da,Kurpark - Eingang Parkstraße,2025-07-07 04:00:00+02:00,0.5186754663785299
b40103c5-1f38-4c15-9781-8788ae4790da,Kurpark - Eingang Parkstraße,2025-07-07 05:00:00+02:00,0.7751079599062601
b40103c5-1f38-4c15-9781-8788ae4790da,Kurpark - Eingang Parkstraße,2025-07-07 06:00:00+02:00,0.4167982538541158
b40103c5-1f38-4c15-9781-8788ae4790da,Kurpark - Eingang Parkstraße,2025-07-07 07:00:00+02:00,1.816723624865214
b40103c5-1f38-4c15-9781-8788ae4790da,Kurpark - Eingang Parkstraße,2025-07-07 08:00:00+02:00,0.9787153999010721
b40103c5-1f38-4c15-9781-8788ae4790da,Kurpark - Eingang Parkstraße,2025-07-07 09:00:00+02:00,3.914255698521932
b40103c5-1f38-4c15-9781-8788ae4790da,Kurpark - Eingang Parkstraße,2025-07-07 10:00:00+02:00,7.08719543615977
b40103c5-1f38-4c15-9781-8788ae4790da,Kurpark - Eingang Parkstraße,2025-07-07 11:00:00+02:00,6.327935496966044
b40103c5-1f38-4c15-9781-8788ae4790da,Kurpark - Eingang Parkstraße,2025-07-07 12:00:00+02:00,0.8649725914001465
b40103c5-1f38-4c15-9781-8788ae4790da,Kurpark - Eingang Parkstraße,2025-07-07 13:00:00+02:00,3.4264230728149414
b40103c5-1f38-4c15-9781-8788ae4790da,Kurpark - Eingang Parkstraße,2025-07-07 14:00:00+02:00,8.653141895929972
b40103c5-1f38-4c15-9781-8788ae4790da,Kurpark - Eingang Parkstraße,2025-07-07 15:00:00+02:00,4.638004660606384
b40103c5-1f38-4c15-9781-8788ae4790da,Kurpark - Eingang Parkstraße,2025-07-07 16:00:00+02:00,2.507240335146586
b40103c5-1f38-4c15-9781-8788ae4790da,Kurpark - Eingang Parkstraße,2025-07-07 17:00:00+02:00,5.734536290168762
b40103c5-1f38-4c15-9781-8788ae4790da,Kurpark - Eingang Parkstraße,2025-07-07 18:00:00+02:00,8.158655484517416
b40103c5-1f38-4c15-9781-8788ae4790da,Kurpark - Eingang Parkstraße,2025-07-07 19:00:00+02:00,3.2578008274237313
b40103c5-1f38-4c15-9781-8788ae4790da,Kurpark - Eingang Parkstraße,2025-07-07 20:00:00+02:00,2.67802565296491
b40103c5-1f38-4c15-9781-8788ae4790da,Kurpark - Eingang Parkstraße,2025-07-07 21:00:00+02:00,1.7428608338038127
b40103c5-1f38-4c15-9781-8788ae4790da,Kurpark - Eingang Parkstraße,2025-07-07 22:00:00+02:00,2.617637832959493
b40103c5-1f38-4c15-9781-8788ae4790da,Kurpark - Eingang Parkstraße,2025-07-07 23:00:00+02:00,3.2363246083259583
b40103c5-1f38-4c15-9781-8788ae4790da,Kurpark - Eingang Parkstraße,2025-07-08 00:00:00+02:00,3.698338528474172
b40103c5-1f38-4c15-9781-8788ae4790da,Kurpark - Eingang Parkstraße,2025-07-08 01:00:00+02:00,1.0510575771331787
b40103c5-1f38-4c15-9781-8788ae4790da,Kurpark - Eingang Parkstraße,2025-07-08 02:00:00+02:00,0.25490949551264447
b40103c5-1f38-4c15-9781-8788ae4790da,Kurpark - Eingang Parkstraße,2025-07-08 03:00:00+02:00,0.94589896996816
b40103c5-1f38-4c15-9781-8788ae4790da,Kurpark - Eingang Parkstraße,2025-07-08 04:00:00+02:00,0.40930841366449994
b40103c5-1f38-4c15-9781-8788ae4790da,Kurpark - Eingang Parkstraße,2025-07-08 05:00:00+02:00,1.7766606708367665
b40103c5-1f38-4c15-9781-8788ae4790da,Kurpark - Eingang Parkstraße,2025-07-08 06:00:00+02:00,2.271433671315511
b40103c5-1f38-4c15-9781-8788ae4790da,Kurpark - Eingang Parkstraße,2025-07-08 07:00:00+02:00,1.8108211557070415
b40103c5-1f38-4c15-9781-8788ae4790da,Kurpark - Eingang Parkstraße,2025-07-08 08:00:00+02:00,0.8877421220143636
b40103c5-1f38-4c15-9781-8788ae4790da,Kurpark - Eingang Parkstraße,2025-07-08 09:00:00+02:00,6.226238449414571
b40103c5-1f38-4c15-9781-8788ae4790da,Kurpark - Eingang Parkstraße,2025-07-08 10:00:00+02:00,8.525214672088623
b40103c5-1f38-4c15-9781-8788ae4790da,Kurpark - Eingang Parkstraße,2025-07-08 11:00:00+02:00,7.109005292256673
b40103c5-1f38-4c15-9781-8788ae4790da,Kurpark - Eingang Parkstraße,2025-07-08 12:00:00+02:00,0.867547869682312
b40103c5-1f38-4c15-9781-8788ae4790da,Kurpark - Eingang Parkstraße,2025-07-08 13:00:00+02:00,0.47402870655059814
b40103c5-1f38-4c15-9781-8788ae4790da,Kurpark - Eingang Parkstraße,2025-07-08 14:00:00+02:00,9.788172284762064
b40103c5-1f38-4c15-9781-8788ae4790da,Kurpark - Eingang Parkstraße,2025-07-08 15:00:00+02:00,0.556982159614563
b40103c5-1f38-4c15-9781-8788ae4790da,Kurpark - Eingang Parkstraße,2025-07-08 16:00:00+02:00,2.6576935847600303
b40103c5-1f38-4c15-9781-8788ae4790da,Kurpark - Eingang Parkstraße,2025-07-08 17:00:00+02:00,0.6033482948939005
b40103c5-1f38-4c15-9781-8788ae4790da,Kurpark - Eingang Parkstraße,2025-07-08 18:00:00+02:00,1.2966352303822835
b40103c5-1f38-4c15-9781-8788ae4790da,Kurpark - Eingang Parkstraße,2025-07-08 19:00:00+02:00,4.353680332501729
b40103c5-1f38-4c15-9781-8788ae4790da,Kurpark - Eingang Parkstraße,2025-07-08 20:00:00+02:00,0.9853905836741129
b40103c5-1f38-4c15-9781-8788ae4790da,Kurpark - Eingang Parkstraße,2025-07-08 21:00:00+02:00,1.1951586206754048
b40103c5-1f38-4c15-9781-8788ae4790da,Kurpark - Eingang Parkstraße,2025-07-08 22:00:00+02:00,0.9183170199394226
b40103c5-1f38-4c15-9781-8788ae4790da,Kurpark - Eingang Parkstraße,2025-07-08 23:00:00+02:00,0.21356048186620077
b40103c5-1f38-4c15-9781-8788ae4790da,Kurpark - Eingang Parkstraße,2025-07-09 00:00:00+02:00,0.6769884626070658
b40103c5-1f38-4c15-9781-8788ae4790da,Kurpark - Eingang Parkstraße,2025-07-09 01:00:00+02:00,0.23113685846328735
b40103c5-1f38-4c15-9781-8788ae4790da,Kurpark - Eingang Parkstraße,2025-07-09 02:00:00+02:00,0.3208959698677063
b40103c5-1f38-4c15-9781-8788ae4790da,Kurpark - Eingang Parkstraße,2025-07-09 03:00:00+02:00,0.4586483637491862
b40103c5-1f38-4c15-9781-8788ae4790da,Kurpark - Eingang Parkstraße,2025-07-09 04:00:00+02:00,0.9598782261212667
b40103c5-1f38-4c15-9781-8788ae4790da,Kurpark - Eingang Parkstraße,2025-07-09 05:00:00+02:00,2.231834262609482
b40103c5-1f38-4c15-9781-8788ae4790da,Kurpark - Eingang Parkstraße,2025-07-09 06:00:00+02:00,0.9459877411524454
b40103c5-1f38-4c15-9781-8788ae4790da,Kurpark - Eingang Parkstraße,2025-07-09 07:00:00+02:00,1.4195752342542012
b40103c5-1f38-4c15-9781-8788ae4790da,Kurpark - Eingang Parkstraße,2025-07-09 08:00:00+02:00,4.9204548597335815
b40103c5-1f38-4c15-9781-8788ae4790da,Kurpark - Eingang Parkstraße,2025-07-09 09:00:00+02:00,3.8754522999127707
b40103c5-1f38-4c15-9781-8788ae4790da,Kurpark - Eingang Parkstraße,2025-07-09 10:00:00+02:00,4.225816249847412
b40103c5-1f38-4c15-9781-8788ae4790da,Kurpark - Eingang Parkstraße,2025-07-09 11:00:00+02:00,4.04134205977122
b40103c5-1f38-4c15-9781-8788ae4790da,Kurpark - Eingang Parkstraße,2025-07-09 12:00:00+02:00,0.44221925735473633
b40103c5-1f38-4c15-9781-8788ae4790da,Kurpark - Eingang Parkstraße,2025-07-09 13:00:00+02:00,7.918259660402934
b40103c5-1f38-4c15-9781-8788ae4790da,Kurpark - Eingang Parkstraße,2025-07-09 14:00:00+02:00,7.5589622259140015
b40103c5-1f38-4c15-9781-8788ae4790da,Kurpark - Eingang Parkstraße,2025-07-09 15:00:00+02:00,13.831017931302389
b40103c5-1f38-4c15-9781-8788ae4790da,Kurpark - Eingang Parkstraße,2025-07-09 16:00:00+02:00,17.265539805094402
b40103c5-1f38-4c15-9781-8788ae4790da,Kurpark - Eingang Parkstraße,2025-07-09 17:00:00+02:00,14.853039463361105
b40103c5-1f38-4c15-9781-8788ae4790da,Kurpark - Eingang Parkstraße,2025-07-09 18:00:00+02:00,2.750852425893148
b40103c5-1f38-4c15-9781-8788ae4790da,Kurpark - Eingang Parkstraße,2025-07-09 19:00:00+02:00,2.900141954421997
b40103c5-1f38-4c15-9781-8788ae4790da,Kurpark - Eingang Parkstraße,2025-07-09 20:00:00+02:00,2.104894280433655
b40103c5-1f38-4c15-9781-8788ae4790da,Kurpark - Eingang Parkstraße,2025-07-09 21:00:00+02:00,1.2892875373363495
b40103c5-1f38-4c15-9781-8788ae4790da,Kurpark - Eingang Parkstraße,2025-07-09 22:00:00+02:00,0.753881573677063
b40103c5-1f38-4c15-9781-8788ae4790da,Kurpark - Eingang Parkstraße,2025-07-09 23:00:00+02:00,0.6621075868606567
b40103c5-1f38-4c15-9781-8788ae4790da,Kurpark - Eingang Parkstraße,2025-07-10 00:00:00+02:00,1.3374094168345134
b40103c5-1f38-4c15-9781-8788ae4790da,Kurpark - Eingang Parkstraße,2025-07-10 01:00:00+02:00,1.7755121787389119
b40103c5-1f38-4c15-9781-8788ae4790da,Kurpark - Eingang Parkstraße,2025-07-10 02:00:00+02:00,1.9229201277097066
b40103c5-1f38-4c15-9781-8788ae4790da,Kurpark - Eingang Parkstraße,2025-07-10 03:00:00+02:00,1.7869645754496257
b40103c5-1f38-4c15-9781-8788ae4790da,Kurpark - Eingang Parkstraße,2025-07-10 04:00:00+02:00,1.3425895770390828
b40103c5-1f38-4c15-9781-8788ae4790da,Kurpark - Eingang Parkstraße,2025-07-10 05:00:00+02:00,0.491608460744222
b40103c5-1f38-4c15-9781-8788ae4790da,Kurpark - Eingang Parkstraße,2025-07-10 06:00:00+02:00,1.1303013563156128
b40103c5-1f38-4c15-9781-8788ae4790da,Kurpark - Eingang Parkstraße,2025-07-10 07:00:00+02:00,1.7708173096179962
b40103c5-1f38-4c15-9781-8788ae4790da,Kurpark - Eingang Parkstraße,2025-07-10 08:00:00+02:00,3.1254667043685913
b40103c5-1f38-4c15-9781-8788ae4790da,Kurpark - Eingang Parkstraße,2025-07-10 09:00:00+02:00,5.696617643038432
b40103c5-1f38-4c15-9781-8788ae4790da,Kurpark - Eingang Parkstraße,2025-07-10 10:00:00+02:00,4.121859232584636
b40103c5-1f38-4c15-9781-8788ae4790da,Kurpark - Eingang Parkstraße,2025-07-10 11:00:00+02:00,4.955994804700215
b40103c5-1f38-4c15-9781-8788ae4790da,Kurpark - Eingang Parkstraße,2025-07-10 12:00:00+02:00,1.2806799411773682
b40103c5-1f38-4c15-9781-8788ae4790da,Kurpark - Eingang Parkstraße,2025-07-10 13:00:00+02:00,4.4689392646153765
b40103c5-1f38-4c15-9781-8788ae4790da,Kurpark - Eingang Parkstraße,2025-07-10 14:00:00+02:00,9.361950516700745
b40103c5-1f38-4c15-9781-8788ae4790da,Kurpark - Eingang Parkstraße,2025-07-10 15:00:00+02:00,0.948121984799703
b40103c5-1f38-4c15-9781-8788ae4790da,Kurpark - Eingang Parkstraße,2025-07-10 16:00:00+02:00,1.0070058107376099
b40103c5-1f38-4c15-9781-8788ae4790da,Kurpark - Eingang Parkstraße,2025-07-10 17:00:00+02:00,3.722826917966207
b40103c5-1f38-4c15-9781-8788ae4790da,Kurpark - Eingang Parkstraße,2025-07-10 18:00:00+02:00,0.8605746825536092
b40103c5-1f38-4c15-9781-8788ae4790da,Kurpark - Eingang Parkstraße,2025-07-10 19:00:00+02:00,1.5835507710774739
b40103c5-1f38-4c15-9781-8788ae4790da,Kurpark - Eingang Parkstraße,2025-07-10 20:00:00+02:00,1.2520915667215984
b40103c5-1f38-4c15-9781-8788ae4790da,Kurpark - Eingang Parkstraße,2025-07-10 21:00:00+02:00,0.9930776059627533
b40103c5-1f38-4c15-9781-8788ae4790da,Kurpark - Eingang Parkstraße,2025-07-10 22:00:00+02:00,2.802506605784098
b40103c5-1f38-4c15-9781-8788ae4790da,Kurpark - Eingang Parkstraße,2025-07-10 23:00:00+02:00,1.6205063164234161
b40103c5-1f38-4c15-9781-8788ae4790da,Kurpark - Eingang Parkstraße,2025-07-11 00:00:00+02:00,5.122282365957896
b40103c5-1f38-4c15-9781-8788ae4790da,Kurpark - Eingang Parkstraße,2025-07-11 01:00:00+02:00,0.5242107510566711
b40103c5-1f38-4c15-9781-8788ae4790da,Kurpark - Eingang Parkstraße,2025-07-11 02:00:00+02:00,0.7872181137402853
b40103c5-1f38-4c15-9781-8788ae4790da,Kurpark - Eingang Parkstraße,2025-07-11 03:00:00+02:00,1.0276359518369038
b40103c5-1f38-4c15-9781-8788ae4790da,Kurpark - Eingang Parkstraße,2025-07-11 04:00:00+02:00,1.036137839158376
b40103c5-1f38-4c15-9781-8788ae4790da,Kurpark - Eingang Parkstraße,2025-07-11 05:00:00+02:00,2.035833219687144
b40103c5-1f38-4c15-9781-8788ae4790da,Kurpark - Eingang Parkstraße,2025-07-11 06:00:00+02:00,2.4823203881581626
b40103c5-1f38-4c15-9781-8788ae4790da,Kurpark - Eingang Parkstraße,2025-07-11 07:00:00+02:00,1.8838204145431519
b40103c5-1f38-4c15-9781-8788ae4790da,Kurpark - Eingang Parkstraße,2025-07-11 08:00:00+02:00,5.907832940419515
b40103c5-1f38-4c15-9781-8788ae4790da,Kurpark - Eingang Parkstraße,2025-07-11 09:00:00+02:00,7.994348804155986
b40103c5-1f38-4c15-9781-8788ae4790da,Kurpark - Eingang Parkstraße,2025-07-11 10:00:00+02:00,5.008604129155477
b40103c5-1f38-4c15-9781-8788ae4790da,Kurpark - Eingang Parkstraße,2025-07-11 11:00:00+02:00,1.5012136300404866
b40103c5-1f38-4c15-9781-8788ae4790da,Kurpark - Eingang Parkstraße,2025-07-11 12:00:00+02:00,8.900983174641928
b40103c5-1f38-4c15-9781-8788ae4790da,Kurpark - Eingang Parkstraße,2025-07-11 13:00:00+02:00,4.810799916585286
b40103c5-1f38-4c15-9781-8788ae4790da,Kurpark - Eingang Parkstraße,2025-07-11 14:00:00+02:00,5.695100625356038
b40103c5-1f38-4c15-9781-8788ae4790da,Kurpark - Eingang Parkstraße,2025-07-11 15:00:00+02:00,10.04719058672587
b40103c5-1f38-4c15-9781-8788ae4790da,Kurpark - Eingang Parkstraße,2025-07-11 16:00:00+02:00,1.1467176675796509
b40103c5-1f38-4c15-9781-8788ae4790da,Kurpark - Eingang Parkstraße,2025-07-11 17:00:00+02:00,15.751912434895834
b40103c5-1f38-4c15-9781-8788ae4790da,Kurpark - Eingang Parkstraße,2025-07-11 18:00:00+02:00,8.946659604708353
b40103c5-1f38-4c15-9781-8788ae4790da,Kurpark - Eingang Parkstraße,2025-07-11 19:00:00+02:00,2.213991403579712
b40103c5-1f38-4c15-9781-8788ae4790da,Kurpark - Eingang Parkstraße,2025-07-11 20:00:00+02:00,7.424608548482259
b40103c5-1f38-4c15-9781-8788ae4790da,Kurpark - Eingang Parkstraße,2025-07-11 21:00:00+02:00,3.768279810746511
b40103c5-1f38-4c15-9781-8788ae4790da,Kurpark - Eingang Parkstraße,2025-07-11 22:00:00+02:00,2.318867931763331
b40103c5-1f38-4c15-9781-8788ae4790da,Kurpark - Eingang Parkstraße,2025-07-11 23:00:00+02:00,2.3963416715463004
b40103c5-1f38-4c15-9781-8788ae4790da,Kurpark - Eingang Parkstraße,2025-07-12 00:00:00+02:00,1.6015930771827698
b40103c5-1f38-4c15-9781-8788ae4790da,Kurpark - Eingang Parkstraße,2025-07-12 01:00:00+02:00,0.9035928646723429
b40103c5-1f38-4c15-9781-8788ae4790da,Kurpark - Eingang Parkstraße,2025-07-12 02:00:00+02:00,2.439527233441671
b40103c5-1f38-4c15-9781-8788ae4790da,Kurpark - Eingang Parkstraße,2025-07-12 03:00:00+02:00,0.6477152506510416
b40103c5-1f38-4c15-9781-8788ae4790da,Kurpark - Eingang Parkstraße,2025-07-12 04:00:00+02:00,0.8954366644223531
b40103c5-1f38-4c15-9781-8788ae4790da,Kurpark - Eingang Parkstraße,2025-07-12 05:00:00+02:00,1.00251305103302
b40103c5-1f38-4c15-9781-8788ae4790da,Kurpark - Eingang Parkstraße,2025-07-12 06:00:00+02:00,0.7443010012308756
b40103c5-1f38-4c15-9781-8788ae4790da,Kurpark - Eingang Parkstraße,2025-07-12 07:00:00+02:00,1.7284846603870392
b40103c5-1f38-4c15-9781-8788ae4790da,Kurpark - Eingang Parkstraße,2025-07-12 08:00:00+02:00,4.245492786169052
b40103c5-1f38-4c15-9781-8788ae4790da,Kurpark - Eingang Parkstraße,2025-07-12 09:00:00+02:00,2.9291053215662637
b40103c5-1f38-4c15-9781-8788ae4790da,Kurpark - Eingang Parkstraße,2025-07-12 10:00:00+02:00,12.77585482597351
b40103c5-1f38-4c15-9781-8788ae4790da,Kurpark - Eingang Parkstraße,2025-07-12 11:00:00+02:00,4.562634627024333
b40103c5-1f38-4c15-9781-8788ae4790da,Kurpark - Eingang Parkstraße,2025-07-12 12:00:00+02:00,4.027370373408
b40103c5-1f38-4c15-9781-8788ae4790da,Kurpark - Eingang Parkstraße,2025-07-12 13:00:00+02:00,9.195038080215454
b40103c5-1f38-4c15-9781-8788ae4790da,Kurpark - Eingang Parkstraße,2025-07-12 14:00:00+02:00,3.286927064259847
b40103c5-1f38-4c15-9781-8788ae4790da,Kurpark - Eingang Parkstraße,2025-07-12 15:00:00+02:00,8.918383916219076
b40103c5-1f38-4c15-9781-8788ae4790da,Kurpark - Eingang Parkstraße,2025-07-12 16:00:00+02:00,3.1377412478129068
b40103c5-1f38-4c15-9781-8788ae4790da,Kurpark - Eingang Parkstraße,2025-07-12 17:00:00+02:00,1.3954411745071411
b40103c5-1f38-4c15-9781-8788ae4790da,Kurpark - Eingang Parkstraße,2025-07-12 18:00:00+02:00,1.7032941977183025
b40103c5-1f38-4c15-9781-8788ae4790da,Kurpark - Eingang Parkstraße,2025-07-12 19:00:00+02:00,5.866218825181325
b40103c5-1f38-4c15-9781-8788ae4790da,Kurpark - Eingang Parkstraße,2025-07-12 20:00:00+02:00,1.9879131019115448
b40103c5-1f38-4c15-9781-8788ae4790da,Kurpark - Eingang Parkstraße,2025-07-12 21:00:00+02:00,1.0299260914325714
b40103c5-1f38-4c15-9781-8788ae4790da,Kurpark - Eingang Parkstraße,2025-07-12 22:00:00+02:00,0.8427815437316895
b40103c5-1f38-4c15-9781-8788ae4790da,Kurpark - Eingang Parkstraße,2025-07-12 23:00:00+02:00,1.2376973628997803
b40103c5-1f38-4c15-9781-8788ae4790da,Kurpark - Eingang Parkstraße,2025-07-13 00:00:00+02:00,0.803516685962677
b40103c5-1f38-4c15-9781-8788ae4790da,Kurpark - Eingang Parkstraße,2025-07-13 01:00:00+02:00,0.6793513695398966
b40103c5-1f38-4c15-9781-8788ae4790da,Kurpark - Eingang Parkstraße,2025-07-13 02:00:00+02:00,0.9298951427141825
b40103c5-1f38-4c15-9781-8788ae4790da,Kurpark - Eingang Parkstraße,2025-07-13 03:00:00+02:00,1.1824045388594917
b40103c5-1f38-4c15-9781-8788ae4790da,Kurpark - Eingang Parkstraße,2025-07-13 04:00:00+02:00,1.1715384396639736
b40103c5-1f38-4c15-9781-8788ae4790da,Kurpark - Eingang Parkstraße,2025-07-13 05:00:00+02:00,0.9079773085457938
b40103c5-1f38-4c15-9781-8788ae4790da,Kurpark - Eingang Parkstraße,2025-07-13 06:00:00+02:00,0.9461704969406128
b40103c5-1f38-4c15-9781-8788ae4790da,Kurpark - Eingang Parkstraße,2025-07-13 07:00:00+02:00,2.8582663536071777
b40103c5-1f38-4c15-9781-8788ae4790da,Kurpark - Eingang Parkstraße,2025-07-13 08:00:00+02:00,1.3677952289581299
b40103c5-1f38-4c15-9781-8788ae4790da,Kurpark - Eingang Parkstraße,2025-07-13 09:00:00+02:00,1.6507372014662798
b40103c5-1f38-4c15-9781-8788ae4790da,Kurpark - Eingang Parkstraße,2025-07-13 10:00:00+02:00,5.836137294769287
b40103c5-1f38-4c15-9781-8788ae4790da,Kurpark - Eingang Parkstraße,2025-07-13 11:00:00+02:00,12.001245752970378
b40103c5-1f38-4c15-9781-8788ae4790da,Kurpark - Eingang Parkstraße,2025-07-13 12:00:00+02:00,3.5711021423339844
b40103c5-1f38-4c15-9781-8788ae4790da,Kurpark - Eingang Parkstraße,2025-07-13 13:00:00+02:00,5.871795067420373
b40103c5-1f38-4c15-9781-8788ae4790da,Kurpark - Eingang Parkstraße,2025-07-13 14:00:00+02:00,18.114742279052734
b40103c5-1f38-4c15-9781-8788ae4790da,Kurpark - Eingang Parkstraße,2025-07-13 15:00:00+02:00,10.74828425320712
b40103c5-1f38-4c15-9781-8788ae4790da,Kurpark - Eingang Parkstraße,2025-07-13 16:00:00+02:00,1.294344711303711
b40103c5-1f38-4c15-9781-8788ae4790da,Kurpark - Eingang Parkstraße,2025-07-13 17:00:00+02:00,2.2147399054633246
b40103c5-1f38-4c15-9781-8788ae4790da,Kurpark - Eingang Parkstraße,2025-07-13 18:00:00+02:00,1.6654744744300842
b40103c5-1f38-4c15-9781-8788ae4790da,Kurpark - Eingang Parkstraße,2025-07-13 19:00:00+02:00,1.6568725790296281
b40103c5-1f38-4c15-9781-8788ae4790da,Kurpark - Eingang Parkstraße,2025-07-13 20:00:00+02:00,1.4759180545806885
b40103c5-1f38-4c15-9781-8788ae4790da,Kurpark - Eingang Parkstraße,2025-07-13 21:00:00+02:00,0.3376320838928223
b40103c5-1f38-4c15-9781-8788ae4790da,Kurpark - Eingang Parkstraße,2025-07-13 22:00:00+02:00,0.34713196754455566
b40103c5-1f38-4c15-9781-8788ae4790da,Kurpark - Eingang Parkstraße,2025-07-13 23:00:00+02:00,0.38292884826660156
b40103c5-1f38-4c15-9781-8788ae4790da,Kurpark - Eingang Parkstraße,2025-07-14 00:00:00+02:00,4.300317287445068
b40103c5-1f38-4c15-9781-8788ae4790da,Kurpark - Eingang Parkstraße,2025-07-14 01:00:00+02:00,0.27320194244384766
b8419dcf-9ac6-4dab-9a7b-8af4718b74e1,Hauptstraße 36,2025-06-30 03:00:00+02:00,4.322256088256836
b8419dcf-9ac6-4dab-9a7b-8af4718b74e1,Hauptstraße 36,2025-06-30 04:00:00+02:00,2.8374123573303223
b8419dcf-9ac6-4dab-9a7b-8af4718b74e1,Hauptstraße 36,2025-06-30 05:00:00+02:00,2.562976837158203
b8419dcf-9ac6-4dab-9a7b-8af4718b74e1,Hauptstraße 36,2025-06-30 06:00:00+02:00,5.574156284332275
b8419dcf-9ac6-4dab-9a7b-8af4718b74e1,Hauptstraße 36,2025-06-30 07:00:00+02:00,8.291086196899414
b8419dcf-9ac6-4dab-9a7b-8af4718b74e1,Hauptstraße 36,2025-06-30 08:00:00+02:00,20.053131103515625
b8419dcf-9ac6-4dab-9a7b-8af4718b74e1,Hauptstraße 36,2025-06-30 09:00:00+02:00,17.709733145577566
b8419dcf-9ac6-4dab-9a7b-8af4718b74e1,Hauptstraße 36,2025-06-30 10:00:00+02:00,0.8510117530822754
b8419dcf-9ac6-4dab-9a7b-8af4718b74e1,Hauptstraße 36,2025-06-30 11:00:00+02:00,21.8653564453125
b8419dcf-9ac6-4dab-9a7b-8af4718b74e1,Hauptstraße 36,2025-06-30 12:00:00+02:00,4.598643112182617
b8419dcf-9ac6-4dab-9a7b-8af4718b74e1,Hauptstraße 36,2025-06-30 13:00:00+02:00,2.487801291725852
b8419dcf-9ac6-4dab-9a7b-8af4718b74e1,Hauptstraße 36,2025-06-30 14:00:00+02:00,3.1239198048909507
b8419dcf-9ac6-4dab-9a7b-8af4718b74e1,Hauptstraße 36,2025-06-30 15:00:00+02:00,6.006522838885967
b8419dcf-9ac6-4dab-9a7b-8af4718b74e1,Hauptstraße 36,2025-06-30 16:00:00+02:00,2.9351378849574496
b8419dcf-9ac6-4dab-9a7b-8af4718b74e1,Hauptstraße 36,2025-06-30 17:00:00+02:00,6.433641815185547
b8419dcf-9ac6-4dab-9a7b-8af4718b74e1,Hauptstraße 36,2025-06-30 18:00:00+02:00,2.7454981803894043
b8419dcf-9ac6-4dab-9a7b-8af4718b74e1,Hauptstraße 36,2025-06-30 19:00:00+02:00,3.331106522504021
b8419dcf-9ac6-4dab-9a7b-8af4718b74e1,Hauptstraße 36,2025-06-30 20:00:00+02:00,3.46728785832723
b8419dcf-9ac6-4dab-9a7b-8af4718b74e1,Hauptstraße 36,2025-06-30 21:00:00+02:00,4.802279472351074
b8419dcf-9ac6-4dab-9a7b-8af4718b74e1,Hauptstraße 36,2025-06-30 22:00:00+02:00,1.1624134063720704
b8419dcf-9ac6-4dab-9a7b-8af4718b74e1,Hauptstraße 36,2025-06-30 23:00:00+02:00,11.837075278872536
b8419dcf-9ac6-4dab-9a7b-8af4718b74e1,Hauptstraße 36,2025-07-01 00:00:00+02:00,7.388210036537864
b8419dcf-9ac6-4dab-9a7b-8af4718b74e1,Hauptstraße 36,2025-07-01 01:00:00+02:00,2.8426677869713823
b8419dcf-9ac6-4dab-9a7b-8af4718b74e1,Hauptstraße 36,2025-07-01 02:00:00+02:00,1.922249396642049
b8419dcf-9ac6-4dab-9a7b-8af4718b74e1,Hauptstraße 36,2025-07-01 03:00:00+02:00,10.086745262145996
b8419dcf-9ac6-4dab-9a7b-8af4718b74e1,Hauptstraße 36,2025-07-01 04:00:00+02:00,11.88649054368337
b8419dcf-9ac6-4dab-9a7b-8af4718b74e1,Hauptstraße 36,2025-07-01 05:00:00+02:00,11.514628092447916
b8419dcf-9ac6-4dab-9a7b-8af4718b74e1,Hauptstraße 36,2025-07-01 06:00:00+02:00,12.755250056584677
b8419dcf-9ac6-4dab-9a7b-8af4718b74e1,Hauptstraße 36,2025-07-01 07:00:00+02:00,26.385841290156048
b8419dcf-9ac6-4dab-9a7b-8af4718b74e1,Hauptstraße 36,2025-07-01 08:00:00+02:00,18.141942024230957
b8419dcf-9ac6-4dab-9a7b-8af4718b74e1,Hauptstraße 36,2025-07-01 09:00:00+02:00,9.517149607340494
b8419dcf-9ac6-4dab-9a7b-8af4718b74e1,Hauptstraße 36,2025-07-01 10:00:00+02:00,12.944278558095297
b8419dcf-9ac6-4dab-9a7b-8af4718b74e1,Hauptstraße 36,2025-07-01 11:00:00+02:00,3.835726737976074
b8419dcf-9ac6-4dab-9a7b-8af4718b74e1,Hauptstraße 36,2025-07-01 12:00:00+02:00,26.671274344126385
b8419dcf-9ac6-4dab-9a7b-8af4718b74e1,Hauptstraße 36,2025-07-01 13:00:00+02:00,1.9696555137634277
b8419dcf-9ac6-4dab-9a7b-8af4718b74e1,Hauptstraße 36,2025-07-01 14:00:00+02:00,1.2331159909566243
b8419dcf-9ac6-4dab-9a7b-8af4718b74e1,Hauptstraße 36,2025-07-01 15:00:00+02:00,8.11959171295166
b8419dcf-9ac6-4dab-9a7b-8af4718b74e1,Hauptstraße 36,2025-07-01 16:00:00+02:00,2.6160192489624023
b8419dcf-9ac6-4dab-9a7b-8af4718b74e1,Hauptstraße 36,2025-07-01 17:00:00+02:00,15.522670110066732
b8419dcf-9ac6-4dab-9a7b-8af4718b74e1,Hauptstraße 36,2025-07-01 18:00:00+02:00,25.58928084373474
b8419dcf-9ac6-4dab-9a7b-8af4718b74e1,Hauptstraße 36,2025-07-01 19:00:00+02:00,8.554193576176962
b8419dcf-9ac6-4dab-9a7b-8af4718b74e1,Hauptstraße 36,2025-07-01 20:00:00+02:00,8.70741375287374
b8419dcf-9ac6-4dab-9a7b-8af4718b74e1,Hauptstraße 36,2025-07-01 21:00:00+02:00,6.826536218325297
b8419dcf-9ac6-4dab-9a7b-8af4718b74e1,Hauptstraße 36,2025-07-01 22:00:00+02:00,11.956072847048441
b8419dcf-9ac6-4dab-9a7b-8af4718b74e1,Hauptstraße 36,2025-07-01 23:00:00+02:00,9.89907475312551
b8419dcf-9ac6-4dab-9a7b-8af4718b74e1,Hauptstraße 36,2025-07-02 00:00:00+02:00,6.489519834518433
b8419dcf-9ac6-4dab-9a7b-8af4718b74e1,Hauptstraße 36,2025-07-02 01:00:00+02:00,4.82901668548584
b8419dcf-9ac6-4dab-9a7b-8af4718b74e1,Hauptstraße 36,2025-07-02 02:00:00+02:00,6.0867600440979
b8419dcf-9ac6-4dab-9a7b-8af4718b74e1,Hauptstraße 36,2025-07-02 03:00:00+02:00,7.511260986328125
b8419dcf-9ac6-4dab-9a7b-8af4718b74e1,Hauptstraße 36,2025-07-02 04:00:00+02:00,6.277882218360901
b8419dcf-9ac6-4dab-9a7b-8af4718b74e1,Hauptstraße 36,2025-07-02 05:00:00+02:00,9.529365619023642
b8419dcf-9ac6-4dab-9a7b-8af4718b74e1,Hauptstraße 36,2025-07-02 06:00:00+02:00,3.3569253285725913
b8419dcf-9ac6-4dab-9a7b-8af4718b74e1,Hauptstraße 36,2025-07-02 07:00:00+02:00,24.284661134084065
b8419dcf-9ac6-4dab-9a7b-8af4718b74e1,Hauptstraße 36,2025-07-02 08:00:00+02:00,11.039587577184042
b8419dcf-9ac6-4dab-9a7b-8af4718b74e1,Hauptstraße 36,2025-07-02 09:00:00+02:00,2.3964247703552246
b8419dcf-9ac6-4dab-9a7b-8af4718b74e1,Hauptstraße 36,2025-07-02 10:00:00+02:00,6.184169451395671
b8419dcf-9ac6-4dab-9a7b-8af4718b74e1,Hauptstraße 36,2025-07-02 11:00:00+02:00,5.179262161254883
b8419dcf-9ac6-4dab-9a7b-8af4718b74e1,Hauptstraße 36,2025-07-02 12:00:00+02:00,5.40733019510905
b8419dcf-9ac6-4dab-9a7b-8af4718b74e1,Hauptstraße 36,2025-07-02 13:00:00+02:00,7.331765492757161
b8419dcf-9ac6-4dab-9a7b-8af4718b74e1,Hauptstraße 36,2025-07-02 14:00:00+02:00,6.499571641286214
b8419dcf-9ac6-4dab-9a7b-8af4718b74e1,Hauptstraße 36,2025-07-02 15:00:00+02:00,24.72558307647705
b8419dcf-9ac6-4dab-9a7b-8af4718b74e1,Hauptstraße 36,2025-07-02 16:00:00+02:00,7.2707587877909345
b8419dcf-9ac6-4dab-9a7b-8af4718b74e1,Hauptstraße 36,2025-07-02 17:00:00+02:00,14.48760493596395
b8419dcf-9ac6-4dab-9a7b-8af4718b74e1,Hauptstraße 36,2025-07-02 18:00:00+02:00,13.80078919728597
b8419dcf-9ac6-4dab-9a7b-8af4718b74e1,Hauptstraße 36,2025-07-02 19:00:00+02:00,7.448050578435262
b8419dcf-9ac6-4dab-9a7b-8af4718b74e1,Hauptstraße 36,2025-07-02 20:00:00+02:00,2.4430121580759683
b8419dcf-9ac6-4dab-9a7b-8af4718b74e1,Hauptstraße 36,2025-07-02 21:00:00+02:00,2.1630316575368247
b8419dcf-9ac6-4dab-9a7b-8af4718b74e1,Hauptstraße 36,2025-07-02 22:00:00+02:00,1.4054789145787556
b8419dcf-9ac6-4dab-9a7b-8af4718b74e1,Hauptstraße 36,2025-07-02 23:00:00+02:00,12.375622351964315
b8419dcf-9ac6-4dab-9a7b-8af4718b74e1,Hauptstraße 36,2025-07-03 00:00:00+02:00,5.158593813578288
b8419dcf-9ac6-4dab-9a7b-8af4718b74e1,Hauptstraße 36,2025-07-03 01:00:00+02:00,1.3532640139261882
b8419dcf-9ac6-4dab-9a7b-8af4718b74e1,Hauptstraße 36,2025-07-03 02:00:00+02:00,1.5801892280578613
b8419dcf-9ac6-4dab-9a7b-8af4718b74e1,Hauptstraße 36,2025-07-03 03:00:00+02:00,7.764389276504517
b8419dcf-9ac6-4dab-9a7b-8af4718b74e1,Hauptstraße 36,2025-07-03 04:00:00+02:00,10.722672899564108
b8419dcf-9ac6-4dab-9a7b-8af4718b74e1,Hauptstraße 36,2025-07-03 05:00:00+02:00,8.931622544924418
b8419dcf-9ac6-4dab-9a7b-8af4718b74e1,Hauptstraße 36,2025-07-03 06:00:00+02:00,2.692779223124186
b8419dcf-9ac6-4dab-9a7b-8af4718b74e1,Hauptstraße 36,2025-07-03 07:00:00+02:00,10.564758857091268
b8419dcf-9ac6-4dab-9a7b-8af4718b74e1,Hauptstraße 36,2025-07-03 08:00:00+02:00,2.938202381134033
b8419dcf-9ac6-4dab-9a7b-8af4718b74e1,Hauptstraße 36,2025-07-03 09:00:00+02:00,6.835402011871338
b8419dcf-9ac6-4dab-9a7b-8af4718b74e1,Hauptstraße 36,2025-07-03 10:00:00+02:00,9.131752808888754
b8419dcf-9ac6-4dab-9a7b-8af4718b74e1,Hauptstraße 36,2025-07-03 11:00:00+02:00,1.354820728302002
b8419dcf-9ac6-4dab-9a7b-8af4718b74e1,Hauptstraße 36,2025-07-03 12:00:00+02:00,14.777314980824789
b8419dcf-9ac6-4dab-9a7b-8af4718b74e1,Hauptstraße 36,2025-07-03 13:00:00+02:00,1.2617440223693848
b8419dcf-9ac6-4dab-9a7b-8af4718b74e1,Hauptstraße 36,2025-07-03 14:00:00+02:00,5.981984615325928
b8419dcf-9ac6-4dab-9a7b-8af4718b74e1,Hauptstraße 36,2025-07-03 15:00:00+02:00,1.5312320391337078
b8419dcf-9ac6-4dab-9a7b-8af4718b74e1,Hauptstraße 36,2025-07-03 16:00:00+02:00,19.62033494313558
b8419dcf-9ac6-4dab-9a7b-8af4718b74e1,Hauptstraße 36,2025-07-03 17:00:00+02:00,8.813972314198812
b8419dcf-9ac6-4dab-9a7b-8af4718b74e1,Hauptstraße 36,2025-07-03 18:00:00+02:00,32.640930811564125
b8419dcf-9ac6-4dab-9a7b-8af4718b74e1,Hauptstraße 36,2025-07-03 19:00:00+02:00,3.6980790297190347
b8419dcf-9ac6-4dab-9a7b-8af4718b74e1,Hauptstraße 36,2025-07-03 20:00:00+02:00,4.29110844930013
b8419dcf-9ac6-4dab-9a7b-8af4718b74e1,Hauptstraße 36,2025-07-03 21:00:00+02:00,6.349643707275391
b8419dcf-9ac6-4dab-9a7b-8af4718b74e1,Hauptstraße 36,2025-07-03 22:00:00+02:00,5.205114006996155
b8419dcf-9ac6-4dab-9a7b-8af4718b74e1,Hauptstraße 36,2025-07-03 23:00:00+02:00,11.519635240236918
b8419dcf-9ac6-4dab-9a7b-8af4718b74e1,Hauptstraße 36,2025-07-04 00:00:00+02:00,1.9838699102401733
b8419dcf-9ac6-4dab-9a7b-8af4718b74e1,Hauptstraße 36,2025-07-04 01:00:00+02:00,6.682889858881633
b8419dcf-9ac6-4dab-9a7b-8af4718b74e1,Hauptstraße 36,2025-07-04 02:00:00+02:00,4.460289557774861
b8419dcf-9ac6-4dab-9a7b-8af4718b74e1,Hauptstraße 36,2025-07-04 03:00:00+02:00,7.2419789632161455
b8419dcf-9ac6-4dab-9a7b-8af4718b74e1,Hauptstraße 36,2025-07-04 04:00:00+02:00,9.019657810529074
b8419dcf-9ac6-4dab-9a7b-8af4718b74e1,Hauptstraße 36,2025-07-04 05:00:00+02:00,5.142078399658203
b8419dcf-9ac6-4dab-9a7b-8af4718b74e1,Hauptstraße 36,2025-07-04 06:00:00+02:00,3.564734776814779
b8419dcf-9ac6-4dab-9a7b-8af4718b74e1,Hauptstraße 36,2025-07-04 07:00:00+02:00,11.702983061472574
b8419dcf-9ac6-4dab-9a7b-8af4718b74e1,Hauptstraße 36,2025-07-04 08:00:00+02:00,5.0714805126190186
b8419dcf-9ac6-4dab-9a7b-8af4718b74e1,Hauptstraße 36,2025-07-04 09:00:00+02:00,13.21728245417277
b8419dcf-9ac6-4dab-9a7b-8af4718b74e1,Hauptstraße 36,2025-07-04 10:00:00+02:00,24.600807825724285
b8419dcf-9ac6-4dab-9a7b-8af4718b74e1,Hauptstraße 36,2025-07-04 11:00:00+02:00,12.337681770324721
b8419dcf-9ac6-4dab-9a7b-8af4718b74e1,Hauptstraße 36,2025-07-04 12:00:00+02:00,5.184842586517334
b8419dcf-9ac6-4dab-9a7b-8af4718b74e1,Hauptstraße 36,2025-07-04 13:00:00+02:00,2.3147716522216797
b8419dcf-9ac6-4dab-9a7b-8af4718b74e1,Hauptstraße 36,2025-07-04 14:00:00+02:00,15.902273019154867
b8419dcf-9ac6-4dab-9a7b-8af4718b74e1,Hauptstraße 36,2025-07-04 15:00:00+02:00,28.478490034739178
b8419dcf-9ac6-4dab-9a7b-8af4718b74e1,Hauptstraße 36,2025-07-04 16:00:00+02:00,33.42247851689657
b8419dcf-9ac6-4dab-9a7b-8af4718b74e1,Hauptstraße 36,2025-07-04 17:00:00+02:00,44.945944468180336
b8419dcf-9ac6-4dab-9a7b-8af4718b74e1,Hauptstraße 36,2025-07-04 18:00:00+02:00,21.69105609258016
b8419dcf-9ac6-4dab-9a7b-8af4718b74e1,Hauptstraße 36,2025-07-04 19:00:00+02:00,4.093858639399211
b8419dcf-9ac6-4dab-9a7b-8af4718b74e1,Hauptstraße 36,2025-07-04 20:00:00+02:00,4.810084501902263
b8419dcf-9ac6-4dab-9a7b-8af4718b74e1,Hauptstraße 36,2025-07-04 21:00:00+02:00,5.614739735921224
b8419dcf-9ac6-4dab-9a7b-8af4718b74e1,Hauptstraße 36,2025-07-04 22:00:00+02:00,12.229215224583944
b8419dcf-9ac6-4dab-9a7b-8af4718b74e1,Hauptstraße 36,2025-07-04 23:00:00+02:00,4.279065489768982
b8419dcf-9ac6-4dab-9a7b-8af4718b74e1,Hauptstraße 36,2025-07-05 00:00:00+02:00,3.2182493209838867
b8419dcf-9ac6-4dab-9a7b-8af4718b74e1,Hauptstraße 36,2025-07-05 01:00:00+02:00,1.8391544024149578
b8419dcf-9ac6-4dab-9a7b-8af4718b74e1,Hauptstraße 36,2025-07-05 02:00:00+02:00,6.0235514640808105
b8419dcf-9ac6-4dab-9a7b-8af4718b74e1,Hauptstraße 36,2025-07-05 03:00:00+02:00,5.348060925801595
b8419dcf-9ac6-4dab-9a7b-8af4718b74e1,Hauptstraße 36,2025-07-05 04:00:00+02:00,10.733830213546753
b8419dcf-9ac6-4dab-9a7b-8af4718b74e1,Hauptstraße 36,2025-07-05 05:00:00+02:00,6.419943650563558
b8419dcf-9ac6-4dab-9a7b-8af4718b74e1,Hauptstraße 36,2025-07-05 06:00:00+02:00,7.982258955637614
b8419dcf-9ac6-4dab-9a7b-8af4718b74e1,Hauptstraße 36,2025-07-05 07:00:00+02:00,5.803348342577617
b8419dcf-9ac6-4dab-9a7b-8af4718b74e1,Hauptstraße 36,2025-07-05 08:00:00+02:00,3.6989365418752036
b8419dcf-9ac6-4dab-9a7b-8af4718b74e1,Hauptstraße 36,2025-07-05 09:00:00+02:00,2.868439277013143
b8419dcf-9ac6-4dab-9a7b-8af4718b74e1,Hauptstraße 36,2025-07-05 10:00:00+02:00,40.21009397506714
b8419dcf-9ac6-4dab-9a7b-8af4718b74e1,Hauptstraße 36,2025-07-05 11:00:00+02:00,12.654562791188559
b8419dcf-9ac6-4dab-9a7b-8af4718b74e1,Hauptstraße 36,2025-07-05 12:00:00+02:00,25.48234685262044
b8419dcf-9ac6-4dab-9a7b-8af4718b74e1,Hauptstraße 36,2025-07-05 13:00:00+02:00,15.11336088180542
b8419dcf-9ac6-4dab-9a7b-8af4718b74e1,Hauptstraße 36,2025-07-05 14:00:00+02:00,12.50963052113851
b8419dcf-9ac6-4dab-9a7b-8af4718b74e1,Hauptstraße 36,2025-07-05 15:00:00+02:00,6.1347893079121905
b8419dcf-9ac6-4dab-9a7b-8af4718b74e1,Hauptstraße 36,2025-07-05 16:00:00+02:00,6.586437702178955
b8419dcf-9ac6-4dab-9a7b-8af4718b74e1,Hauptstraße 36,2025-07-05 17:00:00+02:00,8.300050417582193
b8419dcf-9ac6-4dab-9a7b-8af4718b74e1,Hauptstraße 36,2025-07-05 18:00:00+02:00,4.48274564743042
b8419dcf-9ac6-4dab-9a7b-8af4718b74e1,Hauptstraße 36,2025-07-05 19:00:00+02:00,6.497040748596191
b8419dcf-9ac6-4dab-9a7b-8af4718b74e1,Hauptstraße 36,2025-07-05 20:00:00+02:00,5.4447048505147295
b8419dcf-9ac6-4dab-9a7b-8af4718b74e1,Hauptstraße 36,2025-07-05 21:00:00+02:00,5.77211852868398
b8419dcf-9ac6-4dab-9a7b-8af4718b74e1,Hauptstraße 36,2025-07-05 22:00:00+02:00,2.59505824247996
b8419dcf-9ac6-4dab-9a7b-8af4718b74e1,Hauptstraße 36,2025-07-05 23:00:00+02:00,9.602131048838297
b8419dcf-9ac6-4dab-9a7b-8af4718b74e1,Hauptstraße 36,2025-07-06 00:00:00+02:00,29.86274043718974
b8419dcf-9ac6-4dab-9a7b-8af4718b74e1,Hauptstraße 36,2025-07-06 01:00:00+02:00,6.891743024190267
b8419dcf-9ac6-4dab-9a7b-8af4718b74e1,Hauptstraße 36,2025-07-06 02:00:00+02:00,2.6976993878682456
b8419dcf-9ac6-4dab-9a7b-8af4718b74e1,Hauptstraße 36,2025-07-06 03:00:00+02:00,7.909352540969849
b8419dcf-9ac6-4dab-9a7b-8af4718b74e1,Hauptstraße 36,2025-07-06 04:00:00+02:00,6.578424533208211
b8419dcf-9ac6-4dab-9a7b-8af4718b74e1,Hauptstraße 36,2025-07-06 05:00:00+02:00,5.93096907933553
b8419dcf-9ac6-4dab-9a7b-8af4718b74e1,Hauptstraße 36,2025-07-06 06:00:00+02:00,9.520204305648804
b8419dcf-9ac6-4dab-9a7b-8af4718b74e1,Hauptstraße 36,2025-07-06 07:00:00+02:00,7.798476219177246
b8419dcf-9ac6-4dab-9a7b-8af4718b74e1,Hauptstraße 36,2025-07-06 08:00:00+02:00,13.306173841158548
b8419dcf-9ac6-4dab-9a7b-8af4718b74e1,Hauptstraße 36,2025-07-06 09:00:00+02:00,4.650055567423503
b8419dcf-9ac6-4dab-9a7b-8af4718b74e1,Hauptstraße 36,2025-07-06 10:00:00+02:00,18.97175208727519
b8419dcf-9ac6-4dab-9a7b-8af4718b74e1,Hauptstraße 36,2025-07-06 11:00:00+02:00,21.944798946380615
b8419dcf-9ac6-4dab-9a7b-8af4718b74e1,Hauptstraße 36,2025-07-06 12:00:00+02:00,19.185574849446613
b8419dcf-9ac6-4dab-9a7b-8af4718b74e1,Hauptstraße 36,2025-07-06 13:00:00+02:00,19.477590084075928
b8419dcf-9ac6-4dab-9a7b-8af4718b74e1,Hauptstraße 36,2025-07-06 14:00:00+02:00,9.122353553771973
b8419dcf-9ac6-4dab-9a7b-8af4718b74e1,Hauptstraße 36,2025-07-06 15:00:00+02:00,4.555997848510742
b8419dcf-9ac6-4dab-9a7b-8af4718b74e1,Hauptstraße 36,2025-07-06 16:00:00+02:00,27.508288701375324
b8419dcf-9ac6-4dab-9a7b-8af4718b74e1,Hauptstraße 36,2025-07-06 17:00:00+02:00,16.26621929804484
b8419dcf-9ac6-4dab-9a7b-8af4718b74e1,Hauptstraße 36,2025-07-06 18:00:00+02:00,13.38085420926412
b8419dcf-9ac6-4dab-9a7b-8af4718b74e1,Hauptstraße 36,2025-07-06 19:00:00+02:00,3.526898423830668
b8419dcf-9ac6-4dab-9a7b-8af4718b74e1,Hauptstraße 36,2025-07-06 20:00:00+02:00,8.955435752868652
b8419dcf-9ac6-4dab-9a7b-8af4718b74e1,Hauptstraße 36,2025-07-06 21:00:00+02:00,3.3773232301076255
b8419dcf-9ac6-4dab-9a7b-8af4718b74e1,Hauptstraße 36,2025-07-06 22:00:00+02:00,2.4392698605855307
b8419dcf-9ac6-4dab-9a7b-8af4718b74e1,Hauptstraße 36,2025-07-06 23:00:00+02:00,5.83643380800883
b8419dcf-9ac6-4dab-9a7b-8af4718b74e1,Hauptstraße 36,2025-07-07 00:00:00+02:00,5.525830189387004
b8419dcf-9ac6-4dab-9a7b-8af4718b74e1,Hauptstraße 36,2025-07-07 01:00:00+02:00,2.5513803958892822
b8419dcf-9ac6-4dab-9a7b-8af4718b74e1,Hauptstraße 36,2025-07-07 02:00:00+02:00,3.41435178120931
b8419dcf-9ac6-4dab-9a7b-8af4718b74e1,Hauptstraße 36,2025-07-07 03:00:00+02:00,5.0497143268585205
b8419dcf-9ac6-4dab-9a7b-8af4718b74e1,Hauptstraße 36,2025-07-07 04:00:00+02:00,6.566385507583618
b8419dcf-9ac6-4dab-9a7b-8af4718b74e1,Hauptstraße 36,2025-07-07 05:00:00+02:00,2.7145719130833945
b8419dcf-9ac6-4dab-9a7b-8af4718b74e1,Hauptstraße 36,2025-07-07 06:00:00+02:00,3.349504748980204
b8419dcf-9ac6-4dab-9a7b-8af4718b74e1,Hauptstraße 36,2025-07-07 07:00:00+02:00,5.710524717966716
b8419dcf-9ac6-4dab-9a7b-8af4718b74e1,Hauptstraße 36,2025-07-07 08:00:00+02:00,14.730287392934164
b8419dcf-9ac6-4dab-9a7b-8af4718b74e1,Hauptstraße 36,2025-07-07 09:00:00+02:00,18.181632836659748
b8419dcf-9ac6-4dab-9a7b-8af4718b74e1,Hauptstraße 36,2025-07-07 10:00:00+02:00,2.9145026206970215
b8419dcf-9ac6-4dab-9a7b-8af4718b74e1,Hauptstraße 36,2025-07-07 11:00:00+02:00,2.5234155654907227
b8419dcf-9ac6-4dab-9a7b-8af4718b74e1,Hauptstraße 36,2025-07-07 12:00:00+02:00,11.421779791514078
b8419dcf-9ac6-4dab-9a7b-8af4718b74e1,Hauptstraße 36,2025-07-07 13:00:00+02:00,1.4715620676676433
b8419dcf-9ac6-4dab-9a7b-8af4718b74e1,Hauptstraße 36,2025-07-07 14:00:00+02:00,25.033652623494465
b8419dcf-9ac6-4dab-9a7b-8af4718b74e1,Hauptstraße 36,2025-07-07 15:00:00+02:00,36.95307016372681
b8419dcf-9ac6-4dab-9a7b-8af4718b74e1,Hauptstraße 36,2025-07-07 16:00:00+02:00,31.13765287399292
b8419dcf-9ac6-4dab-9a7b-8af4718b74e1,Hauptstraße 36,2025-07-07 17:00:00+02:00,11.693595886230469
b8419dcf-9ac6-4dab-9a7b-8af4718b74e1,Hauptstraße 36,2025-07-07 18:00:00+02:00,21.678062836329143
b8419dcf-9ac6-4dab-9a7b-8af4718b74e1,Hauptstraße 36,2025-07-07 19:00:00+02:00,3.679250717163086
b8419dcf-9ac6-4dab-9a7b-8af4718b74e1,Hauptstraße 36,2025-07-07 20:00:00+02:00,6.3716246287028
b8419dcf-9ac6-4dab-9a7b-8af4718b74e1,Hauptstraße 36,2025-07-07 21:00:00+02:00,4.737422188123067
b8419dcf-9ac6-4dab-9a7b-8af4718b74e1,Hauptstraße 36,2025-07-07 22:00:00+02:00,3.9432252248128257
b8419dcf-9ac6-4dab-9a7b-8af4718b74e1,Hauptstraße 36,2025-07-07 23:00:00+02:00,7.2908516724904375
b8419dcf-9ac6-4dab-9a7b-8af4718b74e1,Hauptstraße 36,2025-07-08 00:00:00+02:00,6.9123252630233765
b8419dcf-9ac6-4dab-9a7b-8af4718b74e1,Hauptstraße 36,2025-07-08 01:00:00+02:00,5.129707018534343
b8419dcf-9ac6-4dab-9a7b-8af4718b74e1,Hauptstraße 36,2025-07-08 02:00:00+02:00,4.750773032506307
b8419dcf-9ac6-4dab-9a7b-8af4718b74e1,Hauptstraße 36,2025-07-08 03:00:00+02:00,2.4663589795430503
b8419dcf-9ac6-4dab-9a7b-8af4718b74e1,Hauptstraße 36,2025-07-08 04:00:00+02:00,10.594982624053955
b8419dcf-9ac6-4dab-9a7b-8af4718b74e1,Hauptstraße 36,2025-07-08 05:00:00+02:00,12.466615239779154
b8419dcf-9ac6-4dab-9a7b-8af4718b74e1,Hauptstraße 36,2025-07-08 06:00:00+02:00,10.300046364466349
b8419dcf-9ac6-4dab-9a7b-8af4718b74e1,Hauptstraße 36,2025-07-08 07:00:00+02:00,12.54900590578715
b8419dcf-9ac6-4dab-9a7b-8af4718b74e1,Hauptstraße 36,2025-07-08 08:00:00+02:00,2.19791571299235
b8419dcf-9ac6-4dab-9a7b-8af4718b74e1,Hauptstraße 36,2025-07-08 09:00:00+02:00,14.320143858591715
b8419dcf-9ac6-4dab-9a7b-8af4718b74e1,Hauptstraße 36,2025-07-08 10:00:00+02:00,13.181995073954264
b8419dcf-9ac6-4dab-9a7b-8af4718b74e1,Hauptstraße 36,2025-07-08 11:00:00+02:00,4.0064161618550616
b8419dcf-9ac6-4dab-9a7b-8af4718b74e1,Hauptstraße 36,2025-07-08 12:00:00+02:00,10.294987996419271
b8419dcf-9ac6-4dab-9a7b-8af4718b74e1,Hauptstraße 36,2025-07-08 13:00:00+02:00,27.550968170166016
b8419dcf-9ac6-4dab-9a7b-8af4718b74e1,Hauptstraße 36,2025-07-08 14:00:00+02:00,1.6550086339314778
b8419dcf-9ac6-4dab-9a7b-8af4718b74e1,Hauptstraße 36,2025-07-08 15:00:00+02:00,4.489212512969971
b8419dcf-9ac6-4dab-9a7b-8af4718b74e1,Hauptstraße 36,2025-07-08 16:00:00+02:00,2.231567700703939
b8419dcf-9ac6-4dab-9a7b-8af4718b74e1,Hauptstraße 36,2025-07-08 17:00:00+02:00,15.003278573354086
b8419dcf-9ac6-4dab-9a7b-8af4718b74e1,Hauptstraße 36,2025-07-08 18:00:00+02:00,24.981149832407635
b8419dcf-9ac6-4dab-9a7b-8af4718b74e1,Hauptstraße 36,2025-07-08 19:00:00+02:00,9.196351687113443
b8419dcf-9ac6-4dab-9a7b-8af4718b74e1,Hauptstraße 36,2025-07-08 20:00:00+02:00,9.22094980875651
b8419dcf-9ac6-4dab-9a7b-8af4718b74e1,Hauptstraße 36,2025-07-08 21:00:00+02:00,7.142072677612305
b8419dcf-9ac6-4dab-9a7b-8af4718b74e1,Hauptstraße 36,2025-07-08 22:00:00+02:00,12.1382044951121
b8419dcf-9ac6-4dab-9a7b-8af4718b74e1,Hauptstraße 36,2025-07-08 23:00:00+02:00,9.99537448088328
b8419dcf-9ac6-4dab-9a7b-8af4718b74e1,Hauptstraße 36,2025-07-09 00:00:00+02:00,6.456269105275472
b8419dcf-9ac6-4dab-9a7b-8af4718b74e1,Hauptstraße 36,2025-07-09 01:00:00+02:00,4.788952271143596
b8419dcf-9ac6-4dab-9a7b-8af4718b74e1,Hauptstraße 36,2025-07-09 02:00:00+02:00,5.9523359934488935
b8419dcf-9ac6-4dab-9a7b-8af4718b74e1,Hauptstraße 36,2025-07-09 03:00:00+02:00,7.269521156946818
b8419dcf-9ac6-4dab-9a7b-8af4718b74e1,Hauptstraße 36,2025-07-09 04:00:00+02:00,5.940987388292949
b8419dcf-9ac6-4dab-9a7b-8af4718b74e1,Hauptstraße 36,2025-07-09 05:00:00+02:00,9.127369999885559
b8419dcf-9ac6-4dab-9a7b-8af4718b74e1,Hauptstraße 36,2025-07-09 06:00:00+02:00,3.059460481007894
b8419dcf-9ac6-4dab-9a7b-8af4718b74e1,Hauptstraße 36,2025-07-09 07:00:00+02:00,24.49219250679016
b8419dcf-9ac6-4dab-9a7b-8af4718b74e1,Hauptstraße 36,2025-07-09 08:00:00+02:00,11.115731398264566
b8419dcf-9ac6-4dab-9a7b-8af4718b74e1,Hauptstraße 36,2025-07-09 09:00:00+02:00,5.792024612426758
b8419dcf-9ac6-4dab-9a7b-8af4718b74e1,Hauptstraße 36,2025-07-09 10:00:00+02:00,6.967508792877197
b8419dcf-9ac6-4dab-9a7b-8af4718b74e1,Hauptstraße 36,2025-07-09 11:00:00+02:00,11.92864990234375
b8419dcf-9ac6-4dab-9a7b-8af4718b74e1,Hauptstraße 36,2025-07-09 12:00:00+02:00,9.098726431528727
b8419dcf-9ac6-4dab-9a7b-8af4718b74e1,Hauptstraße 36,2025-07-09 13:00:00+02:00,13.003043333689371
b8419dcf-9ac6-4dab-9a7b-8af4718b74e1,Hauptstraße 36,2025-07-09 14:00:00+02:00,13.15880552927653
b8419dcf-9ac6-4dab-9a7b-8af4718b74e1,Hauptstraße 36,2025-07-09 15:00:00+02:00,24.39141321182251
b8419dcf-9ac6-4dab-9a7b-8af4718b74e1,Hauptstraße 36,2025-07-09 16:00:00+02:00,14.932382742563883
b8419dcf-9ac6-4dab-9a7b-8af4718b74e1,Hauptstraße 36,2025-07-09 17:00:00+02:00,17.162920157114666
b8419dcf-9ac6-4dab-9a7b-8af4718b74e1,Hauptstraße 36,2025-07-09 18:00:00+02:00,2.004295269648234
b8419dcf-9ac6-4dab-9a7b-8af4718b74e1,Hauptstraße 36,2025-07-09 19:00:00+02:00,9.20743441581726
b8419dcf-9ac6-4dab-9a7b-8af4718b74e1,Hauptstraße 36,2025-07-09 20:00:00+02:00,5.567642132441203
b8419dcf-9ac6-4dab-9a7b-8af4718b74e1,Hauptstraße 36,2025-07-09 21:00:00+02:00,2.122408668200175
b8419dcf-9ac6-4dab-9a7b-8af4718b74e1,Hauptstraße 36,2025-07-09 22:00:00+02:00,1.4424343903859456
b8419dcf-9ac6-4dab-9a7b-8af4718b74e1,Hauptstraße 36,2025-07-09 23:00:00+02:00,12.409181793530783
b8419dcf-9ac6-4dab-9a7b-8af4718b74e1,Hauptstraße 36,2025-07-10 00:00:00+02:00,5.16868782043457
b8419dcf-9ac6-4dab-9a7b-8af4718b74e1,Hauptstraße 36,2025-07-10 01:00:00+02:00,1.3543767134348552
b8419dcf-9ac6-4dab-9a7b-8af4718b74e1,Hauptstraße 36,2025-07-10 02:00:00+02:00,1.528940995534261
b8419dcf-9ac6-4dab-9a7b-8af4718b74e1,Hauptstraße 36,2025-07-10 03:00:00+02:00,7.74001423517863
b8419dcf-9ac6-4dab-9a7b-8af4718b74e1,Hauptstraße 36,2025-07-10 04:00:00+02:00,10.658575971921286
b8419dcf-9ac6-4dab-9a7b-8af4718b74e1,Hauptstraße 36,2025-07-10 05:00:00+02:00,8.814619302749634
b8419dcf-9ac6-4dab-9a7b-8af4718b74e1,Hauptstraße 36,2025-07-10 06:00:00+02:00,2.383554538091024
b8419dcf-9ac6-4dab-9a7b-8af4718b74e1,Hauptstraße 36,2025-07-10 07:00:00+02:00,10.789844830830893
b8419dcf-9ac6-4dab-9a7b-8af4718b74e1,Hauptstraße 36,2025-07-10 08:00:00+02:00,2.748835245768229
b8419dcf-9ac6-4dab-9a7b-8af4718b74e1,Hauptstraße 36,2025-07-10 09:00:00+02:00,9.501967271169027
b8419dcf-9ac6-4dab-9a7b-8af4718b74e1,Hauptstraße 36,2025-07-10 10:00:00+02:00,7.448740641276042
b8419dcf-9ac6-4dab-9a7b-8af4718b74e1,Hauptstraße 36,2025-07-10 11:00:00+02:00,1.1449426015218098
b8419dcf-9ac6-4dab-9a7b-8af4718b74e1,Hauptstraße 36,2025-07-10 12:00:00+02:00,15.196921348571777
b8419dcf-9ac6-4dab-9a7b-8af4718b74e1,Hauptstraße 36,2025-07-10 13:00:00+02:00,7.172410011291504
b8419dcf-9ac6-4dab-9a7b-8af4718b74e1,Hauptstraße 36,2025-07-10 14:00:00+02:00,3.752811908721924
b8419dcf-9ac6-4dab-9a7b-8af4718b74e1,Hauptstraße 36,2025-07-10 15:00:00+02:00,3.278599421183268
b8419dcf-9ac6-4dab-9a7b-8af4718b74e1,Hauptstraße 36,2025-07-10 16:00:00+02:00,7.846462885538737
b8419dcf-9ac6-4dab-9a7b-8af4718b74e1,Hauptstraße 36,2025-07-10 17:00:00+02:00,7.048597653706868
b8419dcf-9ac6-4dab-9a7b-8af4718b74e1,Hauptstraße 36,2025-07-10 18:00:00+02:00,5.899513403574626
b8419dcf-9ac6-4dab-9a7b-8af4718b74e1,Hauptstraße 36,2025-07-10 19:00:00+02:00,9.566898345947266
b8419dcf-9ac6-4dab-9a7b-8af4718b74e1,Hauptstraße 36,2025-07-10 20:00:00+02:00,3.443309466044108
b8419dcf-9ac6-4dab-9a7b-8af4718b74e1,Hauptstraße 36,2025-07-10 21:00:00+02:00,3.472340186436971
b8419dcf-9ac6-4dab-9a7b-8af4718b74e1,Hauptstraße 36,2025-07-10 22:00:00+02:00,7.392631848653157
b8419dcf-9ac6-4dab-9a7b-8af4718b74e1,Hauptstraße 36,2025-07-10 23:00:00+02:00,7.709232608477275
b8419dcf-9ac6-4dab-9a7b-8af4718b74e1,Hauptstraße 36,2025-07-11 00:00:00+02:00,2.1046694119771323
b8419dcf-9ac6-4dab-9a7b-8af4718b74e1,Hauptstraße 36,2025-07-11 01:00:00+02:00,3.4303247133890786
b8419dcf-9ac6-4dab-9a7b-8af4718b74e1,Hauptstraße 36,2025-07-11 02:00:00+02:00,5.448765993118286
b8419dcf-9ac6-4dab-9a7b-8af4718b74e1,Hauptstraße 36,2025-07-11 03:00:00+02:00,6.1999679406483965
b8419dcf-9ac6-4dab-9a7b-8af4718b74e1,Hauptstraße 36,2025-07-11 04:00:00+02:00,8.888423085212708
b8419dcf-9ac6-4dab-9a7b-8af4718b74e1,Hauptstraße 36,2025-07-11 05:00:00+02:00,3.4768715699513755
b8419dcf-9ac6-4dab-9a7b-8af4718b74e1,Hauptstraße 36,2025-07-11 06:00:00+02:00,4.67553190390269
b8419dcf-9ac6-4dab-9a7b-8af4718b74e1,Hauptstraße 36,2025-07-11 07:00:00+02:00,3.894393046696981
b8419dcf-9ac6-4dab-9a7b-8af4718b74e1,Hauptstraße 36,2025-07-11 08:00:00+02:00,8.186785062154135
b8419dcf-9ac6-4dab-9a7b-8af4718b74e1,Hauptstraße 36,2025-07-11 09:00:00+02:00,11.738441308339437
b8419dcf-9ac6-4dab-9a7b-8af4718b74e1,Hauptstraße 36,2025-07-11 10:00:00+02:00,25.66001494725545
b8419dcf-9ac6-4dab-9a7b-8af4718b74e1,Hauptstraße 36,2025-07-11 11:00:00+02:00,12.582704067230239
b8419dcf-9ac6-4dab-9a7b-8af4718b74e1,Hauptstraße 36,2025-07-11 12:00:00+02:00,4.823898156483968
b8419dcf-9ac6-4dab-9a7b-8af4718b74e1,Hauptstraße 36,2025-07-11 13:00:00+02:00,2.3869001070658364
b8419dcf-9ac6-4dab-9a7b-8af4718b74e1,Hauptstraße 36,2025-07-11 14:00:00+02:00,15.466822306315104
b8419dcf-9ac6-4dab-9a7b-8af4718b74e1,Hauptstraße 36,2025-07-11 15:00:00+02:00,28.806621233622234
b8419dcf-9ac6-4dab-9a7b-8af4718b74e1,Hauptstraße 36,2025-07-11 16:00:00+02:00,33.77536487579346
b8419dcf-9ac6-4dab-9a7b-8af4718b74e1,Hauptstraße 36,2025-07-11 17:00:00+02:00,44.438895066579185
b8419dcf-9ac6-4dab-9a7b-8af4718b74e1,Hauptstraße 36,2025-07-11 18:00:00+02:00,20.89444176355998
b8419dcf-9ac6-4dab-9a7b-8af4718b74e1,Hauptstraße 36,2025-07-11 19:00:00+02:00,12.586616675059
b8419dcf-9ac6-4dab-9a7b-8af4718b74e1,Hauptstraße 36,2025-07-11 20:00:00+02:00,4.280174573262532
b8419dcf-9ac6-4dab-9a7b-8af4718b74e1,Hauptstraße 36,2025-07-11 21:00:00+02:00,14.523942708969116
b8419dcf-9ac6-4dab-9a7b-8af4718b74e1,Hauptstraße 36,2025-07-11 22:00:00+02:00,7.811956524848938
b8419dcf-9ac6-4dab-9a7b-8af4718b74e1,Hauptstraße 36,2025-07-11 23:00:00+02:00,11.675147811571756
b8419dcf-9ac6-4dab-9a7b-8af4718b74e1,Hauptstraße 36,2025-07-12 00:00:00+02:00,3.509894529978434
b8419dcf-9ac6-4dab-9a7b-8af4718b74e1,Hauptstraße 36,2025-07-12 01:00:00+02:00,3.356084187825521
b8419dcf-9ac6-4dab-9a7b-8af4718b74e1,Hauptstraße 36,2025-07-12 02:00:00+02:00,6.162801742553711
b8419dcf-9ac6-4dab-9a7b-8af4718b74e1,Hauptstraße 36,2025-07-12 03:00:00+02:00,5.273377974828084
b8419dcf-9ac6-4dab-9a7b-8af4718b74e1,Hauptstraße 36,2025-07-12 04:00:00+02:00,10.734490712483725
b8419dcf-9ac6-4dab-9a7b-8af4718b74e1,Hauptstraße 36,2025-07-12 05:00:00+02:00,6.318798661231995
b8419dcf-9ac6-4dab-9a7b-8af4718b74e1,Hauptstraße 36,2025-07-12 06:00:00+02:00,7.738645871480306
b8419dcf-9ac6-4dab-9a7b-8af4718b74e1,Hauptstraße 36,2025-07-12 07:00:00+02:00,5.340730786323547
b8419dcf-9ac6-4dab-9a7b-8af4718b74e1,Hauptstraße 36,2025-07-12 08:00:00+02:00,2.7909549474716187
b8419dcf-9ac6-4dab-9a7b-8af4718b74e1,Hauptstraße 36,2025-07-12 09:00:00+02:00,3.3566038608551025
b8419dcf-9ac6-4dab-9a7b-8af4718b74e1,Hauptstraße 36,2025-07-12 10:00:00+02:00,38.106513261795044
b8419dcf-9ac6-4dab-9a7b-8af4718b74e1,Hauptstraße 36,2025-07-12 11:00:00+02:00,9.605977376302084
b8419dcf-9ac6-4dab-9a7b-8af4718b74e1,Hauptstraße 36,2025-07-12 12:00:00+02:00,21.223909854888916
b8419dcf-9ac6-4dab-9a7b-8af4718b74e1,Hauptstraße 36,2025-07-12 13:00:00+02:00,20.420570214589436
b8419dcf-9ac6-4dab-9a7b-8af4718b74e1,Hauptstraße 36,2025-07-12 14:00:00+02:00,25.708813508351643
b8419dcf-9ac6-4dab-9a7b-8af4718b74e1,Hauptstraße 36,2025-07-12 15:00:00+02:00,14.87546682357788
b8419dcf-9ac6-4dab-9a7b-8af4718b74e1,Hauptstraße 36,2025-07-12 16:00:00+02:00,6.6259768803914385
b8419dcf-9ac6-4dab-9a7b-8af4718b74e1,Hauptstraße 36,2025-07-12 17:00:00+02:00,7.994242509206136
b8419dcf-9ac6-4dab-9a7b-8af4718b74e1,Hauptstraße 36,2025-07-12 18:00:00+02:00,7.600166320800781
b8419dcf-9ac6-4dab-9a7b-8af4718b74e1,Hauptstraße 36,2025-07-12 19:00:00+02:00,4.695756196975708
b8419dcf-9ac6-4dab-9a7b-8af4718b74e1,Hauptstraße 36,2025-07-12 20:00:00+02:00,4.340060869852702
b8419dcf-9ac6-4dab-9a7b-8af4718b74e1,Hauptstraße 36,2025-07-12 21:00:00+02:00,5.11120069026947
b8419dcf-9ac6-4dab-9a7b-8af4718b74e1,Hauptstraße 36,2025-07-12 22:00:00+02:00,4.175257484118144
b8419dcf-9ac6-4dab-9a7b-8af4718b74e1,Hauptstraße 36,2025-07-12 23:00:00+02:00,9.746482372283936
b8419dcf-9ac6-4dab-9a7b-8af4718b74e1,Hauptstraße 36,2025-07-13 00:00:00+02:00,29.795207977294922
b8419dcf-9ac6-4dab-9a7b-8af4718b74e1,Hauptstraße 36,2025-07-13 01:00:00+02:00,6.863305727640788
b8419dcf-9ac6-4dab-9a7b-8af4718b74e1,Hauptstraße 36,2025-07-13 02:00:00+02:00,2.711097796758016
b8419dcf-9ac6-4dab-9a7b-8af4718b74e1,Hauptstraße 36,2025-07-13 03:00:00+02:00,5.611146512238876
b8419dcf-9ac6-4dab-9a7b-8af4718b74e1,Hauptstraße 36,2025-07-13 04:00:00+02:00,3.364020347595215
b8419dcf-9ac6-4dab-9a7b-8af4718b74e1,Hauptstraße 36,2025-07-13 05:00:00+02:00,6.543853305634999
b8419dcf-9ac6-4dab-9a7b-8af4718b74e1,Hauptstraße 36,2025-07-13 06:00:00+02:00,8.179734754562379
b8419dcf-9ac6-4dab-9a7b-8af4718b74e1,Hauptstraße 36,2025-07-13 07:00:00+02:00,7.583212651704487
b8419dcf-9ac6-4dab-9a7b-8af4718b74e1,Hauptstraße 36,2025-07-13 08:00:00+02:00,13.27269861433241
b8419dcf-9ac6-4dab-9a7b-8af4718b74e1,Hauptstraße 36,2025-07-13 09:00:00+02:00,4.511100320255055
b8419dcf-9ac6-4dab-9a7b-8af4718b74e1,Hauptstraße 36,2025-07-13 10:00:00+02:00,19.43721628189087
b8419dcf-9ac6-4dab-9a7b-8af4718b74e1,Hauptstraße 36,2025-07-13 11:00:00+02:00,22.95425974527995
b8419dcf-9ac6-4dab-9a7b-8af4718b74e1,Hauptstraße 36,2025-07-13 12:00:00+02:00,20.541399547031947
b8419dcf-9ac6-4dab-9a7b-8af4718b74e1,Hauptstraße 36,2025-07-13 13:00:00+02:00,20.82405295738807
b8419dcf-9ac6-4dab-9a7b-8af4718b74e1,Hauptstraße 36,2025-07-13 14:00:00+02:00,10.377653439839682
b8419dcf-9ac6-4dab-9a7b-8af4718b74e1,Hauptstraße 36,2025-07-13 15:00:00+02:00,4.423935976895419
b8419dcf-9ac6-4dab-9a7b-8af4718b74e1,Hauptstraße 36,2025-07-13 16:00:00+02:00,28.035062408447267
b8419dcf-9ac6-4dab-9a7b-8af4718b74e1,Hauptstraße 36,2025-07-13 17:00:00+02:00,16.324302461412216
b8419dcf-9ac6-4dab-9a7b-8af4718b74e1,Hauptstraße 36,2025-07-13 18:00:00+02:00,12.956806182861328
b8419dcf-9ac6-4dab-9a7b-8af4718b74e1,Hauptstraße 36,2025-07-13 19:00:00+02:00,3.7608059474400113
b8419dcf-9ac6-4dab-9a7b-8af4718b74e1,Hauptstraße 36,2025-07-13 20:00:00+02:00,7.150724569956462
b8419dcf-9ac6-4dab-9a7b-8af4718b74e1,Hauptstraße 36,2025-07-13 21:00:00+02:00,1.0362583160400392
b8419dcf-9ac6-4dab-9a7b-8af4718b74e1,Hauptstraße 36,2025-07-13 22:00:00+02:00,2.683952808380127
b8419dcf-9ac6-4dab-9a7b-8af4718b74e1,Hauptstraße 36,2025-07-13 23:00:00+02:00,4.737284978230794
b8419dcf-9ac6-4dab-9a7b-8af4718b74e1,Hauptstraße 36,2025-07-14 00:00:00+02:00,3.45355224609375
b8419dcf-9ac6-4dab-9a7b-8af4718b74e1,Hauptstraße 36,2025-07-14 01:00:00+02:00,0.089691162109375
ba9989f9-0b51-4f44-955c-c4ac37d21bda,Rosengarten,2025-06-30 03:00:00+02:00,1.7484416961669922
ba9989f9-0b51-4f44-955c-c4ac37d21bda,Rosengarten,2025-06-30 04:00:00+02:00,3.9897232055664062
ba9989f9-0b51-4f44-955c-c4ac37d21bda,Rosengarten,2025-06-30 05:00:00+02:00,3.9723075230916343
ba9989f9-0b51-4f44-955c-c4ac37d21bda,Rosengarten,2025-06-30 06:00:00+02:00,3.8400304317474365
ba9989f9-0b51-4f44-955c-c4ac37d21bda,Rosengarten,2025-06-30 07:00:00+02:00,2.8261863708496096
ba9989f9-0b51-4f44-955c-c4ac37d21bda,Rosengarten,2025-06-30 08:00:00+02:00,4.848893483479817
ba9989f9-0b51-4f44-955c-c4ac37d21bda,Rosengarten,2025-06-30 09:00:00+02:00,12.626095635550362
ba9989f9-0b51-4f44-955c-c4ac37d21bda,Rosengarten,2025-06-30 10:00:00+02:00,11.32947587966919
ba9989f9-0b51-4f44-955c-c4ac37d21bda,Rosengarten,2025-06-30 11:00:00+02:00,16.77387025621202
ba9989f9-0b51-4f44-955c-c4ac37d21bda,Rosengarten,2025-06-30 12:00:00+02:00,7.5853271484375
ba9989f9-0b51-4f44-955c-c4ac37d21bda,Rosengarten,2025-06-30 13:00:00+02:00,18.15388350053267
ba9989f9-0b51-4f44-955c-c4ac37d21bda,Rosengarten,2025-06-30 14:00:00+02:00,19.626346588134766
ba9989f9-0b51-4f44-955c-c4ac37d21bda,Rosengarten,2025-06-30 15:00:00+02:00,12.512185170100285
ba9989f9-0b51-4f44-955c-c4ac37d21bda,Rosengarten,2025-06-30 16:00:00+02:00,6.949921880449567
ba9989f9-0b51-4f44-955c-c4ac37d21bda,Rosengarten,2025-06-30 17:00:00+02:00,10.837379837036133
ba9989f9-0b51-4f44-955c-c4ac37d21bda,Rosengarten,2025-06-30 18:00:00+02:00,8.173967778682709
ba9989f9-0b51-4f44-955c-c4ac37d21bda,Rosengarten,2025-06-30 19:00:00+02:00,3.854613416335162
ba9989f9-0b51-4f44-955c-c4ac37d21bda,Rosengarten,2025-06-30 20:00:00+02:00,4.06076897515191
ba9989f9-0b51-4f44-955c-c4ac37d21bda,Rosengarten,2025-06-30 21:00:00+02:00,5.006560676976254
ba9989f9-0b51-4f44-955c-c4ac37d21bda,Rosengarten,2025-06-30 22:00:00+02:00,4.011770963668823
ba9989f9-0b51-4f44-955c-c4ac37d21bda,Rosengarten,2025-06-30 23:00:00+02:00,1.033291635059175
ba9989f9-0b51-4f44-955c-c4ac37d21bda,Rosengarten,2025-07-01 00:00:00+02:00,7.346807219765403
ba9989f9-0b51-4f44-955c-c4ac37d21bda,Rosengarten,2025-07-01 01:00:00+02:00,3.4799731710682744
ba9989f9-0b51-4f44-955c-c4ac37d21bda,Rosengarten,2025-07-01 02:00:00+02:00,4.6727127234141035
ba9989f9-0b51-4f44-955c-c4ac37d21bda,Rosengarten,2025-07-01 03:00:00+02:00,2.512965281804403
ba9989f9-0b51-4f44-955c-c4ac37d21bda,Rosengarten,2025-07-01 04:00:00+02:00,1.9099023342132568
ba9989f9-0b51-4f44-955c-c4ac37d21bda,Rosengarten,2025-07-01 05:00:00+02:00,4.701590895652771
ba9989f9-0b51-4f44-955c-c4ac37d21bda,Rosengarten,2025-07-01 06:00:00+02:00,3.368575692176819
ba9989f9-0b51-4f44-955c-c4ac37d21bda,Rosengarten,2025-07-01 07:00:00+02:00,6.287519574165344
ba9989f9-0b51-4f44-955c-c4ac37d21bda,Rosengarten,2025-07-01 08:00:00+02:00,4.44365930557251
ba9989f9-0b51-4f44-955c-c4ac37d21bda,Rosengarten,2025-07-01 09:00:00+02:00,17.060375849405926
ba9989f9-0b51-4f44-955c-c4ac37d21bda,Rosengarten,2025-07-01 10:00:00+02:00,15.85978364944458
ba9989f9-0b51-4f44-955c-c4ac37d21bda,Rosengarten,2025-07-01 11:00:00+02:00,15.419277667999268
ba9989f9-0b51-4f44-955c-c4ac37d21bda,Rosengarten,2025-07-01 12:00:00+02:00,23.267086029052734
ba9989f9-0b51-4f44-955c-c4ac37d21bda,Rosengarten,2025-07-01 13:00:00+02:00,18.93498468399048
ba9989f9-0b51-4f44-955c-c4ac37d21bda,Rosengarten,2025-07-01 14:00:00+02:00,29.912120819091797
ba9989f9-0b51-4f44-955c-c4ac37d21bda,Rosengarten,2025-07-01 15:00:00+02:00,27.520572980244953
ba9989f9-0b51-4f44-955c-c4ac37d21bda,Rosengarten,2025-07-01 16:00:00+02:00,14.675793170928955
ba9989f9-0b51-4f44-955c-c4ac37d21bda,Rosengarten,2025-07-01 17:00:00+02:00,25.911147912343342
ba9989f9-0b51-4f44-955c-c4ac37d21bda,Rosengarten,2025-07-01 18:00:00+02:00,2.690053701400757
ba9989f9-0b51-4f44-955c-c4ac37d21bda,Rosengarten,2025-07-01 19:00:00+02:00,5.261488318443298
ba9989f9-0b51-4f44-955c-c4ac37d21bda,Rosengarten,2025-07-01 20:00:00+02:00,2.836629947026571
ba9989f9-0b51-4f44-955c-c4ac37d21bda,Rosengarten,2025-07-01 21:00:00+02:00,5.492364803949992
ba9989f9-0b51-4f44-955c-c4ac37d21bda,Rosengarten,2025-07-01 22:00:00+02:00,1.4437239567438762
ba9989f9-0b51-4f44-955c-c4ac37d21bda,Rosengarten,2025-07-01 23:00:00+02:00,3.388836065928141
ba9989f9-0b51-4f44-955c-c4ac37d21bda,Rosengarten,2025-07-02 00:00:00+02:00,5.167697827021281
ba9989f9-0b51-4f44-955c-c4ac37d21bda,Rosengarten,2025-07-02 01:00:00+02:00,5.087244113286336
ba9989f9-0b51-4f44-955c-c4ac37d21bda,Rosengarten,2025-07-02 02:00:00+02:00,2.833806832631429
ba9989f9-0b51-4f44-955c-c4ac37d21bda,Rosengarten,2025-07-02 03:00:00+02:00,1.0320656299591064
ba9989f9-0b51-4f44-955c-c4ac37d21bda,Rosengarten,2025-07-02 04:00:00+02:00,2.9718682368596396
ba9989f9-0b51-4f44-955c-c4ac37d21bda,Rosengarten,2025-07-02 05:00:00+02:00,6.712654868761699
ba9989f9-0b51-4f44-955c-c4ac37d21bda,Rosengarten,2025-07-02 06:00:00+02:00,6.797464728355405
ba9989f9-0b51-4f44-955c-c4ac37d21bda,Rosengarten,2025-07-02 07:00:00+02:00,9.42553718884786
ba9989f9-0b51-4f44-955c-c4ac37d21bda,Rosengarten,2025-07-02 08:00:00+02:00,13.748740355173746
ba9989f9-0b51-4f44-955c-c4ac37d21bda,Rosengarten,2025-07-02 09:00:00+02:00,6.161029020945231
ba9989f9-0b51-4f44-955c-c4ac37d21bda,Rosengarten,2025-07-02 10:00:00+02:00,5.369640429814656
ba9989f9-0b51-4f44-955c-c4ac37d21bda,Rosengarten,2025-07-02 11:00:00+02:00,14.57469137509664
ba9989f9-0b51-4f44-955c-c4ac37d21bda,Rosengarten,2025-07-02 12:00:00+02:00,18.419297377268474
ba9989f9-0b51-4f44-955c-c4ac37d21bda,Rosengarten,2025-07-02 13:00:00+02:00,20.394090175628662
ba9989f9-0b51-4f44-955c-c4ac37d21bda,Rosengarten,2025-07-02 14:00:00+02:00,26.027629137039185
ba9989f9-0b51-4f44-955c-c4ac37d21bda,Rosengarten,2025-07-02 15:00:00+02:00,19.554790258407593
ba9989f9-0b51-4f44-955c-c4ac37d21bda,Rosengarten,2025-07-02 16:00:00+02:00,21.78400492668152
ba9989f9-0b51-4f44-955c-c4ac37d21bda,Rosengarten,2025-07-02 17:00:00+02:00,2.610726992289225
ba9989f9-0b51-4f44-955c-c4ac37d21bda,Rosengarten,2025-07-02 18:00:00+02:00,11.601336558659872
ba9989f9-0b51-4f44-955c-c4ac37d21bda,Rosengarten,2025-07-02 19:00:00+02:00,5.505623698234558
ba9989f9-0b51-4f44-955c-c4ac37d21bda,Rosengarten,2025-07-02 20:00:00+02:00,3.6198991537094116
ba9989f9-0b51-4f44-955c-c4ac37d21bda,Rosengarten,2025-07-02 21:00:00+02:00,2.4111053148905435
ba9989f9-0b51-4f44-955c-c4ac37d21bda,Rosengarten,2025-07-02 22:00:00+02:00,1.850394328435262
ba9989f9-0b51-4f44-955c-c4ac37d21bda,Rosengarten,2025-07-02 23:00:00+02:00,1.1973851521809895
ba9989f9-0b51-4f44-955c-c4ac37d21bda,Rosengarten,2025-07-03 00:00:00+02:00,1.7707103888193767
ba9989f9-0b51-4f44-955c-c4ac37d21bda,Rosengarten,2025-07-03 01:00:00+02:00,3.244720697402954
ba9989f9-0b51-4f44-955c-c4ac37d21bda,Rosengarten,2025-07-03 02:00:00+02:00,2.150296370188395
ba9989f9-0b51-4f44-955c-c4ac37d21bda,Rosengarten,2025-07-03 03:00:00+02:00,2.0894838174184165
ba9989f9-0b51-4f44-955c-c4ac37d21bda,Rosengarten,2025-07-03 04:00:00+02:00,2.7409716844558716
ba9989f9-0b51-4f44-955c-c4ac37d21bda,Rosengarten,2025-07-03 05:00:00+02:00,5.389697273572286
ba9989f9-0b51-4f44-955c-c4ac37d21bda,Rosengarten,2025-07-03 06:00:00+02:00,3.9709126551946006
ba9989f9-0b51-4f44-955c-c4ac37d21bda,Rosengarten,2025-07-03 07:00:00+02:00,12.767286022504171
ba9989f9-0b51-4f44-955c-c4ac37d21bda,Rosengarten,2025-07-03 08:00:00+02:00,16.23279031117757
ba9989f9-0b51-4f44-955c-c4ac37d21bda,Rosengarten,2025-07-03 09:00:00+02:00,18.008599678675335
ba9989f9-0b51-4f44-955c-c4ac37d21bda,Rosengarten,2025-07-03 10:00:00+02:00,15.309560298919678
ba9989f9-0b51-4f44-955c-c4ac37d21bda,Rosengarten,2025-07-03 11:00:00+02:00,16.07443157831828
ba9989f9-0b51-4f44-955c-c4ac37d21bda,Rosengarten,2025-07-03 12:00:00+02:00,22.740034262339275
ba9989f9-0b51-4f44-955c-c4ac37d21bda,Rosengarten,2025-07-03 13:00:00+02:00,30.907880465189617
ba9989f9-0b51-4f44-955c-c4ac37d21bda,Rosengarten,2025-07-03 14:00:00+02:00,10.01217269897461
ba9989f9-0b51-4f44-955c-c4ac37d21bda,Rosengarten,2025-07-03 15:00:00+02:00,20.627743244171143
ba9989f9-0b51-4f44-955c-c4ac37d21bda,Rosengarten,2025-07-03 16:00:00+02:00,15.048560619354248
ba9989f9-0b51-4f44-955c-c4ac37d21bda,Rosengarten,2025-07-03 17:00:00+02:00,2.859938939412435
ba9989f9-0b51-4f44-955c-c4ac37d21bda,Rosengarten,2025-07-03 18:00:00+02:00,12.430988709131876
ba9989f9-0b51-4f44-955c-c4ac37d21bda,Rosengarten,2025-07-03 19:00:00+02:00,4.506019115447998
ba9989f9-0b51-4f44-955c-c4ac37d21bda,Rosengarten,2025-07-03 20:00:00+02:00,8.511292894681295
ba9989f9-0b51-4f44-955c-c4ac37d21bda,Rosengarten,2025-07-03 21:00:00+02:00,3.027508576711019
ba9989f9-0b51-4f44-955c-c4ac37d21bda,Rosengarten,2025-07-03 22:00:00+02:00,1.9381603002548218
ba9989f9-0b51-4f44-955c-c4ac37d21bda,Rosengarten,2025-07-03 23:00:00+02:00,2.9435271422068277
ba9989f9-0b51-4f44-955c-c4ac37d21bda,Rosengarten,2025-07-04 00:00:00+02:00,4.383447964986165
ba9989f9-0b51-4f44-955c-c4ac37d21bda,Rosengarten,2025-07-04 01:00:00+02:00,4.313677708307902
ba9989f9-0b51-4f44-955c-c4ac37d21bda,Rosengarten,2025-07-04 02:00:00+02:00,2.537038564682007
ba9989f9-0b51-4f44-955c-c4ac37d21bda,Rosengarten,2025-07-04 03:00:00+02:00,2.6466331481933594
ba9989f9-0b51-4f44-955c-c4ac37d21bda,Rosengarten,2025-07-04 04:00:00+02:00,3.5915228923161826
ba9989f9-0b51-4f44-955c-c4ac37d21bda,Rosengarten,2025-07-04 05:00:00+02:00,4.9954674243927
ba9989f9-0b51-4f44-955c-c4ac37d21bda,Rosengarten,2025-07-04 06:00:00+02:00,5.570874532063802
ba9989f9-0b51-4f44-955c-c4ac37d21bda,Rosengarten,2025-07-04 07:00:00+02:00,12.000823815663656
ba9989f9-0b51-4f44-955c-c4ac37d21bda,Rosengarten,2025-07-04 08:00:00+02:00,12.40538497765859
ba9989f9-0b51-4f44-955c-c4ac37d21bda,Rosengarten,2025-07-04 09:00:00+02:00,11.75130033493042
ba9989f9-0b51-4f44-955c-c4ac37d21bda,Rosengarten,2025-07-04 10:00:00+02:00,16.29344367980957
ba9989f9-0b51-4f44-955c-c4ac37d21bda,Rosengarten,2025-07-04 11:00:00+02:00,6.417007287343343
ba9989f9-0b51-4f44-955c-c4ac37d21bda,Rosengarten,2025-07-04 12:00:00+02:00,22.057366689046223
ba9989f9-0b51-4f44-955c-c4ac37d21bda,Rosengarten,2025-07-04 13:00:00+02:00,16.554700533548992
ba9989f9-0b51-4f44-955c-c4ac37d21bda,Rosengarten,2025-07-04 14:00:00+02:00,4.90668249130249
ba9989f9-0b51-4f44-955c-c4ac37d21bda,Rosengarten,2025-07-04 15:00:00+02:00,31.513993740081787
ba9989f9-0b51-4f44-955c-c4ac37d21bda,Rosengarten,2025-07-04 16:00:00+02:00,34.490785916646324
ba9989f9-0b51-4f44-955c-c4ac37d21bda,Rosengarten,2025-07-04 17:00:00+02:00,12.034207026163736
ba9989f9-0b51-4f44-955c-c4ac37d21bda,Rosengarten,2025-07-04 18:00:00+02:00,52.01084884007772
ba9989f9-0b51-4f44-955c-c4ac37d21bda,Rosengarten,2025-07-04 19:00:00+02:00,80.6138202349345
ba9989f9-0b51-4f44-955c-c4ac37d21bda,Rosengarten,2025-07-04 20:00:00+02:00,45.826779206593834
ba9989f9-0b51-4f44-955c-c4ac37d21bda,Rosengarten,2025-07-04 21:00:00+02:00,31.270761728286743
ba9989f9-0b51-4f44-955c-c4ac37d21bda,Rosengarten,2025-07-04 22:00:00+02:00,2.962111473083496
ba9989f9-0b51-4f44-955c-c4ac37d21bda,Rosengarten,2025-07-04 23:00:00+02:00,6.410377502441406
ba9989f9-0b51-4f44-955c-c4ac37d21bda,Rosengarten,2025-07-05 00:00:00+02:00,14.420417388280233
ba9989f9-0b51-4f44-955c-c4ac37d21bda,Rosengarten,2025-07-05 01:00:00+02:00,7.214207450548808
ba9989f9-0b51-4f44-955c-c4ac37d21bda,Rosengarten,2025-07-05 02:00:00+02:00,4.059248526891072
ba9989f9-0b51-4f44-955c-c4ac37d21bda,Rosengarten,2025-07-05 03:00:00+02:00,2.8510884443918862
ba9989f9-0b51-4f44-955c-c4ac37d21bda,Rosengarten,2025-07-05 04:00:00+02:00,2.0800517400105796
ba9989f9-0b51-4f44-955c-c4ac37d21bda,Rosengarten,2025-07-05 05:00:00+02:00,2.211031675338745
ba9989f9-0b51-4f44-955c-c4ac37d21bda,Rosengarten,2025-07-05 06:00:00+02:00,2.3073620796203613
ba9989f9-0b51-4f44-955c-c4ac37d21bda,Rosengarten,2025-07-05 07:00:00+02:00,1.7235019207000732
ba9989f9-0b51-4f44-955c-c4ac37d21bda,Rosengarten,2025-07-05 08:00:00+02:00,7.5903544425964355
ba9989f9-0b51-4f44-955c-c4ac37d21bda,Rosengarten,2025-07-05 09:00:00+02:00,2.9185240268707275
ba9989f9-0b51-4f44-955c-c4ac37d21bda,Rosengarten,2025-07-05 10:00:00+02:00,31.66035485267639
ba9989f9-0b51-4f44-955c-c4ac37d21bda,Rosengarten,2025-07-05 11:00:00+02:00,15.427650133768717
ba9989f9-0b51-4f44-955c-c4ac37d21bda,Rosengarten,2025-07-05 12:00:00+02:00,9.46604871749878
ba9989f9-0b51-4f44-955c-c4ac37d21bda,Rosengarten,2025-07-05 13:00:00+02:00,13.924754937489828
ba9989f9-0b51-4f44-955c-c4ac37d21bda,Rosengarten,2025-07-05 14:00:00+02:00,7.742592175801595
ba9989f9-0b51-4f44-955c-c4ac37d21bda,Rosengarten,2025-07-05 15:00:00+02:00,8.01360034942627
ba9989f9-0b51-4f44-955c-c4ac37d21bda,Rosengarten,2025-07-05 16:00:00+02:00,45.42370080947876
ba9989f9-0b51-4f44-955c-c4ac37d21bda,Rosengarten,2025-07-05 17:00:00+02:00,21.536391099294026
ba9989f9-0b51-4f44-955c-c4ac37d21bda,Rosengarten,2025-07-05 18:00:00+02:00,16.51076141993205
ba9989f9-0b51-4f44-955c-c4ac37d21bda,Rosengarten,2025-07-05 19:00:00+02:00,7.183091958363851
ba9989f9-0b51-4f44-955c-c4ac37d21bda,Rosengarten,2025-07-05 20:00:00+02:00,15.427620967229208
ba9989f9-0b51-4f44-955c-c4ac37d21bda,Rosengarten,2025-07-05 21:00:00+02:00,3.8263792594273887
ba9989f9-0b51-4f44-955c-c4ac37d21bda,Rosengarten,2025-07-05 22:00:00+02:00,2.7809598048528037
ba9989f9-0b51-4f44-955c-c4ac37d21bda,Rosengarten,2025-07-05 23:00:00+02:00,2.4953320821126304
ba9989f9-0b51-4f44-955c-c4ac37d21bda,Rosengarten,2025-07-06 00:00:00+02:00,8.259881496429443
ba9989f9-0b51-4f44-955c-c4ac37d21bda,Rosengarten,2025-07-06 01:00:00+02:00,3.730719010035197
ba9989f9-0b51-4f44-955c-c4ac37d21bda,Rosengarten,2025-07-06 02:00:00+02:00,2.0439868768056235
ba9989f9-0b51-4f44-955c-c4ac37d21bda,Rosengarten,2025-07-06 03:00:00+02:00,3.018094857533773
ba9989f9-0b51-4f44-955c-c4ac37d21bda,Rosengarten,2025-07-06 04:00:00+02:00,3.8017157713572183
ba9989f9-0b51-4f44-955c-c4ac37d21bda,Rosengarten,2025-07-06 05:00:00+02:00,3.95317006111145
ba9989f9-0b51-4f44-955c-c4ac37d21bda,Rosengarten,2025-07-06 06:00:00+02:00,3.4044684569040933
ba9989f9-0b51-4f44-955c-c4ac37d21bda,Rosengarten,2025-07-06 07:00:00+02:00,3.305249492327372
ba9989f9-0b51-4f44-955c-c4ac37d21bda,Rosengarten,2025-07-06 08:00:00+02:00,3.278663754463196
ba9989f9-0b51-4f44-955c-c4ac37d21bda,Rosengarten,2025-07-06 09:00:00+02:00,6.262776851654053
ba9989f9-0b51-4f44-955c-c4ac37d21bda,Rosengarten,2025-07-06 10:00:00+02:00,16.643716017405193
ba9989f9-0b51-4f44-955c-c4ac37d21bda,Rosengarten,2025-07-06 11:00:00+02:00,17.055418809254963
ba9989f9-0b51-4f44-955c-c4ac37d21bda,Rosengarten,2025-07-06 12:00:00+02:00,43.93538204828898
ba9989f9-0b51-4f44-955c-c4ac37d21bda,Rosengarten,2025-07-06 13:00:00+02:00,37.199926694234215
ba9989f9-0b51-4f44-955c-c4ac37d21bda,Rosengarten,2025-07-06 14:00:00+02:00,18.849292437235516
ba9989f9-0b51-4f44-955c-c4ac37d21bda,Rosengarten,2025-07-06 15:00:00+02:00,53.715386708577476
ba9989f9-0b51-4f44-955c-c4ac37d21bda,Rosengarten,2025-07-06 16:00:00+02:00,50.691729386647545
ba9989f9-0b51-4f44-955c-c4ac37d21bda,Rosengarten,2025-07-06 17:00:00+02:00,35.94617676734924
ba9989f9-0b51-4f44-955c-c4ac37d21bda,Rosengarten,2025-07-06 18:00:00+02:00,15.358166615168253
ba9989f9-0b51-4f44-955c-c4ac37d21bda,Rosengarten,2025-07-06 19:00:00+02:00,8.022402207056684
ba9989f9-0b51-4f44-955c-c4ac37d21bda,Rosengarten,2025-07-06 20:00:00+02:00,8.641286015510559
ba9989f9-0b51-4f44-955c-c4ac37d21bda,Rosengarten,2025-07-06 21:00:00+02:00,7.253667275110879
ba9989f9-0b51-4f44-955c-c4ac37d21bda,Rosengarten,2025-07-06 22:00:00+02:00,3.417611757914225
ba9989f9-0b51-4f44-955c-c4ac37d21bda,Rosengarten,2025-07-06 23:00:00+02:00,4.704665899276733
ba9989f9-0b51-4f44-955c-c4ac37d21bda,Rosengarten,2025-07-07 00:00:00+02:00,8.456698338190714
ba9989f9-0b51-4f44-955c-c4ac37d21bda,Rosengarten,2025-07-07 01:00:00+02:00,5.471623261769612
ba9989f9-0b51-4f44-955c-c4ac37d21bda,Rosengarten,2025-07-07 02:00:00+02:00,3.4985392093658447
ba9989f9-0b51-4f44-955c-c4ac37d21bda,Rosengarten,2025-07-07 03:00:00+02:00,3.327251752217611
ba9989f9-0b51-4f44-955c-c4ac37d21bda,Rosengarten,2025-07-07 04:00:00+02:00,2.4561595916748047
ba9989f9-0b51-4f44-955c-c4ac37d21bda,Rosengarten,2025-07-07 05:00:00+02:00,2.1220699151357016
ba9989f9-0b51-4f44-955c-c4ac37d21bda,Rosengarten,2025-07-07 06:00:00+02:00,5.505549828211467
ba9989f9-0b51-4f44-955c-c4ac37d21bda,Rosengarten,2025-07-07 07:00:00+02:00,3.4661067724227923
ba9989f9-0b51-4f44-955c-c4ac37d21bda,Rosengarten,2025-07-07 08:00:00+02:00,10.986493666966757
ba9989f9-0b51-4f44-955c-c4ac37d21bda,Rosengarten,2025-07-07 09:00:00+02:00,13.876076857248941
ba9989f9-0b51-4f44-955c-c4ac37d21bda,Rosengarten,2025-07-07 10:00:00+02:00,10.678987820943197
ba9989f9-0b51-4f44-955c-c4ac37d21bda,Rosengarten,2025-07-07 11:00:00+02:00,6.447456518809001
ba9989f9-0b51-4f44-955c-c4ac37d21bda,Rosengarten,2025-07-07 12:00:00+02:00,25.57451057434082
ba9989f9-0b51-4f44-955c-c4ac37d21bda,Rosengarten,2025-07-07 13:00:00+02:00,19.417149543762207
ba9989f9-0b51-4f44-955c-c4ac37d21bda,Rosengarten,2025-07-07 14:00:00+02:00,22.709828058878582
ba9989f9-0b51-4f44-955c-c4ac37d21bda,Rosengarten,2025-07-07 15:00:00+02:00,6.137114365895589
ba9989f9-0b51-4f44-955c-c4ac37d21bda,Rosengarten,2025-07-07 16:00:00+02:00,5.511577208836873
ba9989f9-0b51-4f44-955c-c4ac37d21bda,Rosengarten,2025-07-07 17:00:00+02:00,4.164323091506958
ba9989f9-0b51-4f44-955c-c4ac37d21bda,Rosengarten,2025-07-07 18:00:00+02:00,11.840919017791748
ba9989f9-0b51-4f44-955c-c4ac37d21bda,Rosengarten,2025-07-07 19:00:00+02:00,8.847217639287313
ba9989f9-0b51-4f44-955c-c4ac37d21bda,Rosengarten,2025-07-07 20:00:00+02:00,4.684411803881328
ba9989f9-0b51-4f44-955c-c4ac37d21bda,Rosengarten,2025-07-07 21:00:00+02:00,5.310960332552592
ba9989f9-0b51-4f44-955c-c4ac37d21bda,Rosengarten,2025-07-07 22:00:00+02:00,4.088371753692627
ba9989f9-0b51-4f44-955c-c4ac37d21bda,Rosengarten,2025-07-07 23:00:00+02:00,1.183518409729004
ba9989f9-0b51-4f44-955c-c4ac37d21bda,Rosengarten,2025-07-08 00:00:00+02:00,7.208370049794515
ba9989f9-0b51-4f44-955c-c4ac37d21bda,Rosengarten,2025-07-08 01:00:00+02:00,3.3946927388509116
ba9989f9-0b51-4f44-955c-c4ac37d21bda,Rosengarten,2025-07-08 02:00:00+02:00,4.805067380269368
ba9989f9-0b51-4f44-955c-c4ac37d21bda,Rosengarten,2025-07-08 03:00:00+02:00,2.914834896723429
ba9989f9-0b51-4f44-955c-c4ac37d21bda,Rosengarten,2025-07-08 04:00:00+02:00,1.460821549097697
ba9989f9-0b51-4f44-955c-c4ac37d21bda,Rosengarten,2025-07-08 05:00:00+02:00,3.6271784702936807
ba9989f9-0b51-4f44-955c-c4ac37d21bda,Rosengarten,2025-07-08 06:00:00+02:00,2.9606903791427612
ba9989f9-0b51-4f44-955c-c4ac37d21bda,Rosengarten,2025-07-08 07:00:00+02:00,15.790788173675537
ba9989f9-0b51-4f44-955c-c4ac37d21bda,Rosengarten,2025-07-08 08:00:00+02:00,15.910395542780558
ba9989f9-0b51-4f44-955c-c4ac37d21bda,Rosengarten,2025-07-08 09:00:00+02:00,23.572466452916462
ba9989f9-0b51-4f44-955c-c4ac37d21bda,Rosengarten,2025-07-08 10:00:00+02:00,15.889869689941406
ba9989f9-0b51-4f44-955c-c4ac37d21bda,Rosengarten,2025-07-08 11:00:00+02:00,6.169550736745198
ba9989f9-0b51-4f44-955c-c4ac37d21bda,Rosengarten,2025-07-08 12:00:00+02:00,20.90446710586548
ba9989f9-0b51-4f44-955c-c4ac37d21bda,Rosengarten,2025-07-08 13:00:00+02:00,12.6876589457194
ba9989f9-0b51-4f44-955c-c4ac37d21bda,Rosengarten,2025-07-08 14:00:00+02:00,1.8472062746683757
ba9989f9-0b51-4f44-955c-c4ac37d21bda,Rosengarten,2025-07-08 15:00:00+02:00,12.696962833404541
ba9989f9-0b51-4f44-955c-c4ac37d21bda,Rosengarten,2025-07-08 16:00:00+02:00,15.480520963668823
ba9989f9-0b51-4f44-955c-c4ac37d21bda,Rosengarten,2025-07-08 17:00:00+02:00,25.01718743642171
ba9989f9-0b51-4f44-955c-c4ac37d21bda,Rosengarten,2025-07-08 18:00:00+02:00,3.454223950703939
ba9989f9-0b51-4f44-955c-c4ac37d21bda,Rosengarten,2025-07-08 19:00:00+02:00,4.191350698471069
ba9989f9-0b51-4f44-955c-c4ac37d21bda,Rosengarten,2025-07-08 20:00:00+02:00,2.782654086748759
ba9989f9-0b51-4f44-955c-c4ac37d21bda,Rosengarten,2025-07-08 21:00:00+02:00,4.877728462219238
ba9989f9-0b51-4f44-955c-c4ac37d21bda,Rosengarten,2025-07-08 22:00:00+02:00,1.3865774472554524
ba9989f9-0b51-4f44-955c-c4ac37d21bda,Rosengarten,2025-07-08 23:00:00+02:00,3.124453147252401
ba9989f9-0b51-4f44-955c-c4ac37d21bda,Rosengarten,2025-07-09 00:00:00+02:00,5.1021153926849365
ba9989f9-0b51-4f44-955c-c4ac37d21bda,Rosengarten,2025-07-09 01:00:00+02:00,5.258846680323283
ba9989f9-0b51-4f44-955c-c4ac37d21bda,Rosengarten,2025-07-09 02:00:00+02:00,3.320657173792521
ba9989f9-0b51-4f44-955c-c4ac37d21bda,Rosengarten,2025-07-09 03:00:00+02:00,1.4091535409291585
ba9989f9-0b51-4f44-955c-c4ac37d21bda,Rosengarten,2025-07-09 04:00:00+02:00,1.9491276741027832
ba9989f9-0b51-4f44-955c-c4ac37d21bda,Rosengarten,2025-07-09 05:00:00+02:00,5.252270142237346
ba9989f9-0b51-4f44-955c-c4ac37d21bda,Rosengarten,2025-07-09 06:00:00+02:00,5.294593612353005
ba9989f9-0b51-4f44-955c-c4ac37d21bda,Rosengarten,2025-07-09 07:00:00+02:00,8.110438625017801
ba9989f9-0b51-4f44-955c-c4ac37d21bda,Rosengarten,2025-07-09 08:00:00+02:00,12.79308851559957
ba9989f9-0b51-4f44-955c-c4ac37d21bda,Rosengarten,2025-07-09 09:00:00+02:00,11.490623394648233
ba9989f9-0b51-4f44-955c-c4ac37d21bda,Rosengarten,2025-07-09 10:00:00+02:00,15.465942939122518
ba9989f9-0b51-4f44-955c-c4ac37d21bda,Rosengarten,2025-07-09 11:00:00+02:00,2.509359041849772
ba9989f9-0b51-4f44-955c-c4ac37d21bda,Rosengarten,2025-07-09 12:00:00+02:00,11.6025021870931
ba9989f9-0b51-4f44-955c-c4ac37d21bda,Rosengarten,2025-07-09 13:00:00+02:00,21.679594039916992
ba9989f9-0b51-4f44-955c-c4ac37d21bda,Rosengarten,2025-07-09 14:00:00+02:00,27.266545454661053
ba9989f9-0b51-4f44-955c-c4ac37d21bda,Rosengarten,2025-07-09 15:00:00+02:00,12.238365014394125
ba9989f9-0b51-4f44-955c-c4ac37d21bda,Rosengarten,2025-07-09 16:00:00+02:00,20.953666766484577
ba9989f9-0b51-4f44-955c-c4ac37d21bda,Rosengarten,2025-07-09 17:00:00+02:00,10.32000700632731
ba9989f9-0b51-4f44-955c-c4ac37d21bda,Rosengarten,2025-07-09 18:00:00+02:00,12.236061334609985
ba9989f9-0b51-4f44-955c-c4ac37d21bda,Rosengarten,2025-07-09 19:00:00+02:00,2.539988120396932
ba9989f9-0b51-4f44-955c-c4ac37d21bda,Rosengarten,2025-07-09 20:00:00+02:00,4.456632057825725
ba9989f9-0b51-4f44-955c-c4ac37d21bda,Rosengarten,2025-07-09 21:00:00+02:00,6.010252237319946
ba9989f9-0b51-4f44-955c-c4ac37d21bda,Rosengarten,2025-07-09 22:00:00+02:00,4.941231648127238
ba9989f9-0b51-4f44-955c-c4ac37d21bda,Rosengarten,2025-07-09 23:00:00+02:00,2.2836503982543945
ba9989f9-0b51-4f44-955c-c4ac37d21bda,Rosengarten,2025-07-10 00:00:00+02:00,1.713049292564392
ba9989f9-0b51-4f44-955c-c4ac37d21bda,Rosengarten,2025-07-10 01:00:00+02:00,2.9149611790974936
ba9989f9-0b51-4f44-955c-c4ac37d21bda,Rosengarten,2025-07-10 02:00:00+02:00,2.1682735284169516
ba9989f9-0b51-4f44-955c-c4ac37d21bda,Rosengarten,2025-07-10 03:00:00+02:00,2.2629252274831138
ba9989f9-0b51-4f44-955c-c4ac37d21bda,Rosengarten,2025-07-10 04:00:00+02:00,3.4454290866851807
ba9989f9-0b51-4f44-955c-c4ac37d21bda,Rosengarten,2025-07-10 05:00:00+02:00,5.13062830766042
ba9989f9-0b51-4f44-955c-c4ac37d21bda,Rosengarten,2025-07-10 06:00:00+02:00,6.57267693678538
ba9989f9-0b51-4f44-955c-c4ac37d21bda,Rosengarten,2025-07-10 07:00:00+02:00,9.046008467674255
ba9989f9-0b51-4f44-955c-c4ac37d21bda,Rosengarten,2025-07-10 08:00:00+02:00,10.382256229718527
ba9989f9-0b51-4f44-955c-c4ac37d21bda,Rosengarten,2025-07-10 09:00:00+02:00,8.700535575548807
ba9989f9-0b51-4f44-955c-c4ac37d21bda,Rosengarten,2025-07-10 10:00:00+02:00,8.352482080459595
ba9989f9-0b51-4f44-955c-c4ac37d21bda,Rosengarten,2025-07-10 11:00:00+02:00,6.108366012573242
ba9989f9-0b51-4f44-955c-c4ac37d21bda,Rosengarten,2025-07-10 12:00:00+02:00,7.476162592569987
ba9989f9-0b51-4f44-955c-c4ac37d21bda,Rosengarten,2025-07-10 13:00:00+02:00,7.442770799001058
ba9989f9-0b51-4f44-955c-c4ac37d21bda,Rosengarten,2025-07-10 14:00:00+02:00,23.97793451944987
ba9989f9-0b51-4f44-955c-c4ac37d21bda,Rosengarten,2025-07-10 15:00:00+02:00,4.342770576477051
ba9989f9-0b51-4f44-955c-c4ac37d21bda,Rosengarten,2025-07-10 16:00:00+02:00,13.38422679901123
ba9989f9-0b51-4f44-955c-c4ac37d21bda,Rosengarten,2025-07-10 17:00:00+02:00,96.56826591491699
ba9989f9-0b51-4f44-955c-c4ac37d21bda,Rosengarten,2025-07-10 18:00:00+02:00,126.47456645965576
ba9989f9-0b51-4f44-955c-c4ac37d21bda,Rosengarten,2025-07-10 19:00:00+02:00,125.78686213493347
ba9989f9-0b51-4f44-955c-c4ac37d21bda,Rosengarten,2025-07-10 20:00:00+02:00,59.363619804382324
ba9989f9-0b51-4f44-955c-c4ac37d21bda,Rosengarten,2025-07-10 21:00:00+02:00,89.36033550898235
ba9989f9-0b51-4f44-955c-c4ac37d21bda,Rosengarten,2025-07-10 22:00:00+02:00,19.824000517527264
ba9989f9-0b51-4f44-955c-c4ac37d21bda,Rosengarten,2025-07-10 23:00:00+02:00,7.753977616628011
ba9989f9-0b51-4f44-955c-c4ac37d21bda,Rosengarten,2025-07-11 00:00:00+02:00,10.21671720345815
ba9989f9-0b51-4f44-955c-c4ac37d21bda,Rosengarten,2025-07-11 01:00:00+02:00,3.3096096515655518
ba9989f9-0b51-4f44-955c-c4ac37d21bda,Rosengarten,2025-07-11 02:00:00+02:00,2.816155115763346
ba9989f9-0b51-4f44-955c-c4ac37d21bda,Rosengarten,2025-07-11 03:00:00+02:00,1.7838048934936523
ba9989f9-0b51-4f44-955c-c4ac37d21bda,Rosengarten,2025-07-11 04:00:00+02:00,1.9246882597605388
ba9989f9-0b51-4f44-955c-c4ac37d21bda,Rosengarten,2025-07-11 05:00:00+02:00,1.947293996810913
ba9989f9-0b51-4f44-955c-c4ac37d21bda,Rosengarten,2025-07-11 06:00:00+02:00,3.5253891150156638
ba9989f9-0b51-4f44-955c-c4ac37d21bda,Rosengarten,2025-07-11 07:00:00+02:00,2.2295432488123583
ba9989f9-0b51-4f44-955c-c4ac37d21bda,Rosengarten,2025-07-11 08:00:00+02:00,4.703368425369263
ba9989f9-0b51-4f44-955c-c4ac37d21bda,Rosengarten,2025-07-11 09:00:00+02:00,3.8543523947397866
ba9989f9-0b51-4f44-955c-c4ac37d21bda,Rosengarten,2025-07-11 10:00:00+02:00,8.7037460009257
ba9989f9-0b51-4f44-955c-c4ac37d21bda,Rosengarten,2025-07-11 11:00:00+02:00,3.789240519205729
ba9989f9-0b51-4f44-955c-c4ac37d21bda,Rosengarten,2025-07-11 12:00:00+02:00,23.691351572672527
ba9989f9-0b51-4f44-955c-c4ac37d21bda,Rosengarten,2025-07-11 13:00:00+02:00,19.60049565633138
ba9989f9-0b51-4f44-955c-c4ac37d21bda,Rosengarten,2025-07-11 14:00:00+02:00,7.599068800608317
ba9989f9-0b51-4f44-955c-c4ac37d21bda,Rosengarten,2025-07-11 15:00:00+02:00,33.443122227986656
ba9989f9-0b51-4f44-955c-c4ac37d21bda,Rosengarten,2025-07-11 16:00:00+02:00,35.55822436014811
ba9989f9-0b51-4f44-955c-c4ac37d21bda,Rosengarten,2025-07-11 17:00:00+02:00,11.49331251780192
ba9989f9-0b51-4f44-955c-c4ac37d21bda,Rosengarten,2025-07-11 18:00:00+02:00,51.70858589808146
ba9989f9-0b51-4f44-955c-c4ac37d21bda,Rosengarten,2025-07-11 19:00:00+02:00,68.49352566401164
ba9989f9-0b51-4f44-955c-c4ac37d21bda,Rosengarten,2025-07-11 20:00:00+02:00,45.972920656204224
ba9989f9-0b51-4f44-955c-c4ac37d21bda,Rosengarten,2025-07-11 21:00:00+02:00,3.6838455200195312
ba9989f9-0b51-4f44-955c-c4ac37d21bda,Rosengarten,2025-07-11 22:00:00+02:00,3.573891838391622
ba9989f9-0b51-4f44-955c-c4ac37d21bda,Rosengarten,2025-07-11 23:00:00+02:00,2.587148666381836
ba9989f9-0b51-4f44-955c-c4ac37d21bda,Rosengarten,2025-07-12 00:00:00+02:00,4.061050216356912
ba9989f9-0b51-4f44-955c-c4ac37d21bda,Rosengarten,2025-07-12 01:00:00+02:00,7.243005156517029
ba9989f9-0b51-4f44-955c-c4ac37d21bda,Rosengarten,2025-07-12 02:00:00+02:00,4.052160422007243
ba9989f9-0b51-4f44-955c-c4ac37d21bda,Rosengarten,2025-07-12 03:00:00+02:00,2.8225038051605225
ba9989f9-0b51-4f44-955c-c4ac37d21bda,Rosengarten,2025-07-12 04:00:00+02:00,2.067106246948242
ba9989f9-0b51-4f44-955c-c4ac37d21bda,Rosengarten,2025-07-12 05:00:00+02:00,2.270590384801229
ba9989f9-0b51-4f44-955c-c4ac37d21bda,Rosengarten,2025-07-12 06:00:00+02:00,2.356339613596598
ba9989f9-0b51-4f44-955c-c4ac37d21bda,Rosengarten,2025-07-12 07:00:00+02:00,2.908737897872926
ba9989f9-0b51-4f44-955c-c4ac37d21bda,Rosengarten,2025-07-12 08:00:00+02:00,7.713732759157817
ba9989f9-0b51-4f44-955c-c4ac37d21bda,Rosengarten,2025-07-12 09:00:00+02:00,2.944191853205363
ba9989f9-0b51-4f44-955c-c4ac37d21bda,Rosengarten,2025-07-12 10:00:00+02:00,31.61058767636617
ba9989f9-0b51-4f44-955c-c4ac37d21bda,Rosengarten,2025-07-12 11:00:00+02:00,15.061177253723145
ba9989f9-0b51-4f44-955c-c4ac37d21bda,Rosengarten,2025-07-12 12:00:00+02:00,8.026944637298584
ba9989f9-0b51-4f44-955c-c4ac37d21bda,Rosengarten,2025-07-12 13:00:00+02:00,33.64285898208618
ba9989f9-0b51-4f44-955c-c4ac37d21bda,Rosengarten,2025-07-12 14:00:00+02:00,7.196671962738037
ba9989f9-0b51-4f44-955c-c4ac37d21bda,Rosengarten,2025-07-12 15:00:00+02:00,28.1181157430013
ba9989f9-0b51-4f44-955c-c4ac37d21bda,Rosengarten,2025-07-12 16:00:00+02:00,45.67853387196859
ba9989f9-0b51-4f44-955c-c4ac37d21bda,Rosengarten,2025-07-12 17:00:00+02:00,21.682435989379883
ba9989f9-0b51-4f44-955c-c4ac37d21bda,Rosengarten,2025-07-12 18:00:00+02:00,8.266660849253336
ba9989f9-0b51-4f44-955c-c4ac37d21bda,Rosengarten,2025-07-12 19:00:00+02:00,8.473346630732218
ba9989f9-0b51-4f44-955c-c4ac37d21bda,Rosengarten,2025-07-12 20:00:00+02:00,4.90851358572642
ba9989f9-0b51-4f44-955c-c4ac37d21bda,Rosengarten,2025-07-12 21:00:00+02:00,8.611239751180014
ba9989f9-0b51-4f44-955c-c4ac37d21bda,Rosengarten,2025-07-12 22:00:00+02:00,2.7530641158421836
ba9989f9-0b51-4f44-955c-c4ac37d21bda,Rosengarten,2025-07-12 23:00:00+02:00,2.539657155672709
ba9989f9-0b51-4f44-955c-c4ac37d21bda,Rosengarten,2025-07-13 00:00:00+02:00,2.097723682721456
ba9989f9-0b51-4f44-955c-c4ac37d21bda,Rosengarten,2025-07-13 01:00:00+02:00,3.738206624984741
ba9989f9-0b51-4f44-955c-c4ac37d21bda,Rosengarten,2025-07-13 02:00:00+02:00,3.7458422978719077
ba9989f9-0b51-4f44-955c-c4ac37d21bda,Rosengarten,2025-07-13 03:00:00+02:00,3.1222436324409815
ba9989f9-0b51-4f44-955c-c4ac37d21bda,Rosengarten,2025-07-13 04:00:00+02:00,3.6946239471435547
ba9989f9-0b51-4f44-955c-c4ac37d21bda,Rosengarten,2025-07-13 05:00:00+02:00,3.6313488369896296
ba9989f9-0b51-4f44-955c-c4ac37d21bda,Rosengarten,2025-07-13 06:00:00+02:00,3.0164536476135253
ba9989f9-0b51-4f44-955c-c4ac37d21bda,Rosengarten,2025-07-13 07:00:00+02:00,3.1767819555182206
ba9989f9-0b51-4f44-955c-c4ac37d21bda,Rosengarten,2025-07-13 08:00:00+02:00,2.1938391261630588
ba9989f9-0b51-4f44-955c-c4ac37d21bda,Rosengarten,2025-07-13 09:00:00+02:00,5.085583967321059
ba9989f9-0b51-4f44-955c-c4ac37d21bda,Rosengarten,2025-07-13 10:00:00+02:00,14.704644203186035
ba9989f9-0b51-4f44-955c-c4ac37d21bda,Rosengarten,2025-07-13 11:00:00+02:00,15.351951344807942
ba9989f9-0b51-4f44-955c-c4ac37d21bda,Rosengarten,2025-07-13 12:00:00+02:00,43.80263137817383
ba9989f9-0b51-4f44-955c-c4ac37d21bda,Rosengarten,2025-07-13 13:00:00+02:00,39.359298119178185
ba9989f9-0b51-4f44-955c-c4ac37d21bda,Rosengarten,2025-07-13 14:00:00+02:00,22.61050033569336
ba9989f9-0b51-4f44-955c-c4ac37d21bda,Rosengarten,2025-07-13 15:00:00+02:00,47.36052218350497
ba9989f9-0b51-4f44-955c-c4ac37d21bda,Rosengarten,2025-07-13 16:00:00+02:00,45.378034591674805
ba9989f9-0b51-4f44-955c-c4ac37d21bda,Rosengarten,2025-07-13 17:00:00+02:00,33.55170610215929
ba9989f9-0b51-4f44-955c-c4ac37d21bda,Rosengarten,2025-07-13 18:00:00+02:00,14.913014650344849
ba9989f9-0b51-4f44-955c-c4ac37d21bda,Rosengarten,2025-07-13 19:00:00+02:00,6.388696806771415
ba9989f9-0b51-4f44-955c-c4ac37d21bda,Rosengarten,2025-07-13 20:00:00+02:00,10.687077840169271
ba9989f9-0b51-4f44-955c-c4ac37d21bda,Rosengarten,2025-07-13 21:00:00+02:00,8.994973373413085
ba9989f9-0b51-4f44-955c-c4ac37d21bda,Rosengarten,2025-07-13 22:00:00+02:00,3.659918785095215
ba9989f9-0b51-4f44-955c-c4ac37d21bda,Rosengarten,2025-07-13 23:00:00+02:00,4.0983327229817705
ba9989f9-0b51-4f44-955c-c4ac37d21bda,Rosengarten,2025-07-14 00:00:00+02:00,8.733108520507812
ba9989f9-0b51-4f44-955c-c4ac37d21bda,Rosengarten,2025-07-14 01:00:00+02:00,5.297830581665039
bb71e93c-fc02-464c-acf0-f2c6c453762d,Stresemannstraße 6,2025-06-30 03:00:00+02:00,6.4900970458984375
bb71e93c-fc02-464c-acf0-f2c6c453762d,Stresemannstraße 6,2025-06-30 04:00:00+02:00,5.980515480041504
bb71e93c-fc02-464c-acf0-f2c6c453762d,Stresemannstraße 6,2025-06-30 05:00:00+02:00,5.857292811075847
bb71e93c-fc02-464c-acf0-f2c6c453762d,Stresemannstraße 6,2025-06-30 06:00:00+02:00,11.811410903930664
bb71e93c-fc02-464c-acf0-f2c6c453762d,Stresemannstraße 6,2025-06-30 07:00:00+02:00,10.977048873901367
bb71e93c-fc02-464c-acf0-f2c6c453762d,Stresemannstraße 6,2025-06-30 08:00:00+02:00,8.71427853902181
bb71e93c-fc02-464c-acf0-f2c6c453762d,Stresemannstraße 6,2025-06-30 09:00:00+02:00,19.235765729631698
bb71e93c-fc02-464c-acf0-f2c6c453762d,Stresemannstraße 6,2025-06-30 10:00:00+02:00,8.501742362976074
bb71e93c-fc02-464c-acf0-f2c6c453762d,Stresemannstraße 6,2025-06-30 11:00:00+02:00,24.18248070610894
bb71e93c-fc02-464c-acf0-f2c6c453762d,Stresemannstraße 6,2025-06-30 12:00:00+02:00,1.8426216125488282
bb71e93c-fc02-464c-acf0-f2c6c453762d,Stresemannstraße 6,2025-06-30 13:00:00+02:00,2.142835096879439
bb71e93c-fc02-464c-acf0-f2c6c453762d,Stresemannstraße 6,2025-06-30 14:00:00+02:00,4.582468350728353
bb71e93c-fc02-464c-acf0-f2c6c453762d,Stresemannstraße 6,2025-06-30 15:00:00+02:00,13.017917926494892
bb71e93c-fc02-464c-acf0-f2c6c453762d,Stresemannstraße 6,2025-06-30 16:00:00+02:00,26.055457251412527
bb71e93c-fc02-464c-acf0-f2c6c453762d,Stresemannstraße 6,2025-06-30 17:00:00+02:00,21.780884552001954
bb71e93c-fc02-464c-acf0-f2c6c453762d,Stresemannstraße 6,2025-06-30 18:00:00+02:00,4.026668429374695
bb71e93c-fc02-464c-acf0-f2c6c453762d,Stresemannstraße 6,2025-06-30 19:00:00+02:00,8.811110552619486
bb71e93c-fc02-464c-acf0-f2c6c453762d,Stresemannstraße 6,2025-06-30 20:00:00+02:00,4.818966653611925
bb71e93c-fc02-464c-acf0-f2c6c453762d,Stresemannstraße 6,2025-06-30 21:00:00+02:00,4.042513596384149
bb71e93c-fc02-464c-acf0-f2c6c453762d,Stresemannstraße 6,2025-06-30 22:00:00+02:00,3.4866179466247558
bb71e93c-fc02-464c-acf0-f2c6c453762d,Stresemannstraße 6,2025-06-30 23:00:00+02:00,4.483269191923595
bb71e93c-fc02-464c-acf0-f2c6c453762d,Stresemannstraße 6,2025-07-01 00:00:00+02:00,4.56123005260121
bb71e93c-fc02-464c-acf0-f2c6c453762d,Stresemannstraße 6,2025-07-01 01:00:00+02:00,1.7366042759107507
bb71e93c-fc02-464c-acf0-f2c6c453762d,Stresemannstraße 6,2025-07-01 02:00:00+02:00,3.971656640370687
bb71e93c-fc02-464c-acf0-f2c6c453762d,Stresemannstraße 6,2025-07-01 03:00:00+02:00,2.8647501468658447
bb71e93c-fc02-464c-acf0-f2c6c453762d,Stresemannstraße 6,2025-07-01 04:00:00+02:00,6.99499495824178
bb71e93c-fc02-464c-acf0-f2c6c453762d,Stresemannstraße 6,2025-07-01 05:00:00+02:00,11.068492333094278
bb71e93c-fc02-464c-acf0-f2c6c453762d,Stresemannstraße 6,2025-07-01 06:00:00+02:00,9.956434567769373
bb71e93c-fc02-464c-acf0-f2c6c453762d,Stresemannstraße 6,2025-07-01 07:00:00+02:00,15.141587098439535
bb71e93c-fc02-464c-acf0-f2c6c453762d,Stresemannstraße 6,2025-07-01 08:00:00+02:00,13.381677786509195
bb71e93c-fc02-464c-acf0-f2c6c453762d,Stresemannstraße 6,2025-07-01 09:00:00+02:00,2.9355026880900064
bb71e93c-fc02-464c-acf0-f2c6c453762d,Stresemannstraße 6,2025-07-01 10:00:00+02:00,19.072062651316326
bb71e93c-fc02-464c-acf0-f2c6c453762d,Stresemannstraße 6,2025-07-01 11:00:00+02:00,24.779496987660725
bb71e93c-fc02-464c-acf0-f2c6c453762d,Stresemannstraße 6,2025-07-01 12:00:00+02:00,19.62238375345866
bb71e93c-fc02-464c-acf0-f2c6c453762d,Stresemannstraße 6,2025-07-01 13:00:00+02:00,22.849578221638996
bb71e93c-fc02-464c-acf0-f2c6c453762d,Stresemannstraße 6,2025-07-01 14:00:00+02:00,15.227600574493408
bb71e93c-fc02-464c-acf0-f2c6c453762d,Stresemannstraße 6,2025-07-01 15:00:00+02:00,14.112134138743082
bb71e93c-fc02-464c-acf0-f2c6c453762d,Stresemannstraße 6,2025-07-01 16:00:00+02:00,5.789400100708008
bb71e93c-fc02-464c-acf0-f2c6c453762d,Stresemannstraße 6,2025-07-01 17:00:00+02:00,2.6493488947550454
bb71e93c-fc02-464c-acf0-f2c6c453762d,Stresemannstraße 6,2025-07-01 18:00:00+02:00,3.4109249909718833
bb71e93c-fc02-464c-acf0-f2c6c453762d,Stresemannstraße 6,2025-07-01 19:00:00+02:00,8.216344197591146
bb71e93c-fc02-464c-acf0-f2c6c453762d,Stresemannstraße 6,2025-07-01 20:00:00+02:00,8.770832220713297
bb71e93c-fc02-464c-acf0-f2c6c453762d,Stresemannstraße 6,2025-07-01 21:00:00+02:00,2.9969542821248374
bb71e93c-fc02-464c-acf0-f2c6c453762d,Stresemannstraße 6,2025-07-01 22:00:00+02:00,4.330431222915649
bb71e93c-fc02-464c-acf0-f2c6c453762d,Stresemannstraße 6,2025-07-01 23:00:00+02:00,7.064785321553548
bb71e93c-fc02-464c-acf0-f2c6c453762d,Stresemannstraße 6,2025-07-02 00:00:00+02:00,5.074958244959517
bb71e93c-fc02-464c-acf0-f2c6c453762d,Stresemannstraße 6,2025-07-02 01:00:00+02:00,1.0869688193003337
bb71e93c-fc02-464c-acf0-f2c6c453762d,Stresemannstraße 6,2025-07-02 02:00:00+02:00,4.808976252873738
bb71e93c-fc02-464c-acf0-f2c6c453762d,Stresemannstraße 6,2025-07-02 03:00:00+02:00,5.3825282255808515
bb71e93c-fc02-464c-acf0-f2c6c453762d,Stresemannstraße 6,2025-07-02 04:00:00+02:00,9.027231375376383
bb71e93c-fc02-464c-acf0-f2c6c453762d,Stresemannstraße 6,2025-07-02 05:00:00+02:00,14.932662089665731
bb71e93c-fc02-464c-acf0-f2c6c453762d,Stresemannstraße 6,2025-07-02 06:00:00+02:00,15.575419584910074
bb71e93c-fc02-464c-acf0-f2c6c453762d,Stresemannstraße 6,2025-07-02 07:00:00+02:00,4.214973131815593
bb71e93c-fc02-464c-acf0-f2c6c453762d,Stresemannstraße 6,2025-07-02 08:00:00+02:00,9.868161837259928
bb71e93c-fc02-464c-acf0-f2c6c453762d,Stresemannstraße 6,2025-07-02 09:00:00+02:00,9.007309595743815
bb71e93c-fc02-464c-acf0-f2c6c453762d,Stresemannstraße 6,2025-07-02 10:00:00+02:00,12.635251681009928
bb71e93c-fc02-464c-acf0-f2c6c453762d,Stresemannstraße 6,2025-07-02 11:00:00+02:00,8.765360832214355
bb71e93c-fc02-464c-acf0-f2c6c453762d,Stresemannstraße 6,2025-07-02 12:00:00+02:00,2.1505128542582193
bb71e93c-fc02-464c-acf0-f2c6c453762d,Stresemannstraße 6,2025-07-02 13:00:00+02:00,2.3402700424194336
bb71e93c-fc02-464c-acf0-f2c6c453762d,Stresemannstraße 6,2025-07-02 14:00:00+02:00,16.880192756652832
bb71e93c-fc02-464c-acf0-f2c6c453762d,Stresemannstraße 6,2025-07-02 15:00:00+02:00,15.900020440419516
bb71e93c-fc02-464c-acf0-f2c6c453762d,Stresemannstraße 6,2025-07-02 16:00:00+02:00,2.4370606740315757
bb71e93c-fc02-464c-acf0-f2c6c453762d,Stresemannstraße 6,2025-07-02 17:00:00+02:00,2.780846913655599
bb71e93c-fc02-464c-acf0-f2c6c453762d,Stresemannstraße 6,2025-07-02 18:00:00+02:00,3.556702454884847
bb71e93c-fc02-464c-acf0-f2c6c453762d,Stresemannstraße 6,2025-07-02 19:00:00+02:00,3.953691323598226
bb71e93c-fc02-464c-acf0-f2c6c453762d,Stresemannstraße 6,2025-07-02 20:00:00+02:00,5.36159086227417
bb71e93c-fc02-464c-acf0-f2c6c453762d,Stresemannstraße 6,2025-07-02 21:00:00+02:00,7.8782312870025635
bb71e93c-fc02-464c-acf0-f2c6c453762d,Stresemannstraße 6,2025-07-02 22:00:00+02:00,4.372382640838623
bb71e93c-fc02-464c-acf0-f2c6c453762d,Stresemannstraße 6,2025-07-02 23:00:00+02:00,6.451354583104451
bb71e93c-fc02-464c-acf0-f2c6c453762d,Stresemannstraße 6,2025-07-03 00:00:00+02:00,2.8104004859924316
bb71e93c-fc02-464c-acf0-f2c6c453762d,Stresemannstraße 6,2025-07-03 01:00:00+02:00,1.5633830229441326
bb71e93c-fc02-464c-acf0-f2c6c453762d,Stresemannstraße 6,2025-07-03 02:00:00+02:00,4.115575869878133
bb71e93c-fc02-464c-acf0-f2c6c453762d,Stresemannstraße 6,2025-07-03 03:00:00+02:00,6.974119742711385
bb71e93c-fc02-464c-acf0-f2c6c453762d,Stresemannstraße 6,2025-07-03 04:00:00+02:00,9.740856647491455
bb71e93c-fc02-464c-acf0-f2c6c453762d,Stresemannstraße 6,2025-07-03 05:00:00+02:00,10.642662843068441
bb71e93c-fc02-464c-acf0-f2c6c453762d,Stresemannstraße 6,2025-07-03 06:00:00+02:00,7.630352179209392
bb71e93c-fc02-464c-acf0-f2c6c453762d,Stresemannstraße 6,2025-07-03 07:00:00+02:00,11.173935333887735
bb71e93c-fc02-464c-acf0-f2c6c453762d,Stresemannstraße 6,2025-07-03 08:00:00+02:00,17.64268207550049
bb71e93c-fc02-464c-acf0-f2c6c453762d,Stresemannstraße 6,2025-07-03 09:00:00+02:00,8.949400901794434
bb71e93c-fc02-464c-acf0-f2c6c453762d,Stresemannstraße 6,2025-07-03 10:00:00+02:00,1.9951823552449544
bb71e93c-fc02-464c-acf0-f2c6c453762d,Stresemannstraße 6,2025-07-03 11:00:00+02:00,2.28066619237264
bb71e93c-fc02-464c-acf0-f2c6c453762d,Stresemannstraße 6,2025-07-03 12:00:00+02:00,21.4223788579305
bb71e93c-fc02-464c-acf0-f2c6c453762d,Stresemannstraße 6,2025-07-03 13:00:00+02:00,2.0757369995117188
bb71e93c-fc02-464c-acf0-f2c6c453762d,Stresemannstraße 6,2025-07-03 14:00:00+02:00,5.411075909932454
bb71e93c-fc02-464c-acf0-f2c6c453762d,Stresemannstraße 6,2025-07-03 15:00:00+02:00,3.8248866399129233
bb71e93c-fc02-464c-acf0-f2c6c453762d,Stresemannstraße 6,2025-07-03 16:00:00+02:00,6.053192933400472
bb71e93c-fc02-464c-acf0-f2c6c453762d,Stresemannstraße 6,2025-07-03 17:00:00+02:00,11.498847325642904
bb71e93c-fc02-464c-acf0-f2c6c453762d,Stresemannstraße 6,2025-07-03 18:00:00+02:00,25.434918244679768
bb71e93c-fc02-464c-acf0-f2c6c453762d,Stresemannstraße 6,2025-07-03 19:00:00+02:00,8.204501787821451
bb71e93c-fc02-464c-acf0-f2c6c453762d,Stresemannstraße 6,2025-07-03 20:00:00+02:00,5.413889090220134
bb71e93c-fc02-464c-acf0-f2c6c453762d,Stresemannstraße 6,2025-07-03 21:00:00+02:00,7.966502507527665
bb71e93c-fc02-464c-acf0-f2c6c453762d,Stresemannstraße 6,2025-07-03 22:00:00+02:00,7.2888608773549395
bb71e93c-fc02-464c-acf0-f2c6c453762d,Stresemannstraße 6,2025-07-03 23:00:00+02:00,5.720430215199788
bb71e93c-fc02-464c-acf0-f2c6c453762d,Stresemannstraße 6,2025-07-04 00:00:00+02:00,2.3661001523335776
bb71e93c-fc02-464c-acf0-f2c6c453762d,Stresemannstraße 6,2025-07-04 01:00:00+02:00,3.4398862520853677
bb71e93c-fc02-464c-acf0-f2c6c453762d,Stresemannstraße 6,2025-07-04 02:00:00+02:00,6.1399766604105634
bb71e93c-fc02-464c-acf0-f2c6c453762d,Stresemannstraße 6,2025-07-04 03:00:00+02:00,7.614630222320557
bb71e93c-fc02-464c-acf0-f2c6c453762d,Stresemannstraße 6,2025-07-04 04:00:00+02:00,9.003936608632406
bb71e93c-fc02-464c-acf0-f2c6c453762d,Stresemannstraße 6,2025-07-04 05:00:00+02:00,13.654359817504883
bb71e93c-fc02-464c-acf0-f2c6c453762d,Stresemannstraße 6,2025-07-04 06:00:00+02:00,14.339287439982096
bb71e93c-fc02-464c-acf0-f2c6c453762d,Stresemannstraße 6,2025-07-04 07:00:00+02:00,7.7560068766276045
bb71e93c-fc02-464c-acf0-f2c6c453762d,Stresemannstraße 6,2025-07-04 08:00:00+02:00,23.644986470540363
bb71e93c-fc02-464c-acf0-f2c6c453762d,Stresemannstraße 6,2025-07-04 09:00:00+02:00,30.82107988993327
bb71e93c-fc02-464c-acf0-f2c6c453762d,Stresemannstraße 6,2025-07-04 10:00:00+02:00,40.70851071675619
bb71e93c-fc02-464c-acf0-f2c6c453762d,Stresemannstraße 6,2025-07-04 11:00:00+02:00,57.431044578552246
bb71e93c-fc02-464c-acf0-f2c6c453762d,Stresemannstraße 6,2025-07-04 12:00:00+02:00,25.10635280609131
bb71e93c-fc02-464c-acf0-f2c6c453762d,Stresemannstraße 6,2025-07-04 13:00:00+02:00,13.914963086446127
bb71e93c-fc02-464c-acf0-f2c6c453762d,Stresemannstraße 6,2025-07-04 14:00:00+02:00,23.19418748219808
bb71e93c-fc02-464c-acf0-f2c6c453762d,Stresemannstraße 6,2025-07-04 15:00:00+02:00,14.04254945119222
bb71e93c-fc02-464c-acf0-f2c6c453762d,Stresemannstraße 6,2025-07-04 16:00:00+02:00,32.70158878962199
bb71e93c-fc02-464c-acf0-f2c6c453762d,Stresemannstraße 6,2025-07-04 17:00:00+02:00,42.58926582336426
bb71e93c-fc02-464c-acf0-f2c6c453762d,Stresemannstraße 6,2025-07-04 18:00:00+02:00,20.45402717590332
bb71e93c-fc02-464c-acf0-f2c6c453762d,Stresemannstraße 6,2025-07-04 19:00:00+02:00,7.667625427246094
bb71e93c-fc02-464c-acf0-f2c6c453762d,Stresemannstraße 6,2025-07-04 20:00:00+02:00,12.197227954864502
bb71e93c-fc02-464c-acf0-f2c6c453762d,Stresemannstraße 6,2025-07-04 21:00:00+02:00,5.740592161814372
bb71e93c-fc02-464c-acf0-f2c6c453762d,Stresemannstraße 6,2025-07-04 22:00:00+02:00,6.066203196843465
bb71e93c-fc02-464c-acf0-f2c6c453762d,Stresemannstraße 6,2025-07-04 23:00:00+02:00,9.735896587371826
bb71e93c-fc02-464c-acf0-f2c6c453762d,Stresemannstraße 6,2025-07-05 00:00:00+02:00,6.750120639801025
bb71e93c-fc02-464c-acf0-f2c6c453762d,Stresemannstraße 6,2025-07-05 01:00:00+02:00,1.3778980573018391
bb71e93c-fc02-464c-acf0-f2c6c453762d,Stresemannstraße 6,2025-07-05 02:00:00+02:00,4.064718405405681
bb71e93c-fc02-464c-acf0-f2c6c453762d,Stresemannstraße 6,2025-07-05 03:00:00+02:00,5.722083568572998
bb71e93c-fc02-464c-acf0-f2c6c453762d,Stresemannstraße 6,2025-07-05 04:00:00+02:00,7.0668346881866455
bb71e93c-fc02-464c-acf0-f2c6c453762d,Stresemannstraße 6,2025-07-05 05:00:00+02:00,7.818815549214681
bb71e93c-fc02-464c-acf0-f2c6c453762d,Stresemannstraße 6,2025-07-05 06:00:00+02:00,6.366339763005574
bb71e93c-fc02-464c-acf0-f2c6c453762d,Stresemannstraße 6,2025-07-05 07:00:00+02:00,7.487740357716878
bb71e93c-fc02-464c-acf0-f2c6c453762d,Stresemannstraße 6,2025-07-05 08:00:00+02:00,4.483786106109619
bb71e93c-fc02-464c-acf0-f2c6c453762d,Stresemannstraße 6,2025-07-05 09:00:00+02:00,6.38341760635376
bb71e93c-fc02-464c-acf0-f2c6c453762d,Stresemannstraße 6,2025-07-05 10:00:00+02:00,66.55626010894775
bb71e93c-fc02-464c-acf0-f2c6c453762d,Stresemannstraße 6,2025-07-05 11:00:00+02:00,10.576869328816732
bb71e93c-fc02-464c-acf0-f2c6c453762d,Stresemannstraße 6,2025-07-05 12:00:00+02:00,42.18808078765869
bb71e93c-fc02-464c-acf0-f2c6c453762d,Stresemannstraße 6,2025-07-05 13:00:00+02:00,24.6800750096639
bb71e93c-fc02-464c-acf0-f2c6c453762d,Stresemannstraße 6,2025-07-05 14:00:00+02:00,59.25071493784586
bb71e93c-fc02-464c-acf0-f2c6c453762d,Stresemannstraße 6,2025-07-05 15:00:00+02:00,10.070796330769857
bb71e93c-fc02-464c-acf0-f2c6c453762d,Stresemannstraße 6,2025-07-05 16:00:00+02:00,31.77409776051839
bb71e93c-fc02-464c-acf0-f2c6c453762d,Stresemannstraße 6,2025-07-05 17:00:00+02:00,20.15912675857544
bb71e93c-fc02-464c-acf0-f2c6c453762d,Stresemannstraße 6,2025-07-05 18:00:00+02:00,9.88117249806722
bb71e93c-fc02-464c-acf0-f2c6c453762d,Stresemannstraße 6,2025-07-05 19:00:00+02:00,8.073793490727743
bb71e93c-fc02-464c-acf0-f2c6c453762d,Stresemannstraße 6,2025-07-05 20:00:00+02:00,8.330276727676392
bb71e93c-fc02-464c-acf0-f2c6c453762d,Stresemannstraße 6,2025-07-05 21:00:00+02:00,5.713251034418742
bb71e93c-fc02-464c-acf0-f2c6c453762d,Stresemannstraße 6,2025-07-05 22:00:00+02:00,10.038867950439453
bb71e93c-fc02-464c-acf0-f2c6c453762d,Stresemannstraße 6,2025-07-05 23:00:00+02:00,9.013405164082846
bb71e93c-fc02-464c-acf0-f2c6c453762d,Stresemannstraße 6,2025-07-06 00:00:00+02:00,4.610742727915446
bb71e93c-fc02-464c-acf0-f2c6c453762d,Stresemannstraße 6,2025-07-06 01:00:00+02:00,3.810082991917928
bb71e93c-fc02-464c-acf0-f2c6c453762d,Stresemannstraße 6,2025-07-06 02:00:00+02:00,3.5801324049631753
bb71e93c-fc02-464c-acf0-f2c6c453762d,Stresemannstraße 6,2025-07-06 03:00:00+02:00,5.006556590398152
bb71e93c-fc02-464c-acf0-f2c6c453762d,Stresemannstraße 6,2025-07-06 04:00:00+02:00,5.45297376314799
bb71e93c-fc02-464c-acf0-f2c6c453762d,Stresemannstraße 6,2025-07-06 05:00:00+02:00,5.788846651713054
bb71e93c-fc02-464c-acf0-f2c6c453762d,Stresemannstraße 6,2025-07-06 06:00:00+02:00,6.320874770482381
bb71e93c-fc02-464c-acf0-f2c6c453762d,Stresemannstraße 6,2025-07-06 07:00:00+02:00,10.300263245900473
bb71e93c-fc02-464c-acf0-f2c6c453762d,Stresemannstraße 6,2025-07-06 08:00:00+02:00,13.766246398289999
bb71e93c-fc02-464c-acf0-f2c6c453762d,Stresemannstraße 6,2025-07-06 09:00:00+02:00,19.743757645289104
bb71e93c-fc02-464c-acf0-f2c6c453762d,Stresemannstraße 6,2025-07-06 10:00:00+02:00,17.606345653533936
bb71e93c-fc02-464c-acf0-f2c6c453762d,Stresemannstraße 6,2025-07-06 11:00:00+02:00,9.608181794484457
bb71e93c-fc02-464c-acf0-f2c6c453762d,Stresemannstraße 6,2025-07-06 12:00:00+02:00,44.33413124084473
bb71e93c-fc02-464c-acf0-f2c6c453762d,Stresemannstraße 6,2025-07-06 13:00:00+02:00,36.456512133280434
bb71e93c-fc02-464c-acf0-f2c6c453762d,Stresemannstraße 6,2025-07-06 14:00:00+02:00,12.486257235209147
bb71e93c-fc02-464c-acf0-f2c6c453762d,Stresemannstraße 6,2025-07-06 15:00:00+02:00,13.813951015472412
bb71e93c-fc02-464c-acf0-f2c6c453762d,Stresemannstraße 6,2025-07-06 16:00:00+02:00,8.904437383015951
bb71e93c-fc02-464c-acf0-f2c6c453762d,Stresemannstraße 6,2025-07-06 17:00:00+02:00,11.666591564814249
bb71e93c-fc02-464c-acf0-f2c6c453762d,Stresemannstraße 6,2025-07-06 18:00:00+02:00,7.7842751344045
bb71e93c-fc02-464c-acf0-f2c6c453762d,Stresemannstraße 6,2025-07-06 19:00:00+02:00,9.715216000874838
bb71e93c-fc02-464c-acf0-f2c6c453762d,Stresemannstraße 6,2025-07-06 20:00:00+02:00,4.563990592956543
bb71e93c-fc02-464c-acf0-f2c6c453762d,Stresemannstraße 6,2025-07-06 21:00:00+02:00,4.584632873535156
bb71e93c-fc02-464c-acf0-f2c6c453762d,Stresemannstraße 6,2025-07-06 22:00:00+02:00,3.211096445719401
bb71e93c-fc02-464c-acf0-f2c6c453762d,Stresemannstraße 6,2025-07-06 23:00:00+02:00,2.6398772398630777
bb71e93c-fc02-464c-acf0-f2c6c453762d,Stresemannstraße 6,2025-07-07 00:00:00+02:00,2.1468209425608316
bb71e93c-fc02-464c-acf0-f2c6c453762d,Stresemannstraße 6,2025-07-07 01:00:00+02:00,4.426825920740764
bb71e93c-fc02-464c-acf0-f2c6c453762d,Stresemannstraße 6,2025-07-07 02:00:00+02:00,2.597280502319336
bb71e93c-fc02-464c-acf0-f2c6c453762d,Stresemannstraße 6,2025-07-07 03:00:00+02:00,2.741644859313965
bb71e93c-fc02-464c-acf0-f2c6c453762d,Stresemannstraße 6,2025-07-07 04:00:00+02:00,4.183382034301758
bb71e93c-fc02-464c-acf0-f2c6c453762d,Stresemannstraße 6,2025-07-07 05:00:00+02:00,8.453048388163248
bb71e93c-fc02-464c-acf0-f2c6c453762d,Stresemannstraße 6,2025-07-07 06:00:00+02:00,9.721039851506552
bb71e93c-fc02-464c-acf0-f2c6c453762d,Stresemannstraße 6,2025-07-07 07:00:00+02:00,7.384237130482991
bb71e93c-fc02-464c-acf0-f2c6c453762d,Stresemannstraße 6,2025-07-07 08:00:00+02:00,19.349352598190308
bb71e93c-fc02-464c-acf0-f2c6c453762d,Stresemannstraße 6,2025-07-07 09:00:00+02:00,7.6895833015441895
bb71e93c-fc02-464c-acf0-f2c6c453762d,Stresemannstraße 6,2025-07-07 10:00:00+02:00,13.422580560048422
bb71e93c-fc02-464c-acf0-f2c6c453762d,Stresemannstraße 6,2025-07-07 11:00:00+02:00,4.44832181930542
bb71e93c-fc02-464c-acf0-f2c6c453762d,Stresemannstraße 6,2025-07-07 12:00:00+02:00,2.1185824076334634
bb71e93c-fc02-464c-acf0-f2c6c453762d,Stresemannstraße 6,2025-07-07 13:00:00+02:00,3.1298389434814453
bb71e93c-fc02-464c-acf0-f2c6c453762d,Stresemannstraße 6,2025-07-07 14:00:00+02:00,5.076798280080159
bb71e93c-fc02-464c-acf0-f2c6c453762d,Stresemannstraße 6,2025-07-07 15:00:00+02:00,3.9412709871927896
bb71e93c-fc02-464c-acf0-f2c6c453762d,Stresemannstraße 6,2025-07-07 16:00:00+02:00,14.954458236694336
bb71e93c-fc02-464c-acf0-f2c6c453762d,Stresemannstraße 6,2025-07-07 17:00:00+02:00,34.61395422617594
bb71e93c-fc02-464c-acf0-f2c6c453762d,Stresemannstraße 6,2025-07-07 18:00:00+02:00,16.05909514427185
bb71e93c-fc02-464c-acf0-f2c6c453762d,Stresemannstraße 6,2025-07-07 19:00:00+02:00,8.88478469848633
bb71e93c-fc02-464c-acf0-f2c6c453762d,Stresemannstraße 6,2025-07-07 20:00:00+02:00,13.575555642445883
bb71e93c-fc02-464c-acf0-f2c6c453762d,Stresemannstraße 6,2025-07-07 21:00:00+02:00,6.549320220947266
bb71e93c-fc02-464c-acf0-f2c6c453762d,Stresemannstraße 6,2025-07-07 22:00:00+02:00,7.792206923166911
bb71e93c-fc02-464c-acf0-f2c6c453762d,Stresemannstraße 6,2025-07-07 23:00:00+02:00,4.392602443695068
bb71e93c-fc02-464c-acf0-f2c6c453762d,Stresemannstraße 6,2025-07-08 00:00:00+02:00,5.5370785395304365
bb71e93c-fc02-464c-acf0-f2c6c453762d,Stresemannstraße 6,2025-07-08 01:00:00+02:00,1.7323107719421387
bb71e93c-fc02-464c-acf0-f2c6c453762d,Stresemannstraße 6,2025-07-08 02:00:00+02:00,2.049384037653605
bb71e93c-fc02-464c-acf0-f2c6c453762d,Stresemannstraße 6,2025-07-08 03:00:00+02:00,2.54871932665507
bb71e93c-fc02-464c-acf0-f2c6c453762d,Stresemannstraße 6,2025-07-08 04:00:00+02:00,9.40057118733724
bb71e93c-fc02-464c-acf0-f2c6c453762d,Stresemannstraße 6,2025-07-08 05:00:00+02:00,10.27541677157084
bb71e93c-fc02-464c-acf0-f2c6c453762d,Stresemannstraße 6,2025-07-08 06:00:00+02:00,8.88330507278443
bb71e93c-fc02-464c-acf0-f2c6c453762d,Stresemannstraße 6,2025-07-08 07:00:00+02:00,19.88454143206279
bb71e93c-fc02-464c-acf0-f2c6c453762d,Stresemannstraße 6,2025-07-08 08:00:00+02:00,23.34401019414266
bb71e93c-fc02-464c-acf0-f2c6c453762d,Stresemannstraße 6,2025-07-08 09:00:00+02:00,4.269684791564941
bb71e93c-fc02-464c-acf0-f2c6c453762d,Stresemannstraße 6,2025-07-08 10:00:00+02:00,19.059409459431965
bb71e93c-fc02-464c-acf0-f2c6c453762d,Stresemannstraße 6,2025-07-08 11:00:00+02:00,4.338752269744873
bb71e93c-fc02-464c-acf0-f2c6c453762d,Stresemannstraße 6,2025-07-08 12:00:00+02:00,18.87171157201131
bb71e93c-fc02-464c-acf0-f2c6c453762d,Stresemannstraße 6,2025-07-08 13:00:00+02:00,52.92481279373169
bb71e93c-fc02-464c-acf0-f2c6c453762d,Stresemannstraße 6,2025-07-08 14:00:00+02:00,41.78370873133341
bb71e93c-fc02-464c-acf0-f2c6c453762d,Stresemannstraße 6,2025-07-08 15:00:00+02:00,58.078424294789635
bb71e93c-fc02-464c-acf0-f2c6c453762d,Stresemannstraße 6,2025-07-08 16:00:00+02:00,6.886257648468018
bb71e93c-fc02-464c-acf0-f2c6c453762d,Stresemannstraße 6,2025-07-08 17:00:00+02:00,2.703160285949707
bb71e93c-fc02-464c-acf0-f2c6c453762d,Stresemannstraße 6,2025-07-08 18:00:00+02:00,2.9787073930104575
bb71e93c-fc02-464c-acf0-f2c6c453762d,Stresemannstraße 6,2025-07-08 19:00:00+02:00,9.63015087445577
bb71e93c-fc02-464c-acf0-f2c6c453762d,Stresemannstraße 6,2025-07-08 20:00:00+02:00,9.922957420349121
bb71e93c-fc02-464c-acf0-f2c6c453762d,Stresemannstraße 6,2025-07-08 21:00:00+02:00,3.6782718499501548
bb71e93c-fc02-464c-acf0-f2c6c453762d,Stresemannstraße 6,2025-07-08 22:00:00+02:00,4.8034398555755615
bb71e93c-fc02-464c-acf0-f2c6c453762d,Stresemannstraße 6,2025-07-08 23:00:00+02:00,7.33001446723938
bb71e93c-fc02-464c-acf0-f2c6c453762d,Stresemannstraße 6,2025-07-09 00:00:00+02:00,5.005508740743005
bb71e93c-fc02-464c-acf0-f2c6c453762d,Stresemannstraße 6,2025-07-09 01:00:00+02:00,1.2588350772857666
bb71e93c-fc02-464c-acf0-f2c6c453762d,Stresemannstraße 6,2025-07-09 02:00:00+02:00,4.324243783950806
bb71e93c-fc02-464c-acf0-f2c6c453762d,Stresemannstraße 6,2025-07-09 03:00:00+02:00,4.546698252360026
bb71e93c-fc02-464c-acf0-f2c6c453762d,Stresemannstraße 6,2025-07-09 04:00:00+02:00,7.869784116744995
bb71e93c-fc02-464c-acf0-f2c6c453762d,Stresemannstraße 6,2025-07-09 05:00:00+02:00,13.515431801478067
bb71e93c-fc02-464c-acf0-f2c6c453762d,Stresemannstraße 6,2025-07-09 06:00:00+02:00,14.1963472366333
bb71e93c-fc02-464c-acf0-f2c6c453762d,Stresemannstraße 6,2025-07-09 07:00:00+02:00,3.702798763910929
bb71e93c-fc02-464c-acf0-f2c6c453762d,Stresemannstraße 6,2025-07-09 08:00:00+02:00,9.3243727684021
bb71e93c-fc02-464c-acf0-f2c6c453762d,Stresemannstraße 6,2025-07-09 09:00:00+02:00,7.031689484914144
bb71e93c-fc02-464c-acf0-f2c6c453762d,Stresemannstraße 6,2025-07-09 10:00:00+02:00,18.021289666493733
bb71e93c-fc02-464c-acf0-f2c6c453762d,Stresemannstraße 6,2025-07-09 11:00:00+02:00,19.72336943944295
bb71e93c-fc02-464c-acf0-f2c6c453762d,Stresemannstraße 6,2025-07-09 12:00:00+02:00,4.697835604349772
bb71e93c-fc02-464c-acf0-f2c6c453762d,Stresemannstraße 6,2025-07-09 13:00:00+02:00,28.87780491511027
bb71e93c-fc02-464c-acf0-f2c6c453762d,Stresemannstraße 6,2025-07-09 14:00:00+02:00,2.855219046274821
bb71e93c-fc02-464c-acf0-f2c6c453762d,Stresemannstraße 6,2025-07-09 15:00:00+02:00,17.26942777633667
bb71e93c-fc02-464c-acf0-f2c6c453762d,Stresemannstraße 6,2025-07-09 16:00:00+02:00,17.224046230316162
bb71e93c-fc02-464c-acf0-f2c6c453762d,Stresemannstraße 6,2025-07-09 17:00:00+02:00,34.94585084915161
bb71e93c-fc02-464c-acf0-f2c6c453762d,Stresemannstraße 6,2025-07-09 18:00:00+02:00,13.602365016937256
bb71e93c-fc02-464c-acf0-f2c6c453762d,Stresemannstraße 6,2025-07-09 19:00:00+02:00,4.306508223215739
bb71e93c-fc02-464c-acf0-f2c6c453762d,Stresemannstraße 6,2025-07-09 20:00:00+02:00,4.3393644491831465
bb71e93c-fc02-464c-acf0-f2c6c453762d,Stresemannstraße 6,2025-07-09 21:00:00+02:00,4.572850942611694
bb71e93c-fc02-464c-acf0-f2c6c453762d,Stresemannstraße 6,2025-07-09 22:00:00+02:00,6.721756458282471
bb71e93c-fc02-464c-acf0-f2c6c453762d,Stresemannstraße 6,2025-07-09 23:00:00+02:00,6.574525038401286
bb71e93c-fc02-464c-acf0-f2c6c453762d,Stresemannstraße 6,2025-07-10 00:00:00+02:00,2.769155740737915
bb71e93c-fc02-464c-acf0-f2c6c453762d,Stresemannstraße 6,2025-07-10 01:00:00+02:00,1.4556225140889485
bb71e93c-fc02-464c-acf0-f2c6c453762d,Stresemannstraße 6,2025-07-10 02:00:00+02:00,3.8997771739959717
bb71e93c-fc02-464c-acf0-f2c6c453762d,Stresemannstraße 6,2025-07-10 03:00:00+02:00,6.424976030985515
bb71e93c-fc02-464c-acf0-f2c6c453762d,Stresemannstraße 6,2025-07-10 04:00:00+02:00,8.891124884287516
bb71e93c-fc02-464c-acf0-f2c6c453762d,Stresemannstraße 6,2025-07-10 05:00:00+02:00,9.429853439331055
bb71e93c-fc02-464c-acf0-f2c6c453762d,Stresemannstraße 6,2025-07-10 06:00:00+02:00,6.25839376449585
bb71e93c-fc02-464c-acf0-f2c6c453762d,Stresemannstraße 6,2025-07-10 07:00:00+02:00,10.06044109662374
bb71e93c-fc02-464c-acf0-f2c6c453762d,Stresemannstraße 6,2025-07-10 08:00:00+02:00,17.121474742889404
bb71e93c-fc02-464c-acf0-f2c6c453762d,Stresemannstraße 6,2025-07-10 09:00:00+02:00,12.189692974090576
bb71e93c-fc02-464c-acf0-f2c6c453762d,Stresemannstraße 6,2025-07-10 10:00:00+02:00,5.69145409266154
bb71e93c-fc02-464c-acf0-f2c6c453762d,Stresemannstraße 6,2025-07-10 11:00:00+02:00,26.155144373575848
bb71e93c-fc02-464c-acf0-f2c6c453762d,Stresemannstraße 6,2025-07-10 12:00:00+02:00,14.044334729512533
bb71e93c-fc02-464c-acf0-f2c6c453762d,Stresemannstraße 6,2025-07-10 13:00:00+02:00,24.8681427637736
bb71e93c-fc02-464c-acf0-f2c6c453762d,Stresemannstraße 6,2025-07-10 14:00:00+02:00,3.1952184041341147
bb71e93c-fc02-464c-acf0-f2c6c453762d,Stresemannstraße 6,2025-07-10 15:00:00+02:00,52.60698922475179
bb71e93c-fc02-464c-acf0-f2c6c453762d,Stresemannstraße 6,2025-07-10 16:00:00+02:00,51.33583370844523
bb71e93c-fc02-464c-acf0-f2c6c453762d,Stresemannstraße 6,2025-07-10 17:00:00+02:00,6.340957323710124
bb71e93c-fc02-464c-acf0-f2c6c453762d,Stresemannstraße 6,2025-07-10 18:00:00+02:00,9.596754709879557
bb71e93c-fc02-464c-acf0-f2c6c453762d,Stresemannstraße 6,2025-07-10 19:00:00+02:00,5.913836161295573
bb71e93c-fc02-464c-acf0-f2c6c453762d,Stresemannstraße 6,2025-07-10 20:00:00+02:00,4.895139296849568
bb71e93c-fc02-464c-acf0-f2c6c453762d,Stresemannstraße 6,2025-07-10 21:00:00+02:00,2.410593350728353
bb71e93c-fc02-464c-acf0-f2c6c453762d,Stresemannstraße 6,2025-07-10 22:00:00+02:00,1.4222403367360432
bb71e93c-fc02-464c-acf0-f2c6c453762d,Stresemannstraße 6,2025-07-10 23:00:00+02:00,5.99295973777771
bb71e93c-fc02-464c-acf0-f2c6c453762d,Stresemannstraße 6,2025-07-11 00:00:00+02:00,2.3070151805877686
bb71e93c-fc02-464c-acf0-f2c6c453762d,Stresemannstraße 6,2025-07-11 01:00:00+02:00,3.9679531256357827
bb71e93c-fc02-464c-acf0-f2c6c453762d,Stresemannstraße 6,2025-07-11 02:00:00+02:00,5.961294968922933
bb71e93c-fc02-464c-acf0-f2c6c453762d,Stresemannstraße 6,2025-07-11 03:00:00+02:00,8.213202953338623
bb71e93c-fc02-464c-acf0-f2c6c453762d,Stresemannstraße 6,2025-07-11 04:00:00+02:00,9.407075802485148
bb71e93c-fc02-464c-acf0-f2c6c453762d,Stresemannstraße 6,2025-07-11 05:00:00+02:00,13.793467124303183
bb71e93c-fc02-464c-acf0-f2c6c453762d,Stresemannstraße 6,2025-07-11 06:00:00+02:00,15.122766574223832
bb71e93c-fc02-464c-acf0-f2c6c453762d,Stresemannstraße 6,2025-07-11 07:00:00+02:00,21.57249681154887
bb71e93c-fc02-464c-acf0-f2c6c453762d,Stresemannstraße 6,2025-07-11 08:00:00+02:00,11.766814867655436
bb71e93c-fc02-464c-acf0-f2c6c453762d,Stresemannstraße 6,2025-07-11 09:00:00+02:00,32.185675938924156
bb71e93c-fc02-464c-acf0-f2c6c453762d,Stresemannstraße 6,2025-07-11 10:00:00+02:00,41.04456106821696
bb71e93c-fc02-464c-acf0-f2c6c453762d,Stresemannstraße 6,2025-07-11 11:00:00+02:00,57.06597328186035
bb71e93c-fc02-464c-acf0-f2c6c453762d,Stresemannstraße 6,2025-07-11 12:00:00+02:00,24.48704719543457
bb71e93c-fc02-464c-acf0-f2c6c453762d,Stresemannstraße 6,2025-07-11 13:00:00+02:00,13.361172358194986
bb71e93c-fc02-464c-acf0-f2c6c453762d,Stresemannstraße 6,2025-07-11 14:00:00+02:00,22.846336364746094
bb71e93c-fc02-464c-acf0-f2c6c453762d,Stresemannstraße 6,2025-07-11 15:00:00+02:00,14.244890054066977
bb71e93c-fc02-464c-acf0-f2c6c453762d,Stresemannstraße 6,2025-07-11 16:00:00+02:00,32.92172908782959
bb71e93c-fc02-464c-acf0-f2c6c453762d,Stresemannstraße 6,2025-07-11 17:00:00+02:00,42.25190830230713
bb71e93c-fc02-464c-acf0-f2c6c453762d,Stresemannstraße 6,2025-07-11 18:00:00+02:00,19.93913968404134
bb71e93c-fc02-464c-acf0-f2c6c453762d,Stresemannstraße 6,2025-07-11 19:00:00+02:00,6.404021104176839
bb71e93c-fc02-464c-acf0-f2c6c453762d,Stresemannstraße 6,2025-07-11 20:00:00+02:00,11.71609115600586
bb71e93c-fc02-464c-acf0-f2c6c453762d,Stresemannstraße 6,2025-07-11 21:00:00+02:00,5.532198826471965
bb71e93c-fc02-464c-acf0-f2c6c453762d,Stresemannstraße 6,2025-07-11 22:00:00+02:00,6.338680585225423
bb71e93c-fc02-464c-acf0-f2c6c453762d,Stresemannstraße 6,2025-07-11 23:00:00+02:00,10.022512992223104
bb71e93c-fc02-464c-acf0-f2c6c453762d,Stresemannstraße 6,2025-07-12 00:00:00+02:00,6.563360373179118
bb71e93c-fc02-464c-acf0-f2c6c453762d,Stresemannstraße 6,2025-07-12 01:00:00+02:00,1.366495927174886
bb71e93c-fc02-464c-acf0-f2c6c453762d,Stresemannstraße 6,2025-07-12 02:00:00+02:00,4.088449954986572
bb71e93c-fc02-464c-acf0-f2c6c453762d,Stresemannstraße 6,2025-07-12 03:00:00+02:00,5.741129716237386
bb71e93c-fc02-464c-acf0-f2c6c453762d,Stresemannstraße 6,2025-07-12 04:00:00+02:00,7.08359432220459
bb71e93c-fc02-464c-acf0-f2c6c453762d,Stresemannstraße 6,2025-07-12 05:00:00+02:00,7.803738196690877
bb71e93c-fc02-464c-acf0-f2c6c453762d,Stresemannstraße 6,2025-07-12 06:00:00+02:00,6.257655779520671
bb71e93c-fc02-464c-acf0-f2c6c453762d,Stresemannstraße 6,2025-07-12 07:00:00+02:00,7.200719594955444
bb71e93c-fc02-464c-acf0-f2c6c453762d,Stresemannstraße 6,2025-07-12 08:00:00+02:00,3.577434857686361
bb71e93c-fc02-464c-acf0-f2c6c453762d,Stresemannstraße 6,2025-07-12 09:00:00+02:00,7.252834796905518
bb71e93c-fc02-464c-acf0-f2c6c453762d,Stresemannstraße 6,2025-07-12 10:00:00+02:00,64.92529503504436
bb71e93c-fc02-464c-acf0-f2c6c453762d,Stresemannstraße 6,2025-07-12 11:00:00+02:00,9.282907803853353
bb71e93c-fc02-464c-acf0-f2c6c453762d,Stresemannstraße 6,2025-07-12 12:00:00+02:00,8.529951095581055
bb71e93c-fc02-464c-acf0-f2c6c453762d,Stresemannstraße 6,2025-07-12 13:00:00+02:00,46.15129407246908
bb71e93c-fc02-464c-acf0-f2c6c453762d,Stresemannstraße 6,2025-07-12 14:00:00+02:00,8.739326159159338
bb71e93c-fc02-464c-acf0-f2c6c453762d,Stresemannstraße 6,2025-07-12 15:00:00+02:00,8.584044138590494
bb71e93c-fc02-464c-acf0-f2c6c453762d,Stresemannstraße 6,2025-07-12 16:00:00+02:00,32.26012134552002
bb71e93c-fc02-464c-acf0-f2c6c453762d,Stresemannstraße 6,2025-07-12 17:00:00+02:00,20.273373285929363
bb71e93c-fc02-464c-acf0-f2c6c453762d,Stresemannstraße 6,2025-07-12 18:00:00+02:00,8.441051324208578
bb71e93c-fc02-464c-acf0-f2c6c453762d,Stresemannstraße 6,2025-07-12 19:00:00+02:00,10.05288577079773
bb71e93c-fc02-464c-acf0-f2c6c453762d,Stresemannstraße 6,2025-07-12 20:00:00+02:00,10.336023648579916
bb71e93c-fc02-464c-acf0-f2c6c453762d,Stresemannstraße 6,2025-07-12 21:00:00+02:00,7.3334296544392865
bb71e93c-fc02-464c-acf0-f2c6c453762d,Stresemannstraße 6,2025-07-12 22:00:00+02:00,10.0733802318573
bb71e93c-fc02-464c-acf0-f2c6c453762d,Stresemannstraße 6,2025-07-12 23:00:00+02:00,7.036335706710815
bb71e93c-fc02-464c-acf0-f2c6c453762d,Stresemannstraße 6,2025-07-13 00:00:00+02:00,4.606069167455037
bb71e93c-fc02-464c-acf0-f2c6c453762d,Stresemannstraße 6,2025-07-13 01:00:00+02:00,5.197380542755127
bb71e93c-fc02-464c-acf0-f2c6c453762d,Stresemannstraße 6,2025-07-13 02:00:00+02:00,4.017238299051921
bb71e93c-fc02-464c-acf0-f2c6c453762d,Stresemannstraße 6,2025-07-13 03:00:00+02:00,4.650330004484757
bb71e93c-fc02-464c-acf0-f2c6c453762d,Stresemannstraße 6,2025-07-13 04:00:00+02:00,5.173619183627042
bb71e93c-fc02-464c-acf0-f2c6c453762d,Stresemannstraße 6,2025-07-13 05:00:00+02:00,4.526194345383417
bb71e93c-fc02-464c-acf0-f2c6c453762d,Stresemannstraße 6,2025-07-13 06:00:00+02:00,5.96525297164917
bb71e93c-fc02-464c-acf0-f2c6c453762d,Stresemannstraße 6,2025-07-13 07:00:00+02:00,10.215286455656353
bb71e93c-fc02-464c-acf0-f2c6c453762d,Stresemannstraße 6,2025-07-13 08:00:00+02:00,13.837015363905165
bb71e93c-fc02-464c-acf0-f2c6c453762d,Stresemannstraße 6,2025-07-13 09:00:00+02:00,19.872543447157916
bb71e93c-fc02-464c-acf0-f2c6c453762d,Stresemannstraße 6,2025-07-13 10:00:00+02:00,18.07396674156189
bb71e93c-fc02-464c-acf0-f2c6c453762d,Stresemannstraße 6,2025-07-13 11:00:00+02:00,10.756630452473958
bb71e93c-fc02-464c-acf0-f2c6c453762d,Stresemannstraße 6,2025-07-13 12:00:00+02:00,45.95023127964565
bb71e93c-fc02-464c-acf0-f2c6c453762d,Stresemannstraße 6,2025-07-13 13:00:00+02:00,38.150911184457634
bb71e93c-fc02-464c-acf0-f2c6c453762d,Stresemannstraße 6,2025-07-13 14:00:00+02:00,13.89152971903483
bb71e93c-fc02-464c-acf0-f2c6c453762d,Stresemannstraße 6,2025-07-13 15:00:00+02:00,13.241737712513316
bb71e93c-fc02-464c-acf0-f2c6c453762d,Stresemannstraße 6,2025-07-13 16:00:00+02:00,7.765439987182617
bb71e93c-fc02-464c-acf0-f2c6c453762d,Stresemannstraße 6,2025-07-13 17:00:00+02:00,9.450215021769205
bb71e93c-fc02-464c-acf0-f2c6c453762d,Stresemannstraße 6,2025-07-13 18:00:00+02:00,5.060559511184692
bb71e93c-fc02-464c-acf0-f2c6c453762d,Stresemannstraße 6,2025-07-13 19:00:00+02:00,6.1242972782679965
bb71e93c-fc02-464c-acf0-f2c6c453762d,Stresemannstraße 6,2025-07-13 20:00:00+02:00,3.231964747111005
bb71e93c-fc02-464c-acf0-f2c6c453762d,Stresemannstraße 6,2025-07-13 21:00:00+02:00,1.5798099517822266
bb71e93c-fc02-464c-acf0-f2c6c453762d,Stresemannstraße 6,2025-07-13 22:00:00+02:00,2.6092634201049805
bb71e93c-fc02-464c-acf0-f2c6c453762d,Stresemannstraße 6,2025-07-13 23:00:00+02:00,0.7934900919596354
bb71e93c-fc02-464c-acf0-f2c6c453762d,Stresemannstraße 6,2025-07-14 00:00:00+02:00,0.9547348022460938
bb71e93c-fc02-464c-acf0-f2c6c453762d,Stresemannstraße 6,2025-07-14 01:00:00+02:00,6.065986633300781
bc5edd25-415e-40fb-8607-ad8c0b10ea4c,Kurpark,2025-06-30 03:00:00+02:00,21.315376281738295
bc5edd25-415e-40fb-8607-ad8c0b10ea4c,Kurpark,2025-06-30 04:00:00+02:00,19.830184936523423
bc5edd25-415e-40fb-8607-ad8c0b10ea4c,Kurpark,2025-06-30 05:00:00+02:00,16.45447540283203
bc5edd25-415e-40fb-8607-ad8c0b10ea4c,Kurpark,2025-06-30 06:00:00+02:00,9.396446228027344
bc5edd25-415e-40fb-8607-ad8c0b10ea4c,Kurpark,2025-06-30 07:00:00+02:00,8.037001037597657
bc5edd25-415e-40fb-8607-ad8c0b10ea4c,Kurpark,2025-06-30 08:00:00+02:00,5.425273895263672
bc5edd25-415e-40fb-8607-ad8c0b10ea4c,Kurpark,2025-06-30 09:00:00+02:00,4.047799246651786
bc5edd25-415e-40fb-8607-ad8c0b10ea4c,Kurpark,2025-06-30 10:00:00+02:00,3.678478240966797
bc5edd25-415e-40fb-8607-ad8c0b10ea4c,Kurpark,2025-06-30 11:00:00+02:00,9.11075168185764
bc5edd25-415e-40fb-8607-ad8c0b10ea4c,Kurpark,2025-06-30 12:00:00+02:00,9.947550964355468
bc5edd25-415e-40fb-8607-ad8c0b10ea4c,Kurpark,2025-06-30 13:00:00+02:00,4.3241799094460225
bc5edd25-415e-40fb-8607-ad8c0b10ea4c,Kurpark,2025-06-30 14:00:00+02:00,19.966312408447266
bc5edd25-415e-40fb-8607-ad8c0b10ea4c,Kurpark,2025-06-30 15:00:00+02:00,9.8034914456881
bc5edd25-415e-40fb-8607-ad8c0b10ea4c,Kurpark,2025-06-30 16:00:00+02:00,28.084395817347936
bc5edd25-415e-40fb-8607-ad8c0b10ea4c,Kurpark,2025-06-30 17:00:00+02:00,50.51396484375
bc5edd25-415e-40fb-8607-ad8c0b10ea4c,Kurpark,2025-06-30 18:00:00+02:00,51.573734283447266
bc5edd25-415e-40fb-8607-ad8c0b10ea4c,Kurpark,2025-06-30 19:00:00+02:00,72.89504668291877
bc5edd25-415e-40fb-8607-ad8c0b10ea4c,Kurpark,2025-06-30 20:00:00+02:00,46.89615948994955
bc5edd25-415e-40fb-8607-ad8c0b10ea4c,Kurpark,2025-06-30 21:00:00+02:00,25.826550533897
bc5edd25-415e-40fb-8607-ad8c0b10ea4c,Kurpark,2025-06-30 22:00:00+02:00,9.069070434570312
bc5edd25-415e-40fb-8607-ad8c0b10ea4c,Kurpark,2025-06-30 23:00:00+02:00,17.86569104875837
bc5edd25-415e-40fb-8607-ad8c0b10ea4c,Kurpark,2025-07-01 00:00:00+02:00,5.393459320068359
bc5edd25-415e-40fb-8607-ad8c0b10ea4c,Kurpark,2025-07-01 01:00:00+02:00,7.746000206988791
bc5edd25-415e-40fb-8607-ad8c0b10ea4c,Kurpark,2025-07-01 02:00:00+02:00,12.564761479695624
bc5edd25-415e-40fb-8607-ad8c0b10ea4c,Kurpark,2025-07-01 03:00:00+02:00,19.069925944010432
bc5edd25-415e-40fb-8607-ad8c0b10ea4c,Kurpark,2025-07-01 04:00:00+02:00,24.128644625345867
bc5edd25-415e-40fb-8607-ad8c0b10ea4c,Kurpark,2025-07-01 05:00:00+02:00,23.89932155609131
bc5edd25-415e-40fb-8607-ad8c0b10ea4c,Kurpark,2025-07-01 06:00:00+02:00,12.835762659708658
bc5edd25-415e-40fb-8607-ad8c0b10ea4c,Kurpark,2025-07-01 07:00:00+02:00,36.68134085337321
bc5edd25-415e-40fb-8607-ad8c0b10ea4c,Kurpark,2025-07-01 08:00:00+02:00,9.633222262064615
bc5edd25-415e-40fb-8607-ad8c0b10ea4c,Kurpark,2025-07-01 09:00:00+02:00,14.694300333658854
bc5edd25-415e-40fb-8607-ad8c0b10ea4c,Kurpark,2025-07-01 10:00:00+02:00,7.232639312744141
bc5edd25-415e-40fb-8607-ad8c0b10ea4c,Kurpark,2025-07-01 11:00:00+02:00,15.401922861735025
bc5edd25-415e-40fb-8607-ad8c0b10ea4c,Kurpark,2025-07-01 12:00:00+02:00,8.570353825887045
bc5edd25-415e-40fb-8607-ad8c0b10ea4c,Kurpark,2025-07-01 13:00:00+02:00,44.57530403137207
bc5edd25-415e-40fb-8607-ad8c0b10ea4c,Kurpark,2025-07-01 14:00:00+02:00,28.867148717244465
bc5edd25-415e-40fb-8607-ad8c0b10ea4c,Kurpark,2025-07-01 15:00:00+02:00,13.201563517252604
bc5edd25-415e-40fb-8607-ad8c0b10ea4c,Kurpark,2025-07-01 16:00:00+02:00,31.921903292338055
bc5edd25-415e-40fb-8607-ad8c0b10ea4c,Kurpark,2025-07-01 17:00:00+02:00,15.508186022440592
bc5edd25-415e-40fb-8607-ad8c0b10ea4c,Kurpark,2025-07-01 18:00:00+02:00,11.003424326578775
bc5edd25-415e-40fb-8607-ad8c0b10ea4c,Kurpark,2025-07-01 19:00:00+02:00,15.067809581756592
bc5edd25-415e-40fb-8607-ad8c0b10ea4c,Kurpark,2025-07-01 20:00:00+02:00,19.192211151123047
bc5edd25-415e-40fb-8607-ad8c0b10ea4c,Kurpark,2025-07-01 21:00:00+02:00,8.940729935963947
bc5edd25-415e-40fb-8607-ad8c0b10ea4c,Kurpark,2025-07-01 22:00:00+02:00,15.933990001678467
bc5edd25-415e-40fb-8607-ad8c0b10ea4c,Kurpark,2025-07-01 23:00:00+02:00,19.709707895914715
bc5edd25-415e-40fb-8607-ad8c0b10ea4c,Kurpark,2025-07-02 00:00:00+02:00,8.173185348510742
bc5edd25-415e-40fb-8607-ad8c0b10ea4c,Kurpark,2025-07-02 01:00:00+02:00,12.312835375467936
bc5edd25-415e-40fb-8607-ad8c0b10ea4c,Kurpark,2025-07-02 02:00:00+02:00,15.289959271748847
bc5edd25-415e-40fb-8607-ad8c0b10ea4c,Kurpark,2025-07-02 03:00:00+02:00,24.190981229146335
bc5edd25-415e-40fb-8607-ad8c0b10ea4c,Kurpark,2025-07-02 04:00:00+02:00,31.6158553759257
bc5edd25-415e-40fb-8607-ad8c0b10ea4c,Kurpark,2025-07-02 05:00:00+02:00,30.819766839345295
bc5edd25-415e-40fb-8607-ad8c0b10ea4c,Kurpark,2025-07-02 06:00:00+02:00,44.27487341562907
bc5edd25-415e-40fb-8607-ad8c0b10ea4c,Kurpark,2025-07-02 07:00:00+02:00,24.44763406117757
bc5edd25-415e-40fb-8607-ad8c0b10ea4c,Kurpark,2025-07-02 08:00:00+02:00,15.641343116760254
bc5edd25-415e-40fb-8607-ad8c0b10ea4c,Kurpark,2025-07-02 09:00:00+02:00,19.021284103393555
bc5edd25-415e-40fb-8607-ad8c0b10ea4c,Kurpark,2025-07-02 10:00:00+02:00,14.642626444498697
bc5edd25-415e-40fb-8607-ad8c0b10ea4c,Kurpark,2025-07-02 11:00:00+02:00,15.409567515055338
bc5edd25-415e-40fb-8607-ad8c0b10ea4c,Kurpark,2025-07-02 12:00:00+02:00,44.51116371154785
bc5edd25-415e-40fb-8607-ad8c0b10ea4c,Kurpark,2025-07-02 13:00:00+02:00,58.24700800577799
bc5edd25-415e-40fb-8607-ad8c0b10ea4c,Kurpark,2025-07-02 14:00:00+02:00,47.344627380371094
bc5edd25-415e-40fb-8607-ad8c0b10ea4c,Kurpark,2025-07-02 15:00:00+02:00,52.14991315205892
bc5edd25-415e-40fb-8607-ad8c0b10ea4c,Kurpark,2025-07-02 16:00:00+02:00,43.588809967041016
bc5edd25-415e-40fb-8607-ad8c0b10ea4c,Kurpark,2025-07-02 17:00:00+02:00,11.91947110493978
bc5edd25-415e-40fb-8607-ad8c0b10ea4c,Kurpark,2025-07-02 18:00:00+02:00,36.461474100748696
bc5edd25-415e-40fb-8607-ad8c0b10ea4c,Kurpark,2025-07-02 19:00:00+02:00,11.728227933247885
bc5edd25-415e-40fb-8607-ad8c0b10ea4c,Kurpark,2025-07-02 20:00:00+02:00,12.916021029154459
bc5edd25-415e-40fb-8607-ad8c0b10ea4c,Kurpark,2025-07-02 21:00:00+02:00,14.356726805369059
bc5edd25-415e-40fb-8607-ad8c0b10ea4c,Kurpark,2025-07-02 22:00:00+02:00,18.566921710968018
bc5edd25-415e-40fb-8607-ad8c0b10ea4c,Kurpark,2025-07-02 23:00:00+02:00,16.696348667144775
bc5edd25-415e-40fb-8607-ad8c0b10ea4c,Kurpark,2025-07-03 00:00:00+02:00,14.378240903218588
bc5edd25-415e-40fb-8607-ad8c0b10ea4c,Kurpark,2025-07-03 01:00:00+02:00,16.289041201273587
bc5edd25-415e-40fb-8607-ad8c0b10ea4c,Kurpark,2025-07-03 02:00:00+02:00,20.286265055338543
bc5edd25-415e-40fb-8607-ad8c0b10ea4c,Kurpark,2025-07-03 03:00:00+02:00,23.881286621093764
bc5edd25-415e-40fb-8607-ad8c0b10ea4c,Kurpark,2025-07-03 04:00:00+02:00,26.026209513346355
bc5edd25-415e-40fb-8607-ad8c0b10ea4c,Kurpark,2025-07-03 05:00:00+02:00,28.715006987253826
bc5edd25-415e-40fb-8607-ad8c0b10ea4c,Kurpark,2025-07-03 06:00:00+02:00,39.10837936401367
bc5edd25-415e-40fb-8607-ad8c0b10ea4c,Kurpark,2025-07-03 07:00:00+02:00,34.80420239766439
bc5edd25-415e-40fb-8607-ad8c0b10ea4c,Kurpark,2025-07-03 08:00:00+02:00,46.54150136311849
bc5edd25-415e-40fb-8607-ad8c0b10ea4c,Kurpark,2025-07-03 09:00:00+02:00,18.224543889363606
bc5edd25-415e-40fb-8607-ad8c0b10ea4c,Kurpark,2025-07-03 10:00:00+02:00,30.351337432861328
bc5edd25-415e-40fb-8607-ad8c0b10ea4c,Kurpark,2025-07-03 11:00:00+02:00,62.4484920501709
bc5edd25-415e-40fb-8607-ad8c0b10ea4c,Kurpark,2025-07-03 12:00:00+02:00,21.658143997192383
bc5edd25-415e-40fb-8607-ad8c0b10ea4c,Kurpark,2025-07-03 13:00:00+02:00,26.65435218811035
bc5edd25-415e-40fb-8607-ad8c0b10ea4c,Kurpark,2025-07-03 14:00:00+02:00,30.59290313720703
bc5edd25-415e-40fb-8607-ad8c0b10ea4c,Kurpark,2025-07-03 15:00:00+02:00,71.32262738545735
bc5edd25-415e-40fb-8607-ad8c0b10ea4c,Kurpark,2025-07-03 16:00:00+02:00,83.76516660054524
bc5edd25-415e-40fb-8607-ad8c0b10ea4c,Kurpark,2025-07-03 17:00:00+02:00,82.19366963704427
bc5edd25-415e-40fb-8607-ad8c0b10ea4c,Kurpark,2025-07-03 18:00:00+02:00,32.12800598144531
bc5edd25-415e-40fb-8607-ad8c0b10ea4c,Kurpark,2025-07-03 19:00:00+02:00,25.397730827331543
bc5edd25-415e-40fb-8607-ad8c0b10ea4c,Kurpark,2025-07-03 20:00:00+02:00,31.649708429972332
bc5edd25-415e-40fb-8607-ad8c0b10ea4c,Kurpark,2025-07-03 21:00:00+02:00,9.811790466308594
bc5edd25-415e-40fb-8607-ad8c0b10ea4c,Kurpark,2025-07-03 22:00:00+02:00,15.223620255788168
bc5edd25-415e-40fb-8607-ad8c0b10ea4c,Kurpark,2025-07-03 23:00:00+02:00,31.413306713104248
bc5edd25-415e-40fb-8607-ad8c0b10ea4c,Kurpark,2025-07-04 00:00:00+02:00,21.42854118347168
bc5edd25-415e-40fb-8607-ad8c0b10ea4c,Kurpark,2025-07-04 01:00:00+02:00,11.253037452697754
bc5edd25-415e-40fb-8607-ad8c0b10ea4c,Kurpark,2025-07-04 02:00:00+02:00,16.55046780904134
bc5edd25-415e-40fb-8607-ad8c0b10ea4c,Kurpark,2025-07-04 03:00:00+02:00,22.877116203308105
bc5edd25-415e-40fb-8607-ad8c0b10ea4c,Kurpark,2025-07-04 04:00:00+02:00,29.88439194361369
bc5edd25-415e-40fb-8607-ad8c0b10ea4c,Kurpark,2025-07-04 05:00:00+02:00,20.13392464319865
bc5edd25-415e-40fb-8607-ad8c0b10ea4c,Kurpark,2025-07-04 06:00:00+02:00,24.310000737508137
bc5edd25-415e-40fb-8607-ad8c0b10ea4c,Kurpark,2025-07-04 07:00:00+02:00,25.504329681396484
bc5edd25-415e-40fb-8607-ad8c0b10ea4c,Kurpark,2025-07-04 08:00:00+02:00,58.460965156555176
bc5edd25-415e-40fb-8607-ad8c0b10ea4c,Kurpark,2025-07-04 09:00:00+02:00,70.44026374816895
bc5edd25-415e-40fb-8607-ad8c0b10ea4c,Kurpark,2025-07-04 10:00:00+02:00,37.01007334391276
bc5edd25-415e-40fb-8607-ad8c0b10ea4c,Kurpark,2025-07-04 11:00:00+02:00,11.227622985839844
bc5edd25-415e-40fb-8607-ad8c0b10ea4c,Kurpark,2025-07-04 12:00:00+02:00,19.023035049438477
bc5edd25-415e-40fb-8607-ad8c0b10ea4c,Kurpark,2025-07-04 13:00:00+02:00,22.472386678059895
bc5edd25-415e-40fb-8607-ad8c0b10ea4c,Kurpark,2025-07-04 14:00:00+02:00,78.7034085591634
bc5edd25-415e-40fb-8607-ad8c0b10ea4c,Kurpark,2025-07-04 15:00:00+02:00,45.36035346984863
bc5edd25-415e-40fb-8607-ad8c0b10ea4c,Kurpark,2025-07-04 16:00:00+02:00,81.19785245259602
bc5edd25-415e-40fb-8607-ad8c0b10ea4c,Kurpark,2025-07-04 17:00:00+02:00,126.11866823832194
bc5edd25-415e-40fb-8607-ad8c0b10ea4c,Kurpark,2025-07-04 18:00:00+02:00,50.96133168538412
bc5edd25-415e-40fb-8607-ad8c0b10ea4c,Kurpark,2025-07-04 19:00:00+02:00,32.78490765889486
bc5edd25-415e-40fb-8607-ad8c0b10ea4c,Kurpark,2025-07-04 20:00:00+02:00,23.03994146982829
bc5edd25-415e-40fb-8607-ad8c0b10ea4c,Kurpark,2025-07-04 21:00:00+02:00,17.01950216293335
bc5edd25-415e-40fb-8607-ad8c0b10ea4c,Kurpark,2025-07-04 22:00:00+02:00,13.88509209950765
bc5edd25-415e-40fb-8607-ad8c0b10ea4c,Kurpark,2025-07-04 23:00:00+02:00,37.28335094451904
bc5edd25-415e-40fb-8607-ad8c0b10ea4c,Kurpark,2025-07-05 00:00:00+02:00,11.467633883158365
bc5edd25-415e-40fb-8607-ad8c0b10ea4c,Kurpark,2025-07-05 01:00:00+02:00,14.690605799357096
bc5edd25-415e-40fb-8607-ad8c0b10ea4c,Kurpark,2025-07-05 02:00:00+02:00,20.43939129511514
bc5edd25-415e-40fb-8607-ad8c0b10ea4c,Kurpark,2025-07-05 03:00:00+02:00,15.875761985778809
bc5edd25-415e-40fb-8607-ad8c0b10ea4c,Kurpark,2025-07-05 04:00:00+02:00,19.45872433980306
bc5edd25-415e-40fb-8607-ad8c0b10ea4c,Kurpark,2025-07-05 05:00:00+02:00,19.253905932108562
bc5edd25-415e-40fb-8607-ad8c0b10ea4c,Kurpark,2025-07-05 06:00:00+02:00,9.88626225789388
bc5edd25-415e-40fb-8607-ad8c0b10ea4c,Kurpark,2025-07-05 07:00:00+02:00,18.9911052385966
bc5edd25-415e-40fb-8607-ad8c0b10ea4c,Kurpark,2025-07-05 08:00:00+02:00,27.4076992670695
bc5edd25-415e-40fb-8607-ad8c0b10ea4c,Kurpark,2025-07-05 09:00:00+02:00,18.738078753153484
bc5edd25-415e-40fb-8607-ad8c0b10ea4c,Kurpark,2025-07-05 10:00:00+02:00,172.43465360005698
bc5edd25-415e-40fb-8607-ad8c0b10ea4c,Kurpark,2025-07-05 11:00:00+02:00,19.830698649088543
bc5edd25-415e-40fb-8607-ad8c0b10ea4c,Kurpark,2025-07-05 12:00:00+02:00,81.51990127563477
bc5edd25-415e-40fb-8607-ad8c0b10ea4c,Kurpark,2025-07-05 13:00:00+02:00,22.563788096110027
bc5edd25-415e-40fb-8607-ad8c0b10ea4c,Kurpark,2025-07-05 14:00:00+02:00,75.32829157511394
bc5edd25-415e-40fb-8607-ad8c0b10ea4c,Kurpark,2025-07-05 15:00:00+02:00,42.77379544576009
bc5edd25-415e-40fb-8607-ad8c0b10ea4c,Kurpark,2025-07-05 16:00:00+02:00,88.19981129964192
bc5edd25-415e-40fb-8607-ad8c0b10ea4c,Kurpark,2025-07-05 17:00:00+02:00,58.78036753336588
bc5edd25-415e-40fb-8607-ad8c0b10ea4c,Kurpark,2025-07-05 18:00:00+02:00,71.71733156840007
bc5edd25-415e-40fb-8607-ad8c0b10ea4c,Kurpark,2025-07-05 19:00:00+02:00,126.09500630696614
bc5edd25-415e-40fb-8607-ad8c0b10ea4c,Kurpark,2025-07-05 20:00:00+02:00,42.87413311004639
bc5edd25-415e-40fb-8607-ad8c0b10ea4c,Kurpark,2025-07-05 21:00:00+02:00,16.399937629699707
bc5edd25-415e-40fb-8607-ad8c0b10ea4c,Kurpark,2025-07-05 22:00:00+02:00,11.180981159210205
bc5edd25-415e-40fb-8607-ad8c0b10ea4c,Kurpark,2025-07-05 23:00:00+02:00,7.915334383646647
bc5edd25-415e-40fb-8607-ad8c0b10ea4c,Kurpark,2025-07-06 00:00:00+02:00,7.044724782307942
bc5edd25-415e-40fb-8607-ad8c0b10ea4c,Kurpark,2025-07-06 01:00:00+02:00,8.073960622151693
bc5edd25-415e-40fb-8607-ad8c0b10ea4c,Kurpark,2025-07-06 02:00:00+02:00,14.209273974100748
bc5edd25-415e-40fb-8607-ad8c0b10ea4c,Kurpark,2025-07-06 03:00:00+02:00,15.243420600891104
bc5edd25-415e-40fb-8607-ad8c0b10ea4c,Kurpark,2025-07-06 04:00:00+02:00,13.688583374023438
bc5edd25-415e-40fb-8607-ad8c0b10ea4c,Kurpark,2025-07-06 05:00:00+02:00,13.409672101338705
bc5edd25-415e-40fb-8607-ad8c0b10ea4c,Kurpark,2025-07-06 06:00:00+02:00,19.426588376363117
bc5edd25-415e-40fb-8607-ad8c0b10ea4c,Kurpark,2025-07-06 07:00:00+02:00,40.561127503712974
bc5edd25-415e-40fb-8607-ad8c0b10ea4c,Kurpark,2025-07-06 08:00:00+02:00,38.85295613606771
bc5edd25-415e-40fb-8607-ad8c0b10ea4c,Kurpark,2025-07-06 09:00:00+02:00,65.13945388793945
bc5edd25-415e-40fb-8607-ad8c0b10ea4c,Kurpark,2025-07-06 10:00:00+02:00,28.6350523630778
bc5edd25-415e-40fb-8607-ad8c0b10ea4c,Kurpark,2025-07-06 11:00:00+02:00,161.7212905883789
bc5edd25-415e-40fb-8607-ad8c0b10ea4c,Kurpark,2025-07-06 12:00:00+02:00,31.25511423746745
bc5edd25-415e-40fb-8607-ad8c0b10ea4c,Kurpark,2025-07-06 13:00:00+02:00,33.5908457438151
bc5edd25-415e-40fb-8607-ad8c0b10ea4c,Kurpark,2025-07-06 14:00:00+02:00,117.30763816833496
bc5edd25-415e-40fb-8607-ad8c0b10ea4c,Kurpark,2025-07-06 15:00:00+02:00,132.01762262980142
bc5edd25-415e-40fb-8607-ad8c0b10ea4c,Kurpark,2025-07-06 16:00:00+02:00,42.66691462198893
bc5edd25-415e-40fb-8607-ad8c0b10ea4c,Kurpark,2025-07-06 17:00:00+02:00,16.721667925516766
bc5edd25-415e-40fb-8607-ad8c0b10ea4c,Kurpark,2025-07-06 18:00:00+02:00,24.551357905069988
bc5edd25-415e-40fb-8607-ad8c0b10ea4c,Kurpark,2025-07-06 19:00:00+02:00,40.61763079961141
bc5edd25-415e-40fb-8607-ad8c0b10ea4c,Kurpark,2025-07-06 20:00:00+02:00,23.23099486033122
bc5edd25-415e-40fb-8607-ad8c0b10ea4c,Kurpark,2025-07-06 21:00:00+02:00,15.42315642038981
bc5edd25-415e-40fb-8607-ad8c0b10ea4c,Kurpark,2025-07-06 22:00:00+02:00,8.324609597524008
bc5edd25-415e-40fb-8607-ad8c0b10ea4c,Kurpark,2025-07-06 23:00:00+02:00,12.247988541920966
bc5edd25-415e-40fb-8607-ad8c0b10ea4c,Kurpark,2025-07-07 00:00:00+02:00,5.537948290506999
bc5edd25-415e-40fb-8607-ad8c0b10ea4c,Kurpark,2025-07-07 01:00:00+02:00,9.205477396647135
bc5edd25-415e-40fb-8607-ad8c0b10ea4c,Kurpark,2025-07-07 02:00:00+02:00,10.221758842468262
bc5edd25-415e-40fb-8607-ad8c0b10ea4c,Kurpark,2025-07-07 03:00:00+02:00,10.571329434712728
bc5edd25-415e-40fb-8607-ad8c0b10ea4c,Kurpark,2025-07-07 04:00:00+02:00,16.0071400006612
bc5edd25-415e-40fb-8607-ad8c0b10ea4c,Kurpark,2025-07-07 05:00:00+02:00,8.614354769388834
bc5edd25-415e-40fb-8607-ad8c0b10ea4c,Kurpark,2025-07-07 06:00:00+02:00,6.942675590515137
bc5edd25-415e-40fb-8607-ad8c0b10ea4c,Kurpark,2025-07-07 07:00:00+02:00,21.251392523447674
bc5edd25-415e-40fb-8607-ad8c0b10ea4c,Kurpark,2025-07-07 08:00:00+02:00,38.73721981048584
bc5edd25-415e-40fb-8607-ad8c0b10ea4c,Kurpark,2025-07-07 09:00:00+02:00,20.596956570943195
bc5edd25-415e-40fb-8607-ad8c0b10ea4c,Kurpark,2025-07-07 10:00:00+02:00,15.26263427734375
bc5edd25-415e-40fb-8607-ad8c0b10ea4c,Kurpark,2025-07-07 11:00:00+02:00,69.31076494852702
bc5edd25-415e-40fb-8607-ad8c0b10ea4c,Kurpark,2025-07-07 12:00:00+02:00,57.99213727315267
bc5edd25-415e-40fb-8607-ad8c0b10ea4c,Kurpark,2025-07-07 13:00:00+02:00,9.803556442260742
bc5edd25-415e-40fb-8607-ad8c0b10ea4c,Kurpark,2025-07-07 14:00:00+02:00,59.903995513916016
bc5edd25-415e-40fb-8607-ad8c0b10ea4c,Kurpark,2025-07-07 15:00:00+02:00,11.013906796773275
bc5edd25-415e-40fb-8607-ad8c0b10ea4c,Kurpark,2025-07-07 16:00:00+02:00,35.1277240117391
bc5edd25-415e-40fb-8607-ad8c0b10ea4c,Kurpark,2025-07-07 17:00:00+02:00,58.08725070953369
bc5edd25-415e-40fb-8607-ad8c0b10ea4c,Kurpark,2025-07-07 18:00:00+02:00,14.801464239756266
bc5edd25-415e-40fb-8607-ad8c0b10ea4c,Kurpark,2025-07-07 19:00:00+02:00,37.455273946126304
bc5edd25-415e-40fb-8607-ad8c0b10ea4c,Kurpark,2025-07-07 20:00:00+02:00,17.990692615509033
bc5edd25-415e-40fb-8607-ad8c0b10ea4c,Kurpark,2025-07-07 21:00:00+02:00,16.75638214747111
bc5edd25-415e-40fb-8607-ad8c0b10ea4c,Kurpark,2025-07-07 22:00:00+02:00,13.605464140574137
bc5edd25-415e-40fb-8607-ad8c0b10ea4c,Kurpark,2025-07-07 23:00:00+02:00,23.839798450469985
bc5edd25-415e-40fb-8607-ad8c0b10ea4c,Kurpark,2025-07-08 00:00:00+02:00,7.548740386962891
bc5edd25-415e-40fb-8607-ad8c0b10ea4c,Kurpark,2025-07-08 01:00:00+02:00,9.687798500061035
bc5edd25-415e-40fb-8607-ad8c0b10ea4c,Kurpark,2025-07-08 02:00:00+02:00,12.050469080607082
bc5edd25-415e-40fb-8607-ad8c0b10ea4c,Kurpark,2025-07-08 03:00:00+02:00,18.533264478047702
bc5edd25-415e-40fb-8607-ad8c0b10ea4c,Kurpark,2025-07-08 04:00:00+02:00,25.50495195388794
bc5edd25-415e-40fb-8607-ad8c0b10ea4c,Kurpark,2025-07-08 05:00:00+02:00,23.133185545603435
bc5edd25-415e-40fb-8607-ad8c0b10ea4c,Kurpark,2025-07-08 06:00:00+02:00,11.460510412851969
bc5edd25-415e-40fb-8607-ad8c0b10ea4c,Kurpark,2025-07-08 07:00:00+02:00,37.142933209737144
bc5edd25-415e-40fb-8607-ad8c0b10ea4c,Kurpark,2025-07-08 08:00:00+02:00,69.28972434997559
bc5edd25-415e-40fb-8607-ad8c0b10ea4c,Kurpark,2025-07-08 09:00:00+02:00,49.55689493815104
bc5edd25-415e-40fb-8607-ad8c0b10ea4c,Kurpark,2025-07-08 10:00:00+02:00,22.040367126464844
bc5edd25-415e-40fb-8607-ad8c0b10ea4c,Kurpark,2025-07-08 11:00:00+02:00,21.669217427571613
bc5edd25-415e-40fb-8607-ad8c0b10ea4c,Kurpark,2025-07-08 12:00:00+02:00,5.661347071329753
bc5edd25-415e-40fb-8607-ad8c0b10ea4c,Kurpark,2025-07-08 13:00:00+02:00,13.004179000854492
bc5edd25-415e-40fb-8607-ad8c0b10ea4c,Kurpark,2025-07-08 14:00:00+02:00,30.41980044047038
bc5edd25-415e-40fb-8607-ad8c0b10ea4c,Kurpark,2025-07-08 15:00:00+02:00,123.25243695576985
bc5edd25-415e-40fb-8607-ad8c0b10ea4c,Kurpark,2025-07-08 16:00:00+02:00,29.81554667154948
bc5edd25-415e-40fb-8607-ad8c0b10ea4c,Kurpark,2025-07-08 17:00:00+02:00,13.576263745625814
bc5edd25-415e-40fb-8607-ad8c0b10ea4c,Kurpark,2025-07-08 18:00:00+02:00,13.07693608601888
bc5edd25-415e-40fb-8607-ad8c0b10ea4c,Kurpark,2025-07-08 19:00:00+02:00,12.841160456339518
bc5edd25-415e-40fb-8607-ad8c0b10ea4c,Kurpark,2025-07-08 20:00:00+02:00,16.32990789413452
bc5edd25-415e-40fb-8607-ad8c0b10ea4c,Kurpark,2025-07-08 21:00:00+02:00,9.323747952779135
bc5edd25-415e-40fb-8607-ad8c0b10ea4c,Kurpark,2025-07-08 22:00:00+02:00,17.45014540354411
bc5edd25-415e-40fb-8607-ad8c0b10ea4c,Kurpark,2025-07-08 23:00:00+02:00,20.494975090026855
bc5edd25-415e-40fb-8607-ad8c0b10ea4c,Kurpark,2025-07-09 00:00:00+02:00,8.512403806050619
bc5edd25-415e-40fb-8607-ad8c0b10ea4c,Kurpark,2025-07-09 01:00:00+02:00,11.852245012919107
bc5edd25-415e-40fb-8607-ad8c0b10ea4c,Kurpark,2025-07-09 02:00:00+02:00,13.113711357116685
bc5edd25-415e-40fb-8607-ad8c0b10ea4c,Kurpark,2025-07-09 03:00:00+02:00,20.51083151499432
bc5edd25-415e-40fb-8607-ad8c0b10ea4c,Kurpark,2025-07-09 04:00:00+02:00,26.673777262369793
bc5edd25-415e-40fb-8607-ad8c0b10ea4c,Kurpark,2025-07-09 05:00:00+02:00,25.155399322509766
bc5edd25-415e-40fb-8607-ad8c0b10ea4c,Kurpark,2025-07-09 06:00:00+02:00,38.682674407958984
bc5edd25-415e-40fb-8607-ad8c0b10ea4c,Kurpark,2025-07-09 07:00:00+02:00,19.6615473429362
bc5edd25-415e-40fb-8607-ad8c0b10ea4c,Kurpark,2025-07-09 08:00:00+02:00,18.613438606262207
bc5edd25-415e-40fb-8607-ad8c0b10ea4c,Kurpark,2025-07-09 09:00:00+02:00,18.91111119588216
bc5edd25-415e-40fb-8607-ad8c0b10ea4c,Kurpark,2025-07-09 10:00:00+02:00,13.286983489990234
bc5edd25-415e-40fb-8607-ad8c0b10ea4c,Kurpark,2025-07-09 11:00:00+02:00,14.00752321879069
bc5edd25-415e-40fb-8607-ad8c0b10ea4c,Kurpark,2025-07-09 12:00:00+02:00,52.89268493652344
bc5edd25-415e-40fb-8607-ad8c0b10ea4c,Kurpark,2025-07-09 13:00:00+02:00,67.36116027832031
bc5edd25-415e-40fb-8607-ad8c0b10ea4c,Kurpark,2025-07-09 14:00:00+02:00,88.31071090698242
bc5edd25-415e-40fb-8607-ad8c0b10ea4c,Kurpark,2025-07-09 15:00:00+02:00,134.2289892832438
bc5edd25-415e-40fb-8607-ad8c0b10ea4c,Kurpark,2025-07-09 16:00:00+02:00,148.31597646077475
bc5edd25-415e-40fb-8607-ad8c0b10ea4c,Kurpark,2025-07-09 17:00:00+02:00,121.51928329467773
bc5edd25-415e-40fb-8607-ad8c0b10ea4c,Kurpark,2025-07-09 18:00:00+02:00,100.79979642232259
bc5edd25-415e-40fb-8607-ad8c0b10ea4c,Kurpark,2025-07-09 19:00:00+02:00,36.2642453511556
bc5edd25-415e-40fb-8607-ad8c0b10ea4c,Kurpark,2025-07-09 20:00:00+02:00,22.154205481211346
bc5edd25-415e-40fb-8607-ad8c0b10ea4c,Kurpark,2025-07-09 21:00:00+02:00,12.60316260655721
bc5edd25-415e-40fb-8607-ad8c0b10ea4c,Kurpark,2025-07-09 22:00:00+02:00,8.026306947072348
bc5edd25-415e-40fb-8607-ad8c0b10ea4c,Kurpark,2025-07-09 23:00:00+02:00,17.062989711761475
bc5edd25-415e-40fb-8607-ad8c0b10ea4c,Kurpark,2025-07-10 00:00:00+02:00,13.847010612487793
bc5edd25-415e-40fb-8607-ad8c0b10ea4c,Kurpark,2025-07-10 01:00:00+02:00,15.110338846842433
bc5edd25-415e-40fb-8607-ad8c0b10ea4c,Kurpark,2025-07-10 02:00:00+02:00,18.69324239095052
bc5edd25-415e-40fb-8607-ad8c0b10ea4c,Kurpark,2025-07-10 03:00:00+02:00,21.705314636230483
bc5edd25-415e-40fb-8607-ad8c0b10ea4c,Kurpark,2025-07-10 04:00:00+02:00,22.89358313878377
bc5edd25-415e-40fb-8607-ad8c0b10ea4c,Kurpark,2025-07-10 05:00:00+02:00,24.367788950602215
bc5edd25-415e-40fb-8607-ad8c0b10ea4c,Kurpark,2025-07-10 06:00:00+02:00,34.32260831197103
bc5edd25-415e-40fb-8607-ad8c0b10ea4c,Kurpark,2025-07-10 07:00:00+02:00,31.57857100168864
bc5edd25-415e-40fb-8607-ad8c0b10ea4c,Kurpark,2025-07-10 08:00:00+02:00,46.485348065694176
bc5edd25-415e-40fb-8607-ad8c0b10ea4c,Kurpark,2025-07-10 09:00:00+02:00,42.615570068359375
bc5edd25-415e-40fb-8607-ad8c0b10ea4c,Kurpark,2025-07-10 10:00:00+02:00,5.9412180582682295
bc5edd25-415e-40fb-8607-ad8c0b10ea4c,Kurpark,2025-07-10 11:00:00+02:00,30.605792999267578
bc5edd25-415e-40fb-8607-ad8c0b10ea4c,Kurpark,2025-07-10 12:00:00+02:00,32.646027247111
bc5edd25-415e-40fb-8607-ad8c0b10ea4c,Kurpark,2025-07-10 13:00:00+02:00,65.72358322143555
bc5edd25-415e-40fb-8607-ad8c0b10ea4c,Kurpark,2025-07-10 14:00:00+02:00,13.756561279296875
bc5edd25-415e-40fb-8607-ad8c0b10ea4c,Kurpark,2025-07-10 15:00:00+02:00,119.06295458475749
bc5edd25-415e-40fb-8607-ad8c0b10ea4c,Kurpark,2025-07-10 16:00:00+02:00,120.95404434204107
bc5edd25-415e-40fb-8607-ad8c0b10ea4c,Kurpark,2025-07-10 17:00:00+02:00,50.68484751383463
bc5edd25-415e-40fb-8607-ad8c0b10ea4c,Kurpark,2025-07-10 18:00:00+02:00,18.677128791809082
bc5edd25-415e-40fb-8607-ad8c0b10ea4c,Kurpark,2025-07-10 19:00:00+02:00,45.28804302215576
bc5edd25-415e-40fb-8607-ad8c0b10ea4c,Kurpark,2025-07-10 20:00:00+02:00,14.480643272399902
bc5edd25-415e-40fb-8607-ad8c0b10ea4c,Kurpark,2025-07-10 21:00:00+02:00,12.640557607014975
bc5edd25-415e-40fb-8607-ad8c0b10ea4c,Kurpark,2025-07-10 22:00:00+02:00,7.389325141906738
bc5edd25-415e-40fb-8607-ad8c0b10ea4c,Kurpark,2025-07-10 23:00:00+02:00,28.642058690388996
bc5edd25-415e-40fb-8607-ad8c0b10ea4c,Kurpark,2025-07-11 00:00:00+02:00,21.58638922373454
bc5edd25-415e-40fb-8607-ad8c0b10ea4c,Kurpark,2025-07-11 01:00:00+02:00,14.311052322387695
bc5edd25-415e-40fb-8607-ad8c0b10ea4c,Kurpark,2025-07-11 02:00:00+02:00,18.899306297302235
bc5edd25-415e-40fb-8607-ad8c0b10ea4c,Kurpark,2025-07-11 03:00:00+02:00,22.66897741953532
bc5edd25-415e-40fb-8607-ad8c0b10ea4c,Kurpark,2025-07-11 04:00:00+02:00,24.478896141052246
bc5edd25-415e-40fb-8607-ad8c0b10ea4c,Kurpark,2025-07-11 05:00:00+02:00,24.478509426116943
bc5edd25-415e-40fb-8607-ad8c0b10ea4c,Kurpark,2025-07-11 06:00:00+02:00,19.34644142786661
bc5edd25-415e-40fb-8607-ad8c0b10ea4c,Kurpark,2025-07-11 07:00:00+02:00,65.04139582316081
bc5edd25-415e-40fb-8607-ad8c0b10ea4c,Kurpark,2025-07-11 08:00:00+02:00,57.45896530151367
bc5edd25-415e-40fb-8607-ad8c0b10ea4c,Kurpark,2025-07-11 09:00:00+02:00,68.28138097127278
bc5edd25-415e-40fb-8607-ad8c0b10ea4c,Kurpark,2025-07-11 10:00:00+02:00,35.6905829111735
bc5edd25-415e-40fb-8607-ad8c0b10ea4c,Kurpark,2025-07-11 11:00:00+02:00,11.133302688598633
bc5edd25-415e-40fb-8607-ad8c0b10ea4c,Kurpark,2025-07-11 12:00:00+02:00,19.419370651245117
bc5edd25-415e-40fb-8607-ad8c0b10ea4c,Kurpark,2025-07-11 13:00:00+02:00,22.153645197550457
bc5edd25-415e-40fb-8607-ad8c0b10ea4c,Kurpark,2025-07-11 14:00:00+02:00,78.15671094258626
bc5edd25-415e-40fb-8607-ad8c0b10ea4c,Kurpark,2025-07-11 15:00:00+02:00,45.88744990030924
bc5edd25-415e-40fb-8607-ad8c0b10ea4c,Kurpark,2025-07-11 16:00:00+02:00,81.91167068481445
bc5edd25-415e-40fb-8607-ad8c0b10ea4c,Kurpark,2025-07-11 17:00:00+02:00,125.08694903055827
bc5edd25-415e-40fb-8607-ad8c0b10ea4c,Kurpark,2025-07-11 18:00:00+02:00,49.79058011372884
bc5edd25-415e-40fb-8607-ad8c0b10ea4c,Kurpark,2025-07-11 19:00:00+02:00,21.47540028889974
bc5edd25-415e-40fb-8607-ad8c0b10ea4c,Kurpark,2025-07-11 20:00:00+02:00,22.501487096150715
bc5edd25-415e-40fb-8607-ad8c0b10ea4c,Kurpark,2025-07-11 21:00:00+02:00,12.974002520243326
bc5edd25-415e-40fb-8607-ad8c0b10ea4c,Kurpark,2025-07-11 22:00:00+02:00,13.759777863820394
bc5edd25-415e-40fb-8607-ad8c0b10ea4c,Kurpark,2025-07-11 23:00:00+02:00,30.103171189626057
bc5edd25-415e-40fb-8607-ad8c0b10ea4c,Kurpark,2025-07-12 00:00:00+02:00,11.94317372639974
bc5edd25-415e-40fb-8607-ad8c0b10ea4c,Kurpark,2025-07-12 01:00:00+02:00,23.88826767603555
bc5edd25-415e-40fb-8607-ad8c0b10ea4c,Kurpark,2025-07-12 02:00:00+02:00,20.48159551620482
bc5edd25-415e-40fb-8607-ad8c0b10ea4c,Kurpark,2025-07-12 03:00:00+02:00,15.897919019063314
bc5edd25-415e-40fb-8607-ad8c0b10ea4c,Kurpark,2025-07-12 04:00:00+02:00,19.440039316813152
bc5edd25-415e-40fb-8607-ad8c0b10ea4c,Kurpark,2025-07-12 05:00:00+02:00,19.24708350499471
bc5edd25-415e-40fb-8607-ad8c0b10ea4c,Kurpark,2025-07-12 06:00:00+02:00,9.29783550898234
bc5edd25-415e-40fb-8607-ad8c0b10ea4c,Kurpark,2025-07-12 07:00:00+02:00,18.431076526641846
bc5edd25-415e-40fb-8607-ad8c0b10ea4c,Kurpark,2025-07-12 08:00:00+02:00,30.398858706156414
bc5edd25-415e-40fb-8607-ad8c0b10ea4c,Kurpark,2025-07-12 09:00:00+02:00,20.631266276041668
bc5edd25-415e-40fb-8607-ad8c0b10ea4c,Kurpark,2025-07-12 10:00:00+02:00,169.53985595703125
bc5edd25-415e-40fb-8607-ad8c0b10ea4c,Kurpark,2025-07-12 11:00:00+02:00,17.96752166748047
bc5edd25-415e-40fb-8607-ad8c0b10ea4c,Kurpark,2025-07-12 12:00:00+02:00,15.048454284667969
bc5edd25-415e-40fb-8607-ad8c0b10ea4c,Kurpark,2025-07-12 13:00:00+02:00,53.35871378580729
bc5edd25-415e-40fb-8607-ad8c0b10ea4c,Kurpark,2025-07-12 14:00:00+02:00,27.098320643107098
bc5edd25-415e-40fb-8607-ad8c0b10ea4c,Kurpark,2025-07-12 15:00:00+02:00,175.85236040751138
bc5edd25-415e-40fb-8607-ad8c0b10ea4c,Kurpark,2025-07-12 16:00:00+02:00,89.99053382873535
bc5edd25-415e-40fb-8607-ad8c0b10ea4c,Kurpark,2025-07-12 17:00:00+02:00,60.28044891357422
bc5edd25-415e-40fb-8607-ad8c0b10ea4c,Kurpark,2025-07-12 18:00:00+02:00,71.97299702962239
bc5edd25-415e-40fb-8607-ad8c0b10ea4c,Kurpark,2025-07-12 19:00:00+02:00,44.23488839467367
bc5edd25-415e-40fb-8607-ad8c0b10ea4c,Kurpark,2025-07-12 20:00:00+02:00,16.406133492787678
bc5edd25-415e-40fb-8607-ad8c0b10ea4c,Kurpark,2025-07-12 21:00:00+02:00,16.373704433441162
bc5edd25-415e-40fb-8607-ad8c0b10ea4c,Kurpark,2025-07-12 22:00:00+02:00,8.28010606765747
bc5edd25-415e-40fb-8607-ad8c0b10ea4c,Kurpark,2025-07-12 23:00:00+02:00,21.80015977223714
bc5edd25-415e-40fb-8607-ad8c0b10ea4c,Kurpark,2025-07-13 00:00:00+02:00,6.963850339253743
bc5edd25-415e-40fb-8607-ad8c0b10ea4c,Kurpark,2025-07-13 01:00:00+02:00,14.073511123657227
bc5edd25-415e-40fb-8607-ad8c0b10ea4c,Kurpark,2025-07-13 02:00:00+02:00,8.722871462504068
bc5edd25-415e-40fb-8607-ad8c0b10ea4c,Kurpark,2025-07-13 03:00:00+02:00,15.915897203528372
bc5edd25-415e-40fb-8607-ad8c0b10ea4c,Kurpark,2025-07-13 04:00:00+02:00,13.50992861661044
bc5edd25-415e-40fb-8607-ad8c0b10ea4c,Kurpark,2025-07-13 05:00:00+02:00,16.291355678013392
bc5edd25-415e-40fb-8607-ad8c0b10ea4c,Kurpark,2025-07-13 06:00:00+02:00,20.072540283203125
bc5edd25-415e-40fb-8607-ad8c0b10ea4c,Kurpark,2025-07-13 07:00:00+02:00,41.00119420101768
bc5edd25-415e-40fb-8607-ad8c0b10ea4c,Kurpark,2025-07-13 08:00:00+02:00,37.82001834445529
bc5edd25-415e-40fb-8607-ad8c0b10ea4c,Kurpark,2025-07-13 09:00:00+02:00,62.07803165211397
bc5edd25-415e-40fb-8607-ad8c0b10ea4c,Kurpark,2025-07-13 10:00:00+02:00,27.927971839904785
bc5edd25-415e-40fb-8607-ad8c0b10ea4c,Kurpark,2025-07-13 11:00:00+02:00,155.00434163411458
bc5edd25-415e-40fb-8607-ad8c0b10ea4c,Kurpark,2025-07-13 12:00:00+02:00,18.866376604352677
bc5edd25-415e-40fb-8607-ad8c0b10ea4c,Kurpark,2025-07-13 13:00:00+02:00,21.09014188326322
bc5edd25-415e-40fb-8607-ad8c0b10ea4c,Kurpark,2025-07-13 14:00:00+02:00,92.6922098795573
bc5edd25-415e-40fb-8607-ad8c0b10ea4c,Kurpark,2025-07-13 15:00:00+02:00,109.76368297230114
bc5edd25-415e-40fb-8607-ad8c0b10ea4c,Kurpark,2025-07-13 16:00:00+02:00,29.178860473632813
bc5edd25-415e-40fb-8607-ad8c0b10ea4c,Kurpark,2025-07-13 17:00:00+02:00,9.266532050238716
bc5edd25-415e-40fb-8607-ad8c0b10ea4c,Kurpark,2025-07-13 18:00:00+02:00,27.431015968322754
bc5edd25-415e-40fb-8607-ad8c0b10ea4c,Kurpark,2025-07-13 19:00:00+02:00,55.63991492135184
bc5edd25-415e-40fb-8607-ad8c0b10ea4c,Kurpark,2025-07-13 20:00:00+02:00,32.611654917399086
bc5edd25-415e-40fb-8607-ad8c0b10ea4c,Kurpark,2025-07-13 21:00:00+02:00,20.123626708984375
bc5edd25-415e-40fb-8607-ad8c0b10ea4c,Kurpark,2025-07-13 22:00:00+02:00,2.819040298461914
bc5edd25-415e-40fb-8607-ad8c0b10ea4c,Kurpark,2025-07-13 23:00:00+02:00,12.596542358398438
bc5edd25-415e-40fb-8607-ad8c0b10ea4c,Kurpark,2025-07-14 00:00:00+02:00,4.393974304199219
bc5edd25-415e-40fb-8607-ad8c0b10ea4c,Kurpark,2025-07-14 01:00:00+02:00,8.506744384765625
c294766d-4a58-496f-b00e-665dc626bdea,Schulstraße 6,2025-06-30 03:00:00+02:00,0.05545330047607422
c294766d-4a58-496f-b00e-665dc626bdea,Schulstraße 6,2025-06-30 04:00:00+02:00,1.1831257343292236
c294766d-4a58-496f-b00e-665dc626bdea,Schulstraße 6,2025-06-30 05:00:00+02:00,0.9469504356384281
c294766d-4a58-496f-b00e-665dc626bdea,Schulstraße 6,2025-06-30 06:00:00+02:00,5.323422312736511
c294766d-4a58-496f-b00e-665dc626bdea,Schulstraße 6,2025-06-30 07:00:00+02:00,2.2309919357299806
c294766d-4a58-496f-b00e-665dc626bdea,Schulstraße 6,2025-06-30 08:00:00+02:00,7.417765299479167
c294766d-4a58-496f-b00e-665dc626bdea,Schulstraße 6,2025-06-30 09:00:00+02:00,3.5029493059430803
c294766d-4a58-496f-b00e-665dc626bdea,Schulstraße 6,2025-06-30 10:00:00+02:00,10.666221857070923
c294766d-4a58-496f-b00e-665dc626bdea,Schulstraße 6,2025-06-30 11:00:00+02:00,4.982676188151042
c294766d-4a58-496f-b00e-665dc626bdea,Schulstraße 6,2025-06-30 12:00:00+02:00,9.15837287902832
c294766d-4a58-496f-b00e-665dc626bdea,Schulstraße 6,2025-06-30 13:00:00+02:00,0.4905459664084695
c294766d-4a58-496f-b00e-665dc626bdea,Schulstraße 6,2025-06-30 14:00:00+02:00,7.042297840118408
c294766d-4a58-496f-b00e-665dc626bdea,Schulstraße 6,2025-06-30 15:00:00+02:00,5.827465717609112
c294766d-4a58-496f-b00e-665dc626bdea,Schulstraße 6,2025-06-30 16:00:00+02:00,0.8803102629525321
c294766d-4a58-496f-b00e-665dc626bdea,Schulstraße 6,2025-06-30 17:00:00+02:00,1.5134522120157878
c294766d-4a58-496f-b00e-665dc626bdea,Schulstraße 6,2025-06-30 18:00:00+02:00,1.2335832715034485
c294766d-4a58-496f-b00e-665dc626bdea,Schulstraße 6,2025-06-30 19:00:00+02:00,3.321279189165901
c294766d-4a58-496f-b00e-665dc626bdea,Schulstraße 6,2025-06-30 20:00:00+02:00,3.4355519347720676
c294766d-4a58-496f-b00e-665dc626bdea,Schulstraße 6,2025-06-30 21:00:00+02:00,1.122592951122083
c294766d-4a58-496f-b00e-665dc626bdea,Schulstraße 6,2025-06-30 22:00:00+02:00,2.7294595718383787
c294766d-4a58-496f-b00e-665dc626bdea,Schulstraße 6,2025-06-30 23:00:00+02:00,3.9816869781130824
c294766d-4a58-496f-b00e-665dc626bdea,Schulstraße 6,2025-07-01 00:00:00+02:00,8.575595964084972
c294766d-4a58-496f-b00e-665dc626bdea,Schulstraße 6,2025-07-01 01:00:00+02:00,4.935882070790166
c294766d-4a58-496f-b00e-665dc626bdea,Schulstraße 6,2025-07-01 02:00:00+02:00,0.3078412214914958
c294766d-4a58-496f-b00e-665dc626bdea,Schulstraße 6,2025-07-01 03:00:00+02:00,2.5435086488723737
c294766d-4a58-496f-b00e-665dc626bdea,Schulstraße 6,2025-07-01 04:00:00+02:00,3.7267383138338706
c294766d-4a58-496f-b00e-665dc626bdea,Schulstraße 6,2025-07-01 05:00:00+02:00,2.7068633437156677
c294766d-4a58-496f-b00e-665dc626bdea,Schulstraße 6,2025-07-01 06:00:00+02:00,5.436519106229146
c294766d-4a58-496f-b00e-665dc626bdea,Schulstraße 6,2025-07-01 07:00:00+02:00,1.840646465619405
c294766d-4a58-496f-b00e-665dc626bdea,Schulstraße 6,2025-07-01 08:00:00+02:00,4.744562983512878
c294766d-4a58-496f-b00e-665dc626bdea,Schulstraße 6,2025-07-01 09:00:00+02:00,5.641060749689738
c294766d-4a58-496f-b00e-665dc626bdea,Schulstraße 6,2025-07-01 10:00:00+02:00,2.4383344650268555
c294766d-4a58-496f-b00e-665dc626bdea,Schulstraße 6,2025-07-01 11:00:00+02:00,1.9652334054311116
c294766d-4a58-496f-b00e-665dc626bdea,Schulstraße 6,2025-07-01 12:00:00+02:00,8.206293106079102
c294766d-4a58-496f-b00e-665dc626bdea,Schulstraße 6,2025-07-01 13:00:00+02:00,8.767826159795126
c294766d-4a58-496f-b00e-665dc626bdea,Schulstraße 6,2025-07-01 14:00:00+02:00,3.447927554448446
c294766d-4a58-496f-b00e-665dc626bdea,Schulstraße 6,2025-07-01 15:00:00+02:00,6.522566596666972
c294766d-4a58-496f-b00e-665dc626bdea,Schulstraße 6,2025-07-01 16:00:00+02:00,2.401689569155375
c294766d-4a58-496f-b00e-665dc626bdea,Schulstraße 6,2025-07-01 17:00:00+02:00,5.017001827557881
c294766d-4a58-496f-b00e-665dc626bdea,Schulstraße 6,2025-07-01 18:00:00+02:00,5.829988161722819
c294766d-4a58-496f-b00e-665dc626bdea,Schulstraße 6,2025-07-01 19:00:00+02:00,3.997818191846212
c294766d-4a58-496f-b00e-665dc626bdea,Schulstraße 6,2025-07-01 20:00:00+02:00,3.80306746562322
c294766d-4a58-496f-b00e-665dc626bdea,Schulstraße 6,2025-07-01 21:00:00+02:00,2.033139487107595
c294766d-4a58-496f-b00e-665dc626bdea,Schulstraße 6,2025-07-01 22:00:00+02:00,3.7589644392331425
c294766d-4a58-496f-b00e-665dc626bdea,Schulstraße 6,2025-07-01 23:00:00+02:00,1.1413245598475148
c294766d-4a58-496f-b00e-665dc626bdea,Schulstraße 6,2025-07-02 00:00:00+02:00,5.714788953463237
c294766d-4a58-496f-b00e-665dc626bdea,Schulstraße 6,2025-07-02 01:00:00+02:00,1.0808475017547607
c294766d-4a58-496f-b00e-665dc626bdea,Schulstraße 6,2025-07-02 02:00:00+02:00,1.1844307978947957
c294766d-4a58-496f-b00e-665dc626bdea,Schulstraße 6,2025-07-02 03:00:00+02:00,0.5411131978034973
c294766d-4a58-496f-b00e-665dc626bdea,Schulstraße 6,2025-07-02 04:00:00+02:00,2.153776526451111
c294766d-4a58-496f-b00e-665dc626bdea,Schulstraße 6,2025-07-02 05:00:00+02:00,3.1421899596850076
c294766d-4a58-496f-b00e-665dc626bdea,Schulstraße 6,2025-07-02 06:00:00+02:00,3.652501404285431
c294766d-4a58-496f-b00e-665dc626bdea,Schulstraße 6,2025-07-02 07:00:00+02:00,9.296737790107727
c294766d-4a58-496f-b00e-665dc626bdea,Schulstraße 6,2025-07-02 08:00:00+02:00,12.36467711130778
c294766d-4a58-496f-b00e-665dc626bdea,Schulstraße 6,2025-07-02 09:00:00+02:00,29.61517568429311
c294766d-4a58-496f-b00e-665dc626bdea,Schulstraße 6,2025-07-02 10:00:00+02:00,6.664360125859578
c294766d-4a58-496f-b00e-665dc626bdea,Schulstraße 6,2025-07-02 11:00:00+02:00,11.439621289571127
c294766d-4a58-496f-b00e-665dc626bdea,Schulstraße 6,2025-07-02 12:00:00+02:00,6.299016078313191
c294766d-4a58-496f-b00e-665dc626bdea,Schulstraße 6,2025-07-02 13:00:00+02:00,4.830689271291097
c294766d-4a58-496f-b00e-665dc626bdea,Schulstraße 6,2025-07-02 14:00:00+02:00,0.5024394989013672
c294766d-4a58-496f-b00e-665dc626bdea,Schulstraße 6,2025-07-02 15:00:00+02:00,2.7708162864049277
c294766d-4a58-496f-b00e-665dc626bdea,Schulstraße 6,2025-07-02 16:00:00+02:00,1.0938947995503743
c294766d-4a58-496f-b00e-665dc626bdea,Schulstraße 6,2025-07-02 17:00:00+02:00,5.889501094818115
c294766d-4a58-496f-b00e-665dc626bdea,Schulstraße 6,2025-07-02 18:00:00+02:00,4.638161778450012
c294766d-4a58-496f-b00e-665dc626bdea,Schulstraße 6,2025-07-02 19:00:00+02:00,3.3891079425811768
c294766d-4a58-496f-b00e-665dc626bdea,Schulstraße 6,2025-07-02 20:00:00+02:00,8.639671285947164
c294766d-4a58-496f-b00e-665dc626bdea,Schulstraße 6,2025-07-02 21:00:00+02:00,3.444308360417684
c294766d-4a58-496f-b00e-665dc626bdea,Schulstraße 6,2025-07-02 22:00:00+02:00,0.6742894848187767
c294766d-4a58-496f-b00e-665dc626bdea,Schulstraße 6,2025-07-02 23:00:00+02:00,2.1362311244010925
c294766d-4a58-496f-b00e-665dc626bdea,Schulstraße 6,2025-07-03 00:00:00+02:00,3.403279662132263
c294766d-4a58-496f-b00e-665dc626bdea,Schulstraße 6,2025-07-03 01:00:00+02:00,0.5939629872639974
c294766d-4a58-496f-b00e-665dc626bdea,Schulstraße 6,2025-07-03 02:00:00+02:00,3.467836439609526
c294766d-4a58-496f-b00e-665dc626bdea,Schulstraße 6,2025-07-03 03:00:00+02:00,0.7011138002077738
c294766d-4a58-496f-b00e-665dc626bdea,Schulstraße 6,2025-07-03 04:00:00+02:00,2.8249245087305703
c294766d-4a58-496f-b00e-665dc626bdea,Schulstraße 6,2025-07-03 05:00:00+02:00,3.3013087113698325
c294766d-4a58-496f-b00e-665dc626bdea,Schulstraße 6,2025-07-03 06:00:00+02:00,3.3511275847752877
c294766d-4a58-496f-b00e-665dc626bdea,Schulstraße 6,2025-07-03 07:00:00+02:00,3.863677978515625
c294766d-4a58-496f-b00e-665dc626bdea,Schulstraße 6,2025-07-03 08:00:00+02:00,1.2451498905817668
c294766d-4a58-496f-b00e-665dc626bdea,Schulstraße 6,2025-07-03 09:00:00+02:00,3.5379645427068076
c294766d-4a58-496f-b00e-665dc626bdea,Schulstraße 6,2025-07-03 10:00:00+02:00,0.6889587243398031
c294766d-4a58-496f-b00e-665dc626bdea,Schulstraße 6,2025-07-03 11:00:00+02:00,4.913145303726196
c294766d-4a58-496f-b00e-665dc626bdea,Schulstraße 6,2025-07-03 12:00:00+02:00,6.966442346572876
c294766d-4a58-496f-b00e-665dc626bdea,Schulstraße 6,2025-07-03 13:00:00+02:00,2.117538849512736
c294766d-4a58-496f-b00e-665dc626bdea,Schulstraße 6,2025-07-03 14:00:00+02:00,1.6784108479817708
c294766d-4a58-496f-b00e-665dc626bdea,Schulstraße 6,2025-07-03 15:00:00+02:00,9.001858790715536
c294766d-4a58-496f-b00e-665dc626bdea,Schulstraße 6,2025-07-03 16:00:00+02:00,6.001731952031453
c294766d-4a58-496f-b00e-665dc626bdea,Schulstraße 6,2025-07-03 17:00:00+02:00,0.8613848686218262
c294766d-4a58-496f-b00e-665dc626bdea,Schulstraße 6,2025-07-03 18:00:00+02:00,1.82238773504893
c294766d-4a58-496f-b00e-665dc626bdea,Schulstraße 6,2025-07-03 19:00:00+02:00,1.4208687543869019
c294766d-4a58-496f-b00e-665dc626bdea,Schulstraße 6,2025-07-03 20:00:00+02:00,8.87910457452138
c294766d-4a58-496f-b00e-665dc626bdea,Schulstraße 6,2025-07-03 21:00:00+02:00,0.6921472350756327
c294766d-4a58-496f-b00e-665dc626bdea,Schulstraße 6,2025-07-03 22:00:00+02:00,2.5556659499804177
c294766d-4a58-496f-b00e-665dc626bdea,Schulstraße 6,2025-07-03 23:00:00+02:00,4.433970689773558
c294766d-4a58-496f-b00e-665dc626bdea,Schulstraße 6,2025-07-04 00:00:00+02:00,4.175427416960399
c294766d-4a58-496f-b00e-665dc626bdea,Schulstraße 6,2025-07-04 01:00:00+02:00,3.3684727350870767
c294766d-4a58-496f-b00e-665dc626bdea,Schulstraße 6,2025-07-04 02:00:00+02:00,3.7621185978253666
c294766d-4a58-496f-b00e-665dc626bdea,Schulstraße 6,2025-07-04 03:00:00+02:00,3.2248086531956974
c294766d-4a58-496f-b00e-665dc626bdea,Schulstraße 6,2025-07-04 04:00:00+02:00,1.4237704277038574
c294766d-4a58-496f-b00e-665dc626bdea,Schulstraße 6,2025-07-04 05:00:00+02:00,4.75724732875824
c294766d-4a58-496f-b00e-665dc626bdea,Schulstraße 6,2025-07-04 06:00:00+02:00,2.2739989956219993
c294766d-4a58-496f-b00e-665dc626bdea,Schulstraße 6,2025-07-04 07:00:00+02:00,3.122029940287272
c294766d-4a58-496f-b00e-665dc626bdea,Schulstraße 6,2025-07-04 08:00:00+02:00,6.184878349304199
c294766d-4a58-496f-b00e-665dc626bdea,Schulstraße 6,2025-07-04 09:00:00+02:00,1.851235310236613
c294766d-4a58-496f-b00e-665dc626bdea,Schulstraße 6,2025-07-04 10:00:00+02:00,13.572417179743441
c294766d-4a58-496f-b00e-665dc626bdea,Schulstraße 6,2025-07-04 11:00:00+02:00,16.830368598302204
c294766d-4a58-496f-b00e-665dc626bdea,Schulstraße 6,2025-07-04 12:00:00+02:00,6.060771544774373
c294766d-4a58-496f-b00e-665dc626bdea,Schulstraße 6,2025-07-04 13:00:00+02:00,1.1925715605417888
c294766d-4a58-496f-b00e-665dc626bdea,Schulstraße 6,2025-07-04 14:00:00+02:00,4.681065003077189
c294766d-4a58-496f-b00e-665dc626bdea,Schulstraße 6,2025-07-04 15:00:00+02:00,8.440402825673422
c294766d-4a58-496f-b00e-665dc626bdea,Schulstraße 6,2025-07-04 16:00:00+02:00,14.502485275268555
c294766d-4a58-496f-b00e-665dc626bdea,Schulstraße 6,2025-07-04 17:00:00+02:00,8.68948737780253
c294766d-4a58-496f-b00e-665dc626bdea,Schulstraße 6,2025-07-04 18:00:00+02:00,3.120966076850891
c294766d-4a58-496f-b00e-665dc626bdea,Schulstraße 6,2025-07-04 19:00:00+02:00,3.528297225634257
c294766d-4a58-496f-b00e-665dc626bdea,Schulstraße 6,2025-07-04 20:00:00+02:00,6.757005612055461
c294766d-4a58-496f-b00e-665dc626bdea,Schulstraße 6,2025-07-04 21:00:00+02:00,1.4343960881233215
c294766d-4a58-496f-b00e-665dc626bdea,Schulstraße 6,2025-07-04 22:00:00+02:00,3.822951594988505
c294766d-4a58-496f-b00e-665dc626bdea,Schulstraße 6,2025-07-04 23:00:00+02:00,2.600017547607422
c294766d-4a58-496f-b00e-665dc626bdea,Schulstraße 6,2025-07-05 00:00:00+02:00,7.255897025267283
c294766d-4a58-496f-b00e-665dc626bdea,Schulstraße 6,2025-07-05 01:00:00+02:00,3.8147142926851907
c294766d-4a58-496f-b00e-665dc626bdea,Schulstraße 6,2025-07-05 02:00:00+02:00,5.129063308238983
c294766d-4a58-496f-b00e-665dc626bdea,Schulstraße 6,2025-07-05 03:00:00+02:00,2.238685389359792
c294766d-4a58-496f-b00e-665dc626bdea,Schulstraße 6,2025-07-05 04:00:00+02:00,1.9039126833279927
c294766d-4a58-496f-b00e-665dc626bdea,Schulstraße 6,2025-07-05 05:00:00+02:00,1.48178368806839
c294766d-4a58-496f-b00e-665dc626bdea,Schulstraße 6,2025-07-05 06:00:00+02:00,3.131562570730845
c294766d-4a58-496f-b00e-665dc626bdea,Schulstraße 6,2025-07-05 07:00:00+02:00,1.0134939153989155
c294766d-4a58-496f-b00e-665dc626bdea,Schulstraße 6,2025-07-05 08:00:00+02:00,3.9869042833646127
c294766d-4a58-496f-b00e-665dc626bdea,Schulstraße 6,2025-07-05 09:00:00+02:00,4.267672777175903
c294766d-4a58-496f-b00e-665dc626bdea,Schulstraße 6,2025-07-05 10:00:00+02:00,18.467946728070576
c294766d-4a58-496f-b00e-665dc626bdea,Schulstraße 6,2025-07-05 11:00:00+02:00,7.401044845581055
c294766d-4a58-496f-b00e-665dc626bdea,Schulstraße 6,2025-07-05 12:00:00+02:00,13.16048494974772
c294766d-4a58-496f-b00e-665dc626bdea,Schulstraße 6,2025-07-05 13:00:00+02:00,10.718223094940186
c294766d-4a58-496f-b00e-665dc626bdea,Schulstraße 6,2025-07-05 14:00:00+02:00,5.532009601593018
c294766d-4a58-496f-b00e-665dc626bdea,Schulstraße 6,2025-07-05 15:00:00+02:00,1.8630646069844563
c294766d-4a58-496f-b00e-665dc626bdea,Schulstraße 6,2025-07-05 16:00:00+02:00,5.601188500722249
c294766d-4a58-496f-b00e-665dc626bdea,Schulstraße 6,2025-07-05 17:00:00+02:00,1.8728547096252441
c294766d-4a58-496f-b00e-665dc626bdea,Schulstraße 6,2025-07-05 18:00:00+02:00,1.9837416807810466
c294766d-4a58-496f-b00e-665dc626bdea,Schulstraße 6,2025-07-05 19:00:00+02:00,8.149964014689127
c294766d-4a58-496f-b00e-665dc626bdea,Schulstraße 6,2025-07-05 20:00:00+02:00,6.722077429294586
c294766d-4a58-496f-b00e-665dc626bdea,Schulstraße 6,2025-07-05 21:00:00+02:00,2.3669445912043243
c294766d-4a58-496f-b00e-665dc626bdea,Schulstraße 6,2025-07-05 22:00:00+02:00,1.1786459883054097
c294766d-4a58-496f-b00e-665dc626bdea,Schulstraße 6,2025-07-05 23:00:00+02:00,4.5661384463310215
c294766d-4a58-496f-b00e-665dc626bdea,Schulstraße 6,2025-07-06 00:00:00+02:00,12.039242347081503
c294766d-4a58-496f-b00e-665dc626bdea,Schulstraße 6,2025-07-06 01:00:00+02:00,4.445943892002106
c294766d-4a58-496f-b00e-665dc626bdea,Schulstraße 6,2025-07-06 02:00:00+02:00,0.9913914203643799
c294766d-4a58-496f-b00e-665dc626bdea,Schulstraße 6,2025-07-06 03:00:00+02:00,2.1584803263346344
c294766d-4a58-496f-b00e-665dc626bdea,Schulstraße 6,2025-07-06 04:00:00+02:00,2.0392196973164864
c294766d-4a58-496f-b00e-665dc626bdea,Schulstraße 6,2025-07-06 05:00:00+02:00,1.3525785605112712
c294766d-4a58-496f-b00e-665dc626bdea,Schulstraße 6,2025-07-06 06:00:00+02:00,2.8441957235336286
c294766d-4a58-496f-b00e-665dc626bdea,Schulstraße 6,2025-07-06 07:00:00+02:00,5.357826073964435
c294766d-4a58-496f-b00e-665dc626bdea,Schulstraße 6,2025-07-06 08:00:00+02:00,3.8310752312342324
c294766d-4a58-496f-b00e-665dc626bdea,Schulstraße 6,2025-07-06 09:00:00+02:00,2.4660691022872925
c294766d-4a58-496f-b00e-665dc626bdea,Schulstraße 6,2025-07-06 10:00:00+02:00,6.533913215001424
c294766d-4a58-496f-b00e-665dc626bdea,Schulstraße 6,2025-07-06 11:00:00+02:00,13.314133644104004
c294766d-4a58-496f-b00e-665dc626bdea,Schulstraße 6,2025-07-06 12:00:00+02:00,9.441940784454346
c294766d-4a58-496f-b00e-665dc626bdea,Schulstraße 6,2025-07-06 13:00:00+02:00,13.499072869618734
c294766d-4a58-496f-b00e-665dc626bdea,Schulstraße 6,2025-07-06 14:00:00+02:00,4.986822525660197
c294766d-4a58-496f-b00e-665dc626bdea,Schulstraße 6,2025-07-06 15:00:00+02:00,8.780915975570679
c294766d-4a58-496f-b00e-665dc626bdea,Schulstraße 6,2025-07-06 16:00:00+02:00,9.149523933728537
c294766d-4a58-496f-b00e-665dc626bdea,Schulstraße 6,2025-07-06 17:00:00+02:00,4.449371616045634
c294766d-4a58-496f-b00e-665dc626bdea,Schulstraße 6,2025-07-06 18:00:00+02:00,3.8674450119336448
c294766d-4a58-496f-b00e-665dc626bdea,Schulstraße 6,2025-07-06 19:00:00+02:00,4.437531769275665
c294766d-4a58-496f-b00e-665dc626bdea,Schulstraße 6,2025-07-06 20:00:00+02:00,1.3152862787246704
c294766d-4a58-496f-b00e-665dc626bdea,Schulstraße 6,2025-07-06 21:00:00+02:00,1.5875786940256755
c294766d-4a58-496f-b00e-665dc626bdea,Schulstraße 6,2025-07-06 22:00:00+02:00,2.751561820507048
c294766d-4a58-496f-b00e-665dc626bdea,Schulstraße 6,2025-07-06 23:00:00+02:00,0.8459689617156982
c294766d-4a58-496f-b00e-665dc626bdea,Schulstraße 6,2025-07-07 00:00:00+02:00,0.7722722490628561
c294766d-4a58-496f-b00e-665dc626bdea,Schulstraße 6,2025-07-07 01:00:00+02:00,3.7650409936904907
c294766d-4a58-496f-b00e-665dc626bdea,Schulstraße 6,2025-07-07 02:00:00+02:00,1.6722944974899292
c294766d-4a58-496f-b00e-665dc626bdea,Schulstraße 6,2025-07-07 03:00:00+02:00,0.8827671408653259
c294766d-4a58-496f-b00e-665dc626bdea,Schulstraße 6,2025-07-07 04:00:00+02:00,1.0288376212120056
c294766d-4a58-496f-b00e-665dc626bdea,Schulstraße 6,2025-07-07 05:00:00+02:00,1.9566604495048523
c294766d-4a58-496f-b00e-665dc626bdea,Schulstraße 6,2025-07-07 06:00:00+02:00,1.9743276635805767
c294766d-4a58-496f-b00e-665dc626bdea,Schulstraße 6,2025-07-07 07:00:00+02:00,8.28625092903773
c294766d-4a58-496f-b00e-665dc626bdea,Schulstraße 6,2025-07-07 08:00:00+02:00,6.332574129104614
c294766d-4a58-496f-b00e-665dc626bdea,Schulstraße 6,2025-07-07 09:00:00+02:00,5.555189847946167
c294766d-4a58-496f-b00e-665dc626bdea,Schulstraße 6,2025-07-07 10:00:00+02:00,10.70231548945109
c294766d-4a58-496f-b00e-665dc626bdea,Schulstraße 6,2025-07-07 11:00:00+02:00,2.8826045989990234
c294766d-4a58-496f-b00e-665dc626bdea,Schulstraße 6,2025-07-07 12:00:00+02:00,1.9653864701588948
c294766d-4a58-496f-b00e-665dc626bdea,Schulstraße 6,2025-07-07 13:00:00+02:00,17.687613169352215
c294766d-4a58-496f-b00e-665dc626bdea,Schulstraße 6,2025-07-07 14:00:00+02:00,2.8364978631337485
c294766d-4a58-496f-b00e-665dc626bdea,Schulstraße 6,2025-07-07 15:00:00+02:00,5.895515600840251
c294766d-4a58-496f-b00e-665dc626bdea,Schulstraße 6,2025-07-07 16:00:00+02:00,13.492928822835287
c294766d-4a58-496f-b00e-665dc626bdea,Schulstraße 6,2025-07-07 17:00:00+02:00,1.483325441678365
c294766d-4a58-496f-b00e-665dc626bdea,Schulstraße 6,2025-07-07 18:00:00+02:00,2.2158159812291465
c294766d-4a58-496f-b00e-665dc626bdea,Schulstraße 6,2025-07-07 19:00:00+02:00,3.235614597797394
c294766d-4a58-496f-b00e-665dc626bdea,Schulstraße 6,2025-07-07 20:00:00+02:00,1.2742109696070354
c294766d-4a58-496f-b00e-665dc626bdea,Schulstraße 6,2025-07-07 21:00:00+02:00,1.1680882374445594
c294766d-4a58-496f-b00e-665dc626bdea,Schulstraße 6,2025-07-07 22:00:00+02:00,2.771974186102549
c294766d-4a58-496f-b00e-665dc626bdea,Schulstraße 6,2025-07-07 23:00:00+02:00,4.083830018838245
c294766d-4a58-496f-b00e-665dc626bdea,Schulstraße 6,2025-07-08 00:00:00+02:00,7.466338396072388
c294766d-4a58-496f-b00e-665dc626bdea,Schulstraße 6,2025-07-08 01:00:00+02:00,0.8850344022115072
c294766d-4a58-496f-b00e-665dc626bdea,Schulstraße 6,2025-07-08 02:00:00+02:00,1.0096322695414226
c294766d-4a58-496f-b00e-665dc626bdea,Schulstraße 6,2025-07-08 03:00:00+02:00,0.6371192534764608
c294766d-4a58-496f-b00e-665dc626bdea,Schulstraße 6,2025-07-08 04:00:00+02:00,2.400056223074595
c294766d-4a58-496f-b00e-665dc626bdea,Schulstraße 6,2025-07-08 05:00:00+02:00,2.211171587308248
c294766d-4a58-496f-b00e-665dc626bdea,Schulstraße 6,2025-07-08 06:00:00+02:00,4.835291822751363
c294766d-4a58-496f-b00e-665dc626bdea,Schulstraße 6,2025-07-08 07:00:00+02:00,4.919829964637756
c294766d-4a58-496f-b00e-665dc626bdea,Schulstraße 6,2025-07-08 08:00:00+02:00,3.1013071139653525
c294766d-4a58-496f-b00e-665dc626bdea,Schulstraße 6,2025-07-08 09:00:00+02:00,4.77793820699056
c294766d-4a58-496f-b00e-665dc626bdea,Schulstraße 6,2025-07-08 10:00:00+02:00,2.3727320035298667
c294766d-4a58-496f-b00e-665dc626bdea,Schulstraße 6,2025-07-08 11:00:00+02:00,0.4227596124013265
c294766d-4a58-496f-b00e-665dc626bdea,Schulstraße 6,2025-07-08 12:00:00+02:00,24.910361846288044
c294766d-4a58-496f-b00e-665dc626bdea,Schulstraße 6,2025-07-08 13:00:00+02:00,10.444356679916382
c294766d-4a58-496f-b00e-665dc626bdea,Schulstraße 6,2025-07-08 14:00:00+02:00,5.22192120552063
c294766d-4a58-496f-b00e-665dc626bdea,Schulstraße 6,2025-07-08 15:00:00+02:00,9.130037307739258
c294766d-4a58-496f-b00e-665dc626bdea,Schulstraße 6,2025-07-08 16:00:00+02:00,2.7781620820363364
c294766d-4a58-496f-b00e-665dc626bdea,Schulstraße 6,2025-07-08 17:00:00+02:00,4.592782616615295
c294766d-4a58-496f-b00e-665dc626bdea,Schulstraße 6,2025-07-08 18:00:00+02:00,5.34718672434489
c294766d-4a58-496f-b00e-665dc626bdea,Schulstraße 6,2025-07-08 19:00:00+02:00,4.510503967603047
c294766d-4a58-496f-b00e-665dc626bdea,Schulstraße 6,2025-07-08 20:00:00+02:00,4.265358726183574
c294766d-4a58-496f-b00e-665dc626bdea,Schulstraße 6,2025-07-08 21:00:00+02:00,2.3848640521367392
c294766d-4a58-496f-b00e-665dc626bdea,Schulstraße 6,2025-07-08 22:00:00+02:00,3.9998629887898747
c294766d-4a58-496f-b00e-665dc626bdea,Schulstraße 6,2025-07-08 23:00:00+02:00,0.9959095120430002
c294766d-4a58-496f-b00e-665dc626bdea,Schulstraße 6,2025-07-09 00:00:00+02:00,5.641339858373006
c294766d-4a58-496f-b00e-665dc626bdea,Schulstraße 6,2025-07-09 01:00:00+02:00,1.0774715741475422
c294766d-4a58-496f-b00e-665dc626bdea,Schulstraße 6,2025-07-09 02:00:00+02:00,1.0864256620407104
c294766d-4a58-496f-b00e-665dc626bdea,Schulstraße 6,2025-07-09 03:00:00+02:00,0.45230509837468463
c294766d-4a58-496f-b00e-665dc626bdea,Schulstraße 6,2025-07-09 04:00:00+02:00,1.8062769770622253
c294766d-4a58-496f-b00e-665dc626bdea,Schulstraße 6,2025-07-09 05:00:00+02:00,2.6512009700139365
c294766d-4a58-496f-b00e-665dc626bdea,Schulstraße 6,2025-07-09 06:00:00+02:00,3.097216626008352
c294766d-4a58-496f-b00e-665dc626bdea,Schulstraße 6,2025-07-09 07:00:00+02:00,8.807918469111124
c294766d-4a58-496f-b00e-665dc626bdea,Schulstraße 6,2025-07-09 08:00:00+02:00,12.720004002253214
c294766d-4a58-496f-b00e-665dc626bdea,Schulstraße 6,2025-07-09 09:00:00+02:00,1.1686192353566487
c294766d-4a58-496f-b00e-665dc626bdea,Schulstraße 6,2025-07-09 10:00:00+02:00,2.6877549489339194
c294766d-4a58-496f-b00e-665dc626bdea,Schulstraße 6,2025-07-09 11:00:00+02:00,20.298547188440953
c294766d-4a58-496f-b00e-665dc626bdea,Schulstraße 6,2025-07-09 12:00:00+02:00,10.467493613560995
c294766d-4a58-496f-b00e-665dc626bdea,Schulstraße 6,2025-07-09 13:00:00+02:00,5.064305702845256
c294766d-4a58-496f-b00e-665dc626bdea,Schulstraße 6,2025-07-09 14:00:00+02:00,0.6097703377405802
c294766d-4a58-496f-b00e-665dc626bdea,Schulstraße 6,2025-07-09 15:00:00+02:00,6.052980899810791
c294766d-4a58-496f-b00e-665dc626bdea,Schulstraße 6,2025-07-09 16:00:00+02:00,2.752182722091675
c294766d-4a58-496f-b00e-665dc626bdea,Schulstraße 6,2025-07-09 17:00:00+02:00,3.75410528977712
c294766d-4a58-496f-b00e-665dc626bdea,Schulstraße 6,2025-07-09 18:00:00+02:00,4.241013725598653
c294766d-4a58-496f-b00e-665dc626bdea,Schulstraße 6,2025-07-09 19:00:00+02:00,6.691856424013774
c294766d-4a58-496f-b00e-665dc626bdea,Schulstraße 6,2025-07-09 20:00:00+02:00,1.0042669773101807
c294766d-4a58-496f-b00e-665dc626bdea,Schulstraße 6,2025-07-09 21:00:00+02:00,1.3971036275227855
c294766d-4a58-496f-b00e-665dc626bdea,Schulstraße 6,2025-07-09 22:00:00+02:00,1.99625430504481
c294766d-4a58-496f-b00e-665dc626bdea,Schulstraße 6,2025-07-09 23:00:00+02:00,2.09174120426178
c294766d-4a58-496f-b00e-665dc626bdea,Schulstraße 6,2025-07-10 00:00:00+02:00,3.4244545896848044
c294766d-4a58-496f-b00e-665dc626bdea,Schulstraße 6,2025-07-10 01:00:00+02:00,0.592339038848877
c294766d-4a58-496f-b00e-665dc626bdea,Schulstraße 6,2025-07-10 02:00:00+02:00,3.4621420105298344
c294766d-4a58-496f-b00e-665dc626bdea,Schulstraße 6,2025-07-10 03:00:00+02:00,0.7007407943407694
c294766d-4a58-496f-b00e-665dc626bdea,Schulstraße 6,2025-07-10 04:00:00+02:00,2.801605741182963
c294766d-4a58-496f-b00e-665dc626bdea,Schulstraße 6,2025-07-10 05:00:00+02:00,3.281859815120697
c294766d-4a58-496f-b00e-665dc626bdea,Schulstraße 6,2025-07-10 06:00:00+02:00,3.362774550914763
c294766d-4a58-496f-b00e-665dc626bdea,Schulstraße 6,2025-07-10 07:00:00+02:00,3.9296311140060425
c294766d-4a58-496f-b00e-665dc626bdea,Schulstraße 6,2025-07-10 08:00:00+02:00,1.3505497773488362
c294766d-4a58-496f-b00e-665dc626bdea,Schulstraße 6,2025-07-10 09:00:00+02:00,1.1815441449483235
c294766d-4a58-496f-b00e-665dc626bdea,Schulstraße 6,2025-07-10 10:00:00+02:00,8.855538209279379
c294766d-4a58-496f-b00e-665dc626bdea,Schulstraße 6,2025-07-10 11:00:00+02:00,0.619232972462972
c294766d-4a58-496f-b00e-665dc626bdea,Schulstraße 6,2025-07-10 12:00:00+02:00,4.0475685596466064
c294766d-4a58-496f-b00e-665dc626bdea,Schulstraße 6,2025-07-10 13:00:00+02:00,3.028352896372477
c294766d-4a58-496f-b00e-665dc626bdea,Schulstraße 6,2025-07-10 14:00:00+02:00,5.612421989440918
c294766d-4a58-496f-b00e-665dc626bdea,Schulstraße 6,2025-07-10 15:00:00+02:00,0.5587421258290609
c294766d-4a58-496f-b00e-665dc626bdea,Schulstraße 6,2025-07-10 16:00:00+02:00,4.96920371055603
c294766d-4a58-496f-b00e-665dc626bdea,Schulstraße 6,2025-07-10 17:00:00+02:00,3.4129326343536377
c294766d-4a58-496f-b00e-665dc626bdea,Schulstraße 6,2025-07-10 18:00:00+02:00,4.607191960016887
c294766d-4a58-496f-b00e-665dc626bdea,Schulstraße 6,2025-07-10 19:00:00+02:00,5.38618544737498
c294766d-4a58-496f-b00e-665dc626bdea,Schulstraße 6,2025-07-10 20:00:00+02:00,0.9983480374018351
c294766d-4a58-496f-b00e-665dc626bdea,Schulstraße 6,2025-07-10 21:00:00+02:00,2.5592113931973763
c294766d-4a58-496f-b00e-665dc626bdea,Schulstraße 6,2025-07-10 22:00:00+02:00,1.7465726733207703
c294766d-4a58-496f-b00e-665dc626bdea,Schulstraße 6,2025-07-10 23:00:00+02:00,3.562854806582131
c294766d-4a58-496f-b00e-665dc626bdea,Schulstraße 6,2025-07-11 00:00:00+02:00,7.109421710173289
c294766d-4a58-496f-b00e-665dc626bdea,Schulstraße 6,2025-07-11 01:00:00+02:00,3.3573367993036904
c294766d-4a58-496f-b00e-665dc626bdea,Schulstraße 6,2025-07-11 02:00:00+02:00,3.726142923037209
c294766d-4a58-496f-b00e-665dc626bdea,Schulstraße 6,2025-07-11 03:00:00+02:00,2.1569087505340576
c294766d-4a58-496f-b00e-665dc626bdea,Schulstraße 6,2025-07-11 04:00:00+02:00,2.0323465863863626
c294766d-4a58-496f-b00e-665dc626bdea,Schulstraße 6,2025-07-11 05:00:00+02:00,3.4650394121805825
c294766d-4a58-496f-b00e-665dc626bdea,Schulstraße 6,2025-07-11 06:00:00+02:00,1.3638663093249004
c294766d-4a58-496f-b00e-665dc626bdea,Schulstraße 6,2025-07-11 07:00:00+02:00,5.183917045593262
c294766d-4a58-496f-b00e-665dc626bdea,Schulstraße 6,2025-07-11 08:00:00+02:00,5.883201162020366
c294766d-4a58-496f-b00e-665dc626bdea,Schulstraße 6,2025-07-11 09:00:00+02:00,2.1325809160868325
c294766d-4a58-496f-b00e-665dc626bdea,Schulstraße 6,2025-07-11 10:00:00+02:00,14.02845088640848
c294766d-4a58-496f-b00e-665dc626bdea,Schulstraße 6,2025-07-11 11:00:00+02:00,16.840392112731934
c294766d-4a58-496f-b00e-665dc626bdea,Schulstraße 6,2025-07-11 12:00:00+02:00,5.815727233886719
c294766d-4a58-496f-b00e-665dc626bdea,Schulstraße 6,2025-07-11 13:00:00+02:00,1.033547004063924
c294766d-4a58-496f-b00e-665dc626bdea,Schulstraße 6,2025-07-11 14:00:00+02:00,4.475309054056804
c294766d-4a58-496f-b00e-665dc626bdea,Schulstraße 6,2025-07-11 15:00:00+02:00,8.577682336171469
c294766d-4a58-496f-b00e-665dc626bdea,Schulstraße 6,2025-07-11 16:00:00+02:00,14.616748412450155
c294766d-4a58-496f-b00e-665dc626bdea,Schulstraße 6,2025-07-11 17:00:00+02:00,8.545163631439209
c294766d-4a58-496f-b00e-665dc626bdea,Schulstraße 6,2025-07-11 18:00:00+02:00,2.9038301706314087
c294766d-4a58-496f-b00e-665dc626bdea,Schulstraße 6,2025-07-11 19:00:00+02:00,1.4910104274749756
c294766d-4a58-496f-b00e-665dc626bdea,Schulstraße 6,2025-07-11 20:00:00+02:00,6.478564421335856
c294766d-4a58-496f-b00e-665dc626bdea,Schulstraße 6,2025-07-11 21:00:00+02:00,6.728452384471893
c294766d-4a58-496f-b00e-665dc626bdea,Schulstraße 6,2025-07-11 22:00:00+02:00,1.8758612672487887
c294766d-4a58-496f-b00e-665dc626bdea,Schulstraße 6,2025-07-11 23:00:00+02:00,4.611535211404163
c294766d-4a58-496f-b00e-665dc626bdea,Schulstraße 6,2025-07-12 00:00:00+02:00,7.273681640625
c294766d-4a58-496f-b00e-665dc626bdea,Schulstraße 6,2025-07-12 01:00:00+02:00,0.34525394439697266
c294766d-4a58-496f-b00e-665dc626bdea,Schulstraße 6,2025-07-12 02:00:00+02:00,5.165589729944865
c294766d-4a58-496f-b00e-665dc626bdea,Schulstraße 6,2025-07-12 03:00:00+02:00,2.2604105472564697
c294766d-4a58-496f-b00e-665dc626bdea,Schulstraße 6,2025-07-12 04:00:00+02:00,1.8939284483591716
c294766d-4a58-496f-b00e-665dc626bdea,Schulstraße 6,2025-07-12 05:00:00+02:00,1.4534451166788738
c294766d-4a58-496f-b00e-665dc626bdea,Schulstraße 6,2025-07-12 06:00:00+02:00,3.230336288611094
c294766d-4a58-496f-b00e-665dc626bdea,Schulstraße 6,2025-07-12 07:00:00+02:00,0.8366214235623678
c294766d-4a58-496f-b00e-665dc626bdea,Schulstraße 6,2025-07-12 08:00:00+02:00,2.334748605887095
c294766d-4a58-496f-b00e-665dc626bdea,Schulstraße 6,2025-07-12 09:00:00+02:00,3.7098543643951416
c294766d-4a58-496f-b00e-665dc626bdea,Schulstraße 6,2025-07-12 10:00:00+02:00,19.288774251937866
c294766d-4a58-496f-b00e-665dc626bdea,Schulstraße 6,2025-07-12 11:00:00+02:00,8.29353666305542
c294766d-4a58-496f-b00e-665dc626bdea,Schulstraße 6,2025-07-12 12:00:00+02:00,2.00351889928182
c294766d-4a58-496f-b00e-665dc626bdea,Schulstraße 6,2025-07-12 13:00:00+02:00,5.012178341547648
c294766d-4a58-496f-b00e-665dc626bdea,Schulstraße 6,2025-07-12 14:00:00+02:00,3.2435871760050454
c294766d-4a58-496f-b00e-665dc626bdea,Schulstraße 6,2025-07-12 15:00:00+02:00,2.878587245941162
c294766d-4a58-496f-b00e-665dc626bdea,Schulstraße 6,2025-07-12 16:00:00+02:00,4.764200051625569
c294766d-4a58-496f-b00e-665dc626bdea,Schulstraße 6,2025-07-12 17:00:00+02:00,2.0947689215342202
c294766d-4a58-496f-b00e-665dc626bdea,Schulstraße 6,2025-07-12 18:00:00+02:00,7.477648774782817
c294766d-4a58-496f-b00e-665dc626bdea,Schulstraße 6,2025-07-12 19:00:00+02:00,4.377957820892334
c294766d-4a58-496f-b00e-665dc626bdea,Schulstraße 6,2025-07-12 20:00:00+02:00,4.642535090446471
c294766d-4a58-496f-b00e-665dc626bdea,Schulstraße 6,2025-07-12 21:00:00+02:00,4.976336220900218
c294766d-4a58-496f-b00e-665dc626bdea,Schulstraße 6,2025-07-12 22:00:00+02:00,1.296207586924235
c294766d-4a58-496f-b00e-665dc626bdea,Schulstraße 6,2025-07-12 23:00:00+02:00,4.465589503447212
c294766d-4a58-496f-b00e-665dc626bdea,Schulstraße 6,2025-07-13 00:00:00+02:00,12.094366272290548
c294766d-4a58-496f-b00e-665dc626bdea,Schulstraße 6,2025-07-13 01:00:00+02:00,1.6619419058163967
c294766d-4a58-496f-b00e-665dc626bdea,Schulstraße 6,2025-07-13 02:00:00+02:00,1.0263768434524536
c294766d-4a58-496f-b00e-665dc626bdea,Schulstraße 6,2025-07-13 03:00:00+02:00,2.8028870043547243
c294766d-4a58-496f-b00e-665dc626bdea,Schulstraße 6,2025-07-13 04:00:00+02:00,1.394292571327903
c294766d-4a58-496f-b00e-665dc626bdea,Schulstraße 6,2025-07-13 05:00:00+02:00,1.4330876214163644
c294766d-4a58-496f-b00e-665dc626bdea,Schulstraße 6,2025-07-13 06:00:00+02:00,2.8699776887893664
c294766d-4a58-496f-b00e-665dc626bdea,Schulstraße 6,2025-07-13 07:00:00+02:00,5.585843788950065
c294766d-4a58-496f-b00e-665dc626bdea,Schulstraße 6,2025-07-13 08:00:00+02:00,4.3292939398023815
c294766d-4a58-496f-b00e-665dc626bdea,Schulstraße 6,2025-07-13 09:00:00+02:00,3.114488152896657
c294766d-4a58-496f-b00e-665dc626bdea,Schulstraße 6,2025-07-13 10:00:00+02:00,7.553736865520477
c294766d-4a58-496f-b00e-665dc626bdea,Schulstraße 6,2025-07-13 11:00:00+02:00,14.311592356363933
c294766d-4a58-496f-b00e-665dc626bdea,Schulstraße 6,2025-07-13 12:00:00+02:00,10.144577026367188
c294766d-4a58-496f-b00e-665dc626bdea,Schulstraße 6,2025-07-13 13:00:00+02:00,13.827961408174955
c294766d-4a58-496f-b00e-665dc626bdea,Schulstraße 6,2025-07-13 14:00:00+02:00,4.848077774047852
c294766d-4a58-496f-b00e-665dc626bdea,Schulstraße 6,2025-07-13 15:00:00+02:00,8.679209622469815
c294766d-4a58-496f-b00e-665dc626bdea,Schulstraße 6,2025-07-13 16:00:00+02:00,8.938346672058106
c294766d-4a58-496f-b00e-665dc626bdea,Schulstraße 6,2025-07-13 17:00:00+02:00,4.108810636732313
c294766d-4a58-496f-b00e-665dc626bdea,Schulstraße 6,2025-07-13 18:00:00+02:00,3.4611061215400696
c294766d-4a58-496f-b00e-665dc626bdea,Schulstraße 6,2025-07-13 19:00:00+02:00,3.8286986351013184
c294766d-4a58-496f-b00e-665dc626bdea,Schulstraße 6,2025-07-13 20:00:00+02:00,0.7470614910125732
c294766d-4a58-496f-b00e-665dc626bdea,Schulstraße 6,2025-07-13 21:00:00+02:00,0.5264554977416992
c294766d-4a58-496f-b00e-665dc626bdea,Schulstraße 6,2025-07-13 22:00:00+02:00,1.781791687011717
c294766d-4a58-496f-b00e-665dc626bdea,Schulstraße 6,2025-07-13 23:00:00+02:00,1.512954394022622
c294766d-4a58-496f-b00e-665dc626bdea,Schulstraße 6,2025-07-14 00:00:00+02:00,0.6391086578369141
c294766d-4a58-496f-b00e-665dc626bdea,Schulstraße 6,2025-07-14 01:00:00+02:00,4.830142021179199
cca912bc-7296-42fe-a37c-6f19b2840556,Friedrichstraße 11,2025-06-30 03:00:00+02:00,5.090511322021481
cca912bc-7296-42fe-a37c-6f19b2840556,Friedrichstraße 11,2025-06-30 04:00:00+02:00,4.470462799072262
cca912bc-7296-42fe-a37c-6f19b2840556,Friedrichstraße 11,2025-06-30 05:00:00+02:00,1.8586918512980144
cca912bc-7296-42fe-a37c-6f19b2840556,Friedrichstraße 11,2025-06-30 06:00:00+02:00,8.262443542480469
cca912bc-7296-42fe-a37c-6f19b2840556,Friedrichstraße 11,2025-06-30 07:00:00+02:00,11.402923202514648
cca912bc-7296-42fe-a37c-6f19b2840556,Friedrichstraße 11,2025-06-30 08:00:00+02:00,2.773127555847168
cca912bc-7296-42fe-a37c-6f19b2840556,Friedrichstraße 11,2025-06-30 09:00:00+02:00,1.2788235800606864
cca912bc-7296-42fe-a37c-6f19b2840556,Friedrichstraße 11,2025-06-30 10:00:00+02:00,5.308538436889648
cca912bc-7296-42fe-a37c-6f19b2840556,Friedrichstraße 11,2025-06-30 11:00:00+02:00,19.13231701321072
cca912bc-7296-42fe-a37c-6f19b2840556,Friedrichstraße 11,2025-06-30 12:00:00+02:00,19.999534606933594
cca912bc-7296-42fe-a37c-6f19b2840556,Friedrichstraße 11,2025-06-30 13:00:00+02:00,1.7563337846235796
cca912bc-7296-42fe-a37c-6f19b2840556,Friedrichstraße 11,2025-06-30 14:00:00+02:00,19.25332196553548
cca912bc-7296-42fe-a37c-6f19b2840556,Friedrichstraße 11,2025-06-30 15:00:00+02:00,1.4014773735633264
cca912bc-7296-42fe-a37c-6f19b2840556,Friedrichstraße 11,2025-06-30 16:00:00+02:00,1.8100417000906808
cca912bc-7296-42fe-a37c-6f19b2840556,Friedrichstraße 11,2025-06-30 17:00:00+02:00,5.808078130086263
cca912bc-7296-42fe-a37c-6f19b2840556,Friedrichstraße 11,2025-06-30 18:00:00+02:00,7.792481064796448
cca912bc-7296-42fe-a37c-6f19b2840556,Friedrichstraße 11,2025-06-30 19:00:00+02:00,30.99274455799776
cca912bc-7296-42fe-a37c-6f19b2840556,Friedrichstraße 11,2025-06-30 20:00:00+02:00,2.598516093360053
cca912bc-7296-42fe-a37c-6f19b2840556,Friedrichstraße 11,2025-06-30 21:00:00+02:00,2.0217209364238538
cca912bc-7296-42fe-a37c-6f19b2840556,Friedrichstraße 11,2025-06-30 22:00:00+02:00,2.0560497760772707
cca912bc-7296-42fe-a37c-6f19b2840556,Friedrichstraße 11,2025-06-30 23:00:00+02:00,6.912831578935893
cca912bc-7296-42fe-a37c-6f19b2840556,Friedrichstraße 11,2025-07-01 00:00:00+02:00,14.058555082841353
cca912bc-7296-42fe-a37c-6f19b2840556,Friedrichstraße 11,2025-07-01 01:00:00+02:00,6.200881792151409
cca912bc-7296-42fe-a37c-6f19b2840556,Friedrichstraße 11,2025-07-01 02:00:00+02:00,8.896069129308065
cca912bc-7296-42fe-a37c-6f19b2840556,Friedrichstraße 11,2025-07-01 03:00:00+02:00,5.305210947990414
cca912bc-7296-42fe-a37c-6f19b2840556,Friedrichstraße 11,2025-07-01 04:00:00+02:00,9.81364317735036
cca912bc-7296-42fe-a37c-6f19b2840556,Friedrichstraße 11,2025-07-01 05:00:00+02:00,6.659456531206767
cca912bc-7296-42fe-a37c-6f19b2840556,Friedrichstraße 11,2025-07-01 06:00:00+02:00,2.6409574349721274
cca912bc-7296-42fe-a37c-6f19b2840556,Friedrichstraße 11,2025-07-01 07:00:00+02:00,18.878459612528484
cca912bc-7296-42fe-a37c-6f19b2840556,Friedrichstraße 11,2025-07-01 08:00:00+02:00,15.810261090596518
cca912bc-7296-42fe-a37c-6f19b2840556,Friedrichstraße 11,2025-07-01 09:00:00+02:00,8.629801273345947
cca912bc-7296-42fe-a37c-6f19b2840556,Friedrichstraße 11,2025-07-01 10:00:00+02:00,6.89868688583374
cca912bc-7296-42fe-a37c-6f19b2840556,Friedrichstraße 11,2025-07-01 11:00:00+02:00,1.745699405670166
cca912bc-7296-42fe-a37c-6f19b2840556,Friedrichstraße 11,2025-07-01 12:00:00+02:00,8.64181629816691
cca912bc-7296-42fe-a37c-6f19b2840556,Friedrichstraße 11,2025-07-01 13:00:00+02:00,5.617180347442627
cca912bc-7296-42fe-a37c-6f19b2840556,Friedrichstraße 11,2025-07-01 14:00:00+02:00,8.585555712381998
cca912bc-7296-42fe-a37c-6f19b2840556,Friedrichstraße 11,2025-07-01 15:00:00+02:00,4.940091451009114
cca912bc-7296-42fe-a37c-6f19b2840556,Friedrichstraße 11,2025-07-01 16:00:00+02:00,9.795090119043985
cca912bc-7296-42fe-a37c-6f19b2840556,Friedrichstraße 11,2025-07-01 17:00:00+02:00,11.9489795366923
cca912bc-7296-42fe-a37c-6f19b2840556,Friedrichstraße 11,2025-07-01 18:00:00+02:00,17.69773268699646
cca912bc-7296-42fe-a37c-6f19b2840556,Friedrichstraße 11,2025-07-01 19:00:00+02:00,14.13320279121399
cca912bc-7296-42fe-a37c-6f19b2840556,Friedrichstraße 11,2025-07-01 20:00:00+02:00,7.990903933842977
cca912bc-7296-42fe-a37c-6f19b2840556,Friedrichstraße 11,2025-07-01 21:00:00+02:00,9.512057741483053
cca912bc-7296-42fe-a37c-6f19b2840556,Friedrichstraße 11,2025-07-01 22:00:00+02:00,2.883083383242289
cca912bc-7296-42fe-a37c-6f19b2840556,Friedrichstraße 11,2025-07-01 23:00:00+02:00,10.06417361895243
cca912bc-7296-42fe-a37c-6f19b2840556,Friedrichstraße 11,2025-07-02 00:00:00+02:00,13.153623898824057
cca912bc-7296-42fe-a37c-6f19b2840556,Friedrichstraße 11,2025-07-02 01:00:00+02:00,7.170224825541179
cca912bc-7296-42fe-a37c-6f19b2840556,Friedrichstraße 11,2025-07-02 02:00:00+02:00,8.139473001162207
cca912bc-7296-42fe-a37c-6f19b2840556,Friedrichstraße 11,2025-07-02 03:00:00+02:00,6.961824258168538
cca912bc-7296-42fe-a37c-6f19b2840556,Friedrichstraße 11,2025-07-02 04:00:00+02:00,5.77476425965627
cca912bc-7296-42fe-a37c-6f19b2840556,Friedrichstraße 11,2025-07-02 05:00:00+02:00,10.664120237032568
cca912bc-7296-42fe-a37c-6f19b2840556,Friedrichstraße 11,2025-07-02 06:00:00+02:00,1.8468467791875203
cca912bc-7296-42fe-a37c-6f19b2840556,Friedrichstraße 11,2025-07-02 07:00:00+02:00,5.9917740027109785
cca912bc-7296-42fe-a37c-6f19b2840556,Friedrichstraße 11,2025-07-02 08:00:00+02:00,15.931936979293823
cca912bc-7296-42fe-a37c-6f19b2840556,Friedrichstraße 11,2025-07-02 09:00:00+02:00,7.230485041936238
cca912bc-7296-42fe-a37c-6f19b2840556,Friedrichstraße 11,2025-07-02 10:00:00+02:00,3.269022544225057
cca912bc-7296-42fe-a37c-6f19b2840556,Friedrichstraße 11,2025-07-02 11:00:00+02:00,1.7732224464416504
cca912bc-7296-42fe-a37c-6f19b2840556,Friedrichstraße 11,2025-07-02 12:00:00+02:00,5.119381904602051
cca912bc-7296-42fe-a37c-6f19b2840556,Friedrichstraße 11,2025-07-02 13:00:00+02:00,10.19521427154541
cca912bc-7296-42fe-a37c-6f19b2840556,Friedrichstraße 11,2025-07-02 14:00:00+02:00,17.2929904460907
cca912bc-7296-42fe-a37c-6f19b2840556,Friedrichstraße 11,2025-07-02 15:00:00+02:00,18.324515342712402
cca912bc-7296-42fe-a37c-6f19b2840556,Friedrichstraße 11,2025-07-02 16:00:00+02:00,1.4215425650278728
cca912bc-7296-42fe-a37c-6f19b2840556,Friedrichstraße 11,2025-07-02 17:00:00+02:00,5.594159046808879
cca912bc-7296-42fe-a37c-6f19b2840556,Friedrichstraße 11,2025-07-02 18:00:00+02:00,5.684535662333171
cca912bc-7296-42fe-a37c-6f19b2840556,Friedrichstraße 11,2025-07-02 19:00:00+02:00,6.152800718943278
cca912bc-7296-42fe-a37c-6f19b2840556,Friedrichstraße 11,2025-07-02 20:00:00+02:00,10.44529656569163
cca912bc-7296-42fe-a37c-6f19b2840556,Friedrichstraße 11,2025-07-02 21:00:00+02:00,2.971061110496521
cca912bc-7296-42fe-a37c-6f19b2840556,Friedrichstraße 11,2025-07-02 22:00:00+02:00,3.6202626625696817
cca912bc-7296-42fe-a37c-6f19b2840556,Friedrichstraße 11,2025-07-02 23:00:00+02:00,3.0311136643091836
cca912bc-7296-42fe-a37c-6f19b2840556,Friedrichstraße 11,2025-07-03 00:00:00+02:00,4.122174143791199
cca912bc-7296-42fe-a37c-6f19b2840556,Friedrichstraße 11,2025-07-03 01:00:00+02:00,5.744921207427975
cca912bc-7296-42fe-a37c-6f19b2840556,Friedrichstraße 11,2025-07-03 02:00:00+02:00,8.864837527275082
cca912bc-7296-42fe-a37c-6f19b2840556,Friedrichstraße 11,2025-07-03 03:00:00+02:00,8.608917196591696
cca912bc-7296-42fe-a37c-6f19b2840556,Friedrichstraße 11,2025-07-03 04:00:00+02:00,11.201259334882096
cca912bc-7296-42fe-a37c-6f19b2840556,Friedrichstraße 11,2025-07-03 05:00:00+02:00,8.837578654289246
cca912bc-7296-42fe-a37c-6f19b2840556,Friedrichstraße 11,2025-07-03 06:00:00+02:00,4.4566545486450195
cca912bc-7296-42fe-a37c-6f19b2840556,Friedrichstraße 11,2025-07-03 07:00:00+02:00,14.346869548161825
cca912bc-7296-42fe-a37c-6f19b2840556,Friedrichstraße 11,2025-07-03 08:00:00+02:00,3.1327010790506997
cca912bc-7296-42fe-a37c-6f19b2840556,Friedrichstraße 11,2025-07-03 09:00:00+02:00,2.3957396348317466
cca912bc-7296-42fe-a37c-6f19b2840556,Friedrichstraße 11,2025-07-03 10:00:00+02:00,14.104789733886719
cca912bc-7296-42fe-a37c-6f19b2840556,Friedrichstraße 11,2025-07-03 11:00:00+02:00,6.758487065633138
cca912bc-7296-42fe-a37c-6f19b2840556,Friedrichstraße 11,2025-07-03 12:00:00+02:00,1.0964833895365398
cca912bc-7296-42fe-a37c-6f19b2840556,Friedrichstraße 11,2025-07-03 13:00:00+02:00,2.240649859110514
cca912bc-7296-42fe-a37c-6f19b2840556,Friedrichstraße 11,2025-07-03 14:00:00+02:00,11.379060427347818
cca912bc-7296-42fe-a37c-6f19b2840556,Friedrichstraße 11,2025-07-03 15:00:00+02:00,8.272781054178873
cca912bc-7296-42fe-a37c-6f19b2840556,Friedrichstraße 11,2025-07-03 16:00:00+02:00,1.8585979143778484
cca912bc-7296-42fe-a37c-6f19b2840556,Friedrichstraße 11,2025-07-03 17:00:00+02:00,15.890355348587036
cca912bc-7296-42fe-a37c-6f19b2840556,Friedrichstraße 11,2025-07-03 18:00:00+02:00,6.705358902613322
cca912bc-7296-42fe-a37c-6f19b2840556,Friedrichstraße 11,2025-07-03 19:00:00+02:00,5.257783889770508
cca912bc-7296-42fe-a37c-6f19b2840556,Friedrichstraße 11,2025-07-03 20:00:00+02:00,8.002527872721354
cca912bc-7296-42fe-a37c-6f19b2840556,Friedrichstraße 11,2025-07-03 21:00:00+02:00,6.693062861760457
cca912bc-7296-42fe-a37c-6f19b2840556,Friedrichstraße 11,2025-07-03 22:00:00+02:00,6.720325827598572
cca912bc-7296-42fe-a37c-6f19b2840556,Friedrichstraße 11,2025-07-03 23:00:00+02:00,8.802464365959167
cca912bc-7296-42fe-a37c-6f19b2840556,Friedrichstraße 11,2025-07-04 00:00:00+02:00,4.739754915237427
cca912bc-7296-42fe-a37c-6f19b2840556,Friedrichstraße 11,2025-07-04 01:00:00+02:00,3.28890852133433
cca912bc-7296-42fe-a37c-6f19b2840556,Friedrichstraße 11,2025-07-04 02:00:00+02:00,7.320755481719971
cca912bc-7296-42fe-a37c-6f19b2840556,Friedrichstraße 11,2025-07-04 03:00:00+02:00,9.869863390922541
cca912bc-7296-42fe-a37c-6f19b2840556,Friedrichstraße 11,2025-07-04 04:00:00+02:00,10.162519812583923
cca912bc-7296-42fe-a37c-6f19b2840556,Friedrichstraße 11,2025-07-04 05:00:00+02:00,3.6277182499567666
cca912bc-7296-42fe-a37c-6f19b2840556,Friedrichstraße 11,2025-07-04 06:00:00+02:00,3.873427947362264
cca912bc-7296-42fe-a37c-6f19b2840556,Friedrichstraße 11,2025-07-04 07:00:00+02:00,16.72470812002818
cca912bc-7296-42fe-a37c-6f19b2840556,Friedrichstraße 11,2025-07-04 08:00:00+02:00,6.163265705108643
cca912bc-7296-42fe-a37c-6f19b2840556,Friedrichstraße 11,2025-07-04 09:00:00+02:00,8.571651379267374
cca912bc-7296-42fe-a37c-6f19b2840556,Friedrichstraße 11,2025-07-04 10:00:00+02:00,7.641368389129639
cca912bc-7296-42fe-a37c-6f19b2840556,Friedrichstraße 11,2025-07-04 11:00:00+02:00,21.750027815500896
cca912bc-7296-42fe-a37c-6f19b2840556,Friedrichstraße 11,2025-07-04 12:00:00+02:00,5.631137530008952
cca912bc-7296-42fe-a37c-6f19b2840556,Friedrichstraße 11,2025-07-04 13:00:00+02:00,2.397547403971354
cca912bc-7296-42fe-a37c-6f19b2840556,Friedrichstraße 11,2025-07-04 14:00:00+02:00,9.013038953145346
cca912bc-7296-42fe-a37c-6f19b2840556,Friedrichstraße 11,2025-07-04 15:00:00+02:00,17.578887303670246
cca912bc-7296-42fe-a37c-6f19b2840556,Friedrichstraße 11,2025-07-04 16:00:00+02:00,19.776979446411133
cca912bc-7296-42fe-a37c-6f19b2840556,Friedrichstraße 11,2025-07-04 17:00:00+02:00,19.96922953923543
cca912bc-7296-42fe-a37c-6f19b2840556,Friedrichstraße 11,2025-07-04 18:00:00+02:00,28.394486745198567
cca912bc-7296-42fe-a37c-6f19b2840556,Friedrichstraße 11,2025-07-04 19:00:00+02:00,11.149245103200277
cca912bc-7296-42fe-a37c-6f19b2840556,Friedrichstraße 11,2025-07-04 20:00:00+02:00,10.370218197504679
cca912bc-7296-42fe-a37c-6f19b2840556,Friedrichstraße 11,2025-07-04 21:00:00+02:00,13.845418135325113
cca912bc-7296-42fe-a37c-6f19b2840556,Friedrichstraße 11,2025-07-04 22:00:00+02:00,4.1800369421641035
cca912bc-7296-42fe-a37c-6f19b2840556,Friedrichstraße 11,2025-07-04 23:00:00+02:00,7.431181033452352
cca912bc-7296-42fe-a37c-6f19b2840556,Friedrichstraße 11,2025-07-05 00:00:00+02:00,17.343351006507874
cca912bc-7296-42fe-a37c-6f19b2840556,Friedrichstraße 11,2025-07-05 01:00:00+02:00,2.4333850940068564
cca912bc-7296-42fe-a37c-6f19b2840556,Friedrichstraße 11,2025-07-05 02:00:00+02:00,4.679713169733684
cca912bc-7296-42fe-a37c-6f19b2840556,Friedrichstraße 11,2025-07-05 03:00:00+02:00,6.284851352373756
cca912bc-7296-42fe-a37c-6f19b2840556,Friedrichstraße 11,2025-07-05 04:00:00+02:00,7.2215622663497925
cca912bc-7296-42fe-a37c-6f19b2840556,Friedrichstraße 11,2025-07-05 05:00:00+02:00,4.580623745918274
cca912bc-7296-42fe-a37c-6f19b2840556,Friedrichstraße 11,2025-07-05 06:00:00+02:00,1.82652481396993
cca912bc-7296-42fe-a37c-6f19b2840556,Friedrichstraße 11,2025-07-05 07:00:00+02:00,2.6967849334081015
cca912bc-7296-42fe-a37c-6f19b2840556,Friedrichstraße 11,2025-07-05 08:00:00+02:00,8.036869287490845
cca912bc-7296-42fe-a37c-6f19b2840556,Friedrichstraße 11,2025-07-05 09:00:00+02:00,3.86732546488444
cca912bc-7296-42fe-a37c-6f19b2840556,Friedrichstraße 11,2025-07-05 10:00:00+02:00,30.600070397059124
cca912bc-7296-42fe-a37c-6f19b2840556,Friedrichstraße 11,2025-07-05 11:00:00+02:00,4.688161691029866
cca912bc-7296-42fe-a37c-6f19b2840556,Friedrichstraße 11,2025-07-05 12:00:00+02:00,9.228257656097412
cca912bc-7296-42fe-a37c-6f19b2840556,Friedrichstraße 11,2025-07-05 13:00:00+02:00,23.754021008809406
cca912bc-7296-42fe-a37c-6f19b2840556,Friedrichstraße 11,2025-07-05 14:00:00+02:00,4.029132843017578
cca912bc-7296-42fe-a37c-6f19b2840556,Friedrichstraße 11,2025-07-05 15:00:00+02:00,10.954419612884521
cca912bc-7296-42fe-a37c-6f19b2840556,Friedrichstraße 11,2025-07-05 16:00:00+02:00,5.645353635152181
cca912bc-7296-42fe-a37c-6f19b2840556,Friedrichstraße 11,2025-07-05 17:00:00+02:00,5.090133984883626
cca912bc-7296-42fe-a37c-6f19b2840556,Friedrichstraße 11,2025-07-05 18:00:00+02:00,3.573221445083618
cca912bc-7296-42fe-a37c-6f19b2840556,Friedrichstraße 11,2025-07-05 19:00:00+02:00,6.105363289515178
cca912bc-7296-42fe-a37c-6f19b2840556,Friedrichstraße 11,2025-07-05 20:00:00+02:00,8.646515766779581
cca912bc-7296-42fe-a37c-6f19b2840556,Friedrichstraße 11,2025-07-05 21:00:00+02:00,23.5096142689387
cca912bc-7296-42fe-a37c-6f19b2840556,Friedrichstraße 11,2025-07-05 22:00:00+02:00,4.75700040658315
cca912bc-7296-42fe-a37c-6f19b2840556,Friedrichstraße 11,2025-07-05 23:00:00+02:00,7.785813053448991
cca912bc-7296-42fe-a37c-6f19b2840556,Friedrichstraße 11,2025-07-06 00:00:00+02:00,25.269127527872723
cca912bc-7296-42fe-a37c-6f19b2840556,Friedrichstraße 11,2025-07-06 01:00:00+02:00,2.273698369661967
cca912bc-7296-42fe-a37c-6f19b2840556,Friedrichstraße 11,2025-07-06 02:00:00+02:00,9.361789425214132
cca912bc-7296-42fe-a37c-6f19b2840556,Friedrichstraße 11,2025-07-06 03:00:00+02:00,7.803042093912757
cca912bc-7296-42fe-a37c-6f19b2840556,Friedrichstraße 11,2025-07-06 04:00:00+02:00,5.417917807896932
cca912bc-7296-42fe-a37c-6f19b2840556,Friedrichstraße 11,2025-07-06 05:00:00+02:00,7.545262734095252
cca912bc-7296-42fe-a37c-6f19b2840556,Friedrichstraße 11,2025-07-06 06:00:00+02:00,2.647224505742391
cca912bc-7296-42fe-a37c-6f19b2840556,Friedrichstraße 11,2025-07-06 07:00:00+02:00,10.124826431274414
cca912bc-7296-42fe-a37c-6f19b2840556,Friedrichstraße 11,2025-07-06 08:00:00+02:00,9.38193436463674
cca912bc-7296-42fe-a37c-6f19b2840556,Friedrichstraße 11,2025-07-06 09:00:00+02:00,3.0658227602640786
cca912bc-7296-42fe-a37c-6f19b2840556,Friedrichstraße 11,2025-07-06 10:00:00+02:00,9.621280272801718
cca912bc-7296-42fe-a37c-6f19b2840556,Friedrichstraße 11,2025-07-06 11:00:00+02:00,4.337207794189453
cca912bc-7296-42fe-a37c-6f19b2840556,Friedrichstraße 11,2025-07-06 12:00:00+02:00,3.7234414418538413
cca912bc-7296-42fe-a37c-6f19b2840556,Friedrichstraße 11,2025-07-06 13:00:00+02:00,6.706842104593913
cca912bc-7296-42fe-a37c-6f19b2840556,Friedrichstraße 11,2025-07-06 14:00:00+02:00,4.645699659983317
cca912bc-7296-42fe-a37c-6f19b2840556,Friedrichstraße 11,2025-07-06 15:00:00+02:00,12.467067241668701
cca912bc-7296-42fe-a37c-6f19b2840556,Friedrichstraße 11,2025-07-06 16:00:00+02:00,8.705728530883789
cca912bc-7296-42fe-a37c-6f19b2840556,Friedrichstraße 11,2025-07-06 17:00:00+02:00,4.049077908198039
cca912bc-7296-42fe-a37c-6f19b2840556,Friedrichstraße 11,2025-07-06 18:00:00+02:00,3.5855518182118735
cca912bc-7296-42fe-a37c-6f19b2840556,Friedrichstraße 11,2025-07-06 19:00:00+02:00,6.545909722646077
cca912bc-7296-42fe-a37c-6f19b2840556,Friedrichstraße 11,2025-07-06 20:00:00+02:00,1.6620378096898396
cca912bc-7296-42fe-a37c-6f19b2840556,Friedrichstraße 11,2025-07-06 21:00:00+02:00,4.481918493906657
cca912bc-7296-42fe-a37c-6f19b2840556,Friedrichstraße 11,2025-07-06 22:00:00+02:00,5.110989451408383
cca912bc-7296-42fe-a37c-6f19b2840556,Friedrichstraße 11,2025-07-06 23:00:00+02:00,6.303361415863037
cca912bc-7296-42fe-a37c-6f19b2840556,Friedrichstraße 11,2025-07-07 00:00:00+02:00,7.052777171134945
cca912bc-7296-42fe-a37c-6f19b2840556,Friedrichstraße 11,2025-07-07 01:00:00+02:00,1.3759924173355103
cca912bc-7296-42fe-a37c-6f19b2840556,Friedrichstraße 11,2025-07-07 02:00:00+02:00,3.948643008867896
cca912bc-7296-42fe-a37c-6f19b2840556,Friedrichstraße 11,2025-07-07 03:00:00+02:00,8.273670514424643
cca912bc-7296-42fe-a37c-6f19b2840556,Friedrichstraße 11,2025-07-07 04:00:00+02:00,5.21781504154205
cca912bc-7296-42fe-a37c-6f19b2840556,Friedrichstraße 11,2025-07-07 05:00:00+02:00,7.023477792739865
cca912bc-7296-42fe-a37c-6f19b2840556,Friedrichstraße 11,2025-07-07 06:00:00+02:00,2.1350386142730713
cca912bc-7296-42fe-a37c-6f19b2840556,Friedrichstraße 11,2025-07-07 07:00:00+02:00,2.352917949358622
cca912bc-7296-42fe-a37c-6f19b2840556,Friedrichstraße 11,2025-07-07 08:00:00+02:00,2.0060465335845947
cca912bc-7296-42fe-a37c-6f19b2840556,Friedrichstraße 11,2025-07-07 09:00:00+02:00,5.332398096720378
cca912bc-7296-42fe-a37c-6f19b2840556,Friedrichstraße 11,2025-07-07 10:00:00+02:00,7.674722512563069
cca912bc-7296-42fe-a37c-6f19b2840556,Friedrichstraße 11,2025-07-07 11:00:00+02:00,11.309541861216227
cca912bc-7296-42fe-a37c-6f19b2840556,Friedrichstraße 11,2025-07-07 12:00:00+02:00,6.300268332163493
cca912bc-7296-42fe-a37c-6f19b2840556,Friedrichstraße 11,2025-07-07 13:00:00+02:00,0.8547800381978353
cca912bc-7296-42fe-a37c-6f19b2840556,Friedrichstraße 11,2025-07-07 14:00:00+02:00,3.970427989959717
cca912bc-7296-42fe-a37c-6f19b2840556,Friedrichstraße 11,2025-07-07 15:00:00+02:00,3.2594619592030845
cca912bc-7296-42fe-a37c-6f19b2840556,Friedrichstraße 11,2025-07-07 16:00:00+02:00,5.6143834590911865
cca912bc-7296-42fe-a37c-6f19b2840556,Friedrichstraße 11,2025-07-07 17:00:00+02:00,13.982774098714193
cca912bc-7296-42fe-a37c-6f19b2840556,Friedrichstraße 11,2025-07-07 18:00:00+02:00,10.954674482345581
cca912bc-7296-42fe-a37c-6f19b2840556,Friedrichstraße 11,2025-07-07 19:00:00+02:00,7.782081246376038
cca912bc-7296-42fe-a37c-6f19b2840556,Friedrichstraße 11,2025-07-07 20:00:00+02:00,12.539528171221411
cca912bc-7296-42fe-a37c-6f19b2840556,Friedrichstraße 11,2025-07-07 21:00:00+02:00,5.837896982828776
cca912bc-7296-42fe-a37c-6f19b2840556,Friedrichstraße 11,2025-07-07 22:00:00+02:00,4.998406569163005
cca912bc-7296-42fe-a37c-6f19b2840556,Friedrichstraße 11,2025-07-07 23:00:00+02:00,8.830172657966614
cca912bc-7296-42fe-a37c-6f19b2840556,Friedrichstraße 11,2025-07-08 00:00:00+02:00,2.2581826051076255
cca912bc-7296-42fe-a37c-6f19b2840556,Friedrichstraße 11,2025-07-08 01:00:00+02:00,6.1537324984868365
cca912bc-7296-42fe-a37c-6f19b2840556,Friedrichstraße 11,2025-07-08 02:00:00+02:00,6.863128503163655
cca912bc-7296-42fe-a37c-6f19b2840556,Friedrichstraße 11,2025-07-08 03:00:00+02:00,6.329659144083659
cca912bc-7296-42fe-a37c-6f19b2840556,Friedrichstraße 11,2025-07-08 04:00:00+02:00,4.874727368354797
cca912bc-7296-42fe-a37c-6f19b2840556,Friedrichstraße 11,2025-07-08 05:00:00+02:00,6.767125129699707
cca912bc-7296-42fe-a37c-6f19b2840556,Friedrichstraße 11,2025-07-08 06:00:00+02:00,3.409408926963806
cca912bc-7296-42fe-a37c-6f19b2840556,Friedrichstraße 11,2025-07-08 07:00:00+02:00,6.715368429819743
cca912bc-7296-42fe-a37c-6f19b2840556,Friedrichstraße 11,2025-07-08 08:00:00+02:00,10.421387910842896
cca912bc-7296-42fe-a37c-6f19b2840556,Friedrichstraße 11,2025-07-08 09:00:00+02:00,2.1449543635050454
cca912bc-7296-42fe-a37c-6f19b2840556,Friedrichstraße 11,2025-07-08 10:00:00+02:00,7.186878840128581
cca912bc-7296-42fe-a37c-6f19b2840556,Friedrichstraße 11,2025-07-08 11:00:00+02:00,9.711448828379313
cca912bc-7296-42fe-a37c-6f19b2840556,Friedrichstraße 11,2025-07-08 12:00:00+02:00,5.482738176981608
cca912bc-7296-42fe-a37c-6f19b2840556,Friedrichstraße 11,2025-07-08 13:00:00+02:00,10.118646939595541
cca912bc-7296-42fe-a37c-6f19b2840556,Friedrichstraße 11,2025-07-08 14:00:00+02:00,19.285471439361572
cca912bc-7296-42fe-a37c-6f19b2840556,Friedrichstraße 11,2025-07-08 15:00:00+02:00,1.261398474375407
cca912bc-7296-42fe-a37c-6f19b2840556,Friedrichstraße 11,2025-07-08 16:00:00+02:00,9.510091861089071
cca912bc-7296-42fe-a37c-6f19b2840556,Friedrichstraße 11,2025-07-08 17:00:00+02:00,11.648532549540201
cca912bc-7296-42fe-a37c-6f19b2840556,Friedrichstraße 11,2025-07-08 18:00:00+02:00,17.338301420211792
cca912bc-7296-42fe-a37c-6f19b2840556,Friedrichstraße 11,2025-07-08 19:00:00+02:00,13.699418544769287
cca912bc-7296-42fe-a37c-6f19b2840556,Friedrichstraße 11,2025-07-08 20:00:00+02:00,7.58739447593689
cca912bc-7296-42fe-a37c-6f19b2840556,Friedrichstraße 11,2025-07-08 21:00:00+02:00,9.279138326644897
cca912bc-7296-42fe-a37c-6f19b2840556,Friedrichstraße 11,2025-07-08 22:00:00+02:00,2.9665465354919434
cca912bc-7296-42fe-a37c-6f19b2840556,Friedrichstraße 11,2025-07-08 23:00:00+02:00,10.06257899602254
cca912bc-7296-42fe-a37c-6f19b2840556,Friedrichstraße 11,2025-07-09 00:00:00+02:00,13.209049383799234
cca912bc-7296-42fe-a37c-6f19b2840556,Friedrichstraße 11,2025-07-09 01:00:00+02:00,7.050781051317851
cca912bc-7296-42fe-a37c-6f19b2840556,Friedrichstraße 11,2025-07-09 02:00:00+02:00,7.927508274714149
cca912bc-7296-42fe-a37c-6f19b2840556,Friedrichstraße 11,2025-07-09 03:00:00+02:00,6.6493498881657915
cca912bc-7296-42fe-a37c-6f19b2840556,Friedrichstraße 11,2025-07-09 04:00:00+02:00,5.393430749575297
cca912bc-7296-42fe-a37c-6f19b2840556,Friedrichstraße 11,2025-07-09 05:00:00+02:00,10.289104978243506
cca912bc-7296-42fe-a37c-6f19b2840556,Friedrichstraße 11,2025-07-09 06:00:00+02:00,2.031452735265096
cca912bc-7296-42fe-a37c-6f19b2840556,Friedrichstraße 11,2025-07-09 07:00:00+02:00,5.989146629969279
cca912bc-7296-42fe-a37c-6f19b2840556,Friedrichstraße 11,2025-07-09 08:00:00+02:00,15.695987224578857
cca912bc-7296-42fe-a37c-6f19b2840556,Friedrichstraße 11,2025-07-09 09:00:00+02:00,5.29386846224467
cca912bc-7296-42fe-a37c-6f19b2840556,Friedrichstraße 11,2025-07-09 10:00:00+02:00,3.916459560394287
cca912bc-7296-42fe-a37c-6f19b2840556,Friedrichstraße 11,2025-07-09 11:00:00+02:00,9.161861340204874
cca912bc-7296-42fe-a37c-6f19b2840556,Friedrichstraße 11,2025-07-09 12:00:00+02:00,6.251881281534831
cca912bc-7296-42fe-a37c-6f19b2840556,Friedrichstraße 11,2025-07-09 13:00:00+02:00,12.946585655212402
cca912bc-7296-42fe-a37c-6f19b2840556,Friedrichstraße 11,2025-07-09 14:00:00+02:00,1.2440965970357258
cca912bc-7296-42fe-a37c-6f19b2840556,Friedrichstraße 11,2025-07-09 15:00:00+02:00,19.085901657740276
cca912bc-7296-42fe-a37c-6f19b2840556,Friedrichstraße 11,2025-07-09 16:00:00+02:00,6.072691361109416
cca912bc-7296-42fe-a37c-6f19b2840556,Friedrichstraße 11,2025-07-09 17:00:00+02:00,11.659635543823242
cca912bc-7296-42fe-a37c-6f19b2840556,Friedrichstraße 11,2025-07-09 18:00:00+02:00,8.988568226496378
cca912bc-7296-42fe-a37c-6f19b2840556,Friedrichstraße 11,2025-07-09 19:00:00+02:00,1.9383583863576253
cca912bc-7296-42fe-a37c-6f19b2840556,Friedrichstraße 11,2025-07-09 20:00:00+02:00,6.226543148358663
cca912bc-7296-42fe-a37c-6f19b2840556,Friedrichstraße 11,2025-07-09 21:00:00+02:00,7.2234426736831665
cca912bc-7296-42fe-a37c-6f19b2840556,Friedrichstraße 11,2025-07-09 22:00:00+02:00,3.653740088144938
cca912bc-7296-42fe-a37c-6f19b2840556,Friedrichstraße 11,2025-07-09 23:00:00+02:00,3.007017493247986
cca912bc-7296-42fe-a37c-6f19b2840556,Friedrichstraße 11,2025-07-10 00:00:00+02:00,4.057353337605794
cca912bc-7296-42fe-a37c-6f19b2840556,Friedrichstraße 11,2025-07-10 01:00:00+02:00,5.633974472681678
cca912bc-7296-42fe-a37c-6f19b2840556,Friedrichstraße 11,2025-07-10 02:00:00+02:00,8.693941950798031
cca912bc-7296-42fe-a37c-6f19b2840556,Friedrichstraße 11,2025-07-10 03:00:00+02:00,8.339782079060873
cca912bc-7296-42fe-a37c-6f19b2840556,Friedrichstraße 11,2025-07-10 04:00:00+02:00,10.785199403762812
cca912bc-7296-42fe-a37c-6f19b2840556,Friedrichstraße 11,2025-07-10 05:00:00+02:00,8.227733214696249
cca912bc-7296-42fe-a37c-6f19b2840556,Friedrichstraße 11,2025-07-10 06:00:00+02:00,3.7247204383214316
cca912bc-7296-42fe-a37c-6f19b2840556,Friedrichstraße 11,2025-07-10 07:00:00+02:00,14.977914333343506
cca912bc-7296-42fe-a37c-6f19b2840556,Friedrichstraße 11,2025-07-10 08:00:00+02:00,3.3772236506144204
cca912bc-7296-42fe-a37c-6f19b2840556,Friedrichstraße 11,2025-07-10 09:00:00+02:00,2.2848052183787027
cca912bc-7296-42fe-a37c-6f19b2840556,Friedrichstraße 11,2025-07-10 10:00:00+02:00,13.112143993377686
cca912bc-7296-42fe-a37c-6f19b2840556,Friedrichstraße 11,2025-07-10 11:00:00+02:00,8.418432712554932
cca912bc-7296-42fe-a37c-6f19b2840556,Friedrichstraße 11,2025-07-10 12:00:00+02:00,16.55638837814331
cca912bc-7296-42fe-a37c-6f19b2840556,Friedrichstraße 11,2025-07-10 13:00:00+02:00,2.0596049626668296
cca912bc-7296-42fe-a37c-6f19b2840556,Friedrichstraße 11,2025-07-10 14:00:00+02:00,10.096861203511557
cca912bc-7296-42fe-a37c-6f19b2840556,Friedrichstraße 11,2025-07-10 15:00:00+02:00,8.946918487548828
cca912bc-7296-42fe-a37c-6f19b2840556,Friedrichstraße 11,2025-07-10 16:00:00+02:00,8.428183873494467
cca912bc-7296-42fe-a37c-6f19b2840556,Friedrichstraße 11,2025-07-10 17:00:00+02:00,5.675294955571492
cca912bc-7296-42fe-a37c-6f19b2840556,Friedrichstraße 11,2025-07-10 18:00:00+02:00,16.094159444173176
cca912bc-7296-42fe-a37c-6f19b2840556,Friedrichstraße 11,2025-07-10 19:00:00+02:00,3.9929006894429526
cca912bc-7296-42fe-a37c-6f19b2840556,Friedrichstraße 11,2025-07-10 20:00:00+02:00,2.40031099319458
cca912bc-7296-42fe-a37c-6f19b2840556,Friedrichstraße 11,2025-07-10 21:00:00+02:00,3.8046729962031045
cca912bc-7296-42fe-a37c-6f19b2840556,Friedrichstraße 11,2025-07-10 22:00:00+02:00,5.433665037155151
cca912bc-7296-42fe-a37c-6f19b2840556,Friedrichstraße 11,2025-07-10 23:00:00+02:00,8.205993851025896
cca912bc-7296-42fe-a37c-6f19b2840556,Friedrichstraße 11,2025-07-11 00:00:00+02:00,4.886606852213542
cca912bc-7296-42fe-a37c-6f19b2840556,Friedrichstraße 11,2025-07-11 01:00:00+02:00,4.246097763379415
cca912bc-7296-42fe-a37c-6f19b2840556,Friedrichstraße 11,2025-07-11 02:00:00+02:00,6.147496620814002
cca912bc-7296-42fe-a37c-6f19b2840556,Friedrichstraße 11,2025-07-11 03:00:00+02:00,8.543295701344809
cca912bc-7296-42fe-a37c-6f19b2840556,Friedrichstraße 11,2025-07-11 04:00:00+02:00,6.605999827384949
cca912bc-7296-42fe-a37c-6f19b2840556,Friedrichstraße 11,2025-07-11 05:00:00+02:00,2.8357191483179727
cca912bc-7296-42fe-a37c-6f19b2840556,Friedrichstraße 11,2025-07-11 06:00:00+02:00,2.9858309427897134
cca912bc-7296-42fe-a37c-6f19b2840556,Friedrichstraße 11,2025-07-11 07:00:00+02:00,4.120440443356832
cca912bc-7296-42fe-a37c-6f19b2840556,Friedrichstraße 11,2025-07-11 08:00:00+02:00,5.770827849706014
cca912bc-7296-42fe-a37c-6f19b2840556,Friedrichstraße 11,2025-07-11 09:00:00+02:00,7.074870030085246
cca912bc-7296-42fe-a37c-6f19b2840556,Friedrichstraße 11,2025-07-11 10:00:00+02:00,8.32638422648112
cca912bc-7296-42fe-a37c-6f19b2840556,Friedrichstraße 11,2025-07-11 11:00:00+02:00,21.70038890838623
cca912bc-7296-42fe-a37c-6f19b2840556,Friedrichstraße 11,2025-07-11 12:00:00+02:00,5.194366455078125
cca912bc-7296-42fe-a37c-6f19b2840556,Friedrichstraße 11,2025-07-11 13:00:00+02:00,1.9967797597249348
cca912bc-7296-42fe-a37c-6f19b2840556,Friedrichstraße 11,2025-07-11 14:00:00+02:00,8.616506417592367
cca912bc-7296-42fe-a37c-6f19b2840556,Friedrichstraße 11,2025-07-11 15:00:00+02:00,17.821022033691406
cca912bc-7296-42fe-a37c-6f19b2840556,Friedrichstraße 11,2025-07-11 16:00:00+02:00,19.97122271855672
cca912bc-7296-42fe-a37c-6f19b2840556,Friedrichstraße 11,2025-07-11 17:00:00+02:00,19.756319522857666
cca912bc-7296-42fe-a37c-6f19b2840556,Friedrichstraße 11,2025-07-11 18:00:00+02:00,28.143455902735393
cca912bc-7296-42fe-a37c-6f19b2840556,Friedrichstraße 11,2025-07-11 19:00:00+02:00,5.361681620279948
cca912bc-7296-42fe-a37c-6f19b2840556,Friedrichstraße 11,2025-07-11 20:00:00+02:00,10.072744210561117
cca912bc-7296-42fe-a37c-6f19b2840556,Friedrichstraße 11,2025-07-11 21:00:00+02:00,5.3929017384847
cca912bc-7296-42fe-a37c-6f19b2840556,Friedrichstraße 11,2025-07-11 22:00:00+02:00,12.803540031115213
cca912bc-7296-42fe-a37c-6f19b2840556,Friedrichstraße 11,2025-07-11 23:00:00+02:00,5.529648145039876
cca912bc-7296-42fe-a37c-6f19b2840556,Friedrichstraße 11,2025-07-12 00:00:00+02:00,17.256067991256714
cca912bc-7296-42fe-a37c-6f19b2840556,Friedrichstraße 11,2025-07-12 01:00:00+02:00,3.5150815645853677
cca912bc-7296-42fe-a37c-6f19b2840556,Friedrichstraße 11,2025-07-12 02:00:00+02:00,4.752318541208903
cca912bc-7296-42fe-a37c-6f19b2840556,Friedrichstraße 11,2025-07-12 03:00:00+02:00,6.345610102017717
cca912bc-7296-42fe-a37c-6f19b2840556,Friedrichstraße 11,2025-07-12 04:00:00+02:00,7.260779619216919
cca912bc-7296-42fe-a37c-6f19b2840556,Friedrichstraße 11,2025-07-12 05:00:00+02:00,4.589322090148926
cca912bc-7296-42fe-a37c-6f19b2840556,Friedrichstraße 11,2025-07-12 06:00:00+02:00,1.8770618836085002
cca912bc-7296-42fe-a37c-6f19b2840556,Friedrichstraße 11,2025-07-12 07:00:00+02:00,2.842221657435099
cca912bc-7296-42fe-a37c-6f19b2840556,Friedrichstraße 11,2025-07-12 08:00:00+02:00,3.538469910621643
cca912bc-7296-42fe-a37c-6f19b2840556,Friedrichstraße 11,2025-07-12 09:00:00+02:00,4.286792914072673
cca912bc-7296-42fe-a37c-6f19b2840556,Friedrichstraße 11,2025-07-12 10:00:00+02:00,29.980815807978313
cca912bc-7296-42fe-a37c-6f19b2840556,Friedrichstraße 11,2025-07-12 11:00:00+02:00,4.795764923095703
cca912bc-7296-42fe-a37c-6f19b2840556,Friedrichstraße 11,2025-07-12 12:00:00+02:00,9.568223317464193
cca912bc-7296-42fe-a37c-6f19b2840556,Friedrichstraße 11,2025-07-12 13:00:00+02:00,24.650922775268555
cca912bc-7296-42fe-a37c-6f19b2840556,Friedrichstraße 11,2025-07-12 14:00:00+02:00,21.837555567423504
cca912bc-7296-42fe-a37c-6f19b2840556,Friedrichstraße 11,2025-07-12 15:00:00+02:00,9.462847232818604
cca912bc-7296-42fe-a37c-6f19b2840556,Friedrichstraße 11,2025-07-12 16:00:00+02:00,5.461935043334961
cca912bc-7296-42fe-a37c-6f19b2840556,Friedrichstraße 11,2025-07-12 17:00:00+02:00,4.987462997436523
cca912bc-7296-42fe-a37c-6f19b2840556,Friedrichstraße 11,2025-07-12 18:00:00+02:00,4.636050383249919
cca912bc-7296-42fe-a37c-6f19b2840556,Friedrichstraße 11,2025-07-12 19:00:00+02:00,4.501542806625366
cca912bc-7296-42fe-a37c-6f19b2840556,Friedrichstraße 11,2025-07-12 20:00:00+02:00,11.447082042694092
cca912bc-7296-42fe-a37c-6f19b2840556,Friedrichstraße 11,2025-07-12 21:00:00+02:00,23.388735214869182
cca912bc-7296-42fe-a37c-6f19b2840556,Friedrichstraße 11,2025-07-12 22:00:00+02:00,4.397067626317342
cca912bc-7296-42fe-a37c-6f19b2840556,Friedrichstraße 11,2025-07-12 23:00:00+02:00,5.800373435020447
cca912bc-7296-42fe-a37c-6f19b2840556,Friedrichstraße 11,2025-07-13 00:00:00+02:00,26.263385772705078
cca912bc-7296-42fe-a37c-6f19b2840556,Friedrichstraße 11,2025-07-13 01:00:00+02:00,2.279527266820272
cca912bc-7296-42fe-a37c-6f19b2840556,Friedrichstraße 11,2025-07-13 02:00:00+02:00,7.3466923634211225
cca912bc-7296-42fe-a37c-6f19b2840556,Friedrichstraße 11,2025-07-13 03:00:00+02:00,7.600723059281057
cca912bc-7296-42fe-a37c-6f19b2840556,Friedrichstraße 11,2025-07-13 04:00:00+02:00,5.271000211889094
cca912bc-7296-42fe-a37c-6f19b2840556,Friedrichstraße 11,2025-07-13 05:00:00+02:00,6.500605583190918
cca912bc-7296-42fe-a37c-6f19b2840556,Friedrichstraße 11,2025-07-13 06:00:00+02:00,3.7973021030426026
cca912bc-7296-42fe-a37c-6f19b2840556,Friedrichstraße 11,2025-07-13 07:00:00+02:00,10.360885318956877
cca912bc-7296-42fe-a37c-6f19b2840556,Friedrichstraße 11,2025-07-13 08:00:00+02:00,9.862020916408962
cca912bc-7296-42fe-a37c-6f19b2840556,Friedrichstraße 11,2025-07-13 09:00:00+02:00,2.442912045647116
cca912bc-7296-42fe-a37c-6f19b2840556,Friedrichstraße 11,2025-07-13 10:00:00+02:00,10.61786162853241
cca912bc-7296-42fe-a37c-6f19b2840556,Friedrichstraße 11,2025-07-13 11:00:00+02:00,5.306872812906901
cca912bc-7296-42fe-a37c-6f19b2840556,Friedrichstraße 11,2025-07-13 12:00:00+02:00,4.640680858067104
cca912bc-7296-42fe-a37c-6f19b2840556,Friedrichstraße 11,2025-07-13 13:00:00+02:00,7.45631584754357
cca912bc-7296-42fe-a37c-6f19b2840556,Friedrichstraße 11,2025-07-13 14:00:00+02:00,4.216143608093262
cca912bc-7296-42fe-a37c-6f19b2840556,Friedrichstraße 11,2025-07-13 15:00:00+02:00,12.120080774480646
cca912bc-7296-42fe-a37c-6f19b2840556,Friedrichstraße 11,2025-07-13 16:00:00+02:00,8.487210083007813
cca912bc-7296-42fe-a37c-6f19b2840556,Friedrichstraße 11,2025-07-13 17:00:00+02:00,3.441104465060764
cca912bc-7296-42fe-a37c-6f19b2840556,Friedrichstraße 11,2025-07-13 18:00:00+02:00,3.7799956798553467
cca912bc-7296-42fe-a37c-6f19b2840556,Friedrichstraße 11,2025-07-13 19:00:00+02:00,5.632752009800503
cca912bc-7296-42fe-a37c-6f19b2840556,Friedrichstraße 11,2025-07-13 20:00:00+02:00,1.1415808995564778
cca912bc-7296-42fe-a37c-6f19b2840556,Friedrichstraße 11,2025-07-13 21:00:00+02:00,5.398421287536621
cca912bc-7296-42fe-a37c-6f19b2840556,Friedrichstraße 11,2025-07-13 22:00:00+02:00,3.8723268508911097
cca912bc-7296-42fe-a37c-6f19b2840556,Friedrichstraße 11,2025-07-13 23:00:00+02:00,7.378429412841797
cca912bc-7296-42fe-a37c-6f19b2840556,Friedrichstraße 11,2025-07-14 00:00:00+02:00,6.350016593933102
cca912bc-7296-42fe-a37c-6f19b2840556,Friedrichstraße 11,2025-07-14 01:00:00+02:00,1.6271228790283203
d1a25cbb-e2d7-49d7-a75b-0e570b6d1e88,Kurpark - Zentrum Süd,2025-06-30 03:00:00+02:00,3.4562835693359375
d1a25cbb-e2d7-49d7-a75b-0e570b6d1e88,Kurpark - Zentrum Süd,2025-06-30 04:00:00+02:00,2.932448387145996
d1a25cbb-e2d7-49d7-a75b-0e570b6d1e88,Kurpark - Zentrum Süd,2025-06-30 05:00:00+02:00,2.574204126993815
d1a25cbb-e2d7-49d7-a75b-0e570b6d1e88,Kurpark - Zentrum Süd,2025-06-30 06:00:00+02:00,7.477089166641235
d1a25cbb-e2d7-49d7-a75b-0e570b6d1e88,Kurpark - Zentrum Süd,2025-06-30 07:00:00+02:00,3.498879623413086
d1a25cbb-e2d7-49d7-a75b-0e570b6d1e88,Kurpark - Zentrum Süd,2025-06-30 08:00:00+02:00,9.148786544799806
d1a25cbb-e2d7-49d7-a75b-0e570b6d1e88,Kurpark - Zentrum Süd,2025-06-30 09:00:00+02:00,2.4444116864885603
d1a25cbb-e2d7-49d7-a75b-0e570b6d1e88,Kurpark - Zentrum Süd,2025-06-30 10:00:00+02:00,1.6553800106048584
d1a25cbb-e2d7-49d7-a75b-0e570b6d1e88,Kurpark - Zentrum Süd,2025-06-30 11:00:00+02:00,4.421909332275391
d1a25cbb-e2d7-49d7-a75b-0e570b6d1e88,Kurpark - Zentrum Süd,2025-06-30 12:00:00+02:00,18.559541320800783
d1a25cbb-e2d7-49d7-a75b-0e570b6d1e88,Kurpark - Zentrum Süd,2025-06-30 13:00:00+02:00,5.807765960693359
d1a25cbb-e2d7-49d7-a75b-0e570b6d1e88,Kurpark - Zentrum Süd,2025-06-30 14:00:00+02:00,11.925154527028402
d1a25cbb-e2d7-49d7-a75b-0e570b6d1e88,Kurpark - Zentrum Süd,2025-06-30 15:00:00+02:00,4.438319719754732
d1a25cbb-e2d7-49d7-a75b-0e570b6d1e88,Kurpark - Zentrum Süd,2025-06-30 16:00:00+02:00,6.639953204563686
d1a25cbb-e2d7-49d7-a75b-0e570b6d1e88,Kurpark - Zentrum Süd,2025-06-30 17:00:00+02:00,14.491716639200847
d1a25cbb-e2d7-49d7-a75b-0e570b6d1e88,Kurpark - Zentrum Süd,2025-06-30 18:00:00+02:00,10.059152007102966
d1a25cbb-e2d7-49d7-a75b-0e570b6d1e88,Kurpark - Zentrum Süd,2025-06-30 19:00:00+02:00,23.005441329058478
d1a25cbb-e2d7-49d7-a75b-0e570b6d1e88,Kurpark - Zentrum Süd,2025-06-30 20:00:00+02:00,14.211288664076063
d1a25cbb-e2d7-49d7-a75b-0e570b6d1e88,Kurpark - Zentrum Süd,2025-06-30 21:00:00+02:00,5.228085668463456
d1a25cbb-e2d7-49d7-a75b-0e570b6d1e88,Kurpark - Zentrum Süd,2025-06-30 22:00:00+02:00,1.6792686939239503
d1a25cbb-e2d7-49d7-a75b-0e570b6d1e88,Kurpark - Zentrum Süd,2025-06-30 23:00:00+02:00,0.8670681544712612
d1a25cbb-e2d7-49d7-a75b-0e570b6d1e88,Kurpark - Zentrum Süd,2025-07-01 00:00:00+02:00,0.9191880226135254
d1a25cbb-e2d7-49d7-a75b-0e570b6d1e88,Kurpark - Zentrum Süd,2025-07-01 01:00:00+02:00,0.8757400512695312
d1a25cbb-e2d7-49d7-a75b-0e570b6d1e88,Kurpark - Zentrum Süd,2025-07-01 02:00:00+02:00,1.196691910425822
d1a25cbb-e2d7-49d7-a75b-0e570b6d1e88,Kurpark - Zentrum Süd,2025-07-01 03:00:00+02:00,2.3942886193593345
d1a25cbb-e2d7-49d7-a75b-0e570b6d1e88,Kurpark - Zentrum Süd,2025-07-01 04:00:00+02:00,2.2090441385904946
d1a25cbb-e2d7-49d7-a75b-0e570b6d1e88,Kurpark - Zentrum Süd,2025-07-01 05:00:00+02:00,2.538398543993631
d1a25cbb-e2d7-49d7-a75b-0e570b6d1e88,Kurpark - Zentrum Süd,2025-07-01 06:00:00+02:00,6.941597620646161
d1a25cbb-e2d7-49d7-a75b-0e570b6d1e88,Kurpark - Zentrum Süd,2025-07-01 07:00:00+02:00,3.9717403252919516
d1a25cbb-e2d7-49d7-a75b-0e570b6d1e88,Kurpark - Zentrum Süd,2025-07-01 08:00:00+02:00,8.167979001998901
d1a25cbb-e2d7-49d7-a75b-0e570b6d1e88,Kurpark - Zentrum Süd,2025-07-01 09:00:00+02:00,5.508631149927775
d1a25cbb-e2d7-49d7-a75b-0e570b6d1e88,Kurpark - Zentrum Süd,2025-07-01 10:00:00+02:00,11.950877030690512
d1a25cbb-e2d7-49d7-a75b-0e570b6d1e88,Kurpark - Zentrum Süd,2025-07-01 11:00:00+02:00,4.507184187571208
d1a25cbb-e2d7-49d7-a75b-0e570b6d1e88,Kurpark - Zentrum Süd,2025-07-01 12:00:00+02:00,19.59378735224406
d1a25cbb-e2d7-49d7-a75b-0e570b6d1e88,Kurpark - Zentrum Süd,2025-07-01 13:00:00+02:00,14.651870886484781
d1a25cbb-e2d7-49d7-a75b-0e570b6d1e88,Kurpark - Zentrum Süd,2025-07-01 14:00:00+02:00,4.083744843800862
d1a25cbb-e2d7-49d7-a75b-0e570b6d1e88,Kurpark - Zentrum Süd,2025-07-01 15:00:00+02:00,6.8187183539072675
d1a25cbb-e2d7-49d7-a75b-0e570b6d1e88,Kurpark - Zentrum Süd,2025-07-01 16:00:00+02:00,1.8750086625417073
d1a25cbb-e2d7-49d7-a75b-0e570b6d1e88,Kurpark - Zentrum Süd,2025-07-01 17:00:00+02:00,6.928783575693767
d1a25cbb-e2d7-49d7-a75b-0e570b6d1e88,Kurpark - Zentrum Süd,2025-07-01 18:00:00+02:00,2.464073578516642
d1a25cbb-e2d7-49d7-a75b-0e570b6d1e88,Kurpark - Zentrum Süd,2025-07-01 19:00:00+02:00,11.012001673380533
d1a25cbb-e2d7-49d7-a75b-0e570b6d1e88,Kurpark - Zentrum Süd,2025-07-01 20:00:00+02:00,10.818785349527994
d1a25cbb-e2d7-49d7-a75b-0e570b6d1e88,Kurpark - Zentrum Süd,2025-07-01 21:00:00+02:00,4.045246084531148
d1a25cbb-e2d7-49d7-a75b-0e570b6d1e88,Kurpark - Zentrum Süd,2025-07-01 22:00:00+02:00,1.4454241991043073
d1a25cbb-e2d7-49d7-a75b-0e570b6d1e88,Kurpark - Zentrum Süd,2025-07-01 23:00:00+02:00,3.6013267040252686
d1a25cbb-e2d7-49d7-a75b-0e570b6d1e88,Kurpark - Zentrum Süd,2025-07-02 00:00:00+02:00,1.227297306060791
d1a25cbb-e2d7-49d7-a75b-0e570b6d1e88,Kurpark - Zentrum Süd,2025-07-02 01:00:00+02:00,1.6379446188608806
d1a25cbb-e2d7-49d7-a75b-0e570b6d1e88,Kurpark - Zentrum Süd,2025-07-02 02:00:00+02:00,1.5883790651957195
d1a25cbb-e2d7-49d7-a75b-0e570b6d1e88,Kurpark - Zentrum Süd,2025-07-02 03:00:00+02:00,3.6200403372446694
d1a25cbb-e2d7-49d7-a75b-0e570b6d1e88,Kurpark - Zentrum Süd,2025-07-02 04:00:00+02:00,5.972871581713359
d1a25cbb-e2d7-49d7-a75b-0e570b6d1e88,Kurpark - Zentrum Süd,2025-07-02 05:00:00+02:00,6.659147540728251
d1a25cbb-e2d7-49d7-a75b-0e570b6d1e88,Kurpark - Zentrum Süd,2025-07-02 06:00:00+02:00,3.1011443535486856
d1a25cbb-e2d7-49d7-a75b-0e570b6d1e88,Kurpark - Zentrum Süd,2025-07-02 07:00:00+02:00,5.594173272450765
d1a25cbb-e2d7-49d7-a75b-0e570b6d1e88,Kurpark - Zentrum Süd,2025-07-02 08:00:00+02:00,3.6682180563608804
d1a25cbb-e2d7-49d7-a75b-0e570b6d1e88,Kurpark - Zentrum Süd,2025-07-02 09:00:00+02:00,7.569139798482259
d1a25cbb-e2d7-49d7-a75b-0e570b6d1e88,Kurpark - Zentrum Süd,2025-07-02 10:00:00+02:00,8.364198366800943
d1a25cbb-e2d7-49d7-a75b-0e570b6d1e88,Kurpark - Zentrum Süd,2025-07-02 11:00:00+02:00,6.6722954114278155
d1a25cbb-e2d7-49d7-a75b-0e570b6d1e88,Kurpark - Zentrum Süd,2025-07-02 12:00:00+02:00,10.737595876057943
d1a25cbb-e2d7-49d7-a75b-0e570b6d1e88,Kurpark - Zentrum Süd,2025-07-02 13:00:00+02:00,18.020962397257488
d1a25cbb-e2d7-49d7-a75b-0e570b6d1e88,Kurpark - Zentrum Süd,2025-07-02 14:00:00+02:00,21.965662082036335
d1a25cbb-e2d7-49d7-a75b-0e570b6d1e88,Kurpark - Zentrum Süd,2025-07-02 15:00:00+02:00,20.821427663167317
d1a25cbb-e2d7-49d7-a75b-0e570b6d1e88,Kurpark - Zentrum Süd,2025-07-02 16:00:00+02:00,10.528892517089844
d1a25cbb-e2d7-49d7-a75b-0e570b6d1e88,Kurpark - Zentrum Süd,2025-07-02 17:00:00+02:00,1.914414644241333
d1a25cbb-e2d7-49d7-a75b-0e570b6d1e88,Kurpark - Zentrum Süd,2025-07-02 18:00:00+02:00,10.810499668121338
d1a25cbb-e2d7-49d7-a75b-0e570b6d1e88,Kurpark - Zentrum Süd,2025-07-02 19:00:00+02:00,3.56215492884318
d1a25cbb-e2d7-49d7-a75b-0e570b6d1e88,Kurpark - Zentrum Süd,2025-07-02 20:00:00+02:00,6.255851944287618
d1a25cbb-e2d7-49d7-a75b-0e570b6d1e88,Kurpark - Zentrum Süd,2025-07-02 21:00:00+02:00,8.805631200472513
d1a25cbb-e2d7-49d7-a75b-0e570b6d1e88,Kurpark - Zentrum Süd,2025-07-02 22:00:00+02:00,1.5263236761093133
d1a25cbb-e2d7-49d7-a75b-0e570b6d1e88,Kurpark - Zentrum Süd,2025-07-02 23:00:00+02:00,0.8481380542119344
d1a25cbb-e2d7-49d7-a75b-0e570b6d1e88,Kurpark - Zentrum Süd,2025-07-03 00:00:00+02:00,1.8706157604853313
d1a25cbb-e2d7-49d7-a75b-0e570b6d1e88,Kurpark - Zentrum Süd,2025-07-03 01:00:00+02:00,2.1478315194447837
d1a25cbb-e2d7-49d7-a75b-0e570b6d1e88,Kurpark - Zentrum Süd,2025-07-03 02:00:00+02:00,3.0704903602600098
d1a25cbb-e2d7-49d7-a75b-0e570b6d1e88,Kurpark - Zentrum Süd,2025-07-03 03:00:00+02:00,3.6970417896906533
d1a25cbb-e2d7-49d7-a75b-0e570b6d1e88,Kurpark - Zentrum Süd,2025-07-03 04:00:00+02:00,2.501123070716858
d1a25cbb-e2d7-49d7-a75b-0e570b6d1e88,Kurpark - Zentrum Süd,2025-07-03 05:00:00+02:00,2.58549976348877
d1a25cbb-e2d7-49d7-a75b-0e570b6d1e88,Kurpark - Zentrum Süd,2025-07-03 06:00:00+02:00,5.199252049128215
d1a25cbb-e2d7-49d7-a75b-0e570b6d1e88,Kurpark - Zentrum Süd,2025-07-03 07:00:00+02:00,4.471011678377788
d1a25cbb-e2d7-49d7-a75b-0e570b6d1e88,Kurpark - Zentrum Süd,2025-07-03 08:00:00+02:00,9.253191550572714
d1a25cbb-e2d7-49d7-a75b-0e570b6d1e88,Kurpark - Zentrum Süd,2025-07-03 09:00:00+02:00,5.383015553156535
d1a25cbb-e2d7-49d7-a75b-0e570b6d1e88,Kurpark - Zentrum Süd,2025-07-03 10:00:00+02:00,15.271539688110352
d1a25cbb-e2d7-49d7-a75b-0e570b6d1e88,Kurpark - Zentrum Süd,2025-07-03 11:00:00+02:00,8.19790013631185
d1a25cbb-e2d7-49d7-a75b-0e570b6d1e88,Kurpark - Zentrum Süd,2025-07-03 12:00:00+02:00,16.232929706573486
d1a25cbb-e2d7-49d7-a75b-0e570b6d1e88,Kurpark - Zentrum Süd,2025-07-03 13:00:00+02:00,8.152892430623373
d1a25cbb-e2d7-49d7-a75b-0e570b6d1e88,Kurpark - Zentrum Süd,2025-07-03 14:00:00+02:00,8.628368377685547
d1a25cbb-e2d7-49d7-a75b-0e570b6d1e88,Kurpark - Zentrum Süd,2025-07-03 15:00:00+02:00,15.577726364135742
d1a25cbb-e2d7-49d7-a75b-0e570b6d1e88,Kurpark - Zentrum Süd,2025-07-03 16:00:00+02:00,7.312294006347656
d1a25cbb-e2d7-49d7-a75b-0e570b6d1e88,Kurpark - Zentrum Süd,2025-07-03 17:00:00+02:00,30.889265775680542
d1a25cbb-e2d7-49d7-a75b-0e570b6d1e88,Kurpark - Zentrum Süd,2025-07-03 18:00:00+02:00,1.8923648198445637
d1a25cbb-e2d7-49d7-a75b-0e570b6d1e88,Kurpark - Zentrum Süd,2025-07-03 19:00:00+02:00,12.705838600794474
d1a25cbb-e2d7-49d7-a75b-0e570b6d1e88,Kurpark - Zentrum Süd,2025-07-03 20:00:00+02:00,16.759785016377766
d1a25cbb-e2d7-49d7-a75b-0e570b6d1e88,Kurpark - Zentrum Süd,2025-07-03 21:00:00+02:00,2.6312223275502524
d1a25cbb-e2d7-49d7-a75b-0e570b6d1e88,Kurpark - Zentrum Süd,2025-07-03 22:00:00+02:00,5.9958399931589765
d1a25cbb-e2d7-49d7-a75b-0e570b6d1e88,Kurpark - Zentrum Süd,2025-07-03 23:00:00+02:00,4.746941049893697
d1a25cbb-e2d7-49d7-a75b-0e570b6d1e88,Kurpark - Zentrum Süd,2025-07-04 00:00:00+02:00,3.712781389554342
d1a25cbb-e2d7-49d7-a75b-0e570b6d1e88,Kurpark - Zentrum Süd,2025-07-04 01:00:00+02:00,1.946818510691325
d1a25cbb-e2d7-49d7-a75b-0e570b6d1e88,Kurpark - Zentrum Süd,2025-07-04 02:00:00+02:00,1.6864128907521565
d1a25cbb-e2d7-49d7-a75b-0e570b6d1e88,Kurpark - Zentrum Süd,2025-07-04 03:00:00+02:00,3.359439214070638
d1a25cbb-e2d7-49d7-a75b-0e570b6d1e88,Kurpark - Zentrum Süd,2025-07-04 04:00:00+02:00,4.3005744616190595
d1a25cbb-e2d7-49d7-a75b-0e570b6d1e88,Kurpark - Zentrum Süd,2025-07-04 05:00:00+02:00,4.598032553990682
d1a25cbb-e2d7-49d7-a75b-0e570b6d1e88,Kurpark - Zentrum Süd,2025-07-04 06:00:00+02:00,6.393474340438843
d1a25cbb-e2d7-49d7-a75b-0e570b6d1e88,Kurpark - Zentrum Süd,2025-07-04 07:00:00+02:00,3.5839155117670694
d1a25cbb-e2d7-49d7-a75b-0e570b6d1e88,Kurpark - Zentrum Süd,2025-07-04 08:00:00+02:00,3.9518858591715493
d1a25cbb-e2d7-49d7-a75b-0e570b6d1e88,Kurpark - Zentrum Süd,2025-07-04 09:00:00+02:00,11.985241889953613
d1a25cbb-e2d7-49d7-a75b-0e570b6d1e88,Kurpark - Zentrum Süd,2025-07-04 10:00:00+02:00,16.70170005162557
d1a25cbb-e2d7-49d7-a75b-0e570b6d1e88,Kurpark - Zentrum Süd,2025-07-04 11:00:00+02:00,2.9886415799458823
d1a25cbb-e2d7-49d7-a75b-0e570b6d1e88,Kurpark - Zentrum Süd,2025-07-04 12:00:00+02:00,3.854193369547526
d1a25cbb-e2d7-49d7-a75b-0e570b6d1e88,Kurpark - Zentrum Süd,2025-07-04 13:00:00+02:00,2.0730387369791665
d1a25cbb-e2d7-49d7-a75b-0e570b6d1e88,Kurpark - Zentrum Süd,2025-07-04 14:00:00+02:00,4.217779318491618
d1a25cbb-e2d7-49d7-a75b-0e570b6d1e88,Kurpark - Zentrum Süd,2025-07-04 15:00:00+02:00,16.94841941197713
d1a25cbb-e2d7-49d7-a75b-0e570b6d1e88,Kurpark - Zentrum Süd,2025-07-04 16:00:00+02:00,14.535543123881022
d1a25cbb-e2d7-49d7-a75b-0e570b6d1e88,Kurpark - Zentrum Süd,2025-07-04 17:00:00+02:00,35.829332987467446
d1a25cbb-e2d7-49d7-a75b-0e570b6d1e88,Kurpark - Zentrum Süd,2025-07-04 18:00:00+02:00,26.068633556365967
d1a25cbb-e2d7-49d7-a75b-0e570b6d1e88,Kurpark - Zentrum Süd,2025-07-04 19:00:00+02:00,11.079951206843058
d1a25cbb-e2d7-49d7-a75b-0e570b6d1e88,Kurpark - Zentrum Süd,2025-07-04 20:00:00+02:00,6.186797857284546
d1a25cbb-e2d7-49d7-a75b-0e570b6d1e88,Kurpark - Zentrum Süd,2025-07-04 21:00:00+02:00,2.890398899714152
d1a25cbb-e2d7-49d7-a75b-0e570b6d1e88,Kurpark - Zentrum Süd,2025-07-04 22:00:00+02:00,4.814816514650981
d1a25cbb-e2d7-49d7-a75b-0e570b6d1e88,Kurpark - Zentrum Süd,2025-07-04 23:00:00+02:00,8.455225348472595
d1a25cbb-e2d7-49d7-a75b-0e570b6d1e88,Kurpark - Zentrum Süd,2025-07-05 00:00:00+02:00,1.7055293718973796
d1a25cbb-e2d7-49d7-a75b-0e570b6d1e88,Kurpark - Zentrum Süd,2025-07-05 01:00:00+02:00,2.76039711634318
d1a25cbb-e2d7-49d7-a75b-0e570b6d1e88,Kurpark - Zentrum Süd,2025-07-05 02:00:00+02:00,2.88956610361735
d1a25cbb-e2d7-49d7-a75b-0e570b6d1e88,Kurpark - Zentrum Süd,2025-07-05 03:00:00+02:00,1.434840440750122
d1a25cbb-e2d7-49d7-a75b-0e570b6d1e88,Kurpark - Zentrum Süd,2025-07-05 04:00:00+02:00,2.6246477365493774
d1a25cbb-e2d7-49d7-a75b-0e570b6d1e88,Kurpark - Zentrum Süd,2025-07-05 05:00:00+02:00,2.9409860372543335
d1a25cbb-e2d7-49d7-a75b-0e570b6d1e88,Kurpark - Zentrum Süd,2025-07-05 06:00:00+02:00,2.3729381561279292
d1a25cbb-e2d7-49d7-a75b-0e570b6d1e88,Kurpark - Zentrum Süd,2025-07-05 07:00:00+02:00,4.681265274683635
d1a25cbb-e2d7-49d7-a75b-0e570b6d1e88,Kurpark - Zentrum Süd,2025-07-05 08:00:00+02:00,10.412349859873453
d1a25cbb-e2d7-49d7-a75b-0e570b6d1e88,Kurpark - Zentrum Süd,2025-07-05 09:00:00+02:00,2.5643457571665444
d1a25cbb-e2d7-49d7-a75b-0e570b6d1e88,Kurpark - Zentrum Süd,2025-07-05 10:00:00+02:00,35.43043382962545
d1a25cbb-e2d7-49d7-a75b-0e570b6d1e88,Kurpark - Zentrum Süd,2025-07-05 11:00:00+02:00,10.27561124165853
d1a25cbb-e2d7-49d7-a75b-0e570b6d1e88,Kurpark - Zentrum Süd,2025-07-05 12:00:00+02:00,11.246074040730795
d1a25cbb-e2d7-49d7-a75b-0e570b6d1e88,Kurpark - Zentrum Süd,2025-07-05 13:00:00+02:00,8.471165974934884
d1a25cbb-e2d7-49d7-a75b-0e570b6d1e88,Kurpark - Zentrum Süd,2025-07-05 14:00:00+02:00,71.04045581817627
d1a25cbb-e2d7-49d7-a75b-0e570b6d1e88,Kurpark - Zentrum Süd,2025-07-05 15:00:00+02:00,55.05041869481405
d1a25cbb-e2d7-49d7-a75b-0e570b6d1e88,Kurpark - Zentrum Süd,2025-07-05 16:00:00+02:00,5.4542342821757
d1a25cbb-e2d7-49d7-a75b-0e570b6d1e88,Kurpark - Zentrum Süd,2025-07-05 17:00:00+02:00,4.25908096631368
d1a25cbb-e2d7-49d7-a75b-0e570b6d1e88,Kurpark - Zentrum Süd,2025-07-05 18:00:00+02:00,17.48198938369751
d1a25cbb-e2d7-49d7-a75b-0e570b6d1e88,Kurpark - Zentrum Süd,2025-07-05 19:00:00+02:00,10.03919275601705
d1a25cbb-e2d7-49d7-a75b-0e570b6d1e88,Kurpark - Zentrum Süd,2025-07-05 20:00:00+02:00,3.7930047512054443
d1a25cbb-e2d7-49d7-a75b-0e570b6d1e88,Kurpark - Zentrum Süd,2025-07-05 21:00:00+02:00,4.259083112080894
d1a25cbb-e2d7-49d7-a75b-0e570b6d1e88,Kurpark - Zentrum Süd,2025-07-05 22:00:00+02:00,4.138389786084493
d1a25cbb-e2d7-49d7-a75b-0e570b6d1e88,Kurpark - Zentrum Süd,2025-07-05 23:00:00+02:00,2.580145239830017
d1a25cbb-e2d7-49d7-a75b-0e570b6d1e88,Kurpark - Zentrum Süd,2025-07-06 00:00:00+02:00,1.261025110880534
d1a25cbb-e2d7-49d7-a75b-0e570b6d1e88,Kurpark - Zentrum Süd,2025-07-06 01:00:00+02:00,0.9555073579152426
d1a25cbb-e2d7-49d7-a75b-0e570b6d1e88,Kurpark - Zentrum Süd,2025-07-06 02:00:00+02:00,1.89249849319458
d1a25cbb-e2d7-49d7-a75b-0e570b6d1e88,Kurpark - Zentrum Süd,2025-07-06 03:00:00+02:00,2.9531664848327637
d1a25cbb-e2d7-49d7-a75b-0e570b6d1e88,Kurpark - Zentrum Süd,2025-07-06 04:00:00+02:00,2.8351731300354004
d1a25cbb-e2d7-49d7-a75b-0e570b6d1e88,Kurpark - Zentrum Süd,2025-07-06 05:00:00+02:00,2.6701446374257407
d1a25cbb-e2d7-49d7-a75b-0e570b6d1e88,Kurpark - Zentrum Süd,2025-07-06 06:00:00+02:00,2.397783120473226
d1a25cbb-e2d7-49d7-a75b-0e570b6d1e88,Kurpark - Zentrum Süd,2025-07-06 07:00:00+02:00,2.769024173418682
d1a25cbb-e2d7-49d7-a75b-0e570b6d1e88,Kurpark - Zentrum Süd,2025-07-06 08:00:00+02:00,6.217952370643616
d1a25cbb-e2d7-49d7-a75b-0e570b6d1e88,Kurpark - Zentrum Süd,2025-07-06 09:00:00+02:00,9.620283842086792
d1a25cbb-e2d7-49d7-a75b-0e570b6d1e88,Kurpark - Zentrum Süd,2025-07-06 10:00:00+02:00,5.615897973378499
d1a25cbb-e2d7-49d7-a75b-0e570b6d1e88,Kurpark - Zentrum Süd,2025-07-06 11:00:00+02:00,33.579190254211426
d1a25cbb-e2d7-49d7-a75b-0e570b6d1e88,Kurpark - Zentrum Süd,2025-07-06 12:00:00+02:00,4.591168403625488
d1a25cbb-e2d7-49d7-a75b-0e570b6d1e88,Kurpark - Zentrum Süd,2025-07-06 13:00:00+02:00,13.139227867126465
d1a25cbb-e2d7-49d7-a75b-0e570b6d1e88,Kurpark - Zentrum Süd,2025-07-06 14:00:00+02:00,28.19701910018921
d1a25cbb-e2d7-49d7-a75b-0e570b6d1e88,Kurpark - Zentrum Süd,2025-07-06 15:00:00+02:00,18.18903096516927
d1a25cbb-e2d7-49d7-a75b-0e570b6d1e88,Kurpark - Zentrum Süd,2025-07-06 16:00:00+02:00,22.525028228759766
d1a25cbb-e2d7-49d7-a75b-0e570b6d1e88,Kurpark - Zentrum Süd,2025-07-06 17:00:00+02:00,4.299753824869792
d1a25cbb-e2d7-49d7-a75b-0e570b6d1e88,Kurpark - Zentrum Süd,2025-07-06 18:00:00+02:00,5.452892541885376
d1a25cbb-e2d7-49d7-a75b-0e570b6d1e88,Kurpark - Zentrum Süd,2025-07-06 19:00:00+02:00,11.036941885948181
d1a25cbb-e2d7-49d7-a75b-0e570b6d1e88,Kurpark - Zentrum Süd,2025-07-06 20:00:00+02:00,5.65796426932017
d1a25cbb-e2d7-49d7-a75b-0e570b6d1e88,Kurpark - Zentrum Süd,2025-07-06 21:00:00+02:00,6.08050278822581
d1a25cbb-e2d7-49d7-a75b-0e570b6d1e88,Kurpark - Zentrum Süd,2025-07-06 22:00:00+02:00,3.058176318804423
d1a25cbb-e2d7-49d7-a75b-0e570b6d1e88,Kurpark - Zentrum Süd,2025-07-06 23:00:00+02:00,1.3175625403722127
d1a25cbb-e2d7-49d7-a75b-0e570b6d1e88,Kurpark - Zentrum Süd,2025-07-07 00:00:00+02:00,4.527294953664143
d1a25cbb-e2d7-49d7-a75b-0e570b6d1e88,Kurpark - Zentrum Süd,2025-07-07 01:00:00+02:00,1.6457384427388508
d1a25cbb-e2d7-49d7-a75b-0e570b6d1e88,Kurpark - Zentrum Süd,2025-07-07 02:00:00+02:00,1.9317389329274495
d1a25cbb-e2d7-49d7-a75b-0e570b6d1e88,Kurpark - Zentrum Süd,2025-07-07 03:00:00+02:00,1.941111167271932
d1a25cbb-e2d7-49d7-a75b-0e570b6d1e88,Kurpark - Zentrum Süd,2025-07-07 04:00:00+02:00,2.3656394879023233
d1a25cbb-e2d7-49d7-a75b-0e570b6d1e88,Kurpark - Zentrum Süd,2025-07-07 05:00:00+02:00,2.2011985778808576
d1a25cbb-e2d7-49d7-a75b-0e570b6d1e88,Kurpark - Zentrum Süd,2025-07-07 06:00:00+02:00,2.0706181128819785
d1a25cbb-e2d7-49d7-a75b-0e570b6d1e88,Kurpark - Zentrum Süd,2025-07-07 07:00:00+02:00,6.1663268009821595
d1a25cbb-e2d7-49d7-a75b-0e570b6d1e88,Kurpark - Zentrum Süd,2025-07-07 08:00:00+02:00,7.742128769556682
d1a25cbb-e2d7-49d7-a75b-0e570b6d1e88,Kurpark - Zentrum Süd,2025-07-07 09:00:00+02:00,5.961999177932739
d1a25cbb-e2d7-49d7-a75b-0e570b6d1e88,Kurpark - Zentrum Süd,2025-07-07 10:00:00+02:00,1.961829423904419
d1a25cbb-e2d7-49d7-a75b-0e570b6d1e88,Kurpark - Zentrum Süd,2025-07-07 11:00:00+02:00,13.217884540557861
d1a25cbb-e2d7-49d7-a75b-0e570b6d1e88,Kurpark - Zentrum Süd,2025-07-07 12:00:00+02:00,15.311753114064535
d1a25cbb-e2d7-49d7-a75b-0e570b6d1e88,Kurpark - Zentrum Süd,2025-07-07 13:00:00+02:00,5.549970308939616
d1a25cbb-e2d7-49d7-a75b-0e570b6d1e88,Kurpark - Zentrum Süd,2025-07-07 14:00:00+02:00,2.2786246140797934
d1a25cbb-e2d7-49d7-a75b-0e570b6d1e88,Kurpark - Zentrum Süd,2025-07-07 15:00:00+02:00,6.304378509521484
d1a25cbb-e2d7-49d7-a75b-0e570b6d1e88,Kurpark - Zentrum Süd,2025-07-07 16:00:00+02:00,6.398150205612183
d1a25cbb-e2d7-49d7-a75b-0e570b6d1e88,Kurpark - Zentrum Süd,2025-07-07 17:00:00+02:00,17.51725474993388
d1a25cbb-e2d7-49d7-a75b-0e570b6d1e88,Kurpark - Zentrum Süd,2025-07-07 18:00:00+02:00,3.93711527188619
d1a25cbb-e2d7-49d7-a75b-0e570b6d1e88,Kurpark - Zentrum Süd,2025-07-07 19:00:00+02:00,10.605754693349205
d1a25cbb-e2d7-49d7-a75b-0e570b6d1e88,Kurpark - Zentrum Süd,2025-07-07 20:00:00+02:00,5.594789981842041
d1a25cbb-e2d7-49d7-a75b-0e570b6d1e88,Kurpark - Zentrum Süd,2025-07-07 21:00:00+02:00,2.8524892330169678
d1a25cbb-e2d7-49d7-a75b-0e570b6d1e88,Kurpark - Zentrum Süd,2025-07-07 22:00:00+02:00,1.9335616032282512
d1a25cbb-e2d7-49d7-a75b-0e570b6d1e88,Kurpark - Zentrum Süd,2025-07-07 23:00:00+02:00,1.0410279432932537
d1a25cbb-e2d7-49d7-a75b-0e570b6d1e88,Kurpark - Zentrum Süd,2025-07-08 00:00:00+02:00,2.302021106084188
d1a25cbb-e2d7-49d7-a75b-0e570b6d1e88,Kurpark - Zentrum Süd,2025-07-08 01:00:00+02:00,0.7742049694061279
d1a25cbb-e2d7-49d7-a75b-0e570b6d1e88,Kurpark - Zentrum Süd,2025-07-08 02:00:00+02:00,1.139314889907837
d1a25cbb-e2d7-49d7-a75b-0e570b6d1e88,Kurpark - Zentrum Süd,2025-07-08 03:00:00+02:00,2.3409507274627686
d1a25cbb-e2d7-49d7-a75b-0e570b6d1e88,Kurpark - Zentrum Süd,2025-07-08 04:00:00+02:00,3.1395431756973267
d1a25cbb-e2d7-49d7-a75b-0e570b6d1e88,Kurpark - Zentrum Süd,2025-07-08 05:00:00+02:00,1.9471213817596436
d1a25cbb-e2d7-49d7-a75b-0e570b6d1e88,Kurpark - Zentrum Süd,2025-07-08 06:00:00+02:00,6.855958580970767
d1a25cbb-e2d7-49d7-a75b-0e570b6d1e88,Kurpark - Zentrum Süd,2025-07-08 07:00:00+02:00,7.428194920221965
d1a25cbb-e2d7-49d7-a75b-0e570b6d1e88,Kurpark - Zentrum Süd,2025-07-08 08:00:00+02:00,13.980804840723673
d1a25cbb-e2d7-49d7-a75b-0e570b6d1e88,Kurpark - Zentrum Süd,2025-07-08 09:00:00+02:00,16.416306495666504
d1a25cbb-e2d7-49d7-a75b-0e570b6d1e88,Kurpark - Zentrum Süd,2025-07-08 10:00:00+02:00,12.006595134735107
d1a25cbb-e2d7-49d7-a75b-0e570b6d1e88,Kurpark - Zentrum Süd,2025-07-08 11:00:00+02:00,6.678638458251953
d1a25cbb-e2d7-49d7-a75b-0e570b6d1e88,Kurpark - Zentrum Süd,2025-07-08 12:00:00+02:00,1.446878433227539
d1a25cbb-e2d7-49d7-a75b-0e570b6d1e88,Kurpark - Zentrum Süd,2025-07-08 13:00:00+02:00,2.045204003651937
d1a25cbb-e2d7-49d7-a75b-0e570b6d1e88,Kurpark - Zentrum Süd,2025-07-08 14:00:00+02:00,8.657778898874918
d1a25cbb-e2d7-49d7-a75b-0e570b6d1e88,Kurpark - Zentrum Süd,2025-07-08 15:00:00+02:00,7.574740091959636
d1a25cbb-e2d7-49d7-a75b-0e570b6d1e88,Kurpark - Zentrum Süd,2025-07-08 16:00:00+02:00,1.6482738653818767
d1a25cbb-e2d7-49d7-a75b-0e570b6d1e88,Kurpark - Zentrum Süd,2025-07-08 17:00:00+02:00,6.584211905797322
d1a25cbb-e2d7-49d7-a75b-0e570b6d1e88,Kurpark - Zentrum Süd,2025-07-08 18:00:00+02:00,2.909364700317383
d1a25cbb-e2d7-49d7-a75b-0e570b6d1e88,Kurpark - Zentrum Süd,2025-07-08 19:00:00+02:00,10.460898558298746
d1a25cbb-e2d7-49d7-a75b-0e570b6d1e88,Kurpark - Zentrum Süd,2025-07-08 20:00:00+02:00,10.290175676345825
d1a25cbb-e2d7-49d7-a75b-0e570b6d1e88,Kurpark - Zentrum Süd,2025-07-08 21:00:00+02:00,3.6725387573242188
d1a25cbb-e2d7-49d7-a75b-0e570b6d1e88,Kurpark - Zentrum Süd,2025-07-08 22:00:00+02:00,1.3457848230997713
d1a25cbb-e2d7-49d7-a75b-0e570b6d1e88,Kurpark - Zentrum Süd,2025-07-08 23:00:00+02:00,3.7281022866566977
d1a25cbb-e2d7-49d7-a75b-0e570b6d1e88,Kurpark - Zentrum Süd,2025-07-09 00:00:00+02:00,1.306341250737508
d1a25cbb-e2d7-49d7-a75b-0e570b6d1e88,Kurpark - Zentrum Süd,2025-07-09 01:00:00+02:00,1.8098569711049397
d1a25cbb-e2d7-49d7-a75b-0e570b6d1e88,Kurpark - Zentrum Süd,2025-07-09 02:00:00+02:00,1.5398142337799072
d1a25cbb-e2d7-49d7-a75b-0e570b6d1e88,Kurpark - Zentrum Süd,2025-07-09 03:00:00+02:00,3.0670014222462973
d1a25cbb-e2d7-49d7-a75b-0e570b6d1e88,Kurpark - Zentrum Süd,2025-07-09 04:00:00+02:00,5.2124537626902265
d1a25cbb-e2d7-49d7-a75b-0e570b6d1e88,Kurpark - Zentrum Süd,2025-07-09 05:00:00+02:00,5.755952517191569
d1a25cbb-e2d7-49d7-a75b-0e570b6d1e88,Kurpark - Zentrum Süd,2025-07-09 06:00:00+02:00,3.0038711627324424
d1a25cbb-e2d7-49d7-a75b-0e570b6d1e88,Kurpark - Zentrum Süd,2025-07-09 07:00:00+02:00,5.00918726126353
d1a25cbb-e2d7-49d7-a75b-0e570b6d1e88,Kurpark - Zentrum Süd,2025-07-09 08:00:00+02:00,3.6346346537272134
d1a25cbb-e2d7-49d7-a75b-0e570b6d1e88,Kurpark - Zentrum Süd,2025-07-09 09:00:00+02:00,12.736818790435791
d1a25cbb-e2d7-49d7-a75b-0e570b6d1e88,Kurpark - Zentrum Süd,2025-07-09 10:00:00+02:00,14.145167668660482
d1a25cbb-e2d7-49d7-a75b-0e570b6d1e88,Kurpark - Zentrum Süd,2025-07-09 11:00:00+02:00,1.9924939473470051
d1a25cbb-e2d7-49d7-a75b-0e570b6d1e88,Kurpark - Zentrum Süd,2025-07-09 12:00:00+02:00,0.9839062690734863
d1a25cbb-e2d7-49d7-a75b-0e570b6d1e88,Kurpark - Zentrum Süd,2025-07-09 13:00:00+02:00,19.83630895614624
d1a25cbb-e2d7-49d7-a75b-0e570b6d1e88,Kurpark - Zentrum Süd,2025-07-09 14:00:00+02:00,23.818559249242146
d1a25cbb-e2d7-49d7-a75b-0e570b6d1e88,Kurpark - Zentrum Süd,2025-07-09 15:00:00+02:00,15.271145184834799
d1a25cbb-e2d7-49d7-a75b-0e570b6d1e88,Kurpark - Zentrum Süd,2025-07-09 16:00:00+02:00,53.491186459859215
d1a25cbb-e2d7-49d7-a75b-0e570b6d1e88,Kurpark - Zentrum Süd,2025-07-09 17:00:00+02:00,36.2774330774943
d1a25cbb-e2d7-49d7-a75b-0e570b6d1e88,Kurpark - Zentrum Süd,2025-07-09 18:00:00+02:00,18.02924640973409
d1a25cbb-e2d7-49d7-a75b-0e570b6d1e88,Kurpark - Zentrum Süd,2025-07-09 19:00:00+02:00,6.116031646728516
d1a25cbb-e2d7-49d7-a75b-0e570b6d1e88,Kurpark - Zentrum Süd,2025-07-09 20:00:00+02:00,1.6307662725448608
d1a25cbb-e2d7-49d7-a75b-0e570b6d1e88,Kurpark - Zentrum Süd,2025-07-09 21:00:00+02:00,4.514134049415588
d1a25cbb-e2d7-49d7-a75b-0e570b6d1e88,Kurpark - Zentrum Süd,2025-07-09 22:00:00+02:00,1.3025027116139725
d1a25cbb-e2d7-49d7-a75b-0e570b6d1e88,Kurpark - Zentrum Süd,2025-07-09 23:00:00+02:00,0.743712306022644
d1a25cbb-e2d7-49d7-a75b-0e570b6d1e88,Kurpark - Zentrum Süd,2025-07-10 00:00:00+02:00,1.5961225430170696
d1a25cbb-e2d7-49d7-a75b-0e570b6d1e88,Kurpark - Zentrum Süd,2025-07-10 01:00:00+02:00,1.9166044394175212
d1a25cbb-e2d7-49d7-a75b-0e570b6d1e88,Kurpark - Zentrum Süd,2025-07-10 02:00:00+02:00,2.798574447631836
d1a25cbb-e2d7-49d7-a75b-0e570b6d1e88,Kurpark - Zentrum Süd,2025-07-10 03:00:00+02:00,3.419206380844116
d1a25cbb-e2d7-49d7-a75b-0e570b6d1e88,Kurpark - Zentrum Süd,2025-07-10 04:00:00+02:00,1.9660046895345051
d1a25cbb-e2d7-49d7-a75b-0e570b6d1e88,Kurpark - Zentrum Süd,2025-07-10 05:00:00+02:00,1.7577240069707247
d1a25cbb-e2d7-49d7-a75b-0e570b6d1e88,Kurpark - Zentrum Süd,2025-07-10 06:00:00+02:00,4.819513042767842
d1a25cbb-e2d7-49d7-a75b-0e570b6d1e88,Kurpark - Zentrum Süd,2025-07-10 07:00:00+02:00,4.391063133875529
d1a25cbb-e2d7-49d7-a75b-0e570b6d1e88,Kurpark - Zentrum Süd,2025-07-10 08:00:00+02:00,9.945999701817831
d1a25cbb-e2d7-49d7-a75b-0e570b6d1e88,Kurpark - Zentrum Süd,2025-07-10 09:00:00+02:00,17.766910791397095
d1a25cbb-e2d7-49d7-a75b-0e570b6d1e88,Kurpark - Zentrum Süd,2025-07-10 10:00:00+02:00,8.048441410064697
d1a25cbb-e2d7-49d7-a75b-0e570b6d1e88,Kurpark - Zentrum Süd,2025-07-10 11:00:00+02:00,11.10905154546102
d1a25cbb-e2d7-49d7-a75b-0e570b6d1e88,Kurpark - Zentrum Süd,2025-07-10 12:00:00+02:00,2.526975472768148
d1a25cbb-e2d7-49d7-a75b-0e570b6d1e88,Kurpark - Zentrum Süd,2025-07-10 13:00:00+02:00,13.136229674021402
d1a25cbb-e2d7-49d7-a75b-0e570b6d1e88,Kurpark - Zentrum Süd,2025-07-10 14:00:00+02:00,11.901047706604004
d1a25cbb-e2d7-49d7-a75b-0e570b6d1e88,Kurpark - Zentrum Süd,2025-07-10 15:00:00+02:00,31.59665520985921
d1a25cbb-e2d7-49d7-a75b-0e570b6d1e88,Kurpark - Zentrum Süd,2025-07-10 16:00:00+02:00,7.575546582539876
d1a25cbb-e2d7-49d7-a75b-0e570b6d1e88,Kurpark - Zentrum Süd,2025-07-10 17:00:00+02:00,1.6563212076822917
d1a25cbb-e2d7-49d7-a75b-0e570b6d1e88,Kurpark - Zentrum Süd,2025-07-10 18:00:00+02:00,8.785321871439615
d1a25cbb-e2d7-49d7-a75b-0e570b6d1e88,Kurpark - Zentrum Süd,2025-07-10 19:00:00+02:00,2.7885545094807944
d1a25cbb-e2d7-49d7-a75b-0e570b6d1e88,Kurpark - Zentrum Süd,2025-07-10 20:00:00+02:00,7.082732121149699
d1a25cbb-e2d7-49d7-a75b-0e570b6d1e88,Kurpark - Zentrum Süd,2025-07-10 21:00:00+02:00,4.794628461201985
d1a25cbb-e2d7-49d7-a75b-0e570b6d1e88,Kurpark - Zentrum Süd,2025-07-10 22:00:00+02:00,5.378305912017822
d1a25cbb-e2d7-49d7-a75b-0e570b6d1e88,Kurpark - Zentrum Süd,2025-07-10 23:00:00+02:00,4.416621247927348
d1a25cbb-e2d7-49d7-a75b-0e570b6d1e88,Kurpark - Zentrum Süd,2025-07-11 00:00:00+02:00,1.6201890707015973
d1a25cbb-e2d7-49d7-a75b-0e570b6d1e88,Kurpark - Zentrum Süd,2025-07-11 01:00:00+02:00,1.9268035093943279
d1a25cbb-e2d7-49d7-a75b-0e570b6d1e88,Kurpark - Zentrum Süd,2025-07-11 02:00:00+02:00,1.7307682037353516
d1a25cbb-e2d7-49d7-a75b-0e570b6d1e88,Kurpark - Zentrum Süd,2025-07-11 03:00:00+02:00,4.153437217076619
d1a25cbb-e2d7-49d7-a75b-0e570b6d1e88,Kurpark - Zentrum Süd,2025-07-11 04:00:00+02:00,3.718559900919596
d1a25cbb-e2d7-49d7-a75b-0e570b6d1e88,Kurpark - Zentrum Süd,2025-07-11 05:00:00+02:00,3.4057148694992065
d1a25cbb-e2d7-49d7-a75b-0e570b6d1e88,Kurpark - Zentrum Süd,2025-07-11 06:00:00+02:00,6.139013926188151
d1a25cbb-e2d7-49d7-a75b-0e570b6d1e88,Kurpark - Zentrum Süd,2025-07-11 07:00:00+02:00,12.940199335416159
d1a25cbb-e2d7-49d7-a75b-0e570b6d1e88,Kurpark - Zentrum Süd,2025-07-11 08:00:00+02:00,10.746656815210978
d1a25cbb-e2d7-49d7-a75b-0e570b6d1e88,Kurpark - Zentrum Süd,2025-07-11 09:00:00+02:00,12.840787887573242
d1a25cbb-e2d7-49d7-a75b-0e570b6d1e88,Kurpark - Zentrum Süd,2025-07-11 10:00:00+02:00,17.258949120839436
d1a25cbb-e2d7-49d7-a75b-0e570b6d1e88,Kurpark - Zentrum Süd,2025-07-11 11:00:00+02:00,2.7978858947753906
d1a25cbb-e2d7-49d7-a75b-0e570b6d1e88,Kurpark - Zentrum Süd,2025-07-11 12:00:00+02:00,3.6142214139302573
d1a25cbb-e2d7-49d7-a75b-0e570b6d1e88,Kurpark - Zentrum Süd,2025-07-11 13:00:00+02:00,2.0077441533406577
d1a25cbb-e2d7-49d7-a75b-0e570b6d1e88,Kurpark - Zentrum Süd,2025-07-11 14:00:00+02:00,3.894403616587321
d1a25cbb-e2d7-49d7-a75b-0e570b6d1e88,Kurpark - Zentrum Süd,2025-07-11 15:00:00+02:00,16.754120508829754
d1a25cbb-e2d7-49d7-a75b-0e570b6d1e88,Kurpark - Zentrum Süd,2025-07-11 16:00:00+02:00,14.455559412638346
d1a25cbb-e2d7-49d7-a75b-0e570b6d1e88,Kurpark - Zentrum Süd,2025-07-11 17:00:00+02:00,35.87561146418253
d1a25cbb-e2d7-49d7-a75b-0e570b6d1e88,Kurpark - Zentrum Süd,2025-07-11 18:00:00+02:00,26.195794741312664
d1a25cbb-e2d7-49d7-a75b-0e570b6d1e88,Kurpark - Zentrum Süd,2025-07-11 19:00:00+02:00,4.678845961888631
d1a25cbb-e2d7-49d7-a75b-0e570b6d1e88,Kurpark - Zentrum Süd,2025-07-11 20:00:00+02:00,6.540924231211345
d1a25cbb-e2d7-49d7-a75b-0e570b6d1e88,Kurpark - Zentrum Süd,2025-07-11 21:00:00+02:00,3.7564094066619873
d1a25cbb-e2d7-49d7-a75b-0e570b6d1e88,Kurpark - Zentrum Süd,2025-07-11 22:00:00+02:00,4.922028064727783
d1a25cbb-e2d7-49d7-a75b-0e570b6d1e88,Kurpark - Zentrum Süd,2025-07-11 23:00:00+02:00,8.43953557809194
d1a25cbb-e2d7-49d7-a75b-0e570b6d1e88,Kurpark - Zentrum Süd,2025-07-12 00:00:00+02:00,1.724065621693929
d1a25cbb-e2d7-49d7-a75b-0e570b6d1e88,Kurpark - Zentrum Süd,2025-07-12 01:00:00+02:00,2.8045024077097573
d1a25cbb-e2d7-49d7-a75b-0e570b6d1e88,Kurpark - Zentrum Süd,2025-07-12 02:00:00+02:00,2.94567334651947
d1a25cbb-e2d7-49d7-a75b-0e570b6d1e88,Kurpark - Zentrum Süd,2025-07-12 03:00:00+02:00,1.3998232285181682
d1a25cbb-e2d7-49d7-a75b-0e570b6d1e88,Kurpark - Zentrum Süd,2025-07-12 04:00:00+02:00,2.643633564313253
d1a25cbb-e2d7-49d7-a75b-0e570b6d1e88,Kurpark - Zentrum Süd,2025-07-12 05:00:00+02:00,3.0074438651402793
d1a25cbb-e2d7-49d7-a75b-0e570b6d1e88,Kurpark - Zentrum Süd,2025-07-12 06:00:00+02:00,2.337748050689697
d1a25cbb-e2d7-49d7-a75b-0e570b6d1e88,Kurpark - Zentrum Süd,2025-07-12 07:00:00+02:00,2.171868801116944
d1a25cbb-e2d7-49d7-a75b-0e570b6d1e88,Kurpark - Zentrum Süd,2025-07-12 08:00:00+02:00,10.497172156969706
d1a25cbb-e2d7-49d7-a75b-0e570b6d1e88,Kurpark - Zentrum Süd,2025-07-12 09:00:00+02:00,2.7589824199676514
d1a25cbb-e2d7-49d7-a75b-0e570b6d1e88,Kurpark - Zentrum Süd,2025-07-12 10:00:00+02:00,34.84752233823141
d1a25cbb-e2d7-49d7-a75b-0e570b6d1e88,Kurpark - Zentrum Süd,2025-07-12 11:00:00+02:00,9.132941246032715
d1a25cbb-e2d7-49d7-a75b-0e570b6d1e88,Kurpark - Zentrum Süd,2025-07-12 12:00:00+02:00,3.4478634198506675
d1a25cbb-e2d7-49d7-a75b-0e570b6d1e88,Kurpark - Zentrum Süd,2025-07-12 13:00:00+02:00,19.07260227203369
d1a25cbb-e2d7-49d7-a75b-0e570b6d1e88,Kurpark - Zentrum Süd,2025-07-12 14:00:00+02:00,9.229206403096518
d1a25cbb-e2d7-49d7-a75b-0e570b6d1e88,Kurpark - Zentrum Süd,2025-07-12 15:00:00+02:00,41.11341428756714
d1a25cbb-e2d7-49d7-a75b-0e570b6d1e88,Kurpark - Zentrum Süd,2025-07-12 16:00:00+02:00,4.356805165608724
d1a25cbb-e2d7-49d7-a75b-0e570b6d1e88,Kurpark - Zentrum Süd,2025-07-12 17:00:00+02:00,3.805882136027018
d1a25cbb-e2d7-49d7-a75b-0e570b6d1e88,Kurpark - Zentrum Süd,2025-07-12 18:00:00+02:00,17.787030855814617
d1a25cbb-e2d7-49d7-a75b-0e570b6d1e88,Kurpark - Zentrum Süd,2025-07-12 19:00:00+02:00,5.5884318351745605
d1a25cbb-e2d7-49d7-a75b-0e570b6d1e88,Kurpark - Zentrum Süd,2025-07-12 20:00:00+02:00,4.192726492881775
d1a25cbb-e2d7-49d7-a75b-0e570b6d1e88,Kurpark - Zentrum Süd,2025-07-12 21:00:00+02:00,4.463162382443748
d1a25cbb-e2d7-49d7-a75b-0e570b6d1e88,Kurpark - Zentrum Süd,2025-07-12 22:00:00+02:00,2.6046794255574532
d1a25cbb-e2d7-49d7-a75b-0e570b6d1e88,Kurpark - Zentrum Süd,2025-07-12 23:00:00+02:00,5.6935908397038775
d1a25cbb-e2d7-49d7-a75b-0e570b6d1e88,Kurpark - Zentrum Süd,2025-07-13 00:00:00+02:00,1.209025780359904
d1a25cbb-e2d7-49d7-a75b-0e570b6d1e88,Kurpark - Zentrum Süd,2025-07-13 01:00:00+02:00,2.570278763771057
d1a25cbb-e2d7-49d7-a75b-0e570b6d1e88,Kurpark - Zentrum Süd,2025-07-13 02:00:00+02:00,1.8881178696950276
d1a25cbb-e2d7-49d7-a75b-0e570b6d1e88,Kurpark - Zentrum Süd,2025-07-13 03:00:00+02:00,2.8696396869161855
d1a25cbb-e2d7-49d7-a75b-0e570b6d1e88,Kurpark - Zentrum Süd,2025-07-13 04:00:00+02:00,2.335011222145774
d1a25cbb-e2d7-49d7-a75b-0e570b6d1e88,Kurpark - Zentrum Süd,2025-07-13 05:00:00+02:00,2.6677038556053523
d1a25cbb-e2d7-49d7-a75b-0e570b6d1e88,Kurpark - Zentrum Süd,2025-07-13 06:00:00+02:00,2.5032418727874757
d1a25cbb-e2d7-49d7-a75b-0e570b6d1e88,Kurpark - Zentrum Süd,2025-07-13 07:00:00+02:00,3.085231831199246
d1a25cbb-e2d7-49d7-a75b-0e570b6d1e88,Kurpark - Zentrum Süd,2025-07-13 08:00:00+02:00,6.88468795352512
d1a25cbb-e2d7-49d7-a75b-0e570b6d1e88,Kurpark - Zentrum Süd,2025-07-13 09:00:00+02:00,10.215541503008675
d1a25cbb-e2d7-49d7-a75b-0e570b6d1e88,Kurpark - Zentrum Süd,2025-07-13 10:00:00+02:00,4.538292646408081
d1a25cbb-e2d7-49d7-a75b-0e570b6d1e88,Kurpark - Zentrum Süd,2025-07-13 11:00:00+02:00,32.03793131510417
d1a25cbb-e2d7-49d7-a75b-0e570b6d1e88,Kurpark - Zentrum Süd,2025-07-13 12:00:00+02:00,2.6390478951590404
d1a25cbb-e2d7-49d7-a75b-0e570b6d1e88,Kurpark - Zentrum Süd,2025-07-13 13:00:00+02:00,14.238133357121395
d1a25cbb-e2d7-49d7-a75b-0e570b6d1e88,Kurpark - Zentrum Süd,2025-07-13 14:00:00+02:00,23.913245519002277
d1a25cbb-e2d7-49d7-a75b-0e570b6d1e88,Kurpark - Zentrum Süd,2025-07-13 15:00:00+02:00,13.730471524325283
d1a25cbb-e2d7-49d7-a75b-0e570b6d1e88,Kurpark - Zentrum Süd,2025-07-13 16:00:00+02:00,19.01168327331543
d1a25cbb-e2d7-49d7-a75b-0e570b6d1e88,Kurpark - Zentrum Süd,2025-07-13 17:00:00+02:00,4.229534149169922
d1a25cbb-e2d7-49d7-a75b-0e570b6d1e88,Kurpark - Zentrum Süd,2025-07-13 18:00:00+02:00,5.419514894485474
d1a25cbb-e2d7-49d7-a75b-0e570b6d1e88,Kurpark - Zentrum Süd,2025-07-13 19:00:00+02:00,12.771556990487236
d1a25cbb-e2d7-49d7-a75b-0e570b6d1e88,Kurpark - Zentrum Süd,2025-07-13 20:00:00+02:00,7.420354048411052
d1a25cbb-e2d7-49d7-a75b-0e570b6d1e88,Kurpark - Zentrum Süd,2025-07-13 21:00:00+02:00,7.9136405944824215
d1a25cbb-e2d7-49d7-a75b-0e570b6d1e88,Kurpark - Zentrum Süd,2025-07-13 22:00:00+02:00,3.4806628227233887
d1a25cbb-e2d7-49d7-a75b-0e570b6d1e88,Kurpark - Zentrum Süd,2025-07-13 23:00:00+02:00,0.5445823669433594
d1a25cbb-e2d7-49d7-a75b-0e570b6d1e88,Kurpark - Zentrum Süd,2025-07-14 00:00:00+02:00,4.458034515380858
d1a25cbb-e2d7-49d7-a75b-0e570b6d1e88,Kurpark - Zentrum Süd,2025-07-14 01:00:00+02:00,1.300405502319336
d5261325-e40c-4ed4-bbbf-5ce24d3de844,Karlstraße 15,2025-06-30 03:00:00+02:00,11.615989685058594
d5261325-e40c-4ed4-bbbf-5ce24d3de844,Karlstraße 15,2025-06-30 04:00:00+02:00,13.17028617858886
d5261325-e40c-4ed4-bbbf-5ce24d3de844,Karlstraße 15,2025-06-30 05:00:00+02:00,17.638498942057293
d5261325-e40c-4ed4-bbbf-5ce24d3de844,Karlstraße 15,2025-06-30 06:00:00+02:00,5.392480850219727
d5261325-e40c-4ed4-bbbf-5ce24d3de844,Karlstraße 15,2025-06-30 07:00:00+02:00,12.142488861083985
d5261325-e40c-4ed4-bbbf-5ce24d3de844,Karlstraße 15,2025-06-30 08:00:00+02:00,7.302391688028972
d5261325-e40c-4ed4-bbbf-5ce24d3de844,Karlstraße 15,2025-06-30 09:00:00+02:00,26.491803850446427
d5261325-e40c-4ed4-bbbf-5ce24d3de844,Karlstraße 15,2025-06-30 10:00:00+02:00,8.968013763427734
d5261325-e40c-4ed4-bbbf-5ce24d3de844,Karlstraße 15,2025-06-30 11:00:00+02:00,26.19666290283203
d5261325-e40c-4ed4-bbbf-5ce24d3de844,Karlstraße 15,2025-06-30 12:00:00+02:00,2.3996963500976562
d5261325-e40c-4ed4-bbbf-5ce24d3de844,Karlstraße 15,2025-06-30 13:00:00+02:00,11.80919716574929
d5261325-e40c-4ed4-bbbf-5ce24d3de844,Karlstraße 15,2025-06-30 14:00:00+02:00,27.269283930460613
d5261325-e40c-4ed4-bbbf-5ce24d3de844,Karlstraße 15,2025-06-30 15:00:00+02:00,4.74751223050631
d5261325-e40c-4ed4-bbbf-5ce24d3de844,Karlstraße 15,2025-06-30 16:00:00+02:00,53.15052686418806
d5261325-e40c-4ed4-bbbf-5ce24d3de844,Karlstraße 15,2025-06-30 17:00:00+02:00,23.65665232340495
d5261325-e40c-4ed4-bbbf-5ce24d3de844,Karlstraße 15,2025-06-30 18:00:00+02:00,45.888025760650635
d5261325-e40c-4ed4-bbbf-5ce24d3de844,Karlstraße 15,2025-06-30 19:00:00+02:00,28.565446741440716
d5261325-e40c-4ed4-bbbf-5ce24d3de844,Karlstraße 15,2025-06-30 20:00:00+02:00,25.568652047051323
d5261325-e40c-4ed4-bbbf-5ce24d3de844,Karlstraße 15,2025-06-30 21:00:00+02:00,9.680918141415244
d5261325-e40c-4ed4-bbbf-5ce24d3de844,Karlstraße 15,2025-06-30 22:00:00+02:00,11.701334762573243
d5261325-e40c-4ed4-bbbf-5ce24d3de844,Karlstraße 15,2025-06-30 23:00:00+02:00,13.124993642171225
d5261325-e40c-4ed4-bbbf-5ce24d3de844,Karlstraße 15,2025-07-01 00:00:00+02:00,12.40165172923695
d5261325-e40c-4ed4-bbbf-5ce24d3de844,Karlstraße 15,2025-07-01 01:00:00+02:00,3.325699515964674
d5261325-e40c-4ed4-bbbf-5ce24d3de844,Karlstraße 15,2025-07-01 02:00:00+02:00,11.79806725184122
d5261325-e40c-4ed4-bbbf-5ce24d3de844,Karlstraße 15,2025-07-01 03:00:00+02:00,16.11667521794637
d5261325-e40c-4ed4-bbbf-5ce24d3de844,Karlstraße 15,2025-07-01 04:00:00+02:00,21.542938629786175
d5261325-e40c-4ed4-bbbf-5ce24d3de844,Karlstraße 15,2025-07-01 05:00:00+02:00,22.582969029744465
d5261325-e40c-4ed4-bbbf-5ce24d3de844,Karlstraße 15,2025-07-01 06:00:00+02:00,12.43855094909668
d5261325-e40c-4ed4-bbbf-5ce24d3de844,Karlstraße 15,2025-07-01 07:00:00+02:00,3.428757667541504
d5261325-e40c-4ed4-bbbf-5ce24d3de844,Karlstraße 15,2025-07-01 08:00:00+02:00,7.486678759256999
d5261325-e40c-4ed4-bbbf-5ce24d3de844,Karlstraße 15,2025-07-01 09:00:00+02:00,14.340916633605957
d5261325-e40c-4ed4-bbbf-5ce24d3de844,Karlstraße 15,2025-07-01 10:00:00+02:00,43.46080239613851
d5261325-e40c-4ed4-bbbf-5ce24d3de844,Karlstraße 15,2025-07-01 11:00:00+02:00,25.18066914876302
d5261325-e40c-4ed4-bbbf-5ce24d3de844,Karlstraße 15,2025-07-01 12:00:00+02:00,50.540038426717125
d5261325-e40c-4ed4-bbbf-5ce24d3de844,Karlstraße 15,2025-07-01 13:00:00+02:00,28.53613821665446
d5261325-e40c-4ed4-bbbf-5ce24d3de844,Karlstraße 15,2025-07-01 14:00:00+02:00,5.718940099080403
d5261325-e40c-4ed4-bbbf-5ce24d3de844,Karlstraße 15,2025-07-01 15:00:00+02:00,6.432466824849446
d5261325-e40c-4ed4-bbbf-5ce24d3de844,Karlstraße 15,2025-07-01 16:00:00+02:00,3.480762799580892
d5261325-e40c-4ed4-bbbf-5ce24d3de844,Karlstraße 15,2025-07-01 17:00:00+02:00,36.71889352798462
d5261325-e40c-4ed4-bbbf-5ce24d3de844,Karlstraße 15,2025-07-01 18:00:00+02:00,13.397891998291016
d5261325-e40c-4ed4-bbbf-5ce24d3de844,Karlstraße 15,2025-07-01 19:00:00+02:00,16.261942863464355
d5261325-e40c-4ed4-bbbf-5ce24d3de844,Karlstraße 15,2025-07-01 20:00:00+02:00,8.529705921808878
d5261325-e40c-4ed4-bbbf-5ce24d3de844,Karlstraße 15,2025-07-01 21:00:00+02:00,13.141164859135946
d5261325-e40c-4ed4-bbbf-5ce24d3de844,Karlstraße 15,2025-07-01 22:00:00+02:00,14.487850348154703
d5261325-e40c-4ed4-bbbf-5ce24d3de844,Karlstraße 15,2025-07-01 23:00:00+02:00,19.40804608662923
d5261325-e40c-4ed4-bbbf-5ce24d3de844,Karlstraße 15,2025-07-02 00:00:00+02:00,14.20472621917724
d5261325-e40c-4ed4-bbbf-5ce24d3de844,Karlstraße 15,2025-07-02 01:00:00+02:00,6.896725654602051
d5261325-e40c-4ed4-bbbf-5ce24d3de844,Karlstraße 15,2025-07-02 02:00:00+02:00,12.029913902282708
d5261325-e40c-4ed4-bbbf-5ce24d3de844,Karlstraße 15,2025-07-02 03:00:00+02:00,17.471786657969165
d5261325-e40c-4ed4-bbbf-5ce24d3de844,Karlstraße 15,2025-07-02 04:00:00+02:00,21.47666072845458
d5261325-e40c-4ed4-bbbf-5ce24d3de844,Karlstraße 15,2025-07-02 05:00:00+02:00,20.245196024576824
d5261325-e40c-4ed4-bbbf-5ce24d3de844,Karlstraße 15,2025-07-02 06:00:00+02:00,16.213069915771484
d5261325-e40c-4ed4-bbbf-5ce24d3de844,Karlstraße 15,2025-07-02 07:00:00+02:00,10.800832589467367
d5261325-e40c-4ed4-bbbf-5ce24d3de844,Karlstraße 15,2025-07-02 08:00:00+02:00,10.733197689056396
d5261325-e40c-4ed4-bbbf-5ce24d3de844,Karlstraße 15,2025-07-02 09:00:00+02:00,3.36652406056722
d5261325-e40c-4ed4-bbbf-5ce24d3de844,Karlstraße 15,2025-07-02 10:00:00+02:00,2.8984429041544595
d5261325-e40c-4ed4-bbbf-5ce24d3de844,Karlstraße 15,2025-07-02 11:00:00+02:00,3.1991100311279297
d5261325-e40c-4ed4-bbbf-5ce24d3de844,Karlstraße 15,2025-07-02 12:00:00+02:00,14.865683873494467
d5261325-e40c-4ed4-bbbf-5ce24d3de844,Karlstraße 15,2025-07-02 13:00:00+02:00,18.96347777048747
d5261325-e40c-4ed4-bbbf-5ce24d3de844,Karlstraße 15,2025-07-02 14:00:00+02:00,32.688934008280434
d5261325-e40c-4ed4-bbbf-5ce24d3de844,Karlstraße 15,2025-07-02 15:00:00+02:00,4.173194567362468
d5261325-e40c-4ed4-bbbf-5ce24d3de844,Karlstraße 15,2025-07-02 16:00:00+02:00,6.802697817484538
d5261325-e40c-4ed4-bbbf-5ce24d3de844,Karlstraße 15,2025-07-02 17:00:00+02:00,7.711502234141032
d5261325-e40c-4ed4-bbbf-5ce24d3de844,Karlstraße 15,2025-07-02 18:00:00+02:00,7.904473781585693
d5261325-e40c-4ed4-bbbf-5ce24d3de844,Karlstraße 15,2025-07-02 19:00:00+02:00,4.7307101885477705
d5261325-e40c-4ed4-bbbf-5ce24d3de844,Karlstraße 15,2025-07-02 20:00:00+02:00,9.700079361597696
d5261325-e40c-4ed4-bbbf-5ce24d3de844,Karlstraße 15,2025-07-02 21:00:00+02:00,7.137678225835164
d5261325-e40c-4ed4-bbbf-5ce24d3de844,Karlstraße 15,2025-07-02 22:00:00+02:00,6.644876956939697
d5261325-e40c-4ed4-bbbf-5ce24d3de844,Karlstraße 15,2025-07-02 23:00:00+02:00,18.99281160036723
d5261325-e40c-4ed4-bbbf-5ce24d3de844,Karlstraße 15,2025-07-03 00:00:00+02:00,11.955317815144857
d5261325-e40c-4ed4-bbbf-5ce24d3de844,Karlstraße 15,2025-07-03 01:00:00+02:00,6.43593152364095
d5261325-e40c-4ed4-bbbf-5ce24d3de844,Karlstraße 15,2025-07-03 02:00:00+02:00,10.435946146647135
d5261325-e40c-4ed4-bbbf-5ce24d3de844,Karlstraße 15,2025-07-03 03:00:00+02:00,17.15996026992797
d5261325-e40c-4ed4-bbbf-5ce24d3de844,Karlstraße 15,2025-07-03 04:00:00+02:00,25.090999682744343
d5261325-e40c-4ed4-bbbf-5ce24d3de844,Karlstraße 15,2025-07-03 05:00:00+02:00,17.797332445780437
d5261325-e40c-4ed4-bbbf-5ce24d3de844,Karlstraße 15,2025-07-03 06:00:00+02:00,17.242166042327884
d5261325-e40c-4ed4-bbbf-5ce24d3de844,Karlstraße 15,2025-07-03 07:00:00+02:00,4.5962042808532715
d5261325-e40c-4ed4-bbbf-5ce24d3de844,Karlstraße 15,2025-07-03 08:00:00+02:00,9.528623580932617
d5261325-e40c-4ed4-bbbf-5ce24d3de844,Karlstraße 15,2025-07-03 09:00:00+02:00,16.82331307729085
d5261325-e40c-4ed4-bbbf-5ce24d3de844,Karlstraße 15,2025-07-03 10:00:00+02:00,22.224210103352863
d5261325-e40c-4ed4-bbbf-5ce24d3de844,Karlstraße 15,2025-07-03 11:00:00+02:00,3.0239976247151694
d5261325-e40c-4ed4-bbbf-5ce24d3de844,Karlstraße 15,2025-07-03 12:00:00+02:00,27.664929389953613
d5261325-e40c-4ed4-bbbf-5ce24d3de844,Karlstraße 15,2025-07-03 13:00:00+02:00,16.808090527852375
d5261325-e40c-4ed4-bbbf-5ce24d3de844,Karlstraße 15,2025-07-03 14:00:00+02:00,2.4322287241617837
d5261325-e40c-4ed4-bbbf-5ce24d3de844,Karlstraße 15,2025-07-03 15:00:00+02:00,3.5720485051472983
d5261325-e40c-4ed4-bbbf-5ce24d3de844,Karlstraße 15,2025-07-03 16:00:00+02:00,6.018321673075358
d5261325-e40c-4ed4-bbbf-5ce24d3de844,Karlstraße 15,2025-07-03 17:00:00+02:00,18.58160940806071
d5261325-e40c-4ed4-bbbf-5ce24d3de844,Karlstraße 15,2025-07-03 18:00:00+02:00,36.21027501424154
d5261325-e40c-4ed4-bbbf-5ce24d3de844,Karlstraße 15,2025-07-03 19:00:00+02:00,18.429794152577717
d5261325-e40c-4ed4-bbbf-5ce24d3de844,Karlstraße 15,2025-07-03 20:00:00+02:00,5.368597030639648
d5261325-e40c-4ed4-bbbf-5ce24d3de844,Karlstraße 15,2025-07-03 21:00:00+02:00,10.790368795394897
d5261325-e40c-4ed4-bbbf-5ce24d3de844,Karlstraße 15,2025-07-03 22:00:00+02:00,14.759443600972494
d5261325-e40c-4ed4-bbbf-5ce24d3de844,Karlstraße 15,2025-07-03 23:00:00+02:00,20.17414442698161
d5261325-e40c-4ed4-bbbf-5ce24d3de844,Karlstraße 15,2025-07-04 00:00:00+02:00,16.570920467376716
d5261325-e40c-4ed4-bbbf-5ce24d3de844,Karlstraße 15,2025-07-04 01:00:00+02:00,9.725514729817709
d5261325-e40c-4ed4-bbbf-5ce24d3de844,Karlstraße 15,2025-07-04 02:00:00+02:00,10.32268476486206
d5261325-e40c-4ed4-bbbf-5ce24d3de844,Karlstraße 15,2025-07-04 03:00:00+02:00,20.442214091618855
d5261325-e40c-4ed4-bbbf-5ce24d3de844,Karlstraße 15,2025-07-04 04:00:00+02:00,17.574230670928955
d5261325-e40c-4ed4-bbbf-5ce24d3de844,Karlstraße 15,2025-07-04 05:00:00+02:00,14.330012957255045
d5261325-e40c-4ed4-bbbf-5ce24d3de844,Karlstraße 15,2025-07-04 06:00:00+02:00,18.72993516921997
d5261325-e40c-4ed4-bbbf-5ce24d3de844,Karlstraße 15,2025-07-04 07:00:00+02:00,5.876242955525716
d5261325-e40c-4ed4-bbbf-5ce24d3de844,Karlstraße 15,2025-07-04 08:00:00+02:00,26.45125611623128
d5261325-e40c-4ed4-bbbf-5ce24d3de844,Karlstraße 15,2025-07-04 09:00:00+02:00,20.048653602600098
d5261325-e40c-4ed4-bbbf-5ce24d3de844,Karlstraße 15,2025-07-04 10:00:00+02:00,35.251834551493324
d5261325-e40c-4ed4-bbbf-5ce24d3de844,Karlstraße 15,2025-07-04 11:00:00+02:00,44.9558302561442
d5261325-e40c-4ed4-bbbf-5ce24d3de844,Karlstraße 15,2025-07-04 12:00:00+02:00,41.05324522654215
d5261325-e40c-4ed4-bbbf-5ce24d3de844,Karlstraße 15,2025-07-04 13:00:00+02:00,32.26897716522217
d5261325-e40c-4ed4-bbbf-5ce24d3de844,Karlstraße 15,2025-07-04 14:00:00+02:00,16.152689297993977
d5261325-e40c-4ed4-bbbf-5ce24d3de844,Karlstraße 15,2025-07-04 15:00:00+02:00,43.00900967915853
d5261325-e40c-4ed4-bbbf-5ce24d3de844,Karlstraße 15,2025-07-04 16:00:00+02:00,42.995253245035805
d5261325-e40c-4ed4-bbbf-5ce24d3de844,Karlstraße 15,2025-07-04 17:00:00+02:00,54.017836570739746
d5261325-e40c-4ed4-bbbf-5ce24d3de844,Karlstraße 15,2025-07-04 18:00:00+02:00,53.037486712137856
d5261325-e40c-4ed4-bbbf-5ce24d3de844,Karlstraße 15,2025-07-04 19:00:00+02:00,40.54390303293864
d5261325-e40c-4ed4-bbbf-5ce24d3de844,Karlstraße 15,2025-07-04 20:00:00+02:00,8.118477980295816
d5261325-e40c-4ed4-bbbf-5ce24d3de844,Karlstraße 15,2025-07-04 21:00:00+02:00,12.391877810160318
d5261325-e40c-4ed4-bbbf-5ce24d3de844,Karlstraße 15,2025-07-04 22:00:00+02:00,18.73611267407735
d5261325-e40c-4ed4-bbbf-5ce24d3de844,Karlstraße 15,2025-07-04 23:00:00+02:00,21.874470154444378
d5261325-e40c-4ed4-bbbf-5ce24d3de844,Karlstraße 15,2025-07-05 00:00:00+02:00,13.752721865971884
d5261325-e40c-4ed4-bbbf-5ce24d3de844,Karlstraße 15,2025-07-05 01:00:00+02:00,6.0887118975321455
d5261325-e40c-4ed4-bbbf-5ce24d3de844,Karlstraße 15,2025-07-05 02:00:00+02:00,7.638826370239258
d5261325-e40c-4ed4-bbbf-5ce24d3de844,Karlstraße 15,2025-07-05 03:00:00+02:00,17.233096837997437
d5261325-e40c-4ed4-bbbf-5ce24d3de844,Karlstraße 15,2025-07-05 04:00:00+02:00,13.824043909708658
d5261325-e40c-4ed4-bbbf-5ce24d3de844,Karlstraße 15,2025-07-05 05:00:00+02:00,5.131160338719686
d5261325-e40c-4ed4-bbbf-5ce24d3de844,Karlstraße 15,2025-07-05 06:00:00+02:00,13.759982109069824
d5261325-e40c-4ed4-bbbf-5ce24d3de844,Karlstraße 15,2025-07-05 07:00:00+02:00,4.8399425347646075
d5261325-e40c-4ed4-bbbf-5ce24d3de844,Karlstraße 15,2025-07-05 08:00:00+02:00,3.735384782155355
d5261325-e40c-4ed4-bbbf-5ce24d3de844,Karlstraße 15,2025-07-05 09:00:00+02:00,18.32093572616577
d5261325-e40c-4ed4-bbbf-5ce24d3de844,Karlstraße 15,2025-07-05 10:00:00+02:00,87.63654136657715
d5261325-e40c-4ed4-bbbf-5ce24d3de844,Karlstraße 15,2025-07-05 11:00:00+02:00,50.53477827707926
d5261325-e40c-4ed4-bbbf-5ce24d3de844,Karlstraße 15,2025-07-05 12:00:00+02:00,44.9771474202474
d5261325-e40c-4ed4-bbbf-5ce24d3de844,Karlstraße 15,2025-07-05 13:00:00+02:00,18.939229011535645
d5261325-e40c-4ed4-bbbf-5ce24d3de844,Karlstraße 15,2025-07-05 14:00:00+02:00,37.01032066345215
d5261325-e40c-4ed4-bbbf-5ce24d3de844,Karlstraße 15,2025-07-05 15:00:00+02:00,34.95169258117676
d5261325-e40c-4ed4-bbbf-5ce24d3de844,Karlstraße 15,2025-07-05 16:00:00+02:00,19.90321159362793
d5261325-e40c-4ed4-bbbf-5ce24d3de844,Karlstraße 15,2025-07-05 17:00:00+02:00,50.18278694152832
d5261325-e40c-4ed4-bbbf-5ce24d3de844,Karlstraße 15,2025-07-05 18:00:00+02:00,24.53720760345459
d5261325-e40c-4ed4-bbbf-5ce24d3de844,Karlstraße 15,2025-07-05 19:00:00+02:00,17.00814151763916
d5261325-e40c-4ed4-bbbf-5ce24d3de844,Karlstraße 15,2025-07-05 20:00:00+02:00,30.305713494618733
d5261325-e40c-4ed4-bbbf-5ce24d3de844,Karlstraße 15,2025-07-05 21:00:00+02:00,7.448992729187012
d5261325-e40c-4ed4-bbbf-5ce24d3de844,Karlstraße 15,2025-07-05 22:00:00+02:00,7.4068678220113116
d5261325-e40c-4ed4-bbbf-5ce24d3de844,Karlstraße 15,2025-07-05 23:00:00+02:00,23.067405462265015
d5261325-e40c-4ed4-bbbf-5ce24d3de844,Karlstraße 15,2025-07-06 00:00:00+02:00,22.707237084706623
d5261325-e40c-4ed4-bbbf-5ce24d3de844,Karlstraße 15,2025-07-06 01:00:00+02:00,2.9171109994252524
d5261325-e40c-4ed4-bbbf-5ce24d3de844,Karlstraße 15,2025-07-06 02:00:00+02:00,11.54705683390299
d5261325-e40c-4ed4-bbbf-5ce24d3de844,Karlstraße 15,2025-07-06 03:00:00+02:00,11.501680135726923
d5261325-e40c-4ed4-bbbf-5ce24d3de844,Karlstraße 15,2025-07-06 04:00:00+02:00,10.22139962514241
d5261325-e40c-4ed4-bbbf-5ce24d3de844,Karlstraße 15,2025-07-06 05:00:00+02:00,14.017686605453491
d5261325-e40c-4ed4-bbbf-5ce24d3de844,Karlstraße 15,2025-07-06 06:00:00+02:00,16.09914263089497
d5261325-e40c-4ed4-bbbf-5ce24d3de844,Karlstraße 15,2025-07-06 07:00:00+02:00,21.079801559448242
d5261325-e40c-4ed4-bbbf-5ce24d3de844,Karlstraße 15,2025-07-06 08:00:00+02:00,26.362428188323975
d5261325-e40c-4ed4-bbbf-5ce24d3de844,Karlstraße 15,2025-07-06 09:00:00+02:00,10.685037930806478
d5261325-e40c-4ed4-bbbf-5ce24d3de844,Karlstraße 15,2025-07-06 10:00:00+02:00,30.078368186950684
d5261325-e40c-4ed4-bbbf-5ce24d3de844,Karlstraße 15,2025-07-06 11:00:00+02:00,14.44091765085856
d5261325-e40c-4ed4-bbbf-5ce24d3de844,Karlstraße 15,2025-07-06 12:00:00+02:00,16.454810460408527
d5261325-e40c-4ed4-bbbf-5ce24d3de844,Karlstraße 15,2025-07-06 13:00:00+02:00,33.92900594075521
d5261325-e40c-4ed4-bbbf-5ce24d3de844,Karlstraße 15,2025-07-06 14:00:00+02:00,41.85678799947103
d5261325-e40c-4ed4-bbbf-5ce24d3de844,Karlstraße 15,2025-07-06 15:00:00+02:00,17.17543888092041
d5261325-e40c-4ed4-bbbf-5ce24d3de844,Karlstraße 15,2025-07-06 16:00:00+02:00,8.83414109547933
d5261325-e40c-4ed4-bbbf-5ce24d3de844,Karlstraße 15,2025-07-06 17:00:00+02:00,12.635131041208902
d5261325-e40c-4ed4-bbbf-5ce24d3de844,Karlstraße 15,2025-07-06 18:00:00+02:00,8.03763977686564
d5261325-e40c-4ed4-bbbf-5ce24d3de844,Karlstraße 15,2025-07-06 19:00:00+02:00,31.529027541478474
d5261325-e40c-4ed4-bbbf-5ce24d3de844,Karlstraße 15,2025-07-06 20:00:00+02:00,12.927679538726807
d5261325-e40c-4ed4-bbbf-5ce24d3de844,Karlstraße 15,2025-07-06 21:00:00+02:00,6.382742563883464
d5261325-e40c-4ed4-bbbf-5ce24d3de844,Karlstraße 15,2025-07-06 22:00:00+02:00,5.2928275267283125
d5261325-e40c-4ed4-bbbf-5ce24d3de844,Karlstraße 15,2025-07-06 23:00:00+02:00,13.973776658376059
d5261325-e40c-4ed4-bbbf-5ce24d3de844,Karlstraße 15,2025-07-07 00:00:00+02:00,12.321812152862549
d5261325-e40c-4ed4-bbbf-5ce24d3de844,Karlstraße 15,2025-07-07 01:00:00+02:00,4.259226004282634
d5261325-e40c-4ed4-bbbf-5ce24d3de844,Karlstraße 15,2025-07-07 02:00:00+02:00,7.034389813741048
d5261325-e40c-4ed4-bbbf-5ce24d3de844,Karlstraße 15,2025-07-07 03:00:00+02:00,11.095026810963956
d5261325-e40c-4ed4-bbbf-5ce24d3de844,Karlstraße 15,2025-07-07 04:00:00+02:00,13.839889844258634
d5261325-e40c-4ed4-bbbf-5ce24d3de844,Karlstraße 15,2025-07-07 05:00:00+02:00,9.104003190994263
d5261325-e40c-4ed4-bbbf-5ce24d3de844,Karlstraße 15,2025-07-07 06:00:00+02:00,3.874499956766764
d5261325-e40c-4ed4-bbbf-5ce24d3de844,Karlstraße 15,2025-07-07 07:00:00+02:00,17.625913302103683
d5261325-e40c-4ed4-bbbf-5ce24d3de844,Karlstraße 15,2025-07-07 08:00:00+02:00,12.666294733683268
d5261325-e40c-4ed4-bbbf-5ce24d3de844,Karlstraße 15,2025-07-07 09:00:00+02:00,16.51536480585734
d5261325-e40c-4ed4-bbbf-5ce24d3de844,Karlstraße 15,2025-07-07 10:00:00+02:00,15.068173090616861
d5261325-e40c-4ed4-bbbf-5ce24d3de844,Karlstraße 15,2025-07-07 11:00:00+02:00,19.39987913767497
d5261325-e40c-4ed4-bbbf-5ce24d3de844,Karlstraße 15,2025-07-07 12:00:00+02:00,28.170748074849445
d5261325-e40c-4ed4-bbbf-5ce24d3de844,Karlstraße 15,2025-07-07 13:00:00+02:00,15.372457186381022
d5261325-e40c-4ed4-bbbf-5ce24d3de844,Karlstraße 15,2025-07-07 14:00:00+02:00,7.375024477640788
d5261325-e40c-4ed4-bbbf-5ce24d3de844,Karlstraße 15,2025-07-07 15:00:00+02:00,5.13917891184489
d5261325-e40c-4ed4-bbbf-5ce24d3de844,Karlstraße 15,2025-07-07 16:00:00+02:00,25.462965965270996
d5261325-e40c-4ed4-bbbf-5ce24d3de844,Karlstraße 15,2025-07-07 17:00:00+02:00,35.909311294555664
d5261325-e40c-4ed4-bbbf-5ce24d3de844,Karlstraße 15,2025-07-07 18:00:00+02:00,49.23411639531454
d5261325-e40c-4ed4-bbbf-5ce24d3de844,Karlstraße 15,2025-07-07 19:00:00+02:00,9.867302258809408
d5261325-e40c-4ed4-bbbf-5ce24d3de844,Karlstraße 15,2025-07-07 20:00:00+02:00,20.399921417236328
d5261325-e40c-4ed4-bbbf-5ce24d3de844,Karlstraße 15,2025-07-07 21:00:00+02:00,12.665300766626993
d5261325-e40c-4ed4-bbbf-5ce24d3de844,Karlstraße 15,2025-07-07 22:00:00+02:00,3.1951826413472495
d5261325-e40c-4ed4-bbbf-5ce24d3de844,Karlstraße 15,2025-07-07 23:00:00+02:00,17.998894055684406
d5261325-e40c-4ed4-bbbf-5ce24d3de844,Karlstraße 15,2025-07-08 00:00:00+02:00,12.389986197153727
d5261325-e40c-4ed4-bbbf-5ce24d3de844,Karlstraße 15,2025-07-08 01:00:00+02:00,2.1360023816426597
d5261325-e40c-4ed4-bbbf-5ce24d3de844,Karlstraße 15,2025-07-08 02:00:00+02:00,11.603396256764723
d5261325-e40c-4ed4-bbbf-5ce24d3de844,Karlstraße 15,2025-07-08 03:00:00+02:00,12.77039988835652
d5261325-e40c-4ed4-bbbf-5ce24d3de844,Karlstraße 15,2025-07-08 04:00:00+02:00,21.034457206726074
d5261325-e40c-4ed4-bbbf-5ce24d3de844,Karlstraße 15,2025-07-08 05:00:00+02:00,19.902195771535236
d5261325-e40c-4ed4-bbbf-5ce24d3de844,Karlstraße 15,2025-07-08 06:00:00+02:00,11.487115542093912
d5261325-e40c-4ed4-bbbf-5ce24d3de844,Karlstraße 15,2025-07-08 07:00:00+02:00,20.039723078409832
d5261325-e40c-4ed4-bbbf-5ce24d3de844,Karlstraße 15,2025-07-08 08:00:00+02:00,21.42687161763509
d5261325-e40c-4ed4-bbbf-5ce24d3de844,Karlstraße 15,2025-07-08 09:00:00+02:00,5.0252485275268555
d5261325-e40c-4ed4-bbbf-5ce24d3de844,Karlstraße 15,2025-07-08 10:00:00+02:00,43.50032711029053
d5261325-e40c-4ed4-bbbf-5ce24d3de844,Karlstraße 15,2025-07-08 11:00:00+02:00,36.76314640045166
d5261325-e40c-4ed4-bbbf-5ce24d3de844,Karlstraße 15,2025-07-08 12:00:00+02:00,31.789939880371094
d5261325-e40c-4ed4-bbbf-5ce24d3de844,Karlstraße 15,2025-07-08 13:00:00+02:00,61.593722661336265
d5261325-e40c-4ed4-bbbf-5ce24d3de844,Karlstraße 15,2025-07-08 14:00:00+02:00,35.29585806528727
d5261325-e40c-4ed4-bbbf-5ce24d3de844,Karlstraße 15,2025-07-08 15:00:00+02:00,38.543124516805015
d5261325-e40c-4ed4-bbbf-5ce24d3de844,Karlstraße 15,2025-07-08 16:00:00+02:00,3.4291626612345376
d5261325-e40c-4ed4-bbbf-5ce24d3de844,Karlstraße 15,2025-07-08 17:00:00+02:00,35.5173708597819
d5261325-e40c-4ed4-bbbf-5ce24d3de844,Karlstraße 15,2025-07-08 18:00:00+02:00,12.05356534322103
d5261325-e40c-4ed4-bbbf-5ce24d3de844,Karlstraße 15,2025-07-08 19:00:00+02:00,14.967537720998129
d5261325-e40c-4ed4-bbbf-5ce24d3de844,Karlstraße 15,2025-07-08 20:00:00+02:00,9.427074750264486
d5261325-e40c-4ed4-bbbf-5ce24d3de844,Karlstraße 15,2025-07-08 21:00:00+02:00,13.636951923370361
d5261325-e40c-4ed4-bbbf-5ce24d3de844,Karlstraße 15,2025-07-08 22:00:00+02:00,14.69934876759847
d5261325-e40c-4ed4-bbbf-5ce24d3de844,Karlstraße 15,2025-07-08 23:00:00+02:00,19.442466894785564
d5261325-e40c-4ed4-bbbf-5ce24d3de844,Karlstraße 15,2025-07-09 00:00:00+02:00,14.34377527236938
d5261325-e40c-4ed4-bbbf-5ce24d3de844,Karlstraße 15,2025-07-09 01:00:00+02:00,6.541077772776286
d5261325-e40c-4ed4-bbbf-5ce24d3de844,Karlstraße 15,2025-07-09 02:00:00+02:00,11.375083446502678
d5261325-e40c-4ed4-bbbf-5ce24d3de844,Karlstraße 15,2025-07-09 03:00:00+02:00,16.57093286514283
d5261325-e40c-4ed4-bbbf-5ce24d3de844,Karlstraße 15,2025-07-09 04:00:00+02:00,20.39822832743326
d5261325-e40c-4ed4-bbbf-5ce24d3de844,Karlstraße 15,2025-07-09 05:00:00+02:00,19.152466138203938
d5261325-e40c-4ed4-bbbf-5ce24d3de844,Karlstraße 15,2025-07-09 06:00:00+02:00,15.38841724395752
d5261325-e40c-4ed4-bbbf-5ce24d3de844,Karlstraße 15,2025-07-09 07:00:00+02:00,10.531010468800863
d5261325-e40c-4ed4-bbbf-5ce24d3de844,Karlstraße 15,2025-07-09 08:00:00+02:00,10.419209480285645
d5261325-e40c-4ed4-bbbf-5ce24d3de844,Karlstraße 15,2025-07-09 09:00:00+02:00,15.076963742574057
d5261325-e40c-4ed4-bbbf-5ce24d3de844,Karlstraße 15,2025-07-09 10:00:00+02:00,2.661343256632487
d5261325-e40c-4ed4-bbbf-5ce24d3de844,Karlstraße 15,2025-07-09 11:00:00+02:00,38.042622884114586
d5261325-e40c-4ed4-bbbf-5ce24d3de844,Karlstraße 15,2025-07-09 12:00:00+02:00,16.935105959574383
d5261325-e40c-4ed4-bbbf-5ce24d3de844,Karlstraße 15,2025-07-09 13:00:00+02:00,16.969409942626953
d5261325-e40c-4ed4-bbbf-5ce24d3de844,Karlstraße 15,2025-07-09 14:00:00+02:00,25.260422070821125
d5261325-e40c-4ed4-bbbf-5ce24d3de844,Karlstraße 15,2025-07-09 15:00:00+02:00,6.229568163553874
d5261325-e40c-4ed4-bbbf-5ce24d3de844,Karlstraße 15,2025-07-09 16:00:00+02:00,51.1191291809082
d5261325-e40c-4ed4-bbbf-5ce24d3de844,Karlstraße 15,2025-07-09 17:00:00+02:00,17.288757642110188
d5261325-e40c-4ed4-bbbf-5ce24d3de844,Karlstraße 15,2025-07-09 18:00:00+02:00,34.049818674723305
d5261325-e40c-4ed4-bbbf-5ce24d3de844,Karlstraße 15,2025-07-09 19:00:00+02:00,8.496275742848715
d5261325-e40c-4ed4-bbbf-5ce24d3de844,Karlstraße 15,2025-07-09 20:00:00+02:00,8.772413412729898
d5261325-e40c-4ed4-bbbf-5ce24d3de844,Karlstraße 15,2025-07-09 21:00:00+02:00,6.2091591358184814
d5261325-e40c-4ed4-bbbf-5ce24d3de844,Karlstraße 15,2025-07-09 22:00:00+02:00,11.122683763504028
d5261325-e40c-4ed4-bbbf-5ce24d3de844,Karlstraße 15,2025-07-09 23:00:00+02:00,19.25836753845215
d5261325-e40c-4ed4-bbbf-5ce24d3de844,Karlstraße 15,2025-07-10 00:00:00+02:00,12.012171745300293
d5261325-e40c-4ed4-bbbf-5ce24d3de844,Karlstraße 15,2025-07-10 01:00:00+02:00,6.278789043426514
d5261325-e40c-4ed4-bbbf-5ce24d3de844,Karlstraße 15,2025-07-10 02:00:00+02:00,10.013320922851562
d5261325-e40c-4ed4-bbbf-5ce24d3de844,Karlstraße 15,2025-07-10 03:00:00+02:00,16.374495347340893
d5261325-e40c-4ed4-bbbf-5ce24d3de844,Karlstraße 15,2025-07-10 04:00:00+02:00,23.74167863527934
d5261325-e40c-4ed4-bbbf-5ce24d3de844,Karlstraße 15,2025-07-10 05:00:00+02:00,15.67162044843038
d5261325-e40c-4ed4-bbbf-5ce24d3de844,Karlstraße 15,2025-07-10 06:00:00+02:00,14.504219849904382
d5261325-e40c-4ed4-bbbf-5ce24d3de844,Karlstraße 15,2025-07-10 07:00:00+02:00,3.575833479563395
d5261325-e40c-4ed4-bbbf-5ce24d3de844,Karlstraße 15,2025-07-10 08:00:00+02:00,6.799086411794026
d5261325-e40c-4ed4-bbbf-5ce24d3de844,Karlstraße 15,2025-07-10 09:00:00+02:00,3.1541242599487305
d5261325-e40c-4ed4-bbbf-5ce24d3de844,Karlstraße 15,2025-07-10 10:00:00+02:00,3.7366552352905273
d5261325-e40c-4ed4-bbbf-5ce24d3de844,Karlstraße 15,2025-07-10 11:00:00+02:00,17.83235200246175
d5261325-e40c-4ed4-bbbf-5ce24d3de844,Karlstraße 15,2025-07-10 12:00:00+02:00,10.074973742167154
d5261325-e40c-4ed4-bbbf-5ce24d3de844,Karlstraße 15,2025-07-10 13:00:00+02:00,2.2290576299031577
d5261325-e40c-4ed4-bbbf-5ce24d3de844,Karlstraße 15,2025-07-10 14:00:00+02:00,30.52094078063965
d5261325-e40c-4ed4-bbbf-5ce24d3de844,Karlstraße 15,2025-07-10 15:00:00+02:00,6.817161877950032
d5261325-e40c-4ed4-bbbf-5ce24d3de844,Karlstraße 15,2025-07-10 16:00:00+02:00,23.25669542948405
d5261325-e40c-4ed4-bbbf-5ce24d3de844,Karlstraße 15,2025-07-10 17:00:00+02:00,23.31973997751872
d5261325-e40c-4ed4-bbbf-5ce24d3de844,Karlstraße 15,2025-07-10 18:00:00+02:00,48.02877616882324
d5261325-e40c-4ed4-bbbf-5ce24d3de844,Karlstraße 15,2025-07-10 19:00:00+02:00,15.127825736999512
d5261325-e40c-4ed4-bbbf-5ce24d3de844,Karlstraße 15,2025-07-10 20:00:00+02:00,10.280681292215982
d5261325-e40c-4ed4-bbbf-5ce24d3de844,Karlstraße 15,2025-07-10 21:00:00+02:00,5.86903961499532
d5261325-e40c-4ed4-bbbf-5ce24d3de844,Karlstraße 15,2025-07-10 22:00:00+02:00,7.8451562722524
d5261325-e40c-4ed4-bbbf-5ce24d3de844,Karlstraße 15,2025-07-10 23:00:00+02:00,17.739962577819817
d5261325-e40c-4ed4-bbbf-5ce24d3de844,Karlstraße 15,2025-07-11 00:00:00+02:00,16.74984518686931
d5261325-e40c-4ed4-bbbf-5ce24d3de844,Karlstraße 15,2025-07-11 01:00:00+02:00,7.756510416666667
d5261325-e40c-4ed4-bbbf-5ce24d3de844,Karlstraße 15,2025-07-11 02:00:00+02:00,12.074476877848307
d5261325-e40c-4ed4-bbbf-5ce24d3de844,Karlstraße 15,2025-07-11 03:00:00+02:00,15.960172494252516
d5261325-e40c-4ed4-bbbf-5ce24d3de844,Karlstraße 15,2025-07-11 04:00:00+02:00,23.789565881093342
d5261325-e40c-4ed4-bbbf-5ce24d3de844,Karlstraße 15,2025-07-11 05:00:00+02:00,19.21687110265096
d5261325-e40c-4ed4-bbbf-5ce24d3de844,Karlstraße 15,2025-07-11 06:00:00+02:00,16.176183223724365
d5261325-e40c-4ed4-bbbf-5ce24d3de844,Karlstraße 15,2025-07-11 07:00:00+02:00,24.12720012664795
d5261325-e40c-4ed4-bbbf-5ce24d3de844,Karlstraße 15,2025-07-11 08:00:00+02:00,8.291412353515625
d5261325-e40c-4ed4-bbbf-5ce24d3de844,Karlstraße 15,2025-07-11 09:00:00+02:00,18.22662576039632
d5261325-e40c-4ed4-bbbf-5ce24d3de844,Karlstraße 15,2025-07-11 10:00:00+02:00,35.76970132191976
d5261325-e40c-4ed4-bbbf-5ce24d3de844,Karlstraße 15,2025-07-11 11:00:00+02:00,44.58182907104492
d5261325-e40c-4ed4-bbbf-5ce24d3de844,Karlstraße 15,2025-07-11 12:00:00+02:00,40.314526875813804
d5261325-e40c-4ed4-bbbf-5ce24d3de844,Karlstraße 15,2025-07-11 13:00:00+02:00,31.570042610168457
d5261325-e40c-4ed4-bbbf-5ce24d3de844,Karlstraße 15,2025-07-11 14:00:00+02:00,15.65372085571289
d5261325-e40c-4ed4-bbbf-5ce24d3de844,Karlstraße 15,2025-07-11 15:00:00+02:00,43.30988470713297
d5261325-e40c-4ed4-bbbf-5ce24d3de844,Karlstraße 15,2025-07-11 16:00:00+02:00,43.26381619771322
d5261325-e40c-4ed4-bbbf-5ce24d3de844,Karlstraße 15,2025-07-11 17:00:00+02:00,53.69828351338705
d5261325-e40c-4ed4-bbbf-5ce24d3de844,Karlstraße 15,2025-07-11 18:00:00+02:00,52.62017377217611
d5261325-e40c-4ed4-bbbf-5ce24d3de844,Karlstraße 15,2025-07-11 19:00:00+02:00,40.05971018473307
d5261325-e40c-4ed4-bbbf-5ce24d3de844,Karlstraße 15,2025-07-11 20:00:00+02:00,8.370635350545248
d5261325-e40c-4ed4-bbbf-5ce24d3de844,Karlstraße 15,2025-07-11 21:00:00+02:00,7.524626096089681
d5261325-e40c-4ed4-bbbf-5ce24d3de844,Karlstraße 15,2025-07-11 22:00:00+02:00,7.0387771924336775
d5261325-e40c-4ed4-bbbf-5ce24d3de844,Karlstraße 15,2025-07-11 23:00:00+02:00,25.03913394610088
d5261325-e40c-4ed4-bbbf-5ce24d3de844,Karlstraße 15,2025-07-12 00:00:00+02:00,13.828357855478922
d5261325-e40c-4ed4-bbbf-5ce24d3de844,Karlstraße 15,2025-07-12 01:00:00+02:00,12.104106267293295
d5261325-e40c-4ed4-bbbf-5ce24d3de844,Karlstraße 15,2025-07-12 02:00:00+02:00,7.623898188273112
d5261325-e40c-4ed4-bbbf-5ce24d3de844,Karlstraße 15,2025-07-12 03:00:00+02:00,17.217578252156574
d5261325-e40c-4ed4-bbbf-5ce24d3de844,Karlstraße 15,2025-07-12 04:00:00+02:00,13.826061487197876
d5261325-e40c-4ed4-bbbf-5ce24d3de844,Karlstraße 15,2025-07-12 05:00:00+02:00,5.026028871536255
d5261325-e40c-4ed4-bbbf-5ce24d3de844,Karlstraße 15,2025-07-12 06:00:00+02:00,13.796129862467447
d5261325-e40c-4ed4-bbbf-5ce24d3de844,Karlstraße 15,2025-07-12 07:00:00+02:00,4.770620663960774
d5261325-e40c-4ed4-bbbf-5ce24d3de844,Karlstraße 15,2025-07-12 08:00:00+02:00,4.231932163238525
d5261325-e40c-4ed4-bbbf-5ce24d3de844,Karlstraße 15,2025-07-12 09:00:00+02:00,18.34845431645711
d5261325-e40c-4ed4-bbbf-5ce24d3de844,Karlstraße 15,2025-07-12 10:00:00+02:00,87.53333600362141
d5261325-e40c-4ed4-bbbf-5ce24d3de844,Karlstraße 15,2025-07-12 11:00:00+02:00,50.16092046101888
d5261325-e40c-4ed4-bbbf-5ce24d3de844,Karlstraße 15,2025-07-12 12:00:00+02:00,19.187386830647785
d5261325-e40c-4ed4-bbbf-5ce24d3de844,Karlstraße 15,2025-07-12 13:00:00+02:00,7.711067835489909
d5261325-e40c-4ed4-bbbf-5ce24d3de844,Karlstraße 15,2025-07-12 14:00:00+02:00,27.759859720865887
d5261325-e40c-4ed4-bbbf-5ce24d3de844,Karlstraße 15,2025-07-12 15:00:00+02:00,16.909802118937176
d5261325-e40c-4ed4-bbbf-5ce24d3de844,Karlstraße 15,2025-07-12 16:00:00+02:00,20.05182711283366
d5261325-e40c-4ed4-bbbf-5ce24d3de844,Karlstraße 15,2025-07-12 17:00:00+02:00,50.573513666788735
d5261325-e40c-4ed4-bbbf-5ce24d3de844,Karlstraße 15,2025-07-12 18:00:00+02:00,14.922550519307455
d5261325-e40c-4ed4-bbbf-5ce24d3de844,Karlstraße 15,2025-07-12 19:00:00+02:00,12.296799659729004
d5261325-e40c-4ed4-bbbf-5ce24d3de844,Karlstraße 15,2025-07-12 20:00:00+02:00,9.392646630605062
d5261325-e40c-4ed4-bbbf-5ce24d3de844,Karlstraße 15,2025-07-12 21:00:00+02:00,7.060466368993123
d5261325-e40c-4ed4-bbbf-5ce24d3de844,Karlstraße 15,2025-07-12 22:00:00+02:00,4.133585850397746
d5261325-e40c-4ed4-bbbf-5ce24d3de844,Karlstraße 15,2025-07-12 23:00:00+02:00,15.886795043945312
d5261325-e40c-4ed4-bbbf-5ce24d3de844,Karlstraße 15,2025-07-13 00:00:00+02:00,22.8161457379659
d5261325-e40c-4ed4-bbbf-5ce24d3de844,Karlstraße 15,2025-07-13 01:00:00+02:00,5.295979976654053
d5261325-e40c-4ed4-bbbf-5ce24d3de844,Karlstraße 15,2025-07-13 02:00:00+02:00,14.425327698389689
d5261325-e40c-4ed4-bbbf-5ce24d3de844,Karlstraße 15,2025-07-13 03:00:00+02:00,11.70388511989428
d5261325-e40c-4ed4-bbbf-5ce24d3de844,Karlstraße 15,2025-07-13 04:00:00+02:00,12.206012552434748
d5261325-e40c-4ed4-bbbf-5ce24d3de844,Karlstraße 15,2025-07-13 05:00:00+02:00,13.658124469575428
d5261325-e40c-4ed4-bbbf-5ce24d3de844,Karlstraße 15,2025-07-13 06:00:00+02:00,15.919768905639643
d5261325-e40c-4ed4-bbbf-5ce24d3de844,Karlstraße 15,2025-07-13 07:00:00+02:00,21.13611562628495
d5261325-e40c-4ed4-bbbf-5ce24d3de844,Karlstraße 15,2025-07-13 08:00:00+02:00,26.70419141981337
d5261325-e40c-4ed4-bbbf-5ce24d3de844,Karlstraße 15,2025-07-13 09:00:00+02:00,10.968149521771599
d5261325-e40c-4ed4-bbbf-5ce24d3de844,Karlstraße 15,2025-07-13 10:00:00+02:00,31.009204387664795
d5261325-e40c-4ed4-bbbf-5ce24d3de844,Karlstraße 15,2025-07-13 11:00:00+02:00,15.97291971842448
d5261325-e40c-4ed4-bbbf-5ce24d3de844,Karlstraße 15,2025-07-13 12:00:00+02:00,18.644727434430802
d5261325-e40c-4ed4-bbbf-5ce24d3de844,Karlstraße 15,2025-07-13 13:00:00+02:00,36.27975874680739
d5261325-e40c-4ed4-bbbf-5ce24d3de844,Karlstraße 15,2025-07-13 14:00:00+02:00,44.1666202545166
d5261325-e40c-4ed4-bbbf-5ce24d3de844,Karlstraße 15,2025-07-13 15:00:00+02:00,17.249088634144176
d5261325-e40c-4ed4-bbbf-5ce24d3de844,Karlstraße 15,2025-07-13 16:00:00+02:00,6.95007095336914
d5261325-e40c-4ed4-bbbf-5ce24d3de844,Karlstraße 15,2025-07-13 17:00:00+02:00,12.247141944037544
d5261325-e40c-4ed4-bbbf-5ce24d3de844,Karlstraße 15,2025-07-13 18:00:00+02:00,7.646544456481934
d5261325-e40c-4ed4-bbbf-5ce24d3de844,Karlstraße 15,2025-07-13 19:00:00+02:00,36.23991257803781
d5261325-e40c-4ed4-bbbf-5ce24d3de844,Karlstraße 15,2025-07-13 20:00:00+02:00,17.149366060892742
d5261325-e40c-4ed4-bbbf-5ce24d3de844,Karlstraße 15,2025-07-13 21:00:00+02:00,1.971734619140625
d5261325-e40c-4ed4-bbbf-5ce24d3de844,Karlstraße 15,2025-07-13 22:00:00+02:00,6.094364166259766
d5261325-e40c-4ed4-bbbf-5ce24d3de844,Karlstraße 15,2025-07-13 23:00:00+02:00,8.532600402832038
d5261325-e40c-4ed4-bbbf-5ce24d3de844,Karlstraße 15,2025-07-14 00:00:00+02:00,10.793338775634766
d5261325-e40c-4ed4-bbbf-5ce24d3de844,Karlstraße 15,2025-07-14 01:00:00+02:00,2.8995399475097656
d52b73da-cc5a-4e5d-83dd-3c028d3435ca,Alicestraße 2,2025-06-30 03:00:00+02:00,1.7315521240234375
d52b73da-cc5a-4e5d-83dd-3c028d3435ca,Alicestraße 2,2025-06-30 04:00:00+02:00,6.09136962890625
d52b73da-cc5a-4e5d-83dd-3c028d3435ca,Alicestraße 2,2025-06-30 05:00:00+02:00,11.353128433227539
d52b73da-cc5a-4e5d-83dd-3c028d3435ca,Alicestraße 2,2025-06-30 06:00:00+02:00,12.030748844146729
d52b73da-cc5a-4e5d-83dd-3c028d3435ca,Alicestraße 2,2025-06-30 07:00:00+02:00,7.280985260009766
d52b73da-cc5a-4e5d-83dd-3c028d3435ca,Alicestraße 2,2025-06-30 08:00:00+02:00,4.7133636474609375
d52b73da-cc5a-4e5d-83dd-3c028d3435ca,Alicestraße 2,2025-06-30 09:00:00+02:00,14.62813241141183
d52b73da-cc5a-4e5d-83dd-3c028d3435ca,Alicestraße 2,2025-06-30 10:00:00+02:00,1.910567283630371
d52b73da-cc5a-4e5d-83dd-3c028d3435ca,Alicestraße 2,2025-06-30 11:00:00+02:00,10.263598971896702
d52b73da-cc5a-4e5d-83dd-3c028d3435ca,Alicestraße 2,2025-06-30 12:00:00+02:00,2.907868194580078
d52b73da-cc5a-4e5d-83dd-3c028d3435ca,Alicestraße 2,2025-06-30 13:00:00+02:00,2.7632231278852983
d52b73da-cc5a-4e5d-83dd-3c028d3435ca,Alicestraße 2,2025-06-30 14:00:00+02:00,3.7407538096110025
d52b73da-cc5a-4e5d-83dd-3c028d3435ca,Alicestraße 2,2025-06-30 15:00:00+02:00,5.575951796311599
d52b73da-cc5a-4e5d-83dd-3c028d3435ca,Alicestraße 2,2025-06-30 16:00:00+02:00,33.46472385951451
d52b73da-cc5a-4e5d-83dd-3c028d3435ca,Alicestraße 2,2025-06-30 17:00:00+02:00,31.447952270507812
d52b73da-cc5a-4e5d-83dd-3c028d3435ca,Alicestraße 2,2025-06-30 18:00:00+02:00,5.612223863601685
d52b73da-cc5a-4e5d-83dd-3c028d3435ca,Alicestraße 2,2025-06-30 19:00:00+02:00,11.130374796250287
d52b73da-cc5a-4e5d-83dd-3c028d3435ca,Alicestraße 2,2025-06-30 20:00:00+02:00,6.525309880574544
d52b73da-cc5a-4e5d-83dd-3c028d3435ca,Alicestraße 2,2025-06-30 21:00:00+02:00,7.614164352416992
d52b73da-cc5a-4e5d-83dd-3c028d3435ca,Alicestraße 2,2025-06-30 22:00:00+02:00,6.430186557769775
d52b73da-cc5a-4e5d-83dd-3c028d3435ca,Alicestraße 2,2025-06-30 23:00:00+02:00,5.498023623511905
d52b73da-cc5a-4e5d-83dd-3c028d3435ca,Alicestraße 2,2025-07-01 00:00:00+02:00,8.370776783336293
d52b73da-cc5a-4e5d-83dd-3c028d3435ca,Alicestraße 2,2025-07-01 01:00:00+02:00,1.4794439232867698
d52b73da-cc5a-4e5d-83dd-3c028d3435ca,Alicestraße 2,2025-07-01 02:00:00+02:00,1.2076212565104167
d52b73da-cc5a-4e5d-83dd-3c028d3435ca,Alicestraße 2,2025-07-01 03:00:00+02:00,1.98698091506958
d52b73da-cc5a-4e5d-83dd-3c028d3435ca,Alicestraße 2,2025-07-01 04:00:00+02:00,5.9059319496154785
d52b73da-cc5a-4e5d-83dd-3c028d3435ca,Alicestraße 2,2025-07-01 05:00:00+02:00,11.352729956309
d52b73da-cc5a-4e5d-83dd-3c028d3435ca,Alicestraße 2,2025-07-01 06:00:00+02:00,23.685673475265503
d52b73da-cc5a-4e5d-83dd-3c028d3435ca,Alicestraße 2,2025-07-01 07:00:00+02:00,15.417896111806234
d52b73da-cc5a-4e5d-83dd-3c028d3435ca,Alicestraße 2,2025-07-01 08:00:00+02:00,17.544020970662434
d52b73da-cc5a-4e5d-83dd-3c028d3435ca,Alicestraße 2,2025-07-01 09:00:00+02:00,30.605828921000164
d52b73da-cc5a-4e5d-83dd-3c028d3435ca,Alicestraße 2,2025-07-01 10:00:00+02:00,13.3087739944458
d52b73da-cc5a-4e5d-83dd-3c028d3435ca,Alicestraße 2,2025-07-01 11:00:00+02:00,55.130876223246254
d52b73da-cc5a-4e5d-83dd-3c028d3435ca,Alicestraße 2,2025-07-01 12:00:00+02:00,18.783352533976238
d52b73da-cc5a-4e5d-83dd-3c028d3435ca,Alicestraße 2,2025-07-01 13:00:00+02:00,30.632914861043293
d52b73da-cc5a-4e5d-83dd-3c028d3435ca,Alicestraße 2,2025-07-01 14:00:00+02:00,25.5817969640096
d52b73da-cc5a-4e5d-83dd-3c028d3435ca,Alicestraße 2,2025-07-01 15:00:00+02:00,20.941258430480957
d52b73da-cc5a-4e5d-83dd-3c028d3435ca,Alicestraße 2,2025-07-01 16:00:00+02:00,26.265629291534424
d52b73da-cc5a-4e5d-83dd-3c028d3435ca,Alicestraße 2,2025-07-01 17:00:00+02:00,18.99285141626994
d52b73da-cc5a-4e5d-83dd-3c028d3435ca,Alicestraße 2,2025-07-01 18:00:00+02:00,5.578126112620036
d52b73da-cc5a-4e5d-83dd-3c028d3435ca,Alicestraße 2,2025-07-01 19:00:00+02:00,12.086094617843628
d52b73da-cc5a-4e5d-83dd-3c028d3435ca,Alicestraße 2,2025-07-01 20:00:00+02:00,7.1395942370096845
d52b73da-cc5a-4e5d-83dd-3c028d3435ca,Alicestraße 2,2025-07-01 21:00:00+02:00,13.003119071324667
d52b73da-cc5a-4e5d-83dd-3c028d3435ca,Alicestraße 2,2025-07-01 22:00:00+02:00,8.690386533737183
d52b73da-cc5a-4e5d-83dd-3c028d3435ca,Alicestraße 2,2025-07-01 23:00:00+02:00,4.981572945912679
d52b73da-cc5a-4e5d-83dd-3c028d3435ca,Alicestraße 2,2025-07-02 00:00:00+02:00,8.046815554300943
d52b73da-cc5a-4e5d-83dd-3c028d3435ca,Alicestraße 2,2025-07-02 01:00:00+02:00,1.549251397450765
d52b73da-cc5a-4e5d-83dd-3c028d3435ca,Alicestraße 2,2025-07-02 02:00:00+02:00,2.231269677480062
d52b73da-cc5a-4e5d-83dd-3c028d3435ca,Alicestraße 2,2025-07-02 03:00:00+02:00,4.861145814259847
d52b73da-cc5a-4e5d-83dd-3c028d3435ca,Alicestraße 2,2025-07-02 04:00:00+02:00,9.379684448242188
d52b73da-cc5a-4e5d-83dd-3c028d3435ca,Alicestraße 2,2025-07-02 05:00:00+02:00,20.598412195841473
d52b73da-cc5a-4e5d-83dd-3c028d3435ca,Alicestraße 2,2025-07-02 06:00:00+02:00,14.57351406415304
d52b73da-cc5a-4e5d-83dd-3c028d3435ca,Alicestraße 2,2025-07-02 07:00:00+02:00,16.196588198343914
d52b73da-cc5a-4e5d-83dd-3c028d3435ca,Alicestraße 2,2025-07-02 08:00:00+02:00,8.186234951019287
d52b73da-cc5a-4e5d-83dd-3c028d3435ca,Alicestraße 2,2025-07-02 09:00:00+02:00,50.509087244669594
d52b73da-cc5a-4e5d-83dd-3c028d3435ca,Alicestraße 2,2025-07-02 10:00:00+02:00,30.442265669504803
d52b73da-cc5a-4e5d-83dd-3c028d3435ca,Alicestraße 2,2025-07-02 11:00:00+02:00,46.03136761983236
d52b73da-cc5a-4e5d-83dd-3c028d3435ca,Alicestraße 2,2025-07-02 12:00:00+02:00,55.269256909688316
d52b73da-cc5a-4e5d-83dd-3c028d3435ca,Alicestraße 2,2025-07-02 13:00:00+02:00,49.23158407211304
d52b73da-cc5a-4e5d-83dd-3c028d3435ca,Alicestraße 2,2025-07-02 14:00:00+02:00,52.741579373677574
d52b73da-cc5a-4e5d-83dd-3c028d3435ca,Alicestraße 2,2025-07-02 15:00:00+02:00,50.95308971405029
d52b73da-cc5a-4e5d-83dd-3c028d3435ca,Alicestraße 2,2025-07-02 16:00:00+02:00,42.31994295120239
d52b73da-cc5a-4e5d-83dd-3c028d3435ca,Alicestraße 2,2025-07-02 17:00:00+02:00,5.28579044342041
d52b73da-cc5a-4e5d-83dd-3c028d3435ca,Alicestraße 2,2025-07-02 18:00:00+02:00,17.33019272486369
d52b73da-cc5a-4e5d-83dd-3c028d3435ca,Alicestraße 2,2025-07-02 19:00:00+02:00,10.252849817276001
d52b73da-cc5a-4e5d-83dd-3c028d3435ca,Alicestraße 2,2025-07-02 20:00:00+02:00,5.606770753860474
d52b73da-cc5a-4e5d-83dd-3c028d3435ca,Alicestraße 2,2025-07-02 21:00:00+02:00,6.284003496170044
d52b73da-cc5a-4e5d-83dd-3c028d3435ca,Alicestraße 2,2025-07-02 22:00:00+02:00,3.79835311571757
d52b73da-cc5a-4e5d-83dd-3c028d3435ca,Alicestraße 2,2025-07-02 23:00:00+02:00,4.623964309692383
d52b73da-cc5a-4e5d-83dd-3c028d3435ca,Alicestraße 2,2025-07-03 00:00:00+02:00,1.5123254458109539
d52b73da-cc5a-4e5d-83dd-3c028d3435ca,Alicestraße 2,2025-07-03 01:00:00+02:00,3.2313124338785806
d52b73da-cc5a-4e5d-83dd-3c028d3435ca,Alicestraße 2,2025-07-03 02:00:00+02:00,4.920908133188884
d52b73da-cc5a-4e5d-83dd-3c028d3435ca,Alicestraße 2,2025-07-03 03:00:00+02:00,4.432455221811931
d52b73da-cc5a-4e5d-83dd-3c028d3435ca,Alicestraße 2,2025-07-03 04:00:00+02:00,7.635108629862468
d52b73da-cc5a-4e5d-83dd-3c028d3435ca,Alicestraße 2,2025-07-03 05:00:00+02:00,14.399011691411337
d52b73da-cc5a-4e5d-83dd-3c028d3435ca,Alicestraße 2,2025-07-03 06:00:00+02:00,18.043425401051838
d52b73da-cc5a-4e5d-83dd-3c028d3435ca,Alicestraße 2,2025-07-03 07:00:00+02:00,9.554172197977701
d52b73da-cc5a-4e5d-83dd-3c028d3435ca,Alicestraße 2,2025-07-03 08:00:00+02:00,4.922972679138184
d52b73da-cc5a-4e5d-83dd-3c028d3435ca,Alicestraße 2,2025-07-03 09:00:00+02:00,5.859789848327637
d52b73da-cc5a-4e5d-83dd-3c028d3435ca,Alicestraße 2,2025-07-03 10:00:00+02:00,13.69963010152181
d52b73da-cc5a-4e5d-83dd-3c028d3435ca,Alicestraße 2,2025-07-03 11:00:00+02:00,3.5945351918538413
d52b73da-cc5a-4e5d-83dd-3c028d3435ca,Alicestraße 2,2025-07-03 12:00:00+02:00,5.068802197774251
d52b73da-cc5a-4e5d-83dd-3c028d3435ca,Alicestraße 2,2025-07-03 13:00:00+02:00,2.6596240997314453
d52b73da-cc5a-4e5d-83dd-3c028d3435ca,Alicestraße 2,2025-07-03 14:00:00+02:00,7.421221415201823
d52b73da-cc5a-4e5d-83dd-3c028d3435ca,Alicestraße 2,2025-07-03 15:00:00+02:00,14.617283821105957
d52b73da-cc5a-4e5d-83dd-3c028d3435ca,Alicestraße 2,2025-07-03 16:00:00+02:00,25.69209861755371
d52b73da-cc5a-4e5d-83dd-3c028d3435ca,Alicestraße 2,2025-07-03 17:00:00+02:00,23.190468470255535
d52b73da-cc5a-4e5d-83dd-3c028d3435ca,Alicestraße 2,2025-07-03 18:00:00+02:00,7.042804718017578
d52b73da-cc5a-4e5d-83dd-3c028d3435ca,Alicestraße 2,2025-07-03 19:00:00+02:00,18.861761728922527
d52b73da-cc5a-4e5d-83dd-3c028d3435ca,Alicestraße 2,2025-07-03 20:00:00+02:00,12.297393719355265
d52b73da-cc5a-4e5d-83dd-3c028d3435ca,Alicestraße 2,2025-07-03 21:00:00+02:00,4.138629833857219
d52b73da-cc5a-4e5d-83dd-3c028d3435ca,Alicestraße 2,2025-07-03 22:00:00+02:00,9.228401104609171
d52b73da-cc5a-4e5d-83dd-3c028d3435ca,Alicestraße 2,2025-07-03 23:00:00+02:00,5.910850524902344
d52b73da-cc5a-4e5d-83dd-3c028d3435ca,Alicestraße 2,2025-07-04 00:00:00+02:00,5.187992413838704
d52b73da-cc5a-4e5d-83dd-3c028d3435ca,Alicestraße 2,2025-07-04 01:00:00+02:00,3.483656406402588
d52b73da-cc5a-4e5d-83dd-3c028d3435ca,Alicestraße 2,2025-07-04 02:00:00+02:00,5.157774289449056
d52b73da-cc5a-4e5d-83dd-3c028d3435ca,Alicestraße 2,2025-07-04 03:00:00+02:00,7.2218217849731445
d52b73da-cc5a-4e5d-83dd-3c028d3435ca,Alicestraße 2,2025-07-04 04:00:00+02:00,8.184574286142984
d52b73da-cc5a-4e5d-83dd-3c028d3435ca,Alicestraße 2,2025-07-04 05:00:00+02:00,14.99984860420227
d52b73da-cc5a-4e5d-83dd-3c028d3435ca,Alicestraße 2,2025-07-04 06:00:00+02:00,11.792698780695602
d52b73da-cc5a-4e5d-83dd-3c028d3435ca,Alicestraße 2,2025-07-04 07:00:00+02:00,8.878308455149332
d52b73da-cc5a-4e5d-83dd-3c028d3435ca,Alicestraße 2,2025-07-04 08:00:00+02:00,9.431904951731363
d52b73da-cc5a-4e5d-83dd-3c028d3435ca,Alicestraße 2,2025-07-04 09:00:00+02:00,12.44957160949707
d52b73da-cc5a-4e5d-83dd-3c028d3435ca,Alicestraße 2,2025-07-04 10:00:00+02:00,24.687681833902996
d52b73da-cc5a-4e5d-83dd-3c028d3435ca,Alicestraße 2,2025-07-04 11:00:00+02:00,25.158597310384113
d52b73da-cc5a-4e5d-83dd-3c028d3435ca,Alicestraße 2,2025-07-04 12:00:00+02:00,7.046655654907227
d52b73da-cc5a-4e5d-83dd-3c028d3435ca,Alicestraße 2,2025-07-04 13:00:00+02:00,35.042365392049156
d52b73da-cc5a-4e5d-83dd-3c028d3435ca,Alicestraße 2,2025-07-04 14:00:00+02:00,17.817269961039226
d52b73da-cc5a-4e5d-83dd-3c028d3435ca,Alicestraße 2,2025-07-04 15:00:00+02:00,7.348899841308594
d52b73da-cc5a-4e5d-83dd-3c028d3435ca,Alicestraße 2,2025-07-04 16:00:00+02:00,31.50674057006836
d52b73da-cc5a-4e5d-83dd-3c028d3435ca,Alicestraße 2,2025-07-04 17:00:00+02:00,76.748215675354
d52b73da-cc5a-4e5d-83dd-3c028d3435ca,Alicestraße 2,2025-07-04 18:00:00+02:00,36.43838326136271
d52b73da-cc5a-4e5d-83dd-3c028d3435ca,Alicestraße 2,2025-07-04 19:00:00+02:00,13.654277642567953
d52b73da-cc5a-4e5d-83dd-3c028d3435ca,Alicestraße 2,2025-07-04 20:00:00+02:00,19.449808438618977
d52b73da-cc5a-4e5d-83dd-3c028d3435ca,Alicestraße 2,2025-07-04 21:00:00+02:00,10.527867635091146
d52b73da-cc5a-4e5d-83dd-3c028d3435ca,Alicestraße 2,2025-07-04 22:00:00+02:00,4.388013203938802
d52b73da-cc5a-4e5d-83dd-3c028d3435ca,Alicestraße 2,2025-07-04 23:00:00+02:00,8.354545513788858
d52b73da-cc5a-4e5d-83dd-3c028d3435ca,Alicestraße 2,2025-07-05 00:00:00+02:00,4.923720757166545
d52b73da-cc5a-4e5d-83dd-3c028d3435ca,Alicestraße 2,2025-07-05 01:00:00+02:00,3.11431352297465
d52b73da-cc5a-4e5d-83dd-3c028d3435ca,Alicestraße 2,2025-07-05 02:00:00+02:00,4.069751898447673
d52b73da-cc5a-4e5d-83dd-3c028d3435ca,Alicestraße 2,2025-07-05 03:00:00+02:00,3.9599191347757974
d52b73da-cc5a-4e5d-83dd-3c028d3435ca,Alicestraße 2,2025-07-05 04:00:00+02:00,5.322398821512858
d52b73da-cc5a-4e5d-83dd-3c028d3435ca,Alicestraße 2,2025-07-05 05:00:00+02:00,8.264840126037598
d52b73da-cc5a-4e5d-83dd-3c028d3435ca,Alicestraße 2,2025-07-05 06:00:00+02:00,6.250584443410237
d52b73da-cc5a-4e5d-83dd-3c028d3435ca,Alicestraße 2,2025-07-05 07:00:00+02:00,8.336471239725748
d52b73da-cc5a-4e5d-83dd-3c028d3435ca,Alicestraße 2,2025-07-05 08:00:00+02:00,5.8312919934590655
d52b73da-cc5a-4e5d-83dd-3c028d3435ca,Alicestraße 2,2025-07-05 09:00:00+02:00,16.202893892923992
d52b73da-cc5a-4e5d-83dd-3c028d3435ca,Alicestraße 2,2025-07-05 10:00:00+02:00,101.87898604075114
d52b73da-cc5a-4e5d-83dd-3c028d3435ca,Alicestraße 2,2025-07-05 11:00:00+02:00,13.994572957356771
d52b73da-cc5a-4e5d-83dd-3c028d3435ca,Alicestraße 2,2025-07-05 12:00:00+02:00,97.73334693908691
d52b73da-cc5a-4e5d-83dd-3c028d3435ca,Alicestraße 2,2025-07-05 13:00:00+02:00,56.76968510945638
d52b73da-cc5a-4e5d-83dd-3c028d3435ca,Alicestraße 2,2025-07-05 14:00:00+02:00,81.5293067296346
d52b73da-cc5a-4e5d-83dd-3c028d3435ca,Alicestraße 2,2025-07-05 15:00:00+02:00,9.891654332478842
d52b73da-cc5a-4e5d-83dd-3c028d3435ca,Alicestraße 2,2025-07-05 16:00:00+02:00,9.774873415629068
d52b73da-cc5a-4e5d-83dd-3c028d3435ca,Alicestraße 2,2025-07-05 17:00:00+02:00,11.839801470438639
d52b73da-cc5a-4e5d-83dd-3c028d3435ca,Alicestraße 2,2025-07-05 18:00:00+02:00,9.891175429026285
d52b73da-cc5a-4e5d-83dd-3c028d3435ca,Alicestraße 2,2025-07-05 19:00:00+02:00,9.257625738779703
d52b73da-cc5a-4e5d-83dd-3c028d3435ca,Alicestraße 2,2025-07-05 20:00:00+02:00,11.021671215693155
d52b73da-cc5a-4e5d-83dd-3c028d3435ca,Alicestraße 2,2025-07-05 21:00:00+02:00,5.97489579518636
d52b73da-cc5a-4e5d-83dd-3c028d3435ca,Alicestraße 2,2025-07-05 22:00:00+02:00,4.810812711715698
d52b73da-cc5a-4e5d-83dd-3c028d3435ca,Alicestraße 2,2025-07-05 23:00:00+02:00,5.772780736287435
d52b73da-cc5a-4e5d-83dd-3c028d3435ca,Alicestraße 2,2025-07-06 00:00:00+02:00,2.084890127182007
d52b73da-cc5a-4e5d-83dd-3c028d3435ca,Alicestraße 2,2025-07-06 01:00:00+02:00,3.0828024546305337
d52b73da-cc5a-4e5d-83dd-3c028d3435ca,Alicestraße 2,2025-07-06 02:00:00+02:00,4.47379732131958
d52b73da-cc5a-4e5d-83dd-3c028d3435ca,Alicestraße 2,2025-07-06 03:00:00+02:00,5.7980732917785645
d52b73da-cc5a-4e5d-83dd-3c028d3435ca,Alicestraße 2,2025-07-06 04:00:00+02:00,6.210315386454265
d52b73da-cc5a-4e5d-83dd-3c028d3435ca,Alicestraße 2,2025-07-06 05:00:00+02:00,5.715367794036865
d52b73da-cc5a-4e5d-83dd-3c028d3435ca,Alicestraße 2,2025-07-06 06:00:00+02:00,6.9079062938690186
d52b73da-cc5a-4e5d-83dd-3c028d3435ca,Alicestraße 2,2025-07-06 07:00:00+02:00,13.088305393854776
d52b73da-cc5a-4e5d-83dd-3c028d3435ca,Alicestraße 2,2025-07-06 08:00:00+02:00,12.762589454650879
d52b73da-cc5a-4e5d-83dd-3c028d3435ca,Alicestraße 2,2025-07-06 09:00:00+02:00,46.951077143351235
d52b73da-cc5a-4e5d-83dd-3c028d3435ca,Alicestraße 2,2025-07-06 10:00:00+02:00,41.41927146911621
d52b73da-cc5a-4e5d-83dd-3c028d3435ca,Alicestraße 2,2025-07-06 11:00:00+02:00,27.90584150950114
d52b73da-cc5a-4e5d-83dd-3c028d3435ca,Alicestraße 2,2025-07-06 12:00:00+02:00,37.51999155680338
d52b73da-cc5a-4e5d-83dd-3c028d3435ca,Alicestraße 2,2025-07-06 13:00:00+02:00,22.90967305501304
d52b73da-cc5a-4e5d-83dd-3c028d3435ca,Alicestraße 2,2025-07-06 14:00:00+02:00,38.0327262878418
d52b73da-cc5a-4e5d-83dd-3c028d3435ca,Alicestraße 2,2025-07-06 15:00:00+02:00,69.72823079427083
d52b73da-cc5a-4e5d-83dd-3c028d3435ca,Alicestraße 2,2025-07-06 16:00:00+02:00,37.46908060709635
d52b73da-cc5a-4e5d-83dd-3c028d3435ca,Alicestraße 2,2025-07-06 17:00:00+02:00,8.619667530059814
d52b73da-cc5a-4e5d-83dd-3c028d3435ca,Alicestraße 2,2025-07-06 18:00:00+02:00,9.254269679387411
d52b73da-cc5a-4e5d-83dd-3c028d3435ca,Alicestraße 2,2025-07-06 19:00:00+02:00,10.141860246658325
d52b73da-cc5a-4e5d-83dd-3c028d3435ca,Alicestraße 2,2025-07-06 20:00:00+02:00,9.256942590077719
d52b73da-cc5a-4e5d-83dd-3c028d3435ca,Alicestraße 2,2025-07-06 21:00:00+02:00,6.65569281578064
d52b73da-cc5a-4e5d-83dd-3c028d3435ca,Alicestraße 2,2025-07-06 22:00:00+02:00,5.469566186269124
d52b73da-cc5a-4e5d-83dd-3c028d3435ca,Alicestraße 2,2025-07-06 23:00:00+02:00,2.5381742318471274
d52b73da-cc5a-4e5d-83dd-3c028d3435ca,Alicestraße 2,2025-07-07 00:00:00+02:00,12.5420610109965
d52b73da-cc5a-4e5d-83dd-3c028d3435ca,Alicestraße 2,2025-07-07 01:00:00+02:00,6.763013044993083
d52b73da-cc5a-4e5d-83dd-3c028d3435ca,Alicestraße 2,2025-07-07 02:00:00+02:00,4.030066808064778
d52b73da-cc5a-4e5d-83dd-3c028d3435ca,Alicestraße 2,2025-07-07 03:00:00+02:00,3.313011646270752
d52b73da-cc5a-4e5d-83dd-3c028d3435ca,Alicestraße 2,2025-07-07 04:00:00+02:00,3.047138214111328
d52b73da-cc5a-4e5d-83dd-3c028d3435ca,Alicestraße 2,2025-07-07 05:00:00+02:00,4.7230532964070635
d52b73da-cc5a-4e5d-83dd-3c028d3435ca,Alicestraße 2,2025-07-07 06:00:00+02:00,2.774773597717285
d52b73da-cc5a-4e5d-83dd-3c028d3435ca,Alicestraße 2,2025-07-07 07:00:00+02:00,4.182835658391316
d52b73da-cc5a-4e5d-83dd-3c028d3435ca,Alicestraße 2,2025-07-07 08:00:00+02:00,10.875897725423178
d52b73da-cc5a-4e5d-83dd-3c028d3435ca,Alicestraße 2,2025-07-07 09:00:00+02:00,14.261023998260498
d52b73da-cc5a-4e5d-83dd-3c028d3435ca,Alicestraße 2,2025-07-07 10:00:00+02:00,8.635528882344564
d52b73da-cc5a-4e5d-83dd-3c028d3435ca,Alicestraße 2,2025-07-07 11:00:00+02:00,25.020052591959637
d52b73da-cc5a-4e5d-83dd-3c028d3435ca,Alicestraße 2,2025-07-07 12:00:00+02:00,15.418827056884766
d52b73da-cc5a-4e5d-83dd-3c028d3435ca,Alicestraße 2,2025-07-07 13:00:00+02:00,4.013731638590495
d52b73da-cc5a-4e5d-83dd-3c028d3435ca,Alicestraße 2,2025-07-07 14:00:00+02:00,35.638984521230064
d52b73da-cc5a-4e5d-83dd-3c028d3435ca,Alicestraße 2,2025-07-07 15:00:00+02:00,13.070615450541178
d52b73da-cc5a-4e5d-83dd-3c028d3435ca,Alicestraße 2,2025-07-07 16:00:00+02:00,6.639418284098308
d52b73da-cc5a-4e5d-83dd-3c028d3435ca,Alicestraße 2,2025-07-07 17:00:00+02:00,34.0666937828064
d52b73da-cc5a-4e5d-83dd-3c028d3435ca,Alicestraße 2,2025-07-07 18:00:00+02:00,15.924744844436646
d52b73da-cc5a-4e5d-83dd-3c028d3435ca,Alicestraße 2,2025-07-07 19:00:00+02:00,15.139094670613607
d52b73da-cc5a-4e5d-83dd-3c028d3435ca,Alicestraße 2,2025-07-07 20:00:00+02:00,10.909879763921102
d52b73da-cc5a-4e5d-83dd-3c028d3435ca,Alicestraße 2,2025-07-07 21:00:00+02:00,9.812195380528768
d52b73da-cc5a-4e5d-83dd-3c028d3435ca,Alicestraße 2,2025-07-07 22:00:00+02:00,5.903828064600627
d52b73da-cc5a-4e5d-83dd-3c028d3435ca,Alicestraße 2,2025-07-07 23:00:00+02:00,4.3182322184244795
d52b73da-cc5a-4e5d-83dd-3c028d3435ca,Alicestraße 2,2025-07-08 00:00:00+02:00,3.7891756693522134
d52b73da-cc5a-4e5d-83dd-3c028d3435ca,Alicestraße 2,2025-07-08 01:00:00+02:00,3.483818531036377
d52b73da-cc5a-4e5d-83dd-3c028d3435ca,Alicestraße 2,2025-07-08 02:00:00+02:00,2.0215757687886557
d52b73da-cc5a-4e5d-83dd-3c028d3435ca,Alicestraße 2,2025-07-08 03:00:00+02:00,1.8874483108520508
d52b73da-cc5a-4e5d-83dd-3c028d3435ca,Alicestraße 2,2025-07-08 04:00:00+02:00,3.2591910362243652
d52b73da-cc5a-4e5d-83dd-3c028d3435ca,Alicestraße 2,2025-07-08 05:00:00+02:00,12.553295930226644
d52b73da-cc5a-4e5d-83dd-3c028d3435ca,Alicestraße 2,2025-07-08 06:00:00+02:00,21.25162998835246
d52b73da-cc5a-4e5d-83dd-3c028d3435ca,Alicestraße 2,2025-07-08 07:00:00+02:00,16.86268202463786
d52b73da-cc5a-4e5d-83dd-3c028d3435ca,Alicestraße 2,2025-07-08 08:00:00+02:00,5.702208836873372
d52b73da-cc5a-4e5d-83dd-3c028d3435ca,Alicestraße 2,2025-07-08 09:00:00+02:00,26.06662432352702
d52b73da-cc5a-4e5d-83dd-3c028d3435ca,Alicestraße 2,2025-07-08 10:00:00+02:00,12.19442335764567
d52b73da-cc5a-4e5d-83dd-3c028d3435ca,Alicestraße 2,2025-07-08 11:00:00+02:00,27.341756502787273
d52b73da-cc5a-4e5d-83dd-3c028d3435ca,Alicestraße 2,2025-07-08 12:00:00+02:00,49.30481815338135
d52b73da-cc5a-4e5d-83dd-3c028d3435ca,Alicestraße 2,2025-07-08 13:00:00+02:00,72.13228416442871
d52b73da-cc5a-4e5d-83dd-3c028d3435ca,Alicestraße 2,2025-07-08 14:00:00+02:00,75.18776480356853
d52b73da-cc5a-4e5d-83dd-3c028d3435ca,Alicestraße 2,2025-07-08 15:00:00+02:00,136.96141211191812
d52b73da-cc5a-4e5d-83dd-3c028d3435ca,Alicestraße 2,2025-07-08 16:00:00+02:00,29.22117741902669
d52b73da-cc5a-4e5d-83dd-3c028d3435ca,Alicestraße 2,2025-07-08 17:00:00+02:00,16.08691183725993
d52b73da-cc5a-4e5d-83dd-3c028d3435ca,Alicestraße 2,2025-07-08 18:00:00+02:00,3.74989382425944
d52b73da-cc5a-4e5d-83dd-3c028d3435ca,Alicestraße 2,2025-07-08 19:00:00+02:00,14.626837094624838
d52b73da-cc5a-4e5d-83dd-3c028d3435ca,Alicestraße 2,2025-07-08 20:00:00+02:00,7.121633847554523
d52b73da-cc5a-4e5d-83dd-3c028d3435ca,Alicestraße 2,2025-07-08 21:00:00+02:00,13.191762924194336
d52b73da-cc5a-4e5d-83dd-3c028d3435ca,Alicestraße 2,2025-07-08 22:00:00+02:00,8.254880030949911
d52b73da-cc5a-4e5d-83dd-3c028d3435ca,Alicestraße 2,2025-07-08 23:00:00+02:00,4.309367020924886
d52b73da-cc5a-4e5d-83dd-3c028d3435ca,Alicestraße 2,2025-07-09 00:00:00+02:00,9.060765743255615
d52b73da-cc5a-4e5d-83dd-3c028d3435ca,Alicestraße 2,2025-07-09 01:00:00+02:00,2.6839613914489746
d52b73da-cc5a-4e5d-83dd-3c028d3435ca,Alicestraße 2,2025-07-09 02:00:00+02:00,1.8502952257792156
d52b73da-cc5a-4e5d-83dd-3c028d3435ca,Alicestraße 2,2025-07-09 03:00:00+02:00,2.6679340998331704
d52b73da-cc5a-4e5d-83dd-3c028d3435ca,Alicestraße 2,2025-07-09 04:00:00+02:00,6.421008110046387
d52b73da-cc5a-4e5d-83dd-3c028d3435ca,Alicestraße 2,2025-07-09 05:00:00+02:00,18.074198722839355
d52b73da-cc5a-4e5d-83dd-3c028d3435ca,Alicestraße 2,2025-07-09 06:00:00+02:00,13.669840415318811
d52b73da-cc5a-4e5d-83dd-3c028d3435ca,Alicestraße 2,2025-07-09 07:00:00+02:00,17.374709606170654
d52b73da-cc5a-4e5d-83dd-3c028d3435ca,Alicestraße 2,2025-07-09 08:00:00+02:00,6.315180619557698
d52b73da-cc5a-4e5d-83dd-3c028d3435ca,Alicestraße 2,2025-07-09 09:00:00+02:00,3.7073423067728677
d52b73da-cc5a-4e5d-83dd-3c028d3435ca,Alicestraße 2,2025-07-09 10:00:00+02:00,19.77707322438558
d52b73da-cc5a-4e5d-83dd-3c028d3435ca,Alicestraße 2,2025-07-09 11:00:00+02:00,54.908470153808594
d52b73da-cc5a-4e5d-83dd-3c028d3435ca,Alicestraße 2,2025-07-09 12:00:00+02:00,60.77946090698242
d52b73da-cc5a-4e5d-83dd-3c028d3435ca,Alicestraße 2,2025-07-09 13:00:00+02:00,53.853034019470215
d52b73da-cc5a-4e5d-83dd-3c028d3435ca,Alicestraße 2,2025-07-09 14:00:00+02:00,57.16916561126709
d52b73da-cc5a-4e5d-83dd-3c028d3435ca,Alicestraße 2,2025-07-09 15:00:00+02:00,67.57491111755371
d52b73da-cc5a-4e5d-83dd-3c028d3435ca,Alicestraße 2,2025-07-09 16:00:00+02:00,63.19390153884888
d52b73da-cc5a-4e5d-83dd-3c028d3435ca,Alicestraße 2,2025-07-09 17:00:00+02:00,57.669484774271645
d52b73da-cc5a-4e5d-83dd-3c028d3435ca,Alicestraße 2,2025-07-09 18:00:00+02:00,19.932772795359295
d52b73da-cc5a-4e5d-83dd-3c028d3435ca,Alicestraße 2,2025-07-09 19:00:00+02:00,11.808782974878946
d52b73da-cc5a-4e5d-83dd-3c028d3435ca,Alicestraße 2,2025-07-09 20:00:00+02:00,7.72801987330119
d52b73da-cc5a-4e5d-83dd-3c028d3435ca,Alicestraße 2,2025-07-09 21:00:00+02:00,5.809251626332601
d52b73da-cc5a-4e5d-83dd-3c028d3435ca,Alicestraße 2,2025-07-09 22:00:00+02:00,3.8066346645355225
d52b73da-cc5a-4e5d-83dd-3c028d3435ca,Alicestraße 2,2025-07-09 23:00:00+02:00,4.31894318262736
d52b73da-cc5a-4e5d-83dd-3c028d3435ca,Alicestraße 2,2025-07-10 00:00:00+02:00,1.3376205762227376
d52b73da-cc5a-4e5d-83dd-3c028d3435ca,Alicestraße 2,2025-07-10 01:00:00+02:00,2.5760285059611
d52b73da-cc5a-4e5d-83dd-3c028d3435ca,Alicestraße 2,2025-07-10 02:00:00+02:00,4.044928550720215
d52b73da-cc5a-4e5d-83dd-3c028d3435ca,Alicestraße 2,2025-07-10 03:00:00+02:00,3.279384136199951
d52b73da-cc5a-4e5d-83dd-3c028d3435ca,Alicestraße 2,2025-07-10 04:00:00+02:00,6.011806964874268
d52b73da-cc5a-4e5d-83dd-3c028d3435ca,Alicestraße 2,2025-07-10 05:00:00+02:00,12.34403944015503
d52b73da-cc5a-4e5d-83dd-3c028d3435ca,Alicestraße 2,2025-07-10 06:00:00+02:00,16.034672339757282
d52b73da-cc5a-4e5d-83dd-3c028d3435ca,Alicestraße 2,2025-07-10 07:00:00+02:00,8.629814306894938
d52b73da-cc5a-4e5d-83dd-3c028d3435ca,Alicestraße 2,2025-07-10 08:00:00+02:00,3.6505746841430664
d52b73da-cc5a-4e5d-83dd-3c028d3435ca,Alicestraße 2,2025-07-10 09:00:00+02:00,10.379405657450357
d52b73da-cc5a-4e5d-83dd-3c028d3435ca,Alicestraße 2,2025-07-10 10:00:00+02:00,15.347070693969727
d52b73da-cc5a-4e5d-83dd-3c028d3435ca,Alicestraße 2,2025-07-10 11:00:00+02:00,4.698288917541504
d52b73da-cc5a-4e5d-83dd-3c028d3435ca,Alicestraße 2,2025-07-10 12:00:00+02:00,35.14433352152506
d52b73da-cc5a-4e5d-83dd-3c028d3435ca,Alicestraße 2,2025-07-10 13:00:00+02:00,11.573691050211588
d52b73da-cc5a-4e5d-83dd-3c028d3435ca,Alicestraße 2,2025-07-10 14:00:00+02:00,2.455855051676432
d52b73da-cc5a-4e5d-83dd-3c028d3435ca,Alicestraße 2,2025-07-10 15:00:00+02:00,42.550648053487144
d52b73da-cc5a-4e5d-83dd-3c028d3435ca,Alicestraße 2,2025-07-10 16:00:00+02:00,44.02770455678304
d52b73da-cc5a-4e5d-83dd-3c028d3435ca,Alicestraße 2,2025-07-10 17:00:00+02:00,49.56620899836222
d52b73da-cc5a-4e5d-83dd-3c028d3435ca,Alicestraße 2,2025-07-10 18:00:00+02:00,6.346604506174724
d52b73da-cc5a-4e5d-83dd-3c028d3435ca,Alicestraße 2,2025-07-10 19:00:00+02:00,27.172207355499268
d52b73da-cc5a-4e5d-83dd-3c028d3435ca,Alicestraße 2,2025-07-10 20:00:00+02:00,17.45204734802246
d52b73da-cc5a-4e5d-83dd-3c028d3435ca,Alicestraße 2,2025-07-10 21:00:00+02:00,7.525761763254802
d52b73da-cc5a-4e5d-83dd-3c028d3435ca,Alicestraße 2,2025-07-10 22:00:00+02:00,3.3157318433125815
d52b73da-cc5a-4e5d-83dd-3c028d3435ca,Alicestraße 2,2025-07-10 23:00:00+02:00,4.888739267985026
d52b73da-cc5a-4e5d-83dd-3c028d3435ca,Alicestraße 2,2025-07-11 00:00:00+02:00,5.232168038686116
d52b73da-cc5a-4e5d-83dd-3c028d3435ca,Alicestraße 2,2025-07-11 01:00:00+02:00,3.1667373975118003
d52b73da-cc5a-4e5d-83dd-3c028d3435ca,Alicestraße 2,2025-07-11 02:00:00+02:00,4.566293398539226
d52b73da-cc5a-4e5d-83dd-3c028d3435ca,Alicestraße 2,2025-07-11 03:00:00+02:00,7.045986493428548
d52b73da-cc5a-4e5d-83dd-3c028d3435ca,Alicestraße 2,2025-07-11 04:00:00+02:00,7.3002956708272295
d52b73da-cc5a-4e5d-83dd-3c028d3435ca,Alicestraße 2,2025-07-11 05:00:00+02:00,14.777991771697998
d52b73da-cc5a-4e5d-83dd-3c028d3435ca,Alicestraße 2,2025-07-11 06:00:00+02:00,6.325866301854451
d52b73da-cc5a-4e5d-83dd-3c028d3435ca,Alicestraße 2,2025-07-11 07:00:00+02:00,31.981499195098877
d52b73da-cc5a-4e5d-83dd-3c028d3435ca,Alicestraße 2,2025-07-11 08:00:00+02:00,15.999576727549234
d52b73da-cc5a-4e5d-83dd-3c028d3435ca,Alicestraße 2,2025-07-11 09:00:00+02:00,12.266021728515625
d52b73da-cc5a-4e5d-83dd-3c028d3435ca,Alicestraße 2,2025-07-11 10:00:00+02:00,24.41045379638672
d52b73da-cc5a-4e5d-83dd-3c028d3435ca,Alicestraße 2,2025-07-11 11:00:00+02:00,24.987881978352863
d52b73da-cc5a-4e5d-83dd-3c028d3435ca,Alicestraße 2,2025-07-11 12:00:00+02:00,7.171191215515137
d52b73da-cc5a-4e5d-83dd-3c028d3435ca,Alicestraße 2,2025-07-11 13:00:00+02:00,35.091795921325684
d52b73da-cc5a-4e5d-83dd-3c028d3435ca,Alicestraße 2,2025-07-11 14:00:00+02:00,17.855353673299152
d52b73da-cc5a-4e5d-83dd-3c028d3435ca,Alicestraße 2,2025-07-11 15:00:00+02:00,7.577224413553874
d52b73da-cc5a-4e5d-83dd-3c028d3435ca,Alicestraße 2,2025-07-11 16:00:00+02:00,31.709651311238606
d52b73da-cc5a-4e5d-83dd-3c028d3435ca,Alicestraße 2,2025-07-11 17:00:00+02:00,76.46784687042236
d52b73da-cc5a-4e5d-83dd-3c028d3435ca,Alicestraße 2,2025-07-11 18:00:00+02:00,36.166199366251625
d52b73da-cc5a-4e5d-83dd-3c028d3435ca,Alicestraße 2,2025-07-11 19:00:00+02:00,7.2323683102925616
d52b73da-cc5a-4e5d-83dd-3c028d3435ca,Alicestraße 2,2025-07-11 20:00:00+02:00,19.84159278869629
d52b73da-cc5a-4e5d-83dd-3c028d3435ca,Alicestraße 2,2025-07-11 21:00:00+02:00,11.027434746424357
d52b73da-cc5a-4e5d-83dd-3c028d3435ca,Alicestraße 2,2025-07-11 22:00:00+02:00,8.755747079849243
d52b73da-cc5a-4e5d-83dd-3c028d3435ca,Alicestraße 2,2025-07-11 23:00:00+02:00,8.776923418045044
d52b73da-cc5a-4e5d-83dd-3c028d3435ca,Alicestraße 2,2025-07-12 00:00:00+02:00,4.6104936599731445
d52b73da-cc5a-4e5d-83dd-3c028d3435ca,Alicestraße 2,2025-07-12 01:00:00+02:00,3.155738592147827
d52b73da-cc5a-4e5d-83dd-3c028d3435ca,Alicestraße 2,2025-07-12 02:00:00+02:00,4.0016093254089355
d52b73da-cc5a-4e5d-83dd-3c028d3435ca,Alicestraße 2,2025-07-12 03:00:00+02:00,3.8699987729390464
d52b73da-cc5a-4e5d-83dd-3c028d3435ca,Alicestraße 2,2025-07-12 04:00:00+02:00,5.369547684987386
d52b73da-cc5a-4e5d-83dd-3c028d3435ca,Alicestraße 2,2025-07-12 05:00:00+02:00,8.171815633773804
d52b73da-cc5a-4e5d-83dd-3c028d3435ca,Alicestraße 2,2025-07-12 06:00:00+02:00,5.883839050928752
d52b73da-cc5a-4e5d-83dd-3c028d3435ca,Alicestraße 2,2025-07-12 07:00:00+02:00,7.196779092152913
d52b73da-cc5a-4e5d-83dd-3c028d3435ca,Alicestraße 2,2025-07-12 08:00:00+02:00,5.363355000813802
d52b73da-cc5a-4e5d-83dd-3c028d3435ca,Alicestraße 2,2025-07-12 09:00:00+02:00,19.56675640741984
d52b73da-cc5a-4e5d-83dd-3c028d3435ca,Alicestraße 2,2025-07-12 10:00:00+02:00,96.02261161804199
d52b73da-cc5a-4e5d-83dd-3c028d3435ca,Alicestraße 2,2025-07-12 11:00:00+02:00,10.227354685465494
d52b73da-cc5a-4e5d-83dd-3c028d3435ca,Alicestraße 2,2025-07-12 12:00:00+02:00,8.591707229614272
d52b73da-cc5a-4e5d-83dd-3c028d3435ca,Alicestraße 2,2025-07-12 13:00:00+02:00,16.41823673248291
d52b73da-cc5a-4e5d-83dd-3c028d3435ca,Alicestraße 2,2025-07-12 14:00:00+02:00,12.571601231892904
d52b73da-cc5a-4e5d-83dd-3c028d3435ca,Alicestraße 2,2025-07-12 15:00:00+02:00,20.946692148844402
d52b73da-cc5a-4e5d-83dd-3c028d3435ca,Alicestraße 2,2025-07-12 16:00:00+02:00,9.719151814778646
d52b73da-cc5a-4e5d-83dd-3c028d3435ca,Alicestraße 2,2025-07-12 17:00:00+02:00,11.187906901041666
d52b73da-cc5a-4e5d-83dd-3c028d3435ca,Alicestraße 2,2025-07-12 18:00:00+02:00,16.021133104960125
d52b73da-cc5a-4e5d-83dd-3c028d3435ca,Alicestraße 2,2025-07-12 19:00:00+02:00,11.915162881215414
d52b73da-cc5a-4e5d-83dd-3c028d3435ca,Alicestraße 2,2025-07-12 20:00:00+02:00,7.5997607707977295
d52b73da-cc5a-4e5d-83dd-3c028d3435ca,Alicestraße 2,2025-07-12 21:00:00+02:00,5.7387988567352295
d52b73da-cc5a-4e5d-83dd-3c028d3435ca,Alicestraße 2,2025-07-12 22:00:00+02:00,5.153312683105469
d52b73da-cc5a-4e5d-83dd-3c028d3435ca,Alicestraße 2,2025-07-12 23:00:00+02:00,6.944207986195882
d52b73da-cc5a-4e5d-83dd-3c028d3435ca,Alicestraße 2,2025-07-13 00:00:00+02:00,2.0419050057729087
d52b73da-cc5a-4e5d-83dd-3c028d3435ca,Alicestraße 2,2025-07-13 01:00:00+02:00,4.4373602867126465
d52b73da-cc5a-4e5d-83dd-3c028d3435ca,Alicestraße 2,2025-07-13 02:00:00+02:00,4.529305299123128
d52b73da-cc5a-4e5d-83dd-3c028d3435ca,Alicestraße 2,2025-07-13 03:00:00+02:00,5.417747995127803
d52b73da-cc5a-4e5d-83dd-3c028d3435ca,Alicestraße 2,2025-07-13 04:00:00+02:00,6.126906828446821
d52b73da-cc5a-4e5d-83dd-3c028d3435ca,Alicestraße 2,2025-07-13 05:00:00+02:00,5.394469669886997
d52b73da-cc5a-4e5d-83dd-3c028d3435ca,Alicestraße 2,2025-07-13 06:00:00+02:00,7.158643627166748
d52b73da-cc5a-4e5d-83dd-3c028d3435ca,Alicestraße 2,2025-07-13 07:00:00+02:00,13.28844572368421
d52b73da-cc5a-4e5d-83dd-3c028d3435ca,Alicestraße 2,2025-07-13 08:00:00+02:00,12.090167787339952
d52b73da-cc5a-4e5d-83dd-3c028d3435ca,Alicestraße 2,2025-07-13 09:00:00+02:00,45.08032630471622
d52b73da-cc5a-4e5d-83dd-3c028d3435ca,Alicestraße 2,2025-07-13 10:00:00+02:00,39.99284315109253
d52b73da-cc5a-4e5d-83dd-3c028d3435ca,Alicestraße 2,2025-07-13 11:00:00+02:00,26.539718627929688
d52b73da-cc5a-4e5d-83dd-3c028d3435ca,Alicestraße 2,2025-07-13 12:00:00+02:00,40.08555603027344
d52b73da-cc5a-4e5d-83dd-3c028d3435ca,Alicestraße 2,2025-07-13 13:00:00+02:00,26.419682429387038
d52b73da-cc5a-4e5d-83dd-3c028d3435ca,Alicestraße 2,2025-07-13 14:00:00+02:00,26.015357971191406
d52b73da-cc5a-4e5d-83dd-3c028d3435ca,Alicestraße 2,2025-07-13 15:00:00+02:00,58.72021206942472
d52b73da-cc5a-4e5d-83dd-3c028d3435ca,Alicestraße 2,2025-07-13 16:00:00+02:00,31.278773498535156
d52b73da-cc5a-4e5d-83dd-3c028d3435ca,Alicestraße 2,2025-07-13 17:00:00+02:00,6.221711900499132
d52b73da-cc5a-4e5d-83dd-3c028d3435ca,Alicestraße 2,2025-07-13 18:00:00+02:00,4.309783697128296
d52b73da-cc5a-4e5d-83dd-3c028d3435ca,Alicestraße 2,2025-07-13 19:00:00+02:00,4.241191591535295
d52b73da-cc5a-4e5d-83dd-3c028d3435ca,Alicestraße 2,2025-07-13 20:00:00+02:00,6.365142186482747
d52b73da-cc5a-4e5d-83dd-3c028d3435ca,Alicestraße 2,2025-07-13 21:00:00+02:00,4.886299133300781
d52b73da-cc5a-4e5d-83dd-3c028d3435ca,Alicestraße 2,2025-07-13 22:00:00+02:00,6.135160446166992
d52b73da-cc5a-4e5d-83dd-3c028d3435ca,Alicestraße 2,2025-07-13 23:00:00+02:00,1.8129844665527344
d52b73da-cc5a-4e5d-83dd-3c028d3435ca,Alicestraße 2,2025-07-14 00:00:00+02:00,13.107845306396484
d52b73da-cc5a-4e5d-83dd-3c028d3435ca,Alicestraße 2,2025-07-14 01:00:00+02:00,6.896060943603516
db726d5d-f282-4977-ad4f-400853262062,Reinhardstraße 2,2025-06-30 03:00:00+02:00,9.54318618774414
db726d5d-f282-4977-ad4f-400853262062,Reinhardstraße 2,2025-06-30 04:00:00+02:00,6.525934219360352
db726d5d-f282-4977-ad4f-400853262062,Reinhardstraße 2,2025-06-30 05:00:00+02:00,12.450734456380209
db726d5d-f282-4977-ad4f-400853262062,Reinhardstraße 2,2025-06-30 06:00:00+02:00,7.6696882247924805
db726d5d-f282-4977-ad4f-400853262062,Reinhardstraße 2,2025-06-30 07:00:00+02:00,13.531188201904296
db726d5d-f282-4977-ad4f-400853262062,Reinhardstraße 2,2025-06-30 08:00:00+02:00,6.656953811645508
db726d5d-f282-4977-ad4f-400853262062,Reinhardstraße 2,2025-06-30 09:00:00+02:00,17.73562295096261
db726d5d-f282-4977-ad4f-400853262062,Reinhardstraße 2,2025-06-30 10:00:00+02:00,34.39022922515869
db726d5d-f282-4977-ad4f-400853262062,Reinhardstraße 2,2025-06-30 11:00:00+02:00,14.634941101074219
db726d5d-f282-4977-ad4f-400853262062,Reinhardstraße 2,2025-06-30 12:00:00+02:00,9.211527252197266
db726d5d-f282-4977-ad4f-400853262062,Reinhardstraße 2,2025-06-30 13:00:00+02:00,21.39068464799361
db726d5d-f282-4977-ad4f-400853262062,Reinhardstraße 2,2025-06-30 14:00:00+02:00,39.209906895955406
db726d5d-f282-4977-ad4f-400853262062,Reinhardstraße 2,2025-06-30 15:00:00+02:00,29.775762704702522
db726d5d-f282-4977-ad4f-400853262062,Reinhardstraße 2,2025-06-30 16:00:00+02:00,22.288436344691686
db726d5d-f282-4977-ad4f-400853262062,Reinhardstraße 2,2025-06-30 17:00:00+02:00,36.28278630574544
db726d5d-f282-4977-ad4f-400853262062,Reinhardstraße 2,2025-06-30 18:00:00+02:00,39.35541605949402
db726d5d-f282-4977-ad4f-400853262062,Reinhardstraße 2,2025-06-30 19:00:00+02:00,20.226784650017233
db726d5d-f282-4977-ad4f-400853262062,Reinhardstraße 2,2025-06-30 20:00:00+02:00,7.945665571424696
db726d5d-f282-4977-ad4f-400853262062,Reinhardstraße 2,2025-06-30 21:00:00+02:00,5.759680396632144
db726d5d-f282-4977-ad4f-400853262062,Reinhardstraße 2,2025-06-30 22:00:00+02:00,3.632648468017578
db726d5d-f282-4977-ad4f-400853262062,Reinhardstraße 2,2025-06-30 23:00:00+02:00,18.535111563546316
db726d5d-f282-4977-ad4f-400853262062,Reinhardstraße 2,2025-07-01 00:00:00+02:00,8.701249209317295
db726d5d-f282-4977-ad4f-400853262062,Reinhardstraße 2,2025-07-01 01:00:00+02:00,8.944795359735908
db726d5d-f282-4977-ad4f-400853262062,Reinhardstraße 2,2025-07-01 02:00:00+02:00,5.136861006418864
db726d5d-f282-4977-ad4f-400853262062,Reinhardstraße 2,2025-07-01 03:00:00+02:00,9.699813206990568
db726d5d-f282-4977-ad4f-400853262062,Reinhardstraße 2,2025-07-01 04:00:00+02:00,11.755020459493002
db726d5d-f282-4977-ad4f-400853262062,Reinhardstraße 2,2025-07-01 05:00:00+02:00,19.856995741526287
db726d5d-f282-4977-ad4f-400853262062,Reinhardstraße 2,2025-07-01 06:00:00+02:00,12.432205756505331
db726d5d-f282-4977-ad4f-400853262062,Reinhardstraße 2,2025-07-01 07:00:00+02:00,19.610419750213623
db726d5d-f282-4977-ad4f-400853262062,Reinhardstraße 2,2025-07-01 08:00:00+02:00,5.794699192047119
db726d5d-f282-4977-ad4f-400853262062,Reinhardstraße 2,2025-07-01 09:00:00+02:00,4.137741406758626
db726d5d-f282-4977-ad4f-400853262062,Reinhardstraße 2,2025-07-01 10:00:00+02:00,26.407601674397785
db726d5d-f282-4977-ad4f-400853262062,Reinhardstraße 2,2025-07-01 11:00:00+02:00,5.099797248840332
db726d5d-f282-4977-ad4f-400853262062,Reinhardstraße 2,2025-07-01 12:00:00+02:00,16.475241661071777
db726d5d-f282-4977-ad4f-400853262062,Reinhardstraße 2,2025-07-01 13:00:00+02:00,12.937037785847982
db726d5d-f282-4977-ad4f-400853262062,Reinhardstraße 2,2025-07-01 14:00:00+02:00,3.925459861755371
db726d5d-f282-4977-ad4f-400853262062,Reinhardstraße 2,2025-07-01 15:00:00+02:00,25.374823252360027
db726d5d-f282-4977-ad4f-400853262062,Reinhardstraße 2,2025-07-01 16:00:00+02:00,5.853009859720866
db726d5d-f282-4977-ad4f-400853262062,Reinhardstraße 2,2025-07-01 17:00:00+02:00,28.25928846995036
db726d5d-f282-4977-ad4f-400853262062,Reinhardstraße 2,2025-07-01 18:00:00+02:00,9.336969375610352
db726d5d-f282-4977-ad4f-400853262062,Reinhardstraße 2,2025-07-01 19:00:00+02:00,16.52172025044759
db726d5d-f282-4977-ad4f-400853262062,Reinhardstraße 2,2025-07-01 20:00:00+02:00,8.832215785980225
db726d5d-f282-4977-ad4f-400853262062,Reinhardstraße 2,2025-07-01 21:00:00+02:00,16.939018805821735
db726d5d-f282-4977-ad4f-400853262062,Reinhardstraße 2,2025-07-01 22:00:00+02:00,16.531051635742188
db726d5d-f282-4977-ad4f-400853262062,Reinhardstraße 2,2025-07-01 23:00:00+02:00,18.247718175252277
db726d5d-f282-4977-ad4f-400853262062,Reinhardstraße 2,2025-07-02 00:00:00+02:00,1.2259292602539062
db726d5d-f282-4977-ad4f-400853262062,Reinhardstraße 2,2025-07-02 01:00:00+02:00,5.859149773915608
db726d5d-f282-4977-ad4f-400853262062,Reinhardstraße 2,2025-07-02 02:00:00+02:00,6.838503360748291
db726d5d-f282-4977-ad4f-400853262062,Reinhardstraße 2,2025-07-02 03:00:00+02:00,12.422266483306885
db726d5d-f282-4977-ad4f-400853262062,Reinhardstraße 2,2025-07-02 04:00:00+02:00,6.1481984456380205
db726d5d-f282-4977-ad4f-400853262062,Reinhardstraße 2,2025-07-02 05:00:00+02:00,21.12797776858012
db726d5d-f282-4977-ad4f-400853262062,Reinhardstraße 2,2025-07-02 06:00:00+02:00,27.80266761779785
db726d5d-f282-4977-ad4f-400853262062,Reinhardstraße 2,2025-07-02 07:00:00+02:00,10.796993096669516
db726d5d-f282-4977-ad4f-400853262062,Reinhardstraße 2,2025-07-02 08:00:00+02:00,9.125813802083334
db726d5d-f282-4977-ad4f-400853262062,Reinhardstraße 2,2025-07-02 09:00:00+02:00,12.370672543843588
db726d5d-f282-4977-ad4f-400853262062,Reinhardstraße 2,2025-07-02 10:00:00+02:00,6.048448880513509
db726d5d-f282-4977-ad4f-400853262062,Reinhardstraße 2,2025-07-02 11:00:00+02:00,23.95308844248454
db726d5d-f282-4977-ad4f-400853262062,Reinhardstraße 2,2025-07-02 12:00:00+02:00,20.16213035583496
db726d5d-f282-4977-ad4f-400853262062,Reinhardstraße 2,2025-07-02 13:00:00+02:00,20.339450518290203
db726d5d-f282-4977-ad4f-400853262062,Reinhardstraße 2,2025-07-02 14:00:00+02:00,19.674771308898926
db726d5d-f282-4977-ad4f-400853262062,Reinhardstraße 2,2025-07-02 15:00:00+02:00,32.78917853037516
db726d5d-f282-4977-ad4f-400853262062,Reinhardstraße 2,2025-07-02 16:00:00+02:00,9.556652704874674
db726d5d-f282-4977-ad4f-400853262062,Reinhardstraße 2,2025-07-02 17:00:00+02:00,8.237720171610514
db726d5d-f282-4977-ad4f-400853262062,Reinhardstraße 2,2025-07-02 18:00:00+02:00,17.05400546391805
db726d5d-f282-4977-ad4f-400853262062,Reinhardstraße 2,2025-07-02 19:00:00+02:00,43.20746119817098
db726d5d-f282-4977-ad4f-400853262062,Reinhardstraße 2,2025-07-02 20:00:00+02:00,23.86569579442342
db726d5d-f282-4977-ad4f-400853262062,Reinhardstraße 2,2025-07-02 21:00:00+02:00,16.268869161605835
db726d5d-f282-4977-ad4f-400853262062,Reinhardstraße 2,2025-07-02 22:00:00+02:00,6.921809196472168
db726d5d-f282-4977-ad4f-400853262062,Reinhardstraße 2,2025-07-02 23:00:00+02:00,15.024288098017374
db726d5d-f282-4977-ad4f-400853262062,Reinhardstraße 2,2025-07-03 00:00:00+02:00,10.432343165079752
db726d5d-f282-4977-ad4f-400853262062,Reinhardstraße 2,2025-07-03 01:00:00+02:00,7.638446966807048
db726d5d-f282-4977-ad4f-400853262062,Reinhardstraße 2,2025-07-03 02:00:00+02:00,10.418164730072029
db726d5d-f282-4977-ad4f-400853262062,Reinhardstraße 2,2025-07-03 03:00:00+02:00,11.925214767456062
db726d5d-f282-4977-ad4f-400853262062,Reinhardstraße 2,2025-07-03 04:00:00+02:00,16.7169828414917
db726d5d-f282-4977-ad4f-400853262062,Reinhardstraße 2,2025-07-03 05:00:00+02:00,18.54442850748698
db726d5d-f282-4977-ad4f-400853262062,Reinhardstraße 2,2025-07-03 06:00:00+02:00,7.663576602935788
db726d5d-f282-4977-ad4f-400853262062,Reinhardstraße 2,2025-07-03 07:00:00+02:00,13.443943818410238
db726d5d-f282-4977-ad4f-400853262062,Reinhardstraße 2,2025-07-03 08:00:00+02:00,12.638661861419678
db726d5d-f282-4977-ad4f-400853262062,Reinhardstraße 2,2025-07-03 09:00:00+02:00,26.472389221191406
db726d5d-f282-4977-ad4f-400853262062,Reinhardstraße 2,2025-07-03 10:00:00+02:00,7.687704722086589
db726d5d-f282-4977-ad4f-400853262062,Reinhardstraße 2,2025-07-03 11:00:00+02:00,3.546385129292806
db726d5d-f282-4977-ad4f-400853262062,Reinhardstraße 2,2025-07-03 12:00:00+02:00,11.648393630981445
db726d5d-f282-4977-ad4f-400853262062,Reinhardstraße 2,2025-07-03 13:00:00+02:00,5.22548262278239
db726d5d-f282-4977-ad4f-400853262062,Reinhardstraße 2,2025-07-03 14:00:00+02:00,26.341100692749023
db726d5d-f282-4977-ad4f-400853262062,Reinhardstraße 2,2025-07-03 15:00:00+02:00,10.243164698282877
db726d5d-f282-4977-ad4f-400853262062,Reinhardstraße 2,2025-07-03 16:00:00+02:00,30.71499029795329
db726d5d-f282-4977-ad4f-400853262062,Reinhardstraße 2,2025-07-03 17:00:00+02:00,18.203823725382488
db726d5d-f282-4977-ad4f-400853262062,Reinhardstraße 2,2025-07-03 18:00:00+02:00,27.199004491170246
db726d5d-f282-4977-ad4f-400853262062,Reinhardstraße 2,2025-07-03 19:00:00+02:00,18.664429982503254
db726d5d-f282-4977-ad4f-400853262062,Reinhardstraße 2,2025-07-03 20:00:00+02:00,12.940036137898764
db726d5d-f282-4977-ad4f-400853262062,Reinhardstraße 2,2025-07-03 21:00:00+02:00,11.781408309936518
db726d5d-f282-4977-ad4f-400853262062,Reinhardstraße 2,2025-07-03 22:00:00+02:00,7.603386878967285
db726d5d-f282-4977-ad4f-400853262062,Reinhardstraße 2,2025-07-03 23:00:00+02:00,20.041109085083008
db726d5d-f282-4977-ad4f-400853262062,Reinhardstraße 2,2025-07-04 00:00:00+02:00,12.402671019236246
db726d5d-f282-4977-ad4f-400853262062,Reinhardstraße 2,2025-07-04 01:00:00+02:00,4.157476425170898
db726d5d-f282-4977-ad4f-400853262062,Reinhardstraße 2,2025-07-04 02:00:00+02:00,9.794116338094076
db726d5d-f282-4977-ad4f-400853262062,Reinhardstraße 2,2025-07-04 03:00:00+02:00,13.876412391662598
db726d5d-f282-4977-ad4f-400853262062,Reinhardstraße 2,2025-07-04 04:00:00+02:00,17.14782389005025
db726d5d-f282-4977-ad4f-400853262062,Reinhardstraße 2,2025-07-04 05:00:00+02:00,18.191711743672688
db726d5d-f282-4977-ad4f-400853262062,Reinhardstraße 2,2025-07-04 06:00:00+02:00,22.89270027478536
db726d5d-f282-4977-ad4f-400853262062,Reinhardstraße 2,2025-07-04 07:00:00+02:00,19.609434763590496
db726d5d-f282-4977-ad4f-400853262062,Reinhardstraße 2,2025-07-04 08:00:00+02:00,11.036871751149496
db726d5d-f282-4977-ad4f-400853262062,Reinhardstraße 2,2025-07-04 09:00:00+02:00,13.079442660013834
db726d5d-f282-4977-ad4f-400853262062,Reinhardstraße 2,2025-07-04 10:00:00+02:00,35.85001436869303
db726d5d-f282-4977-ad4f-400853262062,Reinhardstraße 2,2025-07-04 11:00:00+02:00,16.36950174967448
db726d5d-f282-4977-ad4f-400853262062,Reinhardstraße 2,2025-07-04 12:00:00+02:00,6.2692216237386065
db726d5d-f282-4977-ad4f-400853262062,Reinhardstraße 2,2025-07-04 13:00:00+02:00,5.092626571655273
db726d5d-f282-4977-ad4f-400853262062,Reinhardstraße 2,2025-07-04 14:00:00+02:00,63.81412156422933
db726d5d-f282-4977-ad4f-400853262062,Reinhardstraße 2,2025-07-04 15:00:00+02:00,13.410861651102701
db726d5d-f282-4977-ad4f-400853262062,Reinhardstraße 2,2025-07-04 16:00:00+02:00,57.686667124430336
db726d5d-f282-4977-ad4f-400853262062,Reinhardstraße 2,2025-07-04 17:00:00+02:00,53.83098793029785
db726d5d-f282-4977-ad4f-400853262062,Reinhardstraße 2,2025-07-04 18:00:00+02:00,35.36924044291178
db726d5d-f282-4977-ad4f-400853262062,Reinhardstraße 2,2025-07-04 19:00:00+02:00,33.07568772633871
db726d5d-f282-4977-ad4f-400853262062,Reinhardstraße 2,2025-07-04 20:00:00+02:00,11.231123924255371
db726d5d-f282-4977-ad4f-400853262062,Reinhardstraße 2,2025-07-04 21:00:00+02:00,18.37999153137207
db726d5d-f282-4977-ad4f-400853262062,Reinhardstraße 2,2025-07-04 22:00:00+02:00,21.144168376922607
db726d5d-f282-4977-ad4f-400853262062,Reinhardstraße 2,2025-07-04 23:00:00+02:00,22.747158924738567
db726d5d-f282-4977-ad4f-400853262062,Reinhardstraße 2,2025-07-05 00:00:00+02:00,18.166839838027954
db726d5d-f282-4977-ad4f-400853262062,Reinhardstraße 2,2025-07-05 01:00:00+02:00,15.332395712534593
db726d5d-f282-4977-ad4f-400853262062,Reinhardstraße 2,2025-07-05 02:00:00+02:00,15.018484195073446
db726d5d-f282-4977-ad4f-400853262062,Reinhardstraße 2,2025-07-05 03:00:00+02:00,14.95739396413168
db726d5d-f282-4977-ad4f-400853262062,Reinhardstraße 2,2025-07-05 04:00:00+02:00,12.051945845286058
db726d5d-f282-4977-ad4f-400853262062,Reinhardstraße 2,2025-07-05 05:00:00+02:00,13.528698126475023
db726d5d-f282-4977-ad4f-400853262062,Reinhardstraße 2,2025-07-05 06:00:00+02:00,10.24793521563212
db726d5d-f282-4977-ad4f-400853262062,Reinhardstraße 2,2025-07-05 07:00:00+02:00,5.624621550242106
db726d5d-f282-4977-ad4f-400853262062,Reinhardstraße 2,2025-07-05 08:00:00+02:00,6.660458882649739
db726d5d-f282-4977-ad4f-400853262062,Reinhardstraße 2,2025-07-05 09:00:00+02:00,5.537898063659668
db726d5d-f282-4977-ad4f-400853262062,Reinhardstraße 2,2025-07-05 10:00:00+02:00,87.64247544606526
db726d5d-f282-4977-ad4f-400853262062,Reinhardstraße 2,2025-07-05 11:00:00+02:00,18.953591346740723
db726d5d-f282-4977-ad4f-400853262062,Reinhardstraße 2,2025-07-05 12:00:00+02:00,150.9013818105062
db726d5d-f282-4977-ad4f-400853262062,Reinhardstraße 2,2025-07-05 13:00:00+02:00,10.297112147013346
db726d5d-f282-4977-ad4f-400853262062,Reinhardstraße 2,2025-07-05 14:00:00+02:00,46.86156463623047
db726d5d-f282-4977-ad4f-400853262062,Reinhardstraße 2,2025-07-05 15:00:00+02:00,19.701838811238606
db726d5d-f282-4977-ad4f-400853262062,Reinhardstraße 2,2025-07-05 16:00:00+02:00,9.92466958363851
db726d5d-f282-4977-ad4f-400853262062,Reinhardstraße 2,2025-07-05 17:00:00+02:00,17.23795159657796
db726d5d-f282-4977-ad4f-400853262062,Reinhardstraße 2,2025-07-05 18:00:00+02:00,10.22496223449707
db726d5d-f282-4977-ad4f-400853262062,Reinhardstraße 2,2025-07-05 19:00:00+02:00,32.50406265258789
db726d5d-f282-4977-ad4f-400853262062,Reinhardstraße 2,2025-07-05 20:00:00+02:00,35.980253060658775
db726d5d-f282-4977-ad4f-400853262062,Reinhardstraße 2,2025-07-05 21:00:00+02:00,8.203677972157797
db726d5d-f282-4977-ad4f-400853262062,Reinhardstraße 2,2025-07-05 22:00:00+02:00,5.020937601725261
db726d5d-f282-4977-ad4f-400853262062,Reinhardstraße 2,2025-07-05 23:00:00+02:00,17.43285099665324
db726d5d-f282-4977-ad4f-400853262062,Reinhardstraße 2,2025-07-06 00:00:00+02:00,13.154601732889816
db726d5d-f282-4977-ad4f-400853262062,Reinhardstraße 2,2025-07-06 01:00:00+02:00,4.676914532979329
db726d5d-f282-4977-ad4f-400853262062,Reinhardstraße 2,2025-07-06 02:00:00+02:00,10.333627859751388
db726d5d-f282-4977-ad4f-400853262062,Reinhardstraße 2,2025-07-06 03:00:00+02:00,10.355124473571777
db726d5d-f282-4977-ad4f-400853262062,Reinhardstraße 2,2025-07-06 04:00:00+02:00,10.399224122365316
db726d5d-f282-4977-ad4f-400853262062,Reinhardstraße 2,2025-07-06 05:00:00+02:00,8.370824495951334
db726d5d-f282-4977-ad4f-400853262062,Reinhardstraße 2,2025-07-06 06:00:00+02:00,8.763516426086426
db726d5d-f282-4977-ad4f-400853262062,Reinhardstraße 2,2025-07-06 07:00:00+02:00,13.75600290298462
db726d5d-f282-4977-ad4f-400853262062,Reinhardstraße 2,2025-07-06 08:00:00+02:00,17.830379168192547
db726d5d-f282-4977-ad4f-400853262062,Reinhardstraße 2,2025-07-06 09:00:00+02:00,32.00041548411051
db726d5d-f282-4977-ad4f-400853262062,Reinhardstraße 2,2025-07-06 10:00:00+02:00,38.164116859436035
db726d5d-f282-4977-ad4f-400853262062,Reinhardstraße 2,2025-07-06 11:00:00+02:00,10.952603022257486
db726d5d-f282-4977-ad4f-400853262062,Reinhardstraße 2,2025-07-06 12:00:00+02:00,13.508251825968424
db726d5d-f282-4977-ad4f-400853262062,Reinhardstraße 2,2025-07-06 13:00:00+02:00,18.913849512736004
db726d5d-f282-4977-ad4f-400853262062,Reinhardstraße 2,2025-07-06 14:00:00+02:00,15.817072868347168
db726d5d-f282-4977-ad4f-400853262062,Reinhardstraße 2,2025-07-06 15:00:00+02:00,10.77130381266276
db726d5d-f282-4977-ad4f-400853262062,Reinhardstraße 2,2025-07-06 16:00:00+02:00,22.602678616841633
db726d5d-f282-4977-ad4f-400853262062,Reinhardstraße 2,2025-07-06 17:00:00+02:00,15.227940718332926
db726d5d-f282-4977-ad4f-400853262062,Reinhardstraße 2,2025-07-06 18:00:00+02:00,19.50134007136027
db726d5d-f282-4977-ad4f-400853262062,Reinhardstraße 2,2025-07-06 19:00:00+02:00,7.239854017893474
db726d5d-f282-4977-ad4f-400853262062,Reinhardstraße 2,2025-07-06 20:00:00+02:00,14.89005422592163
db726d5d-f282-4977-ad4f-400853262062,Reinhardstraße 2,2025-07-06 21:00:00+02:00,8.06122096379598
db726d5d-f282-4977-ad4f-400853262062,Reinhardstraße 2,2025-07-06 22:00:00+02:00,4.862979729970296
db726d5d-f282-4977-ad4f-400853262062,Reinhardstraße 2,2025-07-06 23:00:00+02:00,8.150119463602701
db726d5d-f282-4977-ad4f-400853262062,Reinhardstraße 2,2025-07-07 00:00:00+02:00,7.383503119150798
db726d5d-f282-4977-ad4f-400853262062,Reinhardstraße 2,2025-07-07 01:00:00+02:00,3.369413693745931
db726d5d-f282-4977-ad4f-400853262062,Reinhardstraße 2,2025-07-07 02:00:00+02:00,4.088931719462077
db726d5d-f282-4977-ad4f-400853262062,Reinhardstraße 2,2025-07-07 03:00:00+02:00,6.936910629272461
db726d5d-f282-4977-ad4f-400853262062,Reinhardstraße 2,2025-07-07 04:00:00+02:00,4.741028626759847
db726d5d-f282-4977-ad4f-400853262062,Reinhardstraße 2,2025-07-07 05:00:00+02:00,9.27873420715332
db726d5d-f282-4977-ad4f-400853262062,Reinhardstraße 2,2025-07-07 06:00:00+02:00,7.595369815826416
db726d5d-f282-4977-ad4f-400853262062,Reinhardstraße 2,2025-07-07 07:00:00+02:00,9.037468751271566
db726d5d-f282-4977-ad4f-400853262062,Reinhardstraße 2,2025-07-07 08:00:00+02:00,6.3997758229573565
db726d5d-f282-4977-ad4f-400853262062,Reinhardstraße 2,2025-07-07 09:00:00+02:00,9.747060775756836
db726d5d-f282-4977-ad4f-400853262062,Reinhardstraße 2,2025-07-07 10:00:00+02:00,37.25171216328939
db726d5d-f282-4977-ad4f-400853262062,Reinhardstraße 2,2025-07-07 11:00:00+02:00,4.5742190678914385
db726d5d-f282-4977-ad4f-400853262062,Reinhardstraße 2,2025-07-07 12:00:00+02:00,17.090864817301433
db726d5d-f282-4977-ad4f-400853262062,Reinhardstraße 2,2025-07-07 13:00:00+02:00,21.76972993214925
db726d5d-f282-4977-ad4f-400853262062,Reinhardstraße 2,2025-07-07 14:00:00+02:00,11.41369883219401
db726d5d-f282-4977-ad4f-400853262062,Reinhardstraße 2,2025-07-07 15:00:00+02:00,3.101776123046875
db726d5d-f282-4977-ad4f-400853262062,Reinhardstraße 2,2025-07-07 16:00:00+02:00,39.03259881337484
db726d5d-f282-4977-ad4f-400853262062,Reinhardstraße 2,2025-07-07 17:00:00+02:00,67.07245095570882
db726d5d-f282-4977-ad4f-400853262062,Reinhardstraße 2,2025-07-07 18:00:00+02:00,31.31131871541341
db726d5d-f282-4977-ad4f-400853262062,Reinhardstraße 2,2025-07-07 19:00:00+02:00,17.497053146362305
db726d5d-f282-4977-ad4f-400853262062,Reinhardstraße 2,2025-07-07 20:00:00+02:00,9.556513309478758
db726d5d-f282-4977-ad4f-400853262062,Reinhardstraße 2,2025-07-07 21:00:00+02:00,13.092317581176758
db726d5d-f282-4977-ad4f-400853262062,Reinhardstraße 2,2025-07-07 22:00:00+02:00,18.58501386642457
db726d5d-f282-4977-ad4f-400853262062,Reinhardstraße 2,2025-07-07 23:00:00+02:00,15.515791734059652
db726d5d-f282-4977-ad4f-400853262062,Reinhardstraße 2,2025-07-08 00:00:00+02:00,5.8357001940409345
db726d5d-f282-4977-ad4f-400853262062,Reinhardstraße 2,2025-07-08 01:00:00+02:00,6.934123833974202
db726d5d-f282-4977-ad4f-400853262062,Reinhardstraße 2,2025-07-08 02:00:00+02:00,9.784695784250895
db726d5d-f282-4977-ad4f-400853262062,Reinhardstraße 2,2025-07-08 03:00:00+02:00,10.080957094828287
db726d5d-f282-4977-ad4f-400853262062,Reinhardstraße 2,2025-07-08 04:00:00+02:00,9.802909851074219
db726d5d-f282-4977-ad4f-400853262062,Reinhardstraße 2,2025-07-08 05:00:00+02:00,20.62489660580953
db726d5d-f282-4977-ad4f-400853262062,Reinhardstraße 2,2025-07-08 06:00:00+02:00,10.93446167310079
db726d5d-f282-4977-ad4f-400853262062,Reinhardstraße 2,2025-07-08 07:00:00+02:00,16.188177585601807
db726d5d-f282-4977-ad4f-400853262062,Reinhardstraße 2,2025-07-08 08:00:00+02:00,29.550903638203938
db726d5d-f282-4977-ad4f-400853262062,Reinhardstraße 2,2025-07-08 09:00:00+02:00,11.981183052062988
db726d5d-f282-4977-ad4f-400853262062,Reinhardstraße 2,2025-07-08 10:00:00+02:00,25.27851136525472
db726d5d-f282-4977-ad4f-400853262062,Reinhardstraße 2,2025-07-08 11:00:00+02:00,48.36306222279867
db726d5d-f282-4977-ad4f-400853262062,Reinhardstraße 2,2025-07-08 12:00:00+02:00,33.2284189860026
db726d5d-f282-4977-ad4f-400853262062,Reinhardstraße 2,2025-07-08 13:00:00+02:00,53.70064131418864
db726d5d-f282-4977-ad4f-400853262062,Reinhardstraße 2,2025-07-08 14:00:00+02:00,90.69314448038737
db726d5d-f282-4977-ad4f-400853262062,Reinhardstraße 2,2025-07-08 15:00:00+02:00,95.45519892374675
db726d5d-f282-4977-ad4f-400853262062,Reinhardstraße 2,2025-07-08 16:00:00+02:00,4.172103563944499
db726d5d-f282-4977-ad4f-400853262062,Reinhardstraße 2,2025-07-08 17:00:00+02:00,26.09186585744222
db726d5d-f282-4977-ad4f-400853262062,Reinhardstraße 2,2025-07-08 18:00:00+02:00,7.0081353187561035
db726d5d-f282-4977-ad4f-400853262062,Reinhardstraße 2,2025-07-08 19:00:00+02:00,18.98223638534546
db726d5d-f282-4977-ad4f-400853262062,Reinhardstraße 2,2025-07-08 20:00:00+02:00,10.957172711690268
db726d5d-f282-4977-ad4f-400853262062,Reinhardstraße 2,2025-07-08 21:00:00+02:00,18.387746334075928
db726d5d-f282-4977-ad4f-400853262062,Reinhardstraße 2,2025-07-08 22:00:00+02:00,17.488934834798176
db726d5d-f282-4977-ad4f-400853262062,Reinhardstraße 2,2025-07-08 23:00:00+02:00,18.788826147715252
db726d5d-f282-4977-ad4f-400853262062,Reinhardstraße 2,2025-07-09 00:00:00+02:00,1.45229705174764
db726d5d-f282-4977-ad4f-400853262062,Reinhardstraße 2,2025-07-09 01:00:00+02:00,5.815131187438965
db726d5d-f282-4977-ad4f-400853262062,Reinhardstraße 2,2025-07-09 02:00:00+02:00,6.296983083089192
db726d5d-f282-4977-ad4f-400853262062,Reinhardstraße 2,2025-07-09 03:00:00+02:00,11.159720420837402
db726d5d-f282-4977-ad4f-400853262062,Reinhardstraße 2,2025-07-09 04:00:00+02:00,4.76014518737793
db726d5d-f282-4977-ad4f-400853262062,Reinhardstraße 2,2025-07-09 05:00:00+02:00,18.876845439275105
db726d5d-f282-4977-ad4f-400853262062,Reinhardstraße 2,2025-07-09 06:00:00+02:00,25.74450961748759
db726d5d-f282-4977-ad4f-400853262062,Reinhardstraße 2,2025-07-09 07:00:00+02:00,9.134865125020346
db726d5d-f282-4977-ad4f-400853262062,Reinhardstraße 2,2025-07-09 08:00:00+02:00,8.529531796773275
db726d5d-f282-4977-ad4f-400853262062,Reinhardstraße 2,2025-07-09 09:00:00+02:00,8.246027946472168
db726d5d-f282-4977-ad4f-400853262062,Reinhardstraße 2,2025-07-09 10:00:00+02:00,25.6520783106486
db726d5d-f282-4977-ad4f-400853262062,Reinhardstraße 2,2025-07-09 11:00:00+02:00,31.6344731648763
db726d5d-f282-4977-ad4f-400853262062,Reinhardstraße 2,2025-07-09 12:00:00+02:00,7.087306976318359
db726d5d-f282-4977-ad4f-400853262062,Reinhardstraße 2,2025-07-09 13:00:00+02:00,23.238017400105793
db726d5d-f282-4977-ad4f-400853262062,Reinhardstraße 2,2025-07-09 14:00:00+02:00,22.6008399327596
db726d5d-f282-4977-ad4f-400853262062,Reinhardstraße 2,2025-07-09 15:00:00+02:00,55.198845863342285
db726d5d-f282-4977-ad4f-400853262062,Reinhardstraße 2,2025-07-09 16:00:00+02:00,59.415456771850586
db726d5d-f282-4977-ad4f-400853262062,Reinhardstraße 2,2025-07-09 17:00:00+02:00,77.9099988937378
db726d5d-f282-4977-ad4f-400853262062,Reinhardstraße 2,2025-07-09 18:00:00+02:00,46.69333283106486
db726d5d-f282-4977-ad4f-400853262062,Reinhardstraße 2,2025-07-09 19:00:00+02:00,14.634325822194418
db726d5d-f282-4977-ad4f-400853262062,Reinhardstraße 2,2025-07-09 20:00:00+02:00,4.561757246653239
db726d5d-f282-4977-ad4f-400853262062,Reinhardstraße 2,2025-07-09 21:00:00+02:00,4.630647420883179
db726d5d-f282-4977-ad4f-400853262062,Reinhardstraße 2,2025-07-09 22:00:00+02:00,8.654370069503784
db726d5d-f282-4977-ad4f-400853262062,Reinhardstraße 2,2025-07-09 23:00:00+02:00,14.685839811960856
db726d5d-f282-4977-ad4f-400853262062,Reinhardstraße 2,2025-07-10 00:00:00+02:00,10.062689145406088
db726d5d-f282-4977-ad4f-400853262062,Reinhardstraße 2,2025-07-10 01:00:00+02:00,7.226880391438802
db726d5d-f282-4977-ad4f-400853262062,Reinhardstraße 2,2025-07-10 02:00:00+02:00,9.959454059600837
db726d5d-f282-4977-ad4f-400853262062,Reinhardstraße 2,2025-07-10 03:00:00+02:00,11.33983484903972
db726d5d-f282-4977-ad4f-400853262062,Reinhardstraße 2,2025-07-10 04:00:00+02:00,15.892766316731771
db726d5d-f282-4977-ad4f-400853262062,Reinhardstraße 2,2025-07-10 05:00:00+02:00,17.290812889734905
db726d5d-f282-4977-ad4f-400853262062,Reinhardstraße 2,2025-07-10 06:00:00+02:00,6.812004009882609
db726d5d-f282-4977-ad4f-400853262062,Reinhardstraße 2,2025-07-10 07:00:00+02:00,11.893027941385904
db726d5d-f282-4977-ad4f-400853262062,Reinhardstraße 2,2025-07-10 08:00:00+02:00,11.973928133646647
db726d5d-f282-4977-ad4f-400853262062,Reinhardstraße 2,2025-07-10 09:00:00+02:00,26.93264865875244
db726d5d-f282-4977-ad4f-400853262062,Reinhardstraße 2,2025-07-10 10:00:00+02:00,4.953361829121907
db726d5d-f282-4977-ad4f-400853262062,Reinhardstraße 2,2025-07-10 11:00:00+02:00,18.592073758443195
db726d5d-f282-4977-ad4f-400853262062,Reinhardstraße 2,2025-07-10 12:00:00+02:00,42.05086421966553
db726d5d-f282-4977-ad4f-400853262062,Reinhardstraße 2,2025-07-10 13:00:00+02:00,26.98555056254069
db726d5d-f282-4977-ad4f-400853262062,Reinhardstraße 2,2025-07-10 14:00:00+02:00,7.085776646931966
db726d5d-f282-4977-ad4f-400853262062,Reinhardstraße 2,2025-07-10 15:00:00+02:00,47.90647315979004
db726d5d-f282-4977-ad4f-400853262062,Reinhardstraße 2,2025-07-10 16:00:00+02:00,21.849256197611492
db726d5d-f282-4977-ad4f-400853262062,Reinhardstraße 2,2025-07-10 17:00:00+02:00,17.81381098429362
db726d5d-f282-4977-ad4f-400853262062,Reinhardstraße 2,2025-07-10 18:00:00+02:00,70.52104059855144
db726d5d-f282-4977-ad4f-400853262062,Reinhardstraße 2,2025-07-10 19:00:00+02:00,88.3287763595581
db726d5d-f282-4977-ad4f-400853262062,Reinhardstraße 2,2025-07-10 20:00:00+02:00,19.726580301920574
db726d5d-f282-4977-ad4f-400853262062,Reinhardstraße 2,2025-07-10 21:00:00+02:00,9.992785612742106
db726d5d-f282-4977-ad4f-400853262062,Reinhardstraße 2,2025-07-10 22:00:00+02:00,3.7797632217407227
db726d5d-f282-4977-ad4f-400853262062,Reinhardstraße 2,2025-07-10 23:00:00+02:00,12.888177394866943
db726d5d-f282-4977-ad4f-400853262062,Reinhardstraße 2,2025-07-11 00:00:00+02:00,12.806467215220133
db726d5d-f282-4977-ad4f-400853262062,Reinhardstraße 2,2025-07-11 01:00:00+02:00,10.108958085378012
db726d5d-f282-4977-ad4f-400853262062,Reinhardstraße 2,2025-07-11 02:00:00+02:00,10.437161922454834
db726d5d-f282-4977-ad4f-400853262062,Reinhardstraße 2,2025-07-11 03:00:00+02:00,10.70822016398112
db726d5d-f282-4977-ad4f-400853262062,Reinhardstraße 2,2025-07-11 04:00:00+02:00,11.49523655573527
db726d5d-f282-4977-ad4f-400853262062,Reinhardstraße 2,2025-07-11 05:00:00+02:00,11.082716226577759
db726d5d-f282-4977-ad4f-400853262062,Reinhardstraße 2,2025-07-11 06:00:00+02:00,18.990204254786175
db726d5d-f282-4977-ad4f-400853262062,Reinhardstraße 2,2025-07-11 07:00:00+02:00,14.916942278544107
db726d5d-f282-4977-ad4f-400853262062,Reinhardstraße 2,2025-07-11 08:00:00+02:00,21.42062536875407
db726d5d-f282-4977-ad4f-400853262062,Reinhardstraße 2,2025-07-11 09:00:00+02:00,11.140318552652994
db726d5d-f282-4977-ad4f-400853262062,Reinhardstraße 2,2025-07-11 10:00:00+02:00,37.98859945933024
db726d5d-f282-4977-ad4f-400853262062,Reinhardstraße 2,2025-07-11 11:00:00+02:00,16.719107309977215
db726d5d-f282-4977-ad4f-400853262062,Reinhardstraße 2,2025-07-11 12:00:00+02:00,6.993894259134929
db726d5d-f282-4977-ad4f-400853262062,Reinhardstraße 2,2025-07-11 13:00:00+02:00,4.998771667480469
db726d5d-f282-4977-ad4f-400853262062,Reinhardstraße 2,2025-07-11 14:00:00+02:00,62.86189556121826
db726d5d-f282-4977-ad4f-400853262062,Reinhardstraße 2,2025-07-11 15:00:00+02:00,14.107267697652182
db726d5d-f282-4977-ad4f-400853262062,Reinhardstraße 2,2025-07-11 16:00:00+02:00,58.36708958943685
db726d5d-f282-4977-ad4f-400853262062,Reinhardstraße 2,2025-07-11 17:00:00+02:00,53.031463623046875
db726d5d-f282-4977-ad4f-400853262062,Reinhardstraße 2,2025-07-11 18:00:00+02:00,34.34903653462728
db726d5d-f282-4977-ad4f-400853262062,Reinhardstraße 2,2025-07-11 19:00:00+02:00,46.683292388916016
db726d5d-f282-4977-ad4f-400853262062,Reinhardstraße 2,2025-07-11 20:00:00+02:00,10.230025132497152
db726d5d-f282-4977-ad4f-400853262062,Reinhardstraße 2,2025-07-11 21:00:00+02:00,16.70299482345581
db726d5d-f282-4977-ad4f-400853262062,Reinhardstraße 2,2025-07-11 22:00:00+02:00,21.914705117543537
db726d5d-f282-4977-ad4f-400853262062,Reinhardstraße 2,2025-07-11 23:00:00+02:00,20.646833419799805
db726d5d-f282-4977-ad4f-400853262062,Reinhardstraße 2,2025-07-12 00:00:00+02:00,18.849716901779175
db726d5d-f282-4977-ad4f-400853262062,Reinhardstraße 2,2025-07-12 01:00:00+02:00,13.83448044459025
db726d5d-f282-4977-ad4f-400853262062,Reinhardstraße 2,2025-07-12 02:00:00+02:00,15.374288558959961
db726d5d-f282-4977-ad4f-400853262062,Reinhardstraße 2,2025-07-12 03:00:00+02:00,15.1695572535197
db726d5d-f282-4977-ad4f-400853262062,Reinhardstraße 2,2025-07-12 04:00:00+02:00,12.104627768198656
db726d5d-f282-4977-ad4f-400853262062,Reinhardstraße 2,2025-07-12 05:00:00+02:00,13.35898653666179
db726d5d-f282-4977-ad4f-400853262062,Reinhardstraße 2,2025-07-12 06:00:00+02:00,9.768201986948648
db726d5d-f282-4977-ad4f-400853262062,Reinhardstraße 2,2025-07-12 07:00:00+02:00,5.250574429829915
db726d5d-f282-4977-ad4f-400853262062,Reinhardstraße 2,2025-07-12 08:00:00+02:00,4.88183347384135
db726d5d-f282-4977-ad4f-400853262062,Reinhardstraße 2,2025-07-12 09:00:00+02:00,6.088696002960205
db726d5d-f282-4977-ad4f-400853262062,Reinhardstraße 2,2025-07-12 10:00:00+02:00,81.73250039418538
db726d5d-f282-4977-ad4f-400853262062,Reinhardstraße 2,2025-07-12 11:00:00+02:00,26.468077659606934
db726d5d-f282-4977-ad4f-400853262062,Reinhardstraße 2,2025-07-12 12:00:00+02:00,18.02570915222168
db726d5d-f282-4977-ad4f-400853262062,Reinhardstraße 2,2025-07-12 13:00:00+02:00,11.602277119954428
db726d5d-f282-4977-ad4f-400853262062,Reinhardstraße 2,2025-07-12 14:00:00+02:00,13.36038589477539
db726d5d-f282-4977-ad4f-400853262062,Reinhardstraße 2,2025-07-12 15:00:00+02:00,18.640629450480144
db726d5d-f282-4977-ad4f-400853262062,Reinhardstraße 2,2025-07-12 16:00:00+02:00,10.165525436401367
db726d5d-f282-4977-ad4f-400853262062,Reinhardstraße 2,2025-07-12 17:00:00+02:00,14.97407595316569
db726d5d-f282-4977-ad4f-400853262062,Reinhardstraße 2,2025-07-12 18:00:00+02:00,15.749215126037598
db726d5d-f282-4977-ad4f-400853262062,Reinhardstraße 2,2025-07-12 19:00:00+02:00,41.19916836420695
db726d5d-f282-4977-ad4f-400853262062,Reinhardstraße 2,2025-07-12 20:00:00+02:00,21.037758827209473
db726d5d-f282-4977-ad4f-400853262062,Reinhardstraße 2,2025-07-12 21:00:00+02:00,9.43900696436564
db726d5d-f282-4977-ad4f-400853262062,Reinhardstraße 2,2025-07-12 22:00:00+02:00,4.820580959320068
db726d5d-f282-4977-ad4f-400853262062,Reinhardstraße 2,2025-07-12 23:00:00+02:00,18.753660202026367
db726d5d-f282-4977-ad4f-400853262062,Reinhardstraße 2,2025-07-13 00:00:00+02:00,13.009868462880457
db726d5d-f282-4977-ad4f-400853262062,Reinhardstraße 2,2025-07-13 01:00:00+02:00,7.3174692789713545
db726d5d-f282-4977-ad4f-400853262062,Reinhardstraße 2,2025-07-13 02:00:00+02:00,9.057320912679037
db726d5d-f282-4977-ad4f-400853262062,Reinhardstraße 2,2025-07-13 03:00:00+02:00,7.900565105935802
db726d5d-f282-4977-ad4f-400853262062,Reinhardstraße 2,2025-07-13 04:00:00+02:00,9.59255651994185
db726d5d-f282-4977-ad4f-400853262062,Reinhardstraße 2,2025-07-13 05:00:00+02:00,8.90030906313942
db726d5d-f282-4977-ad4f-400853262062,Reinhardstraße 2,2025-07-13 06:00:00+02:00,8.133134078979491
db726d5d-f282-4977-ad4f-400853262062,Reinhardstraße 2,2025-07-13 07:00:00+02:00,13.668778670461554
db726d5d-f282-4977-ad4f-400853262062,Reinhardstraße 2,2025-07-13 08:00:00+02:00,18.32157876756456
db726d5d-f282-4977-ad4f-400853262062,Reinhardstraße 2,2025-07-13 09:00:00+02:00,33.134258045869714
db726d5d-f282-4977-ad4f-400853262062,Reinhardstraße 2,2025-07-13 10:00:00+02:00,39.949512004852295
db726d5d-f282-4977-ad4f-400853262062,Reinhardstraße 2,2025-07-13 11:00:00+02:00,9.447499593098959
db726d5d-f282-4977-ad4f-400853262062,Reinhardstraße 2,2025-07-13 12:00:00+02:00,13.289590018136161
db726d5d-f282-4977-ad4f-400853262062,Reinhardstraße 2,2025-07-13 13:00:00+02:00,22.884226872370792
db726d5d-f282-4977-ad4f-400853262062,Reinhardstraße 2,2025-07-13 14:00:00+02:00,18.20453389485677
db726d5d-f282-4977-ad4f-400853262062,Reinhardstraße 2,2025-07-13 15:00:00+02:00,13.425572482022373
db726d5d-f282-4977-ad4f-400853262062,Reinhardstraße 2,2025-07-13 16:00:00+02:00,21.776873779296874
db726d5d-f282-4977-ad4f-400853262062,Reinhardstraße 2,2025-07-13 17:00:00+02:00,11.782415601942274
db726d5d-f282-4977-ad4f-400853262062,Reinhardstraße 2,2025-07-13 18:00:00+02:00,14.887518882751465
db726d5d-f282-4977-ad4f-400853262062,Reinhardstraße 2,2025-07-13 19:00:00+02:00,8.939143862043109
db726d5d-f282-4977-ad4f-400853262062,Reinhardstraße 2,2025-07-13 20:00:00+02:00,8.116697311401367
db726d5d-f282-4977-ad4f-400853262062,Reinhardstraße 2,2025-07-13 21:00:00+02:00,2.0949417114257813
db726d5d-f282-4977-ad4f-400853262062,Reinhardstraße 2,2025-07-13 22:00:00+02:00,2.4946956634521484
db726d5d-f282-4977-ad4f-400853262062,Reinhardstraße 2,2025-07-13 23:00:00+02:00,5.833937327067065
db726d5d-f282-4977-ad4f-400853262062,Reinhardstraße 2,2025-07-14 00:00:00+02:00,4.918388366699219
db726d5d-f282-4977-ad4f-400853262062,Reinhardstraße 2,2025-07-14 01:00:00+02:00,2.0501136779785156
dc716491-cffe-4661-bbe4-333b581a6926,Trafohaus Zanderstraße,2025-06-30 03:00:00+02:00,5.693643569946289
dc716491-cffe-4661-bbe4-333b581a6926,Trafohaus Zanderstraße,2025-06-30 04:00:00+02:00,3.6909942626953125
dc716491-cffe-4661-bbe4-333b581a6926,Trafohaus Zanderstraße,2025-06-30 05:00:00+02:00,3.938957850138346
dc716491-cffe-4661-bbe4-333b581a6926,Trafohaus Zanderstraße,2025-06-30 06:00:00+02:00,4.305727005004883
dc716491-cffe-4661-bbe4-333b581a6926,Trafohaus Zanderstraße,2025-06-30 07:00:00+02:00,62.45249290466309
dc716491-cffe-4661-bbe4-333b581a6926,Trafohaus Zanderstraße,2025-06-30 08:00:00+02:00,27.131526311238606
dc716491-cffe-4661-bbe4-333b581a6926,Trafohaus Zanderstraße,2025-06-30 09:00:00+02:00,10.517781393868583
dc716491-cffe-4661-bbe4-333b581a6926,Trafohaus Zanderstraße,2025-06-30 10:00:00+02:00,13.37018346786499
dc716491-cffe-4661-bbe4-333b581a6926,Trafohaus Zanderstraße,2025-06-30 11:00:00+02:00,5.712269677056207
dc716491-cffe-4661-bbe4-333b581a6926,Trafohaus Zanderstraße,2025-06-30 12:00:00+02:00,22.214699935913085
dc716491-cffe-4661-bbe4-333b581a6926,Trafohaus Zanderstraße,2025-06-30 13:00:00+02:00,10.094244870272549
dc716491-cffe-4661-bbe4-333b581a6926,Trafohaus Zanderstraße,2025-06-30 14:00:00+02:00,15.402744928995768
dc716491-cffe-4661-bbe4-333b581a6926,Trafohaus Zanderstraße,2025-06-30 15:00:00+02:00,1.5352372389573317
dc716491-cffe-4661-bbe4-333b581a6926,Trafohaus Zanderstraße,2025-06-30 16:00:00+02:00,51.546704973493306
dc716491-cffe-4661-bbe4-333b581a6926,Trafohaus Zanderstraße,2025-06-30 17:00:00+02:00,22.131370798746744
dc716491-cffe-4661-bbe4-333b581a6926,Trafohaus Zanderstraße,2025-06-30 18:00:00+02:00,29.17900848388672
dc716491-cffe-4661-bbe4-333b581a6926,Trafohaus Zanderstraße,2025-06-30 19:00:00+02:00,10.58685156878303
dc716491-cffe-4661-bbe4-333b581a6926,Trafohaus Zanderstraße,2025-06-30 20:00:00+02:00,25.28233136071099
dc716491-cffe-4661-bbe4-333b581a6926,Trafohaus Zanderstraße,2025-06-30 21:00:00+02:00,38.71978498760023
dc716491-cffe-4661-bbe4-333b581a6926,Trafohaus Zanderstraße,2025-06-30 22:00:00+02:00,8.347944068908692
dc716491-cffe-4661-bbe4-333b581a6926,Trafohaus Zanderstraße,2025-06-30 23:00:00+02:00,5.025917234874907
dc716491-cffe-4661-bbe4-333b581a6926,Trafohaus Zanderstraße,2025-07-01 00:00:00+02:00,2.5582781704989346
dc716491-cffe-4661-bbe4-333b581a6926,Trafohaus Zanderstraße,2025-07-01 01:00:00+02:00,6.351689546004586
dc716491-cffe-4661-bbe4-333b581a6926,Trafohaus Zanderstraße,2025-07-01 02:00:00+02:00,5.94681731859843
dc716491-cffe-4661-bbe4-333b581a6926,Trafohaus Zanderstraße,2025-07-01 03:00:00+02:00,5.821739037831624
dc716491-cffe-4661-bbe4-333b581a6926,Trafohaus Zanderstraße,2025-07-01 04:00:00+02:00,9.567605574925741
dc716491-cffe-4661-bbe4-333b581a6926,Trafohaus Zanderstraße,2025-07-01 05:00:00+02:00,2.4901190598805747
dc716491-cffe-4661-bbe4-333b581a6926,Trafohaus Zanderstraße,2025-07-01 06:00:00+02:00,1.6440860430399578
dc716491-cffe-4661-bbe4-333b581a6926,Trafohaus Zanderstraße,2025-07-01 07:00:00+02:00,44.953495025634766
dc716491-cffe-4661-bbe4-333b581a6926,Trafohaus Zanderstraße,2025-07-01 08:00:00+02:00,18.309192021687824
dc716491-cffe-4661-bbe4-333b581a6926,Trafohaus Zanderstraße,2025-07-01 09:00:00+02:00,11.837058385213217
dc716491-cffe-4661-bbe4-333b581a6926,Trafohaus Zanderstraße,2025-07-01 10:00:00+02:00,1.8071886698404949
dc716491-cffe-4661-bbe4-333b581a6926,Trafohaus Zanderstraße,2025-07-01 11:00:00+02:00,2.133399486541748
dc716491-cffe-4661-bbe4-333b581a6926,Trafohaus Zanderstraße,2025-07-01 12:00:00+02:00,47.27902062733968
dc716491-cffe-4661-bbe4-333b581a6926,Trafohaus Zanderstraße,2025-07-01 13:00:00+02:00,21.12002642949422
dc716491-cffe-4661-bbe4-333b581a6926,Trafohaus Zanderstraße,2025-07-01 14:00:00+02:00,1.9574413299560547
dc716491-cffe-4661-bbe4-333b581a6926,Trafohaus Zanderstraße,2025-07-01 15:00:00+02:00,6.293184598286946
dc716491-cffe-4661-bbe4-333b581a6926,Trafohaus Zanderstraße,2025-07-01 16:00:00+02:00,5.145152886708577
dc716491-cffe-4661-bbe4-333b581a6926,Trafohaus Zanderstraße,2025-07-01 17:00:00+02:00,3.170823574066162
dc716491-cffe-4661-bbe4-333b581a6926,Trafohaus Zanderstraße,2025-07-01 18:00:00+02:00,4.876121441523234
dc716491-cffe-4661-bbe4-333b581a6926,Trafohaus Zanderstraße,2025-07-01 19:00:00+02:00,21.92120583852132
dc716491-cffe-4661-bbe4-333b581a6926,Trafohaus Zanderstraße,2025-07-01 20:00:00+02:00,2.151242176691691
dc716491-cffe-4661-bbe4-333b581a6926,Trafohaus Zanderstraße,2025-07-01 21:00:00+02:00,4.851645310719808
dc716491-cffe-4661-bbe4-333b581a6926,Trafohaus Zanderstraße,2025-07-01 22:00:00+02:00,6.200189113616943
dc716491-cffe-4661-bbe4-333b581a6926,Trafohaus Zanderstraße,2025-07-01 23:00:00+02:00,2.6140026251475015
dc716491-cffe-4661-bbe4-333b581a6926,Trafohaus Zanderstraße,2025-07-02 00:00:00+02:00,0.775505781173706
dc716491-cffe-4661-bbe4-333b581a6926,Trafohaus Zanderstraße,2025-07-02 01:00:00+02:00,3.1795125007629395
dc716491-cffe-4661-bbe4-333b581a6926,Trafohaus Zanderstraße,2025-07-02 02:00:00+02:00,7.363411506017049
dc716491-cffe-4661-bbe4-333b581a6926,Trafohaus Zanderstraße,2025-07-02 03:00:00+02:00,9.210486650466919
dc716491-cffe-4661-bbe4-333b581a6926,Trafohaus Zanderstraße,2025-07-02 04:00:00+02:00,12.772178808848063
dc716491-cffe-4661-bbe4-333b581a6926,Trafohaus Zanderstraße,2025-07-02 05:00:00+02:00,4.211036364237468
dc716491-cffe-4661-bbe4-333b581a6926,Trafohaus Zanderstraße,2025-07-02 06:00:00+02:00,10.172790924708048
dc716491-cffe-4661-bbe4-333b581a6926,Trafohaus Zanderstraße,2025-07-02 07:00:00+02:00,46.430666049321495
dc716491-cffe-4661-bbe4-333b581a6926,Trafohaus Zanderstraße,2025-07-02 08:00:00+02:00,9.914270718892416
dc716491-cffe-4661-bbe4-333b581a6926,Trafohaus Zanderstraße,2025-07-02 09:00:00+02:00,12.9092698097229
dc716491-cffe-4661-bbe4-333b581a6926,Trafohaus Zanderstraße,2025-07-02 10:00:00+02:00,1.9189343452453613
dc716491-cffe-4661-bbe4-333b581a6926,Trafohaus Zanderstraße,2025-07-02 11:00:00+02:00,26.133238315582275
dc716491-cffe-4661-bbe4-333b581a6926,Trafohaus Zanderstraße,2025-07-02 12:00:00+02:00,21.703049659729004
dc716491-cffe-4661-bbe4-333b581a6926,Trafohaus Zanderstraße,2025-07-02 13:00:00+02:00,15.977699279785156
dc716491-cffe-4661-bbe4-333b581a6926,Trafohaus Zanderstraße,2025-07-02 14:00:00+02:00,6.46655797958374
dc716491-cffe-4661-bbe4-333b581a6926,Trafohaus Zanderstraße,2025-07-02 15:00:00+02:00,4.257310390472412
dc716491-cffe-4661-bbe4-333b581a6926,Trafohaus Zanderstraße,2025-07-02 16:00:00+02:00,10.989479541778564
dc716491-cffe-4661-bbe4-333b581a6926,Trafohaus Zanderstraße,2025-07-02 17:00:00+02:00,10.742928187052408
dc716491-cffe-4661-bbe4-333b581a6926,Trafohaus Zanderstraße,2025-07-02 18:00:00+02:00,3.179950396219889
dc716491-cffe-4661-bbe4-333b581a6926,Trafohaus Zanderstraße,2025-07-02 19:00:00+02:00,3.7502938906351724
dc716491-cffe-4661-bbe4-333b581a6926,Trafohaus Zanderstraße,2025-07-02 20:00:00+02:00,6.2021825313568115
dc716491-cffe-4661-bbe4-333b581a6926,Trafohaus Zanderstraße,2025-07-02 21:00:00+02:00,7.821222384770711
dc716491-cffe-4661-bbe4-333b581a6926,Trafohaus Zanderstraße,2025-07-02 22:00:00+02:00,10.937562624613443
dc716491-cffe-4661-bbe4-333b581a6926,Trafohaus Zanderstraße,2025-07-02 23:00:00+02:00,9.366681893666586
dc716491-cffe-4661-bbe4-333b581a6926,Trafohaus Zanderstraße,2025-07-03 00:00:00+02:00,4.82645312945048
dc716491-cffe-4661-bbe4-333b581a6926,Trafohaus Zanderstraße,2025-07-03 01:00:00+02:00,6.140830914179484
dc716491-cffe-4661-bbe4-333b581a6926,Trafohaus Zanderstraße,2025-07-03 02:00:00+02:00,7.290020863215129
dc716491-cffe-4661-bbe4-333b581a6926,Trafohaus Zanderstraße,2025-07-03 03:00:00+02:00,9.416750033696493
dc716491-cffe-4661-bbe4-333b581a6926,Trafohaus Zanderstraße,2025-07-03 04:00:00+02:00,9.820202509562174
dc716491-cffe-4661-bbe4-333b581a6926,Trafohaus Zanderstraße,2025-07-03 05:00:00+02:00,11.77197782198588
dc716491-cffe-4661-bbe4-333b581a6926,Trafohaus Zanderstraße,2025-07-03 06:00:00+02:00,5.11996070543925
dc716491-cffe-4661-bbe4-333b581a6926,Trafohaus Zanderstraße,2025-07-03 07:00:00+02:00,9.723631302515665
dc716491-cffe-4661-bbe4-333b581a6926,Trafohaus Zanderstraße,2025-07-03 08:00:00+02:00,4.533260901769002
dc716491-cffe-4661-bbe4-333b581a6926,Trafohaus Zanderstraße,2025-07-03 09:00:00+02:00,4.228940963745117
dc716491-cffe-4661-bbe4-333b581a6926,Trafohaus Zanderstraße,2025-07-03 10:00:00+02:00,22.390446662902832
dc716491-cffe-4661-bbe4-333b581a6926,Trafohaus Zanderstraße,2025-07-03 11:00:00+02:00,6.521743615468343
dc716491-cffe-4661-bbe4-333b581a6926,Trafohaus Zanderstraße,2025-07-03 12:00:00+02:00,3.3694289525349936
dc716491-cffe-4661-bbe4-333b581a6926,Trafohaus Zanderstraße,2025-07-03 13:00:00+02:00,13.995960235595703
dc716491-cffe-4661-bbe4-333b581a6926,Trafohaus Zanderstraße,2025-07-03 14:00:00+02:00,36.25257190068563
dc716491-cffe-4661-bbe4-333b581a6926,Trafohaus Zanderstraße,2025-07-03 15:00:00+02:00,51.188888708750405
dc716491-cffe-4661-bbe4-333b581a6926,Trafohaus Zanderstraße,2025-07-03 16:00:00+02:00,54.8385394414266
dc716491-cffe-4661-bbe4-333b581a6926,Trafohaus Zanderstraße,2025-07-03 17:00:00+02:00,39.75787083307902
dc716491-cffe-4661-bbe4-333b581a6926,Trafohaus Zanderstraße,2025-07-03 18:00:00+02:00,12.59346612294515
dc716491-cffe-4661-bbe4-333b581a6926,Trafohaus Zanderstraße,2025-07-03 19:00:00+02:00,7.262451092402141
dc716491-cffe-4661-bbe4-333b581a6926,Trafohaus Zanderstraße,2025-07-03 20:00:00+02:00,3.0424943765004477
dc716491-cffe-4661-bbe4-333b581a6926,Trafohaus Zanderstraße,2025-07-03 21:00:00+02:00,6.688416322072347
dc716491-cffe-4661-bbe4-333b581a6926,Trafohaus Zanderstraße,2025-07-03 22:00:00+02:00,7.111490090688069
dc716491-cffe-4661-bbe4-333b581a6926,Trafohaus Zanderstraße,2025-07-03 23:00:00+02:00,11.554121017456055
dc716491-cffe-4661-bbe4-333b581a6926,Trafohaus Zanderstraße,2025-07-04 00:00:00+02:00,5.54348087310791
dc716491-cffe-4661-bbe4-333b581a6926,Trafohaus Zanderstraße,2025-07-04 01:00:00+02:00,6.755525271097819
dc716491-cffe-4661-bbe4-333b581a6926,Trafohaus Zanderstraße,2025-07-04 02:00:00+02:00,7.911304791768392
dc716491-cffe-4661-bbe4-333b581a6926,Trafohaus Zanderstraße,2025-07-04 03:00:00+02:00,8.972358465194702
dc716491-cffe-4661-bbe4-333b581a6926,Trafohaus Zanderstraße,2025-07-04 04:00:00+02:00,12.279850880304972
dc716491-cffe-4661-bbe4-333b581a6926,Trafohaus Zanderstraße,2025-07-04 05:00:00+02:00,10.378992080688477
dc716491-cffe-4661-bbe4-333b581a6926,Trafohaus Zanderstraße,2025-07-04 06:00:00+02:00,5.338358640670776
dc716491-cffe-4661-bbe4-333b581a6926,Trafohaus Zanderstraße,2025-07-04 07:00:00+02:00,56.36288889249166
dc716491-cffe-4661-bbe4-333b581a6926,Trafohaus Zanderstraße,2025-07-04 08:00:00+02:00,5.665629545847575
dc716491-cffe-4661-bbe4-333b581a6926,Trafohaus Zanderstraße,2025-07-04 09:00:00+02:00,13.021364053090414
dc716491-cffe-4661-bbe4-333b581a6926,Trafohaus Zanderstraße,2025-07-04 10:00:00+02:00,59.08917236328125
dc716491-cffe-4661-bbe4-333b581a6926,Trafohaus Zanderstraße,2025-07-04 11:00:00+02:00,15.158781051635742
dc716491-cffe-4661-bbe4-333b581a6926,Trafohaus Zanderstraße,2025-07-04 12:00:00+02:00,12.279475529988607
dc716491-cffe-4661-bbe4-333b581a6926,Trafohaus Zanderstraße,2025-07-04 13:00:00+02:00,9.103033701578775
dc716491-cffe-4661-bbe4-333b581a6926,Trafohaus Zanderstraße,2025-07-04 14:00:00+02:00,11.432918389638266
dc716491-cffe-4661-bbe4-333b581a6926,Trafohaus Zanderstraße,2025-07-04 15:00:00+02:00,25.079519271850586
dc716491-cffe-4661-bbe4-333b581a6926,Trafohaus Zanderstraße,2025-07-04 16:00:00+02:00,36.385711669921875
dc716491-cffe-4661-bbe4-333b581a6926,Trafohaus Zanderstraße,2025-07-04 17:00:00+02:00,40.844061056772865
dc716491-cffe-4661-bbe4-333b581a6926,Trafohaus Zanderstraße,2025-07-04 18:00:00+02:00,14.158648331960043
dc716491-cffe-4661-bbe4-333b581a6926,Trafohaus Zanderstraße,2025-07-04 19:00:00+02:00,18.64914909998576
dc716491-cffe-4661-bbe4-333b581a6926,Trafohaus Zanderstraße,2025-07-04 20:00:00+02:00,5.008843739827474
dc716491-cffe-4661-bbe4-333b581a6926,Trafohaus Zanderstraße,2025-07-04 21:00:00+02:00,4.169522762298584
dc716491-cffe-4661-bbe4-333b581a6926,Trafohaus Zanderstraße,2025-07-04 22:00:00+02:00,10.070317506790161
dc716491-cffe-4661-bbe4-333b581a6926,Trafohaus Zanderstraße,2025-07-04 23:00:00+02:00,11.56230099995931
dc716491-cffe-4661-bbe4-333b581a6926,Trafohaus Zanderstraße,2025-07-05 00:00:00+02:00,2.3342875639597573
dc716491-cffe-4661-bbe4-333b581a6926,Trafohaus Zanderstraße,2025-07-05 01:00:00+02:00,10.493573824564615
dc716491-cffe-4661-bbe4-333b581a6926,Trafohaus Zanderstraße,2025-07-05 02:00:00+02:00,7.527962684631348
dc716491-cffe-4661-bbe4-333b581a6926,Trafohaus Zanderstraße,2025-07-05 03:00:00+02:00,8.134230454762777
dc716491-cffe-4661-bbe4-333b581a6926,Trafohaus Zanderstraße,2025-07-05 04:00:00+02:00,7.363189299901326
dc716491-cffe-4661-bbe4-333b581a6926,Trafohaus Zanderstraße,2025-07-05 05:00:00+02:00,7.429500897725423
dc716491-cffe-4661-bbe4-333b581a6926,Trafohaus Zanderstraße,2025-07-05 06:00:00+02:00,3.715113321940104
dc716491-cffe-4661-bbe4-333b581a6926,Trafohaus Zanderstraße,2025-07-05 07:00:00+02:00,3.12032683690389
dc716491-cffe-4661-bbe4-333b581a6926,Trafohaus Zanderstraße,2025-07-05 08:00:00+02:00,8.697171926498413
dc716491-cffe-4661-bbe4-333b581a6926,Trafohaus Zanderstraße,2025-07-05 09:00:00+02:00,21.298741181691486
dc716491-cffe-4661-bbe4-333b581a6926,Trafohaus Zanderstraße,2025-07-05 10:00:00+02:00,49.520222981770836
dc716491-cffe-4661-bbe4-333b581a6926,Trafohaus Zanderstraße,2025-07-05 11:00:00+02:00,33.547203381856285
dc716491-cffe-4661-bbe4-333b581a6926,Trafohaus Zanderstraße,2025-07-05 12:00:00+02:00,13.991082191467285
dc716491-cffe-4661-bbe4-333b581a6926,Trafohaus Zanderstraße,2025-07-05 13:00:00+02:00,10.408369064331055
dc716491-cffe-4661-bbe4-333b581a6926,Trafohaus Zanderstraße,2025-07-05 14:00:00+02:00,9.048660596211752
dc716491-cffe-4661-bbe4-333b581a6926,Trafohaus Zanderstraße,2025-07-05 15:00:00+02:00,8.453141530354818
dc716491-cffe-4661-bbe4-333b581a6926,Trafohaus Zanderstraße,2025-07-05 16:00:00+02:00,5.223708152770996
dc716491-cffe-4661-bbe4-333b581a6926,Trafohaus Zanderstraße,2025-07-05 17:00:00+02:00,6.392244815826416
dc716491-cffe-4661-bbe4-333b581a6926,Trafohaus Zanderstraße,2025-07-05 18:00:00+02:00,13.36191209157308
dc716491-cffe-4661-bbe4-333b581a6926,Trafohaus Zanderstraße,2025-07-05 19:00:00+02:00,6.514192819595337
dc716491-cffe-4661-bbe4-333b581a6926,Trafohaus Zanderstraße,2025-07-05 20:00:00+02:00,6.295732577641805
dc716491-cffe-4661-bbe4-333b581a6926,Trafohaus Zanderstraße,2025-07-05 21:00:00+02:00,3.687950293223063
dc716491-cffe-4661-bbe4-333b581a6926,Trafohaus Zanderstraße,2025-07-05 22:00:00+02:00,5.649158000946045
dc716491-cffe-4661-bbe4-333b581a6926,Trafohaus Zanderstraße,2025-07-05 23:00:00+02:00,6.265954415003459
dc716491-cffe-4661-bbe4-333b581a6926,Trafohaus Zanderstraße,2025-07-06 00:00:00+02:00,3.8019476731618247
dc716491-cffe-4661-bbe4-333b581a6926,Trafohaus Zanderstraße,2025-07-06 01:00:00+02:00,3.9041895866394043
dc716491-cffe-4661-bbe4-333b581a6926,Trafohaus Zanderstraße,2025-07-06 02:00:00+02:00,5.75974718729655
dc716491-cffe-4661-bbe4-333b581a6926,Trafohaus Zanderstraße,2025-07-06 03:00:00+02:00,4.841229756673177
dc716491-cffe-4661-bbe4-333b581a6926,Trafohaus Zanderstraße,2025-07-06 04:00:00+02:00,6.438649892807007
dc716491-cffe-4661-bbe4-333b581a6926,Trafohaus Zanderstraße,2025-07-06 05:00:00+02:00,4.9295722643534345
dc716491-cffe-4661-bbe4-333b581a6926,Trafohaus Zanderstraße,2025-07-06 06:00:00+02:00,7.247160116831462
dc716491-cffe-4661-bbe4-333b581a6926,Trafohaus Zanderstraße,2025-07-06 07:00:00+02:00,8.193114042282104
dc716491-cffe-4661-bbe4-333b581a6926,Trafohaus Zanderstraße,2025-07-06 08:00:00+02:00,16.620815356572468
dc716491-cffe-4661-bbe4-333b581a6926,Trafohaus Zanderstraße,2025-07-06 09:00:00+02:00,6.886258204778035
dc716491-cffe-4661-bbe4-333b581a6926,Trafohaus Zanderstraße,2025-07-06 10:00:00+02:00,12.232453982035318
dc716491-cffe-4661-bbe4-333b581a6926,Trafohaus Zanderstraße,2025-07-06 11:00:00+02:00,7.553709030151367
dc716491-cffe-4661-bbe4-333b581a6926,Trafohaus Zanderstraße,2025-07-06 12:00:00+02:00,8.669902801513672
dc716491-cffe-4661-bbe4-333b581a6926,Trafohaus Zanderstraße,2025-07-06 13:00:00+02:00,18.22979799906413
dc716491-cffe-4661-bbe4-333b581a6926,Trafohaus Zanderstraße,2025-07-06 14:00:00+02:00,5.251170794169108
dc716491-cffe-4661-bbe4-333b581a6926,Trafohaus Zanderstraße,2025-07-06 15:00:00+02:00,24.764334201812744
dc716491-cffe-4661-bbe4-333b581a6926,Trafohaus Zanderstraße,2025-07-06 16:00:00+02:00,7.778372287750244
dc716491-cffe-4661-bbe4-333b581a6926,Trafohaus Zanderstraße,2025-07-06 17:00:00+02:00,4.821814298629761
dc716491-cffe-4661-bbe4-333b581a6926,Trafohaus Zanderstraße,2025-07-06 18:00:00+02:00,6.039818048477173
dc716491-cffe-4661-bbe4-333b581a6926,Trafohaus Zanderstraße,2025-07-06 19:00:00+02:00,3.221343517303467
dc716491-cffe-4661-bbe4-333b581a6926,Trafohaus Zanderstraße,2025-07-06 20:00:00+02:00,7.396057764689128
dc716491-cffe-4661-bbe4-333b581a6926,Trafohaus Zanderstraße,2025-07-06 21:00:00+02:00,5.053711175918579
dc716491-cffe-4661-bbe4-333b581a6926,Trafohaus Zanderstraße,2025-07-06 22:00:00+02:00,4.224687814712524
dc716491-cffe-4661-bbe4-333b581a6926,Trafohaus Zanderstraße,2025-07-06 23:00:00+02:00,5.067646026611328
dc716491-cffe-4661-bbe4-333b581a6926,Trafohaus Zanderstraße,2025-07-07 00:00:00+02:00,5.7549722989400225
dc716491-cffe-4661-bbe4-333b581a6926,Trafohaus Zanderstraße,2025-07-07 01:00:00+02:00,4.649692217508952
dc716491-cffe-4661-bbe4-333b581a6926,Trafohaus Zanderstraße,2025-07-07 02:00:00+02:00,5.6531814734141035
dc716491-cffe-4661-bbe4-333b581a6926,Trafohaus Zanderstraße,2025-07-07 03:00:00+02:00,3.2441128889719644
dc716491-cffe-4661-bbe4-333b581a6926,Trafohaus Zanderstraße,2025-07-07 04:00:00+02:00,5.7484917640686035
dc716491-cffe-4661-bbe4-333b581a6926,Trafohaus Zanderstraße,2025-07-07 05:00:00+02:00,5.7458484172821045
dc716491-cffe-4661-bbe4-333b581a6926,Trafohaus Zanderstraße,2025-07-07 06:00:00+02:00,5.298516432444255
dc716491-cffe-4661-bbe4-333b581a6926,Trafohaus Zanderstraße,2025-07-07 07:00:00+02:00,9.249606927235922
dc716491-cffe-4661-bbe4-333b581a6926,Trafohaus Zanderstraße,2025-07-07 08:00:00+02:00,3.705286184946696
dc716491-cffe-4661-bbe4-333b581a6926,Trafohaus Zanderstraße,2025-07-07 09:00:00+02:00,3.3045193354288735
dc716491-cffe-4661-bbe4-333b581a6926,Trafohaus Zanderstraße,2025-07-07 10:00:00+02:00,8.83773136138916
dc716491-cffe-4661-bbe4-333b581a6926,Trafohaus Zanderstraße,2025-07-07 11:00:00+02:00,2.809752623240153
dc716491-cffe-4661-bbe4-333b581a6926,Trafohaus Zanderstraße,2025-07-07 12:00:00+02:00,12.629057884216309
dc716491-cffe-4661-bbe4-333b581a6926,Trafohaus Zanderstraße,2025-07-07 13:00:00+02:00,14.874143282572428
dc716491-cffe-4661-bbe4-333b581a6926,Trafohaus Zanderstraße,2025-07-07 14:00:00+02:00,2.5939200719197593
dc716491-cffe-4661-bbe4-333b581a6926,Trafohaus Zanderstraße,2025-07-07 15:00:00+02:00,7.725544611612956
dc716491-cffe-4661-bbe4-333b581a6926,Trafohaus Zanderstraße,2025-07-07 16:00:00+02:00,10.140344778696695
dc716491-cffe-4661-bbe4-333b581a6926,Trafohaus Zanderstraße,2025-07-07 17:00:00+02:00,2.661072095235189
dc716491-cffe-4661-bbe4-333b581a6926,Trafohaus Zanderstraße,2025-07-07 18:00:00+02:00,2.9185367425282798
dc716491-cffe-4661-bbe4-333b581a6926,Trafohaus Zanderstraße,2025-07-07 19:00:00+02:00,5.707812865575154
dc716491-cffe-4661-bbe4-333b581a6926,Trafohaus Zanderstraße,2025-07-07 20:00:00+02:00,11.207496325174967
dc716491-cffe-4661-bbe4-333b581a6926,Trafohaus Zanderstraße,2025-07-07 21:00:00+02:00,6.90336028734843
dc716491-cffe-4661-bbe4-333b581a6926,Trafohaus Zanderstraße,2025-07-07 22:00:00+02:00,7.9683427810668945
dc716491-cffe-4661-bbe4-333b581a6926,Trafohaus Zanderstraße,2025-07-07 23:00:00+02:00,5.0335516929626465
dc716491-cffe-4661-bbe4-333b581a6926,Trafohaus Zanderstraße,2025-07-08 00:00:00+02:00,7.503817160924275
dc716491-cffe-4661-bbe4-333b581a6926,Trafohaus Zanderstraße,2025-07-08 01:00:00+02:00,6.3237214883168535
dc716491-cffe-4661-bbe4-333b581a6926,Trafohaus Zanderstraße,2025-07-08 02:00:00+02:00,4.927023410797119
dc716491-cffe-4661-bbe4-333b581a6926,Trafohaus Zanderstraße,2025-07-08 03:00:00+02:00,6.833194255828857
dc716491-cffe-4661-bbe4-333b581a6926,Trafohaus Zanderstraße,2025-07-08 04:00:00+02:00,8.538471619288126
dc716491-cffe-4661-bbe4-333b581a6926,Trafohaus Zanderstraße,2025-07-08 05:00:00+02:00,7.417993466059367
dc716491-cffe-4661-bbe4-333b581a6926,Trafohaus Zanderstraße,2025-07-08 06:00:00+02:00,3.6051553090413413
dc716491-cffe-4661-bbe4-333b581a6926,Trafohaus Zanderstraße,2025-07-08 07:00:00+02:00,4.19087012608846
dc716491-cffe-4661-bbe4-333b581a6926,Trafohaus Zanderstraße,2025-07-08 08:00:00+02:00,15.530246416727701
dc716491-cffe-4661-bbe4-333b581a6926,Trafohaus Zanderstraße,2025-07-08 09:00:00+02:00,2.9378786087036133
dc716491-cffe-4661-bbe4-333b581a6926,Trafohaus Zanderstraße,2025-07-08 10:00:00+02:00,3.0178146362304688
dc716491-cffe-4661-bbe4-333b581a6926,Trafohaus Zanderstraße,2025-07-08 11:00:00+02:00,11.360448201497396
dc716491-cffe-4661-bbe4-333b581a6926,Trafohaus Zanderstraße,2025-07-08 12:00:00+02:00,6.416041851043701
dc716491-cffe-4661-bbe4-333b581a6926,Trafohaus Zanderstraße,2025-07-08 13:00:00+02:00,16.177556037902832
dc716491-cffe-4661-bbe4-333b581a6926,Trafohaus Zanderstraße,2025-07-08 14:00:00+02:00,1.9023677508036296
dc716491-cffe-4661-bbe4-333b581a6926,Trafohaus Zanderstraße,2025-07-08 15:00:00+02:00,13.300688902537027
dc716491-cffe-4661-bbe4-333b581a6926,Trafohaus Zanderstraße,2025-07-08 16:00:00+02:00,5.754016717274983
dc716491-cffe-4661-bbe4-333b581a6926,Trafohaus Zanderstraße,2025-07-08 17:00:00+02:00,4.109684149424235
dc716491-cffe-4661-bbe4-333b581a6926,Trafohaus Zanderstraße,2025-07-08 18:00:00+02:00,3.5664313634236655
dc716491-cffe-4661-bbe4-333b581a6926,Trafohaus Zanderstraße,2025-07-08 19:00:00+02:00,20.261481444040935
dc716491-cffe-4661-bbe4-333b581a6926,Trafohaus Zanderstraße,2025-07-08 20:00:00+02:00,1.9600983460744221
dc716491-cffe-4661-bbe4-333b581a6926,Trafohaus Zanderstraße,2025-07-08 21:00:00+02:00,6.003644386927287
dc716491-cffe-4661-bbe4-333b581a6926,Trafohaus Zanderstraße,2025-07-08 22:00:00+02:00,6.963989019393921
dc716491-cffe-4661-bbe4-333b581a6926,Trafohaus Zanderstraße,2025-07-08 23:00:00+02:00,3.1113408406575522
dc716491-cffe-4661-bbe4-333b581a6926,Trafohaus Zanderstraße,2025-07-09 00:00:00+02:00,0.8564899762471517
dc716491-cffe-4661-bbe4-333b581a6926,Trafohaus Zanderstraße,2025-07-09 01:00:00+02:00,3.297724485397339
dc716491-cffe-4661-bbe4-333b581a6926,Trafohaus Zanderstraße,2025-07-09 02:00:00+02:00,7.245863437652588
dc716491-cffe-4661-bbe4-333b581a6926,Trafohaus Zanderstraße,2025-07-09 03:00:00+02:00,8.75922695795695
dc716491-cffe-4661-bbe4-333b581a6926,Trafohaus Zanderstraße,2025-07-09 04:00:00+02:00,11.932194471359253
dc716491-cffe-4661-bbe4-333b581a6926,Trafohaus Zanderstraße,2025-07-09 05:00:00+02:00,3.2178567250569663
dc716491-cffe-4661-bbe4-333b581a6926,Trafohaus Zanderstraße,2025-07-09 06:00:00+02:00,8.66877849896749
dc716491-cffe-4661-bbe4-333b581a6926,Trafohaus Zanderstraße,2025-07-09 07:00:00+02:00,48.03827404975891
dc716491-cffe-4661-bbe4-333b581a6926,Trafohaus Zanderstraße,2025-07-09 08:00:00+02:00,11.414800008138021
dc716491-cffe-4661-bbe4-333b581a6926,Trafohaus Zanderstraße,2025-07-09 09:00:00+02:00,6.94331153233846
dc716491-cffe-4661-bbe4-333b581a6926,Trafohaus Zanderstraße,2025-07-09 10:00:00+02:00,2.557817300160726
dc716491-cffe-4661-bbe4-333b581a6926,Trafohaus Zanderstraße,2025-07-09 11:00:00+02:00,2.1621576944986978
dc716491-cffe-4661-bbe4-333b581a6926,Trafohaus Zanderstraße,2025-07-09 12:00:00+02:00,3.5532735188802085
dc716491-cffe-4661-bbe4-333b581a6926,Trafohaus Zanderstraße,2025-07-09 13:00:00+02:00,16.41914701461792
dc716491-cffe-4661-bbe4-333b581a6926,Trafohaus Zanderstraße,2025-07-09 14:00:00+02:00,12.038865725199381
dc716491-cffe-4661-bbe4-333b581a6926,Trafohaus Zanderstraße,2025-07-09 15:00:00+02:00,3.8710087140401206
dc716491-cffe-4661-bbe4-333b581a6926,Trafohaus Zanderstraße,2025-07-09 16:00:00+02:00,27.4197416305542
dc716491-cffe-4661-bbe4-333b581a6926,Trafohaus Zanderstraße,2025-07-09 17:00:00+02:00,13.024271011352539
dc716491-cffe-4661-bbe4-333b581a6926,Trafohaus Zanderstraße,2025-07-09 18:00:00+02:00,6.108973662058513
dc716491-cffe-4661-bbe4-333b581a6926,Trafohaus Zanderstraße,2025-07-09 19:00:00+02:00,3.628737688064575
dc716491-cffe-4661-bbe4-333b581a6926,Trafohaus Zanderstraße,2025-07-09 20:00:00+02:00,2.8668503761291504
dc716491-cffe-4661-bbe4-333b581a6926,Trafohaus Zanderstraße,2025-07-09 21:00:00+02:00,2.867323319117228
dc716491-cffe-4661-bbe4-333b581a6926,Trafohaus Zanderstraße,2025-07-09 22:00:00+02:00,7.177629629770915
dc716491-cffe-4661-bbe4-333b581a6926,Trafohaus Zanderstraße,2025-07-09 23:00:00+02:00,9.452765862147013
dc716491-cffe-4661-bbe4-333b581a6926,Trafohaus Zanderstraße,2025-07-10 00:00:00+02:00,4.859304587046306
dc716491-cffe-4661-bbe4-333b581a6926,Trafohaus Zanderstraße,2025-07-10 01:00:00+02:00,6.151776711146037
dc716491-cffe-4661-bbe4-333b581a6926,Trafohaus Zanderstraße,2025-07-10 02:00:00+02:00,7.250112692515056
dc716491-cffe-4661-bbe4-333b581a6926,Trafohaus Zanderstraße,2025-07-10 03:00:00+02:00,9.295523961385092
dc716491-cffe-4661-bbe4-333b581a6926,Trafohaus Zanderstraße,2025-07-10 04:00:00+02:00,9.616110960642496
dc716491-cffe-4661-bbe4-333b581a6926,Trafohaus Zanderstraße,2025-07-10 05:00:00+02:00,11.544551849365234
dc716491-cffe-4661-bbe4-333b581a6926,Trafohaus Zanderstraße,2025-07-10 06:00:00+02:00,4.243458191553752
dc716491-cffe-4661-bbe4-333b581a6926,Trafohaus Zanderstraße,2025-07-10 07:00:00+02:00,9.842485825220743
dc716491-cffe-4661-bbe4-333b581a6926,Trafohaus Zanderstraße,2025-07-10 08:00:00+02:00,4.529044548670451
dc716491-cffe-4661-bbe4-333b581a6926,Trafohaus Zanderstraße,2025-07-10 09:00:00+02:00,4.6873728434244795
dc716491-cffe-4661-bbe4-333b581a6926,Trafohaus Zanderstraße,2025-07-10 10:00:00+02:00,8.336990038553873
dc716491-cffe-4661-bbe4-333b581a6926,Trafohaus Zanderstraße,2025-07-10 11:00:00+02:00,4.159968376159668
dc716491-cffe-4661-bbe4-333b581a6926,Trafohaus Zanderstraße,2025-07-10 12:00:00+02:00,6.2061967849731445
dc716491-cffe-4661-bbe4-333b581a6926,Trafohaus Zanderstraße,2025-07-10 13:00:00+02:00,11.707629998524984
dc716491-cffe-4661-bbe4-333b581a6926,Trafohaus Zanderstraße,2025-07-10 14:00:00+02:00,7.658729871114095
dc716491-cffe-4661-bbe4-333b581a6926,Trafohaus Zanderstraße,2025-07-10 15:00:00+02:00,33.11486482620239
dc716491-cffe-4661-bbe4-333b581a6926,Trafohaus Zanderstraße,2025-07-10 16:00:00+02:00,13.28779395421346
dc716491-cffe-4661-bbe4-333b581a6926,Trafohaus Zanderstraße,2025-07-10 17:00:00+02:00,25.57893927892049
dc716491-cffe-4661-bbe4-333b581a6926,Trafohaus Zanderstraße,2025-07-10 18:00:00+02:00,2.9973724683125815
dc716491-cffe-4661-bbe4-333b581a6926,Trafohaus Zanderstraße,2025-07-10 19:00:00+02:00,16.567780176798504
dc716491-cffe-4661-bbe4-333b581a6926,Trafohaus Zanderstraße,2025-07-10 20:00:00+02:00,6.364932378133138
dc716491-cffe-4661-bbe4-333b581a6926,Trafohaus Zanderstraße,2025-07-10 21:00:00+02:00,2.5471913814544678
dc716491-cffe-4661-bbe4-333b581a6926,Trafohaus Zanderstraße,2025-07-10 22:00:00+02:00,7.319827636082967
dc716491-cffe-4661-bbe4-333b581a6926,Trafohaus Zanderstraße,2025-07-10 23:00:00+02:00,11.774130900700888
dc716491-cffe-4661-bbe4-333b581a6926,Trafohaus Zanderstraße,2025-07-11 00:00:00+02:00,5.728883425394694
dc716491-cffe-4661-bbe4-333b581a6926,Trafohaus Zanderstraße,2025-07-11 01:00:00+02:00,6.870505730311076
dc716491-cffe-4661-bbe4-333b581a6926,Trafohaus Zanderstraße,2025-07-11 02:00:00+02:00,8.95675770441691
dc716491-cffe-4661-bbe4-333b581a6926,Trafohaus Zanderstraße,2025-07-11 03:00:00+02:00,8.955141385396322
dc716491-cffe-4661-bbe4-333b581a6926,Trafohaus Zanderstraße,2025-07-11 04:00:00+02:00,9.179264545440674
dc716491-cffe-4661-bbe4-333b581a6926,Trafohaus Zanderstraße,2025-07-11 05:00:00+02:00,10.08717679977417
dc716491-cffe-4661-bbe4-333b581a6926,Trafohaus Zanderstraße,2025-07-11 06:00:00+02:00,5.410681247711182
dc716491-cffe-4661-bbe4-333b581a6926,Trafohaus Zanderstraße,2025-07-11 07:00:00+02:00,7.743597586949666
dc716491-cffe-4661-bbe4-333b581a6926,Trafohaus Zanderstraße,2025-07-11 08:00:00+02:00,9.626864433288574
dc716491-cffe-4661-bbe4-333b581a6926,Trafohaus Zanderstraße,2025-07-11 09:00:00+02:00,14.970203717549643
dc716491-cffe-4661-bbe4-333b581a6926,Trafohaus Zanderstraße,2025-07-11 10:00:00+02:00,60.52048063278198
dc716491-cffe-4661-bbe4-333b581a6926,Trafohaus Zanderstraße,2025-07-11 11:00:00+02:00,14.742066383361816
dc716491-cffe-4661-bbe4-333b581a6926,Trafohaus Zanderstraße,2025-07-11 12:00:00+02:00,12.623942057291666
dc716491-cffe-4661-bbe4-333b581a6926,Trafohaus Zanderstraße,2025-07-11 13:00:00+02:00,8.504288991292318
dc716491-cffe-4661-bbe4-333b581a6926,Trafohaus Zanderstraße,2025-07-11 14:00:00+02:00,10.925001462300619
dc716491-cffe-4661-bbe4-333b581a6926,Trafohaus Zanderstraße,2025-07-11 15:00:00+02:00,25.468740304311115
dc716491-cffe-4661-bbe4-333b581a6926,Trafohaus Zanderstraße,2025-07-11 16:00:00+02:00,36.78084468841553
dc716491-cffe-4661-bbe4-333b581a6926,Trafohaus Zanderstraße,2025-07-11 17:00:00+02:00,40.34467061360677
dc716491-cffe-4661-bbe4-333b581a6926,Trafohaus Zanderstraße,2025-07-11 18:00:00+02:00,13.579558849334717
dc716491-cffe-4661-bbe4-333b581a6926,Trafohaus Zanderstraße,2025-07-11 19:00:00+02:00,10.320183595021566
dc716491-cffe-4661-bbe4-333b581a6926,Trafohaus Zanderstraße,2025-07-11 20:00:00+02:00,4.279815753300984
dc716491-cffe-4661-bbe4-333b581a6926,Trafohaus Zanderstraße,2025-07-11 21:00:00+02:00,5.888108730316162
dc716491-cffe-4661-bbe4-333b581a6926,Trafohaus Zanderstraße,2025-07-11 22:00:00+02:00,5.421607494354248
dc716491-cffe-4661-bbe4-333b581a6926,Trafohaus Zanderstraße,2025-07-11 23:00:00+02:00,11.800262133280436
dc716491-cffe-4661-bbe4-333b581a6926,Trafohaus Zanderstraße,2025-07-12 00:00:00+02:00,2.265705108642578
dc716491-cffe-4661-bbe4-333b581a6926,Trafohaus Zanderstraße,2025-07-12 01:00:00+02:00,0.8673930168151855
dc716491-cffe-4661-bbe4-333b581a6926,Trafohaus Zanderstraße,2025-07-12 02:00:00+02:00,7.595864931742351
dc716491-cffe-4661-bbe4-333b581a6926,Trafohaus Zanderstraße,2025-07-12 03:00:00+02:00,8.169344584147135
dc716491-cffe-4661-bbe4-333b581a6926,Trafohaus Zanderstraße,2025-07-12 04:00:00+02:00,7.366321404774983
dc716491-cffe-4661-bbe4-333b581a6926,Trafohaus Zanderstraße,2025-07-12 05:00:00+02:00,7.401532967885335
dc716491-cffe-4661-bbe4-333b581a6926,Trafohaus Zanderstraße,2025-07-12 06:00:00+02:00,3.740060329437256
dc716491-cffe-4661-bbe4-333b581a6926,Trafohaus Zanderstraße,2025-07-12 07:00:00+02:00,3.1866354942321777
dc716491-cffe-4661-bbe4-333b581a6926,Trafohaus Zanderstraße,2025-07-12 08:00:00+02:00,3.6560890674591064
dc716491-cffe-4661-bbe4-333b581a6926,Trafohaus Zanderstraße,2025-07-12 09:00:00+02:00,21.588291883468628
dc716491-cffe-4661-bbe4-333b581a6926,Trafohaus Zanderstraße,2025-07-12 10:00:00+02:00,48.96900749206543
dc716491-cffe-4661-bbe4-333b581a6926,Trafohaus Zanderstraße,2025-07-12 11:00:00+02:00,32.50604724884033
dc716491-cffe-4661-bbe4-333b581a6926,Trafohaus Zanderstraße,2025-07-12 12:00:00+02:00,23.570122718811035
dc716491-cffe-4661-bbe4-333b581a6926,Trafohaus Zanderstraße,2025-07-12 13:00:00+02:00,22.457961718241375
dc716491-cffe-4661-bbe4-333b581a6926,Trafohaus Zanderstraße,2025-07-12 14:00:00+02:00,12.7704709370931
dc716491-cffe-4661-bbe4-333b581a6926,Trafohaus Zanderstraße,2025-07-12 15:00:00+02:00,13.028320948282877
dc716491-cffe-4661-bbe4-333b581a6926,Trafohaus Zanderstraße,2025-07-12 16:00:00+02:00,5.30866273244222
dc716491-cffe-4661-bbe4-333b581a6926,Trafohaus Zanderstraße,2025-07-12 17:00:00+02:00,6.170555750528972
dc716491-cffe-4661-bbe4-333b581a6926,Trafohaus Zanderstraße,2025-07-12 18:00:00+02:00,18.434632460276287
dc716491-cffe-4661-bbe4-333b581a6926,Trafohaus Zanderstraße,2025-07-12 19:00:00+02:00,7.936361789703369
dc716491-cffe-4661-bbe4-333b581a6926,Trafohaus Zanderstraße,2025-07-12 20:00:00+02:00,8.430221319198608
dc716491-cffe-4661-bbe4-333b581a6926,Trafohaus Zanderstraße,2025-07-12 21:00:00+02:00,3.939278999964396
dc716491-cffe-4661-bbe4-333b581a6926,Trafohaus Zanderstraße,2025-07-12 22:00:00+02:00,11.60915462176005
dc716491-cffe-4661-bbe4-333b581a6926,Trafohaus Zanderstraße,2025-07-12 23:00:00+02:00,7.251185178756714
dc716491-cffe-4661-bbe4-333b581a6926,Trafohaus Zanderstraße,2025-07-13 00:00:00+02:00,4.679097096125285
dc716491-cffe-4661-bbe4-333b581a6926,Trafohaus Zanderstraße,2025-07-13 01:00:00+02:00,3.8700289726257324
dc716491-cffe-4661-bbe4-333b581a6926,Trafohaus Zanderstraße,2025-07-13 02:00:00+02:00,7.370350917180379
dc716491-cffe-4661-bbe4-333b581a6926,Trafohaus Zanderstraße,2025-07-13 03:00:00+02:00,4.603136974832286
dc716491-cffe-4661-bbe4-333b581a6926,Trafohaus Zanderstraße,2025-07-13 04:00:00+02:00,5.116006070917303
dc716491-cffe-4661-bbe4-333b581a6926,Trafohaus Zanderstraße,2025-07-13 05:00:00+02:00,5.498257137480236
dc716491-cffe-4661-bbe4-333b581a6926,Trafohaus Zanderstraße,2025-07-13 06:00:00+02:00,8.659741497039795
dc716491-cffe-4661-bbe4-333b581a6926,Trafohaus Zanderstraße,2025-07-13 07:00:00+02:00,9.04810925533897
dc716491-cffe-4661-bbe4-333b581a6926,Trafohaus Zanderstraße,2025-07-13 08:00:00+02:00,17.84120750427246
dc716491-cffe-4661-bbe4-333b581a6926,Trafohaus Zanderstraße,2025-07-13 09:00:00+02:00,5.350151398602654
dc716491-cffe-4661-bbe4-333b581a6926,Trafohaus Zanderstraße,2025-07-13 10:00:00+02:00,10.717899084091187
dc716491-cffe-4661-bbe4-333b581a6926,Trafohaus Zanderstraße,2025-07-13 11:00:00+02:00,8.409722391764323
dc716491-cffe-4661-bbe4-333b581a6926,Trafohaus Zanderstraße,2025-07-13 12:00:00+02:00,9.676832471575056
dc716491-cffe-4661-bbe4-333b581a6926,Trafohaus Zanderstraße,2025-07-13 13:00:00+02:00,20.051337022047775
dc716491-cffe-4661-bbe4-333b581a6926,Trafohaus Zanderstraße,2025-07-13 14:00:00+02:00,5.153219858805339
dc716491-cffe-4661-bbe4-333b581a6926,Trafohaus Zanderstraße,2025-07-13 15:00:00+02:00,23.130692221901633
dc716491-cffe-4661-bbe4-333b581a6926,Trafohaus Zanderstraße,2025-07-13 16:00:00+02:00,7.101652526855469
dc716491-cffe-4661-bbe4-333b581a6926,Trafohaus Zanderstraße,2025-07-13 17:00:00+02:00,3.6861339145236545
dc716491-cffe-4661-bbe4-333b581a6926,Trafohaus Zanderstraße,2025-07-13 18:00:00+02:00,4.164902448654175
dc716491-cffe-4661-bbe4-333b581a6926,Trafohaus Zanderstraße,2025-07-13 19:00:00+02:00,2.3764716557094028
dc716491-cffe-4661-bbe4-333b581a6926,Trafohaus Zanderstraße,2025-07-13 20:00:00+02:00,4.875610987345378
dc716491-cffe-4661-bbe4-333b581a6926,Trafohaus Zanderstraße,2025-07-13 21:00:00+02:00,2.4094001770019533
dc716491-cffe-4661-bbe4-333b581a6926,Trafohaus Zanderstraße,2025-07-13 22:00:00+02:00,2.182286262512207
dc716491-cffe-4661-bbe4-333b581a6926,Trafohaus Zanderstraße,2025-07-13 23:00:00+02:00,3.7567481994628906
dc716491-cffe-4661-bbe4-333b581a6926,Trafohaus Zanderstraße,2025-07-14 00:00:00+02:00,4.957231521606445
dc716491-cffe-4661-bbe4-333b581a6926,Trafohaus Zanderstraße,2025-07-14 01:00:00+02:00,4.169267654418945
dd520fc1-e6de-4f55-b6d8-508373be5330,Kurpark - Eingang Kolonnaden,2025-06-30 03:00:00+02:00,7.467693328857422
dd520fc1-e6de-4f55-b6d8-508373be5330,Kurpark - Eingang Kolonnaden,2025-06-30 04:00:00+02:00,5.921413421630859
dd520fc1-e6de-4f55-b6d8-508373be5330,Kurpark - Eingang Kolonnaden,2025-06-30 05:00:00+02:00,4.833546956380208
dd520fc1-e6de-4f55-b6d8-508373be5330,Kurpark - Eingang Kolonnaden,2025-06-30 06:00:00+02:00,4.092136383056641
dd520fc1-e6de-4f55-b6d8-508373be5330,Kurpark - Eingang Kolonnaden,2025-06-30 07:00:00+02:00,8.315092849731446
dd520fc1-e6de-4f55-b6d8-508373be5330,Kurpark - Eingang Kolonnaden,2025-06-30 08:00:00+02:00,6.532488505045573
dd520fc1-e6de-4f55-b6d8-508373be5330,Kurpark - Eingang Kolonnaden,2025-06-30 09:00:00+02:00,2.3467069353376115
dd520fc1-e6de-4f55-b6d8-508373be5330,Kurpark - Eingang Kolonnaden,2025-06-30 10:00:00+02:00,9.381929397583008
dd520fc1-e6de-4f55-b6d8-508373be5330,Kurpark - Eingang Kolonnaden,2025-06-30 11:00:00+02:00,9.310742696126303
dd520fc1-e6de-4f55-b6d8-508373be5330,Kurpark - Eingang Kolonnaden,2025-06-30 12:00:00+02:00,1.9509719848632812
dd520fc1-e6de-4f55-b6d8-508373be5330,Kurpark - Eingang Kolonnaden,2025-06-30 13:00:00+02:00,10.18895790793679
dd520fc1-e6de-4f55-b6d8-508373be5330,Kurpark - Eingang Kolonnaden,2025-06-30 14:00:00+02:00,3.807910919189453
dd520fc1-e6de-4f55-b6d8-508373be5330,Kurpark - Eingang Kolonnaden,2025-06-30 15:00:00+02:00,10.794401022104116
dd520fc1-e6de-4f55-b6d8-508373be5330,Kurpark - Eingang Kolonnaden,2025-06-30 16:00:00+02:00,8.20062528337751
dd520fc1-e6de-4f55-b6d8-508373be5330,Kurpark - Eingang Kolonnaden,2025-06-30 17:00:00+02:00,24.115299224853516
dd520fc1-e6de-4f55-b6d8-508373be5330,Kurpark - Eingang Kolonnaden,2025-06-30 18:00:00+02:00,28.27336621284485
dd520fc1-e6de-4f55-b6d8-508373be5330,Kurpark - Eingang Kolonnaden,2025-06-30 19:00:00+02:00,27.03225752886604
dd520fc1-e6de-4f55-b6d8-508373be5330,Kurpark - Eingang Kolonnaden,2025-06-30 20:00:00+02:00,20.12564934624566
dd520fc1-e6de-4f55-b6d8-508373be5330,Kurpark - Eingang Kolonnaden,2025-06-30 21:00:00+02:00,19.446320985492907
dd520fc1-e6de-4f55-b6d8-508373be5330,Kurpark - Eingang Kolonnaden,2025-06-30 22:00:00+02:00,3.1046109199523926
dd520fc1-e6de-4f55-b6d8-508373be5330,Kurpark - Eingang Kolonnaden,2025-06-30 23:00:00+02:00,5.579799288795108
dd520fc1-e6de-4f55-b6d8-508373be5330,Kurpark - Eingang Kolonnaden,2025-07-01 00:00:00+02:00,3.353937929326838
dd520fc1-e6de-4f55-b6d8-508373be5330,Kurpark - Eingang Kolonnaden,2025-07-01 01:00:00+02:00,3.3255948605744736
dd520fc1-e6de-4f55-b6d8-508373be5330,Kurpark - Eingang Kolonnaden,2025-07-01 02:00:00+02:00,3.6490394274393716
dd520fc1-e6de-4f55-b6d8-508373be5330,Kurpark - Eingang Kolonnaden,2025-07-01 03:00:00+02:00,6.017814954121907
dd520fc1-e6de-4f55-b6d8-508373be5330,Kurpark - Eingang Kolonnaden,2025-07-01 04:00:00+02:00,8.190969944000244
dd520fc1-e6de-4f55-b6d8-508373be5330,Kurpark - Eingang Kolonnaden,2025-07-01 05:00:00+02:00,3.652334213256836
dd520fc1-e6de-4f55-b6d8-508373be5330,Kurpark - Eingang Kolonnaden,2025-07-01 06:00:00+02:00,8.357383092244467
dd520fc1-e6de-4f55-b6d8-508373be5330,Kurpark - Eingang Kolonnaden,2025-07-01 07:00:00+02:00,14.117447217305502
dd520fc1-e6de-4f55-b6d8-508373be5330,Kurpark - Eingang Kolonnaden,2025-07-01 08:00:00+02:00,11.449431419372559
dd520fc1-e6de-4f55-b6d8-508373be5330,Kurpark - Eingang Kolonnaden,2025-07-01 09:00:00+02:00,16.11195945739746
dd520fc1-e6de-4f55-b6d8-508373be5330,Kurpark - Eingang Kolonnaden,2025-07-01 10:00:00+02:00,7.125587622324626
dd520fc1-e6de-4f55-b6d8-508373be5330,Kurpark - Eingang Kolonnaden,2025-07-01 11:00:00+02:00,5.692060470581055
dd520fc1-e6de-4f55-b6d8-508373be5330,Kurpark - Eingang Kolonnaden,2025-07-01 12:00:00+02:00,24.193520228068035
dd520fc1-e6de-4f55-b6d8-508373be5330,Kurpark - Eingang Kolonnaden,2025-07-01 13:00:00+02:00,29.119060198465984
dd520fc1-e6de-4f55-b6d8-508373be5330,Kurpark - Eingang Kolonnaden,2025-07-01 14:00:00+02:00,22.995644410451252
dd520fc1-e6de-4f55-b6d8-508373be5330,Kurpark - Eingang Kolonnaden,2025-07-01 15:00:00+02:00,7.340923150380452
dd520fc1-e6de-4f55-b6d8-508373be5330,Kurpark - Eingang Kolonnaden,2025-07-01 16:00:00+02:00,3.424630959828695
dd520fc1-e6de-4f55-b6d8-508373be5330,Kurpark - Eingang Kolonnaden,2025-07-01 17:00:00+02:00,6.729508717854817
dd520fc1-e6de-4f55-b6d8-508373be5330,Kurpark - Eingang Kolonnaden,2025-07-01 18:00:00+02:00,3.2782856623331704
dd520fc1-e6de-4f55-b6d8-508373be5330,Kurpark - Eingang Kolonnaden,2025-07-01 19:00:00+02:00,6.682063976923625
dd520fc1-e6de-4f55-b6d8-508373be5330,Kurpark - Eingang Kolonnaden,2025-07-01 20:00:00+02:00,13.40291420618693
dd520fc1-e6de-4f55-b6d8-508373be5330,Kurpark - Eingang Kolonnaden,2025-07-01 21:00:00+02:00,5.38522211710612
dd520fc1-e6de-4f55-b6d8-508373be5330,Kurpark - Eingang Kolonnaden,2025-07-01 22:00:00+02:00,2.3549250761667886
dd520fc1-e6de-4f55-b6d8-508373be5330,Kurpark - Eingang Kolonnaden,2025-07-01 23:00:00+02:00,1.1452294985453289
dd520fc1-e6de-4f55-b6d8-508373be5330,Kurpark - Eingang Kolonnaden,2025-07-02 00:00:00+02:00,1.2215784390767415
dd520fc1-e6de-4f55-b6d8-508373be5330,Kurpark - Eingang Kolonnaden,2025-07-02 01:00:00+02:00,2.6127683321634927
dd520fc1-e6de-4f55-b6d8-508373be5330,Kurpark - Eingang Kolonnaden,2025-07-02 02:00:00+02:00,4.499519348144531
dd520fc1-e6de-4f55-b6d8-508373be5330,Kurpark - Eingang Kolonnaden,2025-07-02 03:00:00+02:00,7.815305709838867
dd520fc1-e6de-4f55-b6d8-508373be5330,Kurpark - Eingang Kolonnaden,2025-07-02 04:00:00+02:00,11.453245957692465
dd520fc1-e6de-4f55-b6d8-508373be5330,Kurpark - Eingang Kolonnaden,2025-07-02 05:00:00+02:00,11.691383918126425
dd520fc1-e6de-4f55-b6d8-508373be5330,Kurpark - Eingang Kolonnaden,2025-07-02 06:00:00+02:00,12.014361619949335
dd520fc1-e6de-4f55-b6d8-508373be5330,Kurpark - Eingang Kolonnaden,2025-07-02 07:00:00+02:00,21.347808996836346
dd520fc1-e6de-4f55-b6d8-508373be5330,Kurpark - Eingang Kolonnaden,2025-07-02 08:00:00+02:00,8.568801561991373
dd520fc1-e6de-4f55-b6d8-508373be5330,Kurpark - Eingang Kolonnaden,2025-07-02 09:00:00+02:00,7.717411835988362
dd520fc1-e6de-4f55-b6d8-508373be5330,Kurpark - Eingang Kolonnaden,2025-07-02 10:00:00+02:00,13.469135443369547
dd520fc1-e6de-4f55-b6d8-508373be5330,Kurpark - Eingang Kolonnaden,2025-07-02 11:00:00+02:00,7.498766581217448
dd520fc1-e6de-4f55-b6d8-508373be5330,Kurpark - Eingang Kolonnaden,2025-07-02 12:00:00+02:00,24.16951036453247
dd520fc1-e6de-4f55-b6d8-508373be5330,Kurpark - Eingang Kolonnaden,2025-07-02 13:00:00+02:00,31.48336887359619
dd520fc1-e6de-4f55-b6d8-508373be5330,Kurpark - Eingang Kolonnaden,2025-07-02 14:00:00+02:00,18.31968053181966
dd520fc1-e6de-4f55-b6d8-508373be5330,Kurpark - Eingang Kolonnaden,2025-07-02 15:00:00+02:00,13.044458389282227
dd520fc1-e6de-4f55-b6d8-508373be5330,Kurpark - Eingang Kolonnaden,2025-07-02 16:00:00+02:00,15.340363025665283
dd520fc1-e6de-4f55-b6d8-508373be5330,Kurpark - Eingang Kolonnaden,2025-07-02 17:00:00+02:00,14.505096753438314
dd520fc1-e6de-4f55-b6d8-508373be5330,Kurpark - Eingang Kolonnaden,2025-07-02 18:00:00+02:00,27.178038120269775
dd520fc1-e6de-4f55-b6d8-508373be5330,Kurpark - Eingang Kolonnaden,2025-07-02 19:00:00+02:00,5.422645012537639
dd520fc1-e6de-4f55-b6d8-508373be5330,Kurpark - Eingang Kolonnaden,2025-07-02 20:00:00+02:00,4.775872151056926
dd520fc1-e6de-4f55-b6d8-508373be5330,Kurpark - Eingang Kolonnaden,2025-07-02 21:00:00+02:00,4.3374727567036935
dd520fc1-e6de-4f55-b6d8-508373be5330,Kurpark - Eingang Kolonnaden,2025-07-02 22:00:00+02:00,3.4769368966420493
dd520fc1-e6de-4f55-b6d8-508373be5330,Kurpark - Eingang Kolonnaden,2025-07-02 23:00:00+02:00,6.102233250935872
dd520fc1-e6de-4f55-b6d8-508373be5330,Kurpark - Eingang Kolonnaden,2025-07-03 00:00:00+02:00,6.666277885437012
dd520fc1-e6de-4f55-b6d8-508373be5330,Kurpark - Eingang Kolonnaden,2025-07-03 01:00:00+02:00,6.610991795857747
dd520fc1-e6de-4f55-b6d8-508373be5330,Kurpark - Eingang Kolonnaden,2025-07-03 02:00:00+02:00,6.812862237294515
dd520fc1-e6de-4f55-b6d8-508373be5330,Kurpark - Eingang Kolonnaden,2025-07-03 03:00:00+02:00,7.484234253565471
dd520fc1-e6de-4f55-b6d8-508373be5330,Kurpark - Eingang Kolonnaden,2025-07-03 04:00:00+02:00,10.06055204073588
dd520fc1-e6de-4f55-b6d8-508373be5330,Kurpark - Eingang Kolonnaden,2025-07-03 05:00:00+02:00,8.063997745513916
dd520fc1-e6de-4f55-b6d8-508373be5330,Kurpark - Eingang Kolonnaden,2025-07-03 06:00:00+02:00,16.512720187505085
dd520fc1-e6de-4f55-b6d8-508373be5330,Kurpark - Eingang Kolonnaden,2025-07-03 07:00:00+02:00,13.687166213989258
dd520fc1-e6de-4f55-b6d8-508373be5330,Kurpark - Eingang Kolonnaden,2025-07-03 08:00:00+02:00,12.962833881378174
dd520fc1-e6de-4f55-b6d8-508373be5330,Kurpark - Eingang Kolonnaden,2025-07-03 09:00:00+02:00,7.647432963053386
dd520fc1-e6de-4f55-b6d8-508373be5330,Kurpark - Eingang Kolonnaden,2025-07-03 10:00:00+02:00,18.550151507059734
dd520fc1-e6de-4f55-b6d8-508373be5330,Kurpark - Eingang Kolonnaden,2025-07-03 11:00:00+02:00,52.16580677032471
dd520fc1-e6de-4f55-b6d8-508373be5330,Kurpark - Eingang Kolonnaden,2025-07-03 12:00:00+02:00,28.94547430674235
dd520fc1-e6de-4f55-b6d8-508373be5330,Kurpark - Eingang Kolonnaden,2025-07-03 13:00:00+02:00,45.967530250549316
dd520fc1-e6de-4f55-b6d8-508373be5330,Kurpark - Eingang Kolonnaden,2025-07-03 14:00:00+02:00,37.70461877187093
dd520fc1-e6de-4f55-b6d8-508373be5330,Kurpark - Eingang Kolonnaden,2025-07-03 15:00:00+02:00,8.243693987528482
dd520fc1-e6de-4f55-b6d8-508373be5330,Kurpark - Eingang Kolonnaden,2025-07-03 16:00:00+02:00,32.087630907694496
dd520fc1-e6de-4f55-b6d8-508373be5330,Kurpark - Eingang Kolonnaden,2025-07-03 17:00:00+02:00,30.56056483586629
dd520fc1-e6de-4f55-b6d8-508373be5330,Kurpark - Eingang Kolonnaden,2025-07-03 18:00:00+02:00,7.004517396291097
dd520fc1-e6de-4f55-b6d8-508373be5330,Kurpark - Eingang Kolonnaden,2025-07-03 19:00:00+02:00,10.154354095458984
dd520fc1-e6de-4f55-b6d8-508373be5330,Kurpark - Eingang Kolonnaden,2025-07-03 20:00:00+02:00,5.737480004628499
dd520fc1-e6de-4f55-b6d8-508373be5330,Kurpark - Eingang Kolonnaden,2025-07-03 21:00:00+02:00,4.462725877761841
dd520fc1-e6de-4f55-b6d8-508373be5330,Kurpark - Eingang Kolonnaden,2025-07-03 22:00:00+02:00,4.8751693566640215
dd520fc1-e6de-4f55-b6d8-508373be5330,Kurpark - Eingang Kolonnaden,2025-07-03 23:00:00+02:00,2.752896865208944
dd520fc1-e6de-4f55-b6d8-508373be5330,Kurpark - Eingang Kolonnaden,2025-07-04 00:00:00+02:00,3.257103125254313
dd520fc1-e6de-4f55-b6d8-508373be5330,Kurpark - Eingang Kolonnaden,2025-07-04 01:00:00+02:00,2.5024170875549316
dd520fc1-e6de-4f55-b6d8-508373be5330,Kurpark - Eingang Kolonnaden,2025-07-04 02:00:00+02:00,7.643966277440389
dd520fc1-e6de-4f55-b6d8-508373be5330,Kurpark - Eingang Kolonnaden,2025-07-04 03:00:00+02:00,7.982110420862834
dd520fc1-e6de-4f55-b6d8-508373be5330,Kurpark - Eingang Kolonnaden,2025-07-04 04:00:00+02:00,11.58833916982015
dd520fc1-e6de-4f55-b6d8-508373be5330,Kurpark - Eingang Kolonnaden,2025-07-04 05:00:00+02:00,6.428223292032878
dd520fc1-e6de-4f55-b6d8-508373be5330,Kurpark - Eingang Kolonnaden,2025-07-04 06:00:00+02:00,7.9454170862833635
dd520fc1-e6de-4f55-b6d8-508373be5330,Kurpark - Eingang Kolonnaden,2025-07-04 07:00:00+02:00,18.945828596750896
dd520fc1-e6de-4f55-b6d8-508373be5330,Kurpark - Eingang Kolonnaden,2025-07-04 08:00:00+02:00,18.463702360788982
dd520fc1-e6de-4f55-b6d8-508373be5330,Kurpark - Eingang Kolonnaden,2025-07-04 09:00:00+02:00,30.2688627243042
dd520fc1-e6de-4f55-b6d8-508373be5330,Kurpark - Eingang Kolonnaden,2025-07-04 10:00:00+02:00,27.06849956512451
dd520fc1-e6de-4f55-b6d8-508373be5330,Kurpark - Eingang Kolonnaden,2025-07-04 11:00:00+02:00,7.204280535380046
dd520fc1-e6de-4f55-b6d8-508373be5330,Kurpark - Eingang Kolonnaden,2025-07-04 12:00:00+02:00,7.6521148681640625
dd520fc1-e6de-4f55-b6d8-508373be5330,Kurpark - Eingang Kolonnaden,2025-07-04 13:00:00+02:00,14.008960405985514
dd520fc1-e6de-4f55-b6d8-508373be5330,Kurpark - Eingang Kolonnaden,2025-07-04 14:00:00+02:00,19.830846786499023
dd520fc1-e6de-4f55-b6d8-508373be5330,Kurpark - Eingang Kolonnaden,2025-07-04 15:00:00+02:00,21.59434191385905
dd520fc1-e6de-4f55-b6d8-508373be5330,Kurpark - Eingang Kolonnaden,2025-07-04 16:00:00+02:00,36.12838363647461
dd520fc1-e6de-4f55-b6d8-508373be5330,Kurpark - Eingang Kolonnaden,2025-07-04 17:00:00+02:00,32.58327039082845
dd520fc1-e6de-4f55-b6d8-508373be5330,Kurpark - Eingang Kolonnaden,2025-07-04 18:00:00+02:00,31.345510800679524
dd520fc1-e6de-4f55-b6d8-508373be5330,Kurpark - Eingang Kolonnaden,2025-07-04 19:00:00+02:00,18.039830366770428
dd520fc1-e6de-4f55-b6d8-508373be5330,Kurpark - Eingang Kolonnaden,2025-07-04 20:00:00+02:00,4.921059290568034
dd520fc1-e6de-4f55-b6d8-508373be5330,Kurpark - Eingang Kolonnaden,2025-07-04 21:00:00+02:00,10.628703753153482
dd520fc1-e6de-4f55-b6d8-508373be5330,Kurpark - Eingang Kolonnaden,2025-07-04 22:00:00+02:00,8.130754709243774
dd520fc1-e6de-4f55-b6d8-508373be5330,Kurpark - Eingang Kolonnaden,2025-07-04 23:00:00+02:00,14.43149471282959
dd520fc1-e6de-4f55-b6d8-508373be5330,Kurpark - Eingang Kolonnaden,2025-07-05 00:00:00+02:00,2.5433557828267417
dd520fc1-e6de-4f55-b6d8-508373be5330,Kurpark - Eingang Kolonnaden,2025-07-05 01:00:00+02:00,4.807124535242717
dd520fc1-e6de-4f55-b6d8-508373be5330,Kurpark - Eingang Kolonnaden,2025-07-05 02:00:00+02:00,6.259410460789998
dd520fc1-e6de-4f55-b6d8-508373be5330,Kurpark - Eingang Kolonnaden,2025-07-05 03:00:00+02:00,7.663194100062053
dd520fc1-e6de-4f55-b6d8-508373be5330,Kurpark - Eingang Kolonnaden,2025-07-05 04:00:00+02:00,7.262449185053508
dd520fc1-e6de-4f55-b6d8-508373be5330,Kurpark - Eingang Kolonnaden,2025-07-05 05:00:00+02:00,6.82686710357666
dd520fc1-e6de-4f55-b6d8-508373be5330,Kurpark - Eingang Kolonnaden,2025-07-05 06:00:00+02:00,5.490065574645996
dd520fc1-e6de-4f55-b6d8-508373be5330,Kurpark - Eingang Kolonnaden,2025-07-05 07:00:00+02:00,5.4043935139973955
dd520fc1-e6de-4f55-b6d8-508373be5330,Kurpark - Eingang Kolonnaden,2025-07-05 08:00:00+02:00,15.048601786295572
dd520fc1-e6de-4f55-b6d8-508373be5330,Kurpark - Eingang Kolonnaden,2025-07-05 09:00:00+02:00,7.02520751953125
dd520fc1-e6de-4f55-b6d8-508373be5330,Kurpark - Eingang Kolonnaden,2025-07-05 10:00:00+02:00,68.67692009607951
dd520fc1-e6de-4f55-b6d8-508373be5330,Kurpark - Eingang Kolonnaden,2025-07-05 11:00:00+02:00,12.666719436645508
dd520fc1-e6de-4f55-b6d8-508373be5330,Kurpark - Eingang Kolonnaden,2025-07-05 12:00:00+02:00,56.88142331441244
dd520fc1-e6de-4f55-b6d8-508373be5330,Kurpark - Eingang Kolonnaden,2025-07-05 13:00:00+02:00,9.046379725138346
dd520fc1-e6de-4f55-b6d8-508373be5330,Kurpark - Eingang Kolonnaden,2025-07-05 14:00:00+02:00,13.836092631022135
dd520fc1-e6de-4f55-b6d8-508373be5330,Kurpark - Eingang Kolonnaden,2025-07-05 15:00:00+02:00,22.766931533813477
dd520fc1-e6de-4f55-b6d8-508373be5330,Kurpark - Eingang Kolonnaden,2025-07-05 16:00:00+02:00,12.566227277119955
dd520fc1-e6de-4f55-b6d8-508373be5330,Kurpark - Eingang Kolonnaden,2025-07-05 17:00:00+02:00,33.88702074686686
dd520fc1-e6de-4f55-b6d8-508373be5330,Kurpark - Eingang Kolonnaden,2025-07-05 18:00:00+02:00,35.390994707743324
dd520fc1-e6de-4f55-b6d8-508373be5330,Kurpark - Eingang Kolonnaden,2025-07-05 19:00:00+02:00,67.3841594060262
dd520fc1-e6de-4f55-b6d8-508373be5330,Kurpark - Eingang Kolonnaden,2025-07-05 20:00:00+02:00,9.157094717025757
dd520fc1-e6de-4f55-b6d8-508373be5330,Kurpark - Eingang Kolonnaden,2025-07-05 21:00:00+02:00,12.700906912485758
dd520fc1-e6de-4f55-b6d8-508373be5330,Kurpark - Eingang Kolonnaden,2025-07-05 22:00:00+02:00,4.294886827468872
dd520fc1-e6de-4f55-b6d8-508373be5330,Kurpark - Eingang Kolonnaden,2025-07-05 23:00:00+02:00,3.5353472232818604
dd520fc1-e6de-4f55-b6d8-508373be5330,Kurpark - Eingang Kolonnaden,2025-07-06 00:00:00+02:00,14.648168643315634
dd520fc1-e6de-4f55-b6d8-508373be5330,Kurpark - Eingang Kolonnaden,2025-07-06 01:00:00+02:00,2.709200064341227
dd520fc1-e6de-4f55-b6d8-508373be5330,Kurpark - Eingang Kolonnaden,2025-07-06 02:00:00+02:00,4.575877984364827
dd520fc1-e6de-4f55-b6d8-508373be5330,Kurpark - Eingang Kolonnaden,2025-07-06 03:00:00+02:00,5.529374758402507
dd520fc1-e6de-4f55-b6d8-508373be5330,Kurpark - Eingang Kolonnaden,2025-07-06 04:00:00+02:00,5.676257292429606
dd520fc1-e6de-4f55-b6d8-508373be5330,Kurpark - Eingang Kolonnaden,2025-07-06 05:00:00+02:00,5.2738463083903
dd520fc1-e6de-4f55-b6d8-508373be5330,Kurpark - Eingang Kolonnaden,2025-07-06 06:00:00+02:00,7.305402040481567
dd520fc1-e6de-4f55-b6d8-508373be5330,Kurpark - Eingang Kolonnaden,2025-07-06 07:00:00+02:00,13.462581952412924
dd520fc1-e6de-4f55-b6d8-508373be5330,Kurpark - Eingang Kolonnaden,2025-07-06 08:00:00+02:00,15.06535530090332
dd520fc1-e6de-4f55-b6d8-508373be5330,Kurpark - Eingang Kolonnaden,2025-07-06 09:00:00+02:00,30.72560707728068
dd520fc1-e6de-4f55-b6d8-508373be5330,Kurpark - Eingang Kolonnaden,2025-07-06 10:00:00+02:00,32.32942422231039
dd520fc1-e6de-4f55-b6d8-508373be5330,Kurpark - Eingang Kolonnaden,2025-07-06 11:00:00+02:00,76.14636325836182
dd520fc1-e6de-4f55-b6d8-508373be5330,Kurpark - Eingang Kolonnaden,2025-07-06 12:00:00+02:00,61.14302317301432
dd520fc1-e6de-4f55-b6d8-508373be5330,Kurpark - Eingang Kolonnaden,2025-07-06 13:00:00+02:00,30.45097319285075
dd520fc1-e6de-4f55-b6d8-508373be5330,Kurpark - Eingang Kolonnaden,2025-07-06 14:00:00+02:00,83.44274266560869
dd520fc1-e6de-4f55-b6d8-508373be5330,Kurpark - Eingang Kolonnaden,2025-07-06 15:00:00+02:00,56.16614500681559
dd520fc1-e6de-4f55-b6d8-508373be5330,Kurpark - Eingang Kolonnaden,2025-07-06 16:00:00+02:00,24.684728622436523
dd520fc1-e6de-4f55-b6d8-508373be5330,Kurpark - Eingang Kolonnaden,2025-07-06 17:00:00+02:00,7.93055534362793
dd520fc1-e6de-4f55-b6d8-508373be5330,Kurpark - Eingang Kolonnaden,2025-07-06 18:00:00+02:00,9.349094867706299
dd520fc1-e6de-4f55-b6d8-508373be5330,Kurpark - Eingang Kolonnaden,2025-07-06 19:00:00+02:00,21.117364088694256
dd520fc1-e6de-4f55-b6d8-508373be5330,Kurpark - Eingang Kolonnaden,2025-07-06 20:00:00+02:00,8.925732851028442
dd520fc1-e6de-4f55-b6d8-508373be5330,Kurpark - Eingang Kolonnaden,2025-07-06 21:00:00+02:00,9.749937295913696
dd520fc1-e6de-4f55-b6d8-508373be5330,Kurpark - Eingang Kolonnaden,2025-07-06 22:00:00+02:00,3.4081191221872964
dd520fc1-e6de-4f55-b6d8-508373be5330,Kurpark - Eingang Kolonnaden,2025-07-06 23:00:00+02:00,2.209848721822103
dd520fc1-e6de-4f55-b6d8-508373be5330,Kurpark - Eingang Kolonnaden,2025-07-07 00:00:00+02:00,2.822655439376831
dd520fc1-e6de-4f55-b6d8-508373be5330,Kurpark - Eingang Kolonnaden,2025-07-07 01:00:00+02:00,2.2888639767964682
dd520fc1-e6de-4f55-b6d8-508373be5330,Kurpark - Eingang Kolonnaden,2025-07-07 02:00:00+02:00,3.6144930521647134
dd520fc1-e6de-4f55-b6d8-508373be5330,Kurpark - Eingang Kolonnaden,2025-07-07 03:00:00+02:00,4.286825021107991
dd520fc1-e6de-4f55-b6d8-508373be5330,Kurpark - Eingang Kolonnaden,2025-07-07 04:00:00+02:00,5.601582606633504
dd520fc1-e6de-4f55-b6d8-508373be5330,Kurpark - Eingang Kolonnaden,2025-07-07 05:00:00+02:00,5.598345597585042
dd520fc1-e6de-4f55-b6d8-508373be5330,Kurpark - Eingang Kolonnaden,2025-07-07 06:00:00+02:00,3.0862486362457275
dd520fc1-e6de-4f55-b6d8-508373be5330,Kurpark - Eingang Kolonnaden,2025-07-07 07:00:00+02:00,8.059052546819052
dd520fc1-e6de-4f55-b6d8-508373be5330,Kurpark - Eingang Kolonnaden,2025-07-07 08:00:00+02:00,14.924391031265259
dd520fc1-e6de-4f55-b6d8-508373be5330,Kurpark - Eingang Kolonnaden,2025-07-07 09:00:00+02:00,4.001885414123535
dd520fc1-e6de-4f55-b6d8-508373be5330,Kurpark - Eingang Kolonnaden,2025-07-07 10:00:00+02:00,5.119451522827148
dd520fc1-e6de-4f55-b6d8-508373be5330,Kurpark - Eingang Kolonnaden,2025-07-07 11:00:00+02:00,16.84711217880249
dd520fc1-e6de-4f55-b6d8-508373be5330,Kurpark - Eingang Kolonnaden,2025-07-07 12:00:00+02:00,22.099133173624676
dd520fc1-e6de-4f55-b6d8-508373be5330,Kurpark - Eingang Kolonnaden,2025-07-07 13:00:00+02:00,7.996629397074382
dd520fc1-e6de-4f55-b6d8-508373be5330,Kurpark - Eingang Kolonnaden,2025-07-07 14:00:00+02:00,33.71246671676636
dd520fc1-e6de-4f55-b6d8-508373be5330,Kurpark - Eingang Kolonnaden,2025-07-07 15:00:00+02:00,13.373500188191732
dd520fc1-e6de-4f55-b6d8-508373be5330,Kurpark - Eingang Kolonnaden,2025-07-07 16:00:00+02:00,8.716303825378418
dd520fc1-e6de-4f55-b6d8-508373be5330,Kurpark - Eingang Kolonnaden,2025-07-07 17:00:00+02:00,29.05281941095988
dd520fc1-e6de-4f55-b6d8-508373be5330,Kurpark - Eingang Kolonnaden,2025-07-07 18:00:00+02:00,16.51776186625163
dd520fc1-e6de-4f55-b6d8-508373be5330,Kurpark - Eingang Kolonnaden,2025-07-07 19:00:00+02:00,11.559370438257853
dd520fc1-e6de-4f55-b6d8-508373be5330,Kurpark - Eingang Kolonnaden,2025-07-07 20:00:00+02:00,10.001030445098877
dd520fc1-e6de-4f55-b6d8-508373be5330,Kurpark - Eingang Kolonnaden,2025-07-07 21:00:00+02:00,9.245291868845621
dd520fc1-e6de-4f55-b6d8-508373be5330,Kurpark - Eingang Kolonnaden,2025-07-07 22:00:00+02:00,3.5149553616841636
dd520fc1-e6de-4f55-b6d8-508373be5330,Kurpark - Eingang Kolonnaden,2025-07-07 23:00:00+02:00,7.895029226938884
dd520fc1-e6de-4f55-b6d8-508373be5330,Kurpark - Eingang Kolonnaden,2025-07-08 00:00:00+02:00,1.3413398265838623
dd520fc1-e6de-4f55-b6d8-508373be5330,Kurpark - Eingang Kolonnaden,2025-07-08 01:00:00+02:00,2.3489742279052734
dd520fc1-e6de-4f55-b6d8-508373be5330,Kurpark - Eingang Kolonnaden,2025-07-08 02:00:00+02:00,3.4009923934936523
dd520fc1-e6de-4f55-b6d8-508373be5330,Kurpark - Eingang Kolonnaden,2025-07-08 03:00:00+02:00,5.826481183369954
dd520fc1-e6de-4f55-b6d8-508373be5330,Kurpark - Eingang Kolonnaden,2025-07-08 04:00:00+02:00,9.10507082939148
dd520fc1-e6de-4f55-b6d8-508373be5330,Kurpark - Eingang Kolonnaden,2025-07-08 05:00:00+02:00,3.975874344507853
dd520fc1-e6de-4f55-b6d8-508373be5330,Kurpark - Eingang Kolonnaden,2025-07-08 06:00:00+02:00,8.397428115208944
dd520fc1-e6de-4f55-b6d8-508373be5330,Kurpark - Eingang Kolonnaden,2025-07-08 07:00:00+02:00,15.031665802001953
dd520fc1-e6de-4f55-b6d8-508373be5330,Kurpark - Eingang Kolonnaden,2025-07-08 08:00:00+02:00,25.3753604888916
dd520fc1-e6de-4f55-b6d8-508373be5330,Kurpark - Eingang Kolonnaden,2025-07-08 09:00:00+02:00,20.3271271387736
dd520fc1-e6de-4f55-b6d8-508373be5330,Kurpark - Eingang Kolonnaden,2025-07-08 10:00:00+02:00,7.606402556101481
dd520fc1-e6de-4f55-b6d8-508373be5330,Kurpark - Eingang Kolonnaden,2025-07-08 11:00:00+02:00,6.300290107727051
dd520fc1-e6de-4f55-b6d8-508373be5330,Kurpark - Eingang Kolonnaden,2025-07-08 12:00:00+02:00,13.22773551940918
dd520fc1-e6de-4f55-b6d8-508373be5330,Kurpark - Eingang Kolonnaden,2025-07-08 13:00:00+02:00,7.74711259206136
dd520fc1-e6de-4f55-b6d8-508373be5330,Kurpark - Eingang Kolonnaden,2025-07-08 14:00:00+02:00,24.847564697265625
dd520fc1-e6de-4f55-b6d8-508373be5330,Kurpark - Eingang Kolonnaden,2025-07-08 15:00:00+02:00,66.52297639846802
dd520fc1-e6de-4f55-b6d8-508373be5330,Kurpark - Eingang Kolonnaden,2025-07-08 16:00:00+02:00,2.768012364705404
dd520fc1-e6de-4f55-b6d8-508373be5330,Kurpark - Eingang Kolonnaden,2025-07-08 17:00:00+02:00,5.653285662333171
dd520fc1-e6de-4f55-b6d8-508373be5330,Kurpark - Eingang Kolonnaden,2025-07-08 18:00:00+02:00,3.25057045618693
dd520fc1-e6de-4f55-b6d8-508373be5330,Kurpark - Eingang Kolonnaden,2025-07-08 19:00:00+02:00,8.011518319447836
dd520fc1-e6de-4f55-b6d8-508373be5330,Kurpark - Eingang Kolonnaden,2025-07-08 20:00:00+02:00,12.258525053660074
dd520fc1-e6de-4f55-b6d8-508373be5330,Kurpark - Eingang Kolonnaden,2025-07-08 21:00:00+02:00,4.87407112121582
dd520fc1-e6de-4f55-b6d8-508373be5330,Kurpark - Eingang Kolonnaden,2025-07-08 22:00:00+02:00,2.219168027242025
dd520fc1-e6de-4f55-b6d8-508373be5330,Kurpark - Eingang Kolonnaden,2025-07-08 23:00:00+02:00,1.0846654574076335
dd520fc1-e6de-4f55-b6d8-508373be5330,Kurpark - Eingang Kolonnaden,2025-07-09 00:00:00+02:00,1.3881182670593262
dd520fc1-e6de-4f55-b6d8-508373be5330,Kurpark - Eingang Kolonnaden,2025-07-09 01:00:00+02:00,2.6614319483439126
dd520fc1-e6de-4f55-b6d8-508373be5330,Kurpark - Eingang Kolonnaden,2025-07-09 02:00:00+02:00,3.996541182200114
dd520fc1-e6de-4f55-b6d8-508373be5330,Kurpark - Eingang Kolonnaden,2025-07-09 03:00:00+02:00,6.345058123270671
dd520fc1-e6de-4f55-b6d8-508373be5330,Kurpark - Eingang Kolonnaden,2025-07-09 04:00:00+02:00,9.482501347859701
dd520fc1-e6de-4f55-b6d8-508373be5330,Kurpark - Eingang Kolonnaden,2025-07-09 05:00:00+02:00,9.33376439412435
dd520fc1-e6de-4f55-b6d8-508373be5330,Kurpark - Eingang Kolonnaden,2025-07-09 06:00:00+02:00,9.78820927937825
dd520fc1-e6de-4f55-b6d8-508373be5330,Kurpark - Eingang Kolonnaden,2025-07-09 07:00:00+02:00,19.705209970474243
dd520fc1-e6de-4f55-b6d8-508373be5330,Kurpark - Eingang Kolonnaden,2025-07-09 08:00:00+02:00,7.481989065806071
dd520fc1-e6de-4f55-b6d8-508373be5330,Kurpark - Eingang Kolonnaden,2025-07-09 09:00:00+02:00,5.656669457753499
dd520fc1-e6de-4f55-b6d8-508373be5330,Kurpark - Eingang Kolonnaden,2025-07-09 10:00:00+02:00,3.18617836634318
dd520fc1-e6de-4f55-b6d8-508373be5330,Kurpark - Eingang Kolonnaden,2025-07-09 11:00:00+02:00,3.766194502512614
dd520fc1-e6de-4f55-b6d8-508373be5330,Kurpark - Eingang Kolonnaden,2025-07-09 12:00:00+02:00,10.35277764002482
dd520fc1-e6de-4f55-b6d8-508373be5330,Kurpark - Eingang Kolonnaden,2025-07-09 13:00:00+02:00,35.27973620096842
dd520fc1-e6de-4f55-b6d8-508373be5330,Kurpark - Eingang Kolonnaden,2025-07-09 14:00:00+02:00,22.21064837773641
dd520fc1-e6de-4f55-b6d8-508373be5330,Kurpark - Eingang Kolonnaden,2025-07-09 15:00:00+02:00,65.94954665501912
dd520fc1-e6de-4f55-b6d8-508373be5330,Kurpark - Eingang Kolonnaden,2025-07-09 16:00:00+02:00,50.521352767944336
dd520fc1-e6de-4f55-b6d8-508373be5330,Kurpark - Eingang Kolonnaden,2025-07-09 17:00:00+02:00,56.271612962087
dd520fc1-e6de-4f55-b6d8-508373be5330,Kurpark - Eingang Kolonnaden,2025-07-09 18:00:00+02:00,38.03403170903524
dd520fc1-e6de-4f55-b6d8-508373be5330,Kurpark - Eingang Kolonnaden,2025-07-09 19:00:00+02:00,34.45218547185262
dd520fc1-e6de-4f55-b6d8-508373be5330,Kurpark - Eingang Kolonnaden,2025-07-09 20:00:00+02:00,20.80143888791402
dd520fc1-e6de-4f55-b6d8-508373be5330,Kurpark - Eingang Kolonnaden,2025-07-09 21:00:00+02:00,12.39769689242045
dd520fc1-e6de-4f55-b6d8-508373be5330,Kurpark - Eingang Kolonnaden,2025-07-09 22:00:00+02:00,4.579682509104411
dd520fc1-e6de-4f55-b6d8-508373be5330,Kurpark - Eingang Kolonnaden,2025-07-09 23:00:00+02:00,5.9585316975911455
dd520fc1-e6de-4f55-b6d8-508373be5330,Kurpark - Eingang Kolonnaden,2025-07-10 00:00:00+02:00,6.18745477994283
dd520fc1-e6de-4f55-b6d8-508373be5330,Kurpark - Eingang Kolonnaden,2025-07-10 01:00:00+02:00,5.9002359708150225
dd520fc1-e6de-4f55-b6d8-508373be5330,Kurpark - Eingang Kolonnaden,2025-07-10 02:00:00+02:00,6.071201801300049
dd520fc1-e6de-4f55-b6d8-508373be5330,Kurpark - Eingang Kolonnaden,2025-07-10 03:00:00+02:00,6.500848213831584
dd520fc1-e6de-4f55-b6d8-508373be5330,Kurpark - Eingang Kolonnaden,2025-07-10 04:00:00+02:00,8.775180339813232
dd520fc1-e6de-4f55-b6d8-508373be5330,Kurpark - Eingang Kolonnaden,2025-07-10 05:00:00+02:00,6.33877166112264
dd520fc1-e6de-4f55-b6d8-508373be5330,Kurpark - Eingang Kolonnaden,2025-07-10 06:00:00+02:00,14.700159549713135
dd520fc1-e6de-4f55-b6d8-508373be5330,Kurpark - Eingang Kolonnaden,2025-07-10 07:00:00+02:00,12.825913747151693
dd520fc1-e6de-4f55-b6d8-508373be5330,Kurpark - Eingang Kolonnaden,2025-07-10 08:00:00+02:00,13.955262502034506
dd520fc1-e6de-4f55-b6d8-508373be5330,Kurpark - Eingang Kolonnaden,2025-07-10 09:00:00+02:00,15.70313580830892
dd520fc1-e6de-4f55-b6d8-508373be5330,Kurpark - Eingang Kolonnaden,2025-07-10 10:00:00+02:00,9.14959462483724
dd520fc1-e6de-4f55-b6d8-508373be5330,Kurpark - Eingang Kolonnaden,2025-07-10 11:00:00+02:00,21.75539716084798
dd520fc1-e6de-4f55-b6d8-508373be5330,Kurpark - Eingang Kolonnaden,2025-07-10 12:00:00+02:00,13.559266408284506
dd520fc1-e6de-4f55-b6d8-508373be5330,Kurpark - Eingang Kolonnaden,2025-07-10 13:00:00+02:00,32.62450726826986
dd520fc1-e6de-4f55-b6d8-508373be5330,Kurpark - Eingang Kolonnaden,2025-07-10 14:00:00+02:00,1.749224026997884
dd520fc1-e6de-4f55-b6d8-508373be5330,Kurpark - Eingang Kolonnaden,2025-07-10 15:00:00+02:00,44.90805625915527
dd520fc1-e6de-4f55-b6d8-508373be5330,Kurpark - Eingang Kolonnaden,2025-07-10 16:00:00+02:00,45.51836427052816
dd520fc1-e6de-4f55-b6d8-508373be5330,Kurpark - Eingang Kolonnaden,2025-07-10 17:00:00+02:00,31.918509165445965
dd520fc1-e6de-4f55-b6d8-508373be5330,Kurpark - Eingang Kolonnaden,2025-07-10 18:00:00+02:00,4.207011540730794
dd520fc1-e6de-4f55-b6d8-508373be5330,Kurpark - Eingang Kolonnaden,2025-07-10 19:00:00+02:00,25.37221050262451
dd520fc1-e6de-4f55-b6d8-508373be5330,Kurpark - Eingang Kolonnaden,2025-07-10 20:00:00+02:00,4.934478044509888
dd520fc1-e6de-4f55-b6d8-508373be5330,Kurpark - Eingang Kolonnaden,2025-07-10 21:00:00+02:00,9.117773135503134
dd520fc1-e6de-4f55-b6d8-508373be5330,Kurpark - Eingang Kolonnaden,2025-07-10 22:00:00+02:00,4.4886453946431475
dd520fc1-e6de-4f55-b6d8-508373be5330,Kurpark - Eingang Kolonnaden,2025-07-10 23:00:00+02:00,2.4606523513793945
dd520fc1-e6de-4f55-b6d8-508373be5330,Kurpark - Eingang Kolonnaden,2025-07-11 00:00:00+02:00,3.4379536310831704
dd520fc1-e6de-4f55-b6d8-508373be5330,Kurpark - Eingang Kolonnaden,2025-07-11 01:00:00+02:00,2.3991066614786782
dd520fc1-e6de-4f55-b6d8-508373be5330,Kurpark - Eingang Kolonnaden,2025-07-11 02:00:00+02:00,7.421629905700684
dd520fc1-e6de-4f55-b6d8-508373be5330,Kurpark - Eingang Kolonnaden,2025-07-11 03:00:00+02:00,7.572916428248088
dd520fc1-e6de-4f55-b6d8-508373be5330,Kurpark - Eingang Kolonnaden,2025-07-11 04:00:00+02:00,8.900492747624716
dd520fc1-e6de-4f55-b6d8-508373be5330,Kurpark - Eingang Kolonnaden,2025-07-11 05:00:00+02:00,9.717533826828003
dd520fc1-e6de-4f55-b6d8-508373be5330,Kurpark - Eingang Kolonnaden,2025-07-11 06:00:00+02:00,12.36967396736145
dd520fc1-e6de-4f55-b6d8-508373be5330,Kurpark - Eingang Kolonnaden,2025-07-11 07:00:00+02:00,23.05334409077963
dd520fc1-e6de-4f55-b6d8-508373be5330,Kurpark - Eingang Kolonnaden,2025-07-11 08:00:00+02:00,28.09321467081706
dd520fc1-e6de-4f55-b6d8-508373be5330,Kurpark - Eingang Kolonnaden,2025-07-11 09:00:00+02:00,27.993233680725098
dd520fc1-e6de-4f55-b6d8-508373be5330,Kurpark - Eingang Kolonnaden,2025-07-11 10:00:00+02:00,25.97183068593343
dd520fc1-e6de-4f55-b6d8-508373be5330,Kurpark - Eingang Kolonnaden,2025-07-11 11:00:00+02:00,7.140232404073079
dd520fc1-e6de-4f55-b6d8-508373be5330,Kurpark - Eingang Kolonnaden,2025-07-11 12:00:00+02:00,8.1161740620931
dd520fc1-e6de-4f55-b6d8-508373be5330,Kurpark - Eingang Kolonnaden,2025-07-11 13:00:00+02:00,13.52081044514974
dd520fc1-e6de-4f55-b6d8-508373be5330,Kurpark - Eingang Kolonnaden,2025-07-11 14:00:00+02:00,19.415737787882488
dd520fc1-e6de-4f55-b6d8-508373be5330,Kurpark - Eingang Kolonnaden,2025-07-11 15:00:00+02:00,21.946300506591797
dd520fc1-e6de-4f55-b6d8-508373be5330,Kurpark - Eingang Kolonnaden,2025-07-11 16:00:00+02:00,36.54830010732015
dd520fc1-e6de-4f55-b6d8-508373be5330,Kurpark - Eingang Kolonnaden,2025-07-11 17:00:00+02:00,32.02577304840088
dd520fc1-e6de-4f55-b6d8-508373be5330,Kurpark - Eingang Kolonnaden,2025-07-11 18:00:00+02:00,30.650798002878826
dd520fc1-e6de-4f55-b6d8-508373be5330,Kurpark - Eingang Kolonnaden,2025-07-11 19:00:00+02:00,12.24626080195109
dd520fc1-e6de-4f55-b6d8-508373be5330,Kurpark - Eingang Kolonnaden,2025-07-11 20:00:00+02:00,5.475933233896892
dd520fc1-e6de-4f55-b6d8-508373be5330,Kurpark - Eingang Kolonnaden,2025-07-11 21:00:00+02:00,10.787545204162603
dd520fc1-e6de-4f55-b6d8-508373be5330,Kurpark - Eingang Kolonnaden,2025-07-11 22:00:00+02:00,4.801441192626953
dd520fc1-e6de-4f55-b6d8-508373be5330,Kurpark - Eingang Kolonnaden,2025-07-11 23:00:00+02:00,11.987072467803955
dd520fc1-e6de-4f55-b6d8-508373be5330,Kurpark - Eingang Kolonnaden,2025-07-12 00:00:00+02:00,2.9119551181793213
dd520fc1-e6de-4f55-b6d8-508373be5330,Kurpark - Eingang Kolonnaden,2025-07-12 01:00:00+02:00,5.114525159200032
dd520fc1-e6de-4f55-b6d8-508373be5330,Kurpark - Eingang Kolonnaden,2025-07-12 02:00:00+02:00,6.460286617279053
dd520fc1-e6de-4f55-b6d8-508373be5330,Kurpark - Eingang Kolonnaden,2025-07-12 03:00:00+02:00,7.74429726600647
dd520fc1-e6de-4f55-b6d8-508373be5330,Kurpark - Eingang Kolonnaden,2025-07-12 04:00:00+02:00,7.279160896937053
dd520fc1-e6de-4f55-b6d8-508373be5330,Kurpark - Eingang Kolonnaden,2025-07-12 05:00:00+02:00,6.776841402053833
dd520fc1-e6de-4f55-b6d8-508373be5330,Kurpark - Eingang Kolonnaden,2025-07-12 06:00:00+02:00,5.32907509803772
dd520fc1-e6de-4f55-b6d8-508373be5330,Kurpark - Eingang Kolonnaden,2025-07-12 07:00:00+02:00,4.885328054428101
dd520fc1-e6de-4f55-b6d8-508373be5330,Kurpark - Eingang Kolonnaden,2025-07-12 08:00:00+02:00,7.353201866149902
dd520fc1-e6de-4f55-b6d8-508373be5330,Kurpark - Eingang Kolonnaden,2025-07-12 09:00:00+02:00,9.15929619471232
dd520fc1-e6de-4f55-b6d8-508373be5330,Kurpark - Eingang Kolonnaden,2025-07-12 10:00:00+02:00,64.53633689880371
dd520fc1-e6de-4f55-b6d8-508373be5330,Kurpark - Eingang Kolonnaden,2025-07-12 11:00:00+02:00,8.625469843546549
dd520fc1-e6de-4f55-b6d8-508373be5330,Kurpark - Eingang Kolonnaden,2025-07-12 12:00:00+02:00,11.229573249816895
dd520fc1-e6de-4f55-b6d8-508373be5330,Kurpark - Eingang Kolonnaden,2025-07-12 13:00:00+02:00,56.51955477396647
dd520fc1-e6de-4f55-b6d8-508373be5330,Kurpark - Eingang Kolonnaden,2025-07-12 14:00:00+02:00,11.085039456685385
dd520fc1-e6de-4f55-b6d8-508373be5330,Kurpark - Eingang Kolonnaden,2025-07-12 15:00:00+02:00,59.971084912618004
dd520fc1-e6de-4f55-b6d8-508373be5330,Kurpark - Eingang Kolonnaden,2025-07-12 16:00:00+02:00,11.626754442850748
dd520fc1-e6de-4f55-b6d8-508373be5330,Kurpark - Eingang Kolonnaden,2025-07-12 17:00:00+02:00,32.8300396601359
dd520fc1-e6de-4f55-b6d8-508373be5330,Kurpark - Eingang Kolonnaden,2025-07-12 18:00:00+02:00,49.26187960306803
dd520fc1-e6de-4f55-b6d8-508373be5330,Kurpark - Eingang Kolonnaden,2025-07-12 19:00:00+02:00,19.16649627685547
dd520fc1-e6de-4f55-b6d8-508373be5330,Kurpark - Eingang Kolonnaden,2025-07-12 20:00:00+02:00,7.96370800336202
dd520fc1-e6de-4f55-b6d8-508373be5330,Kurpark - Eingang Kolonnaden,2025-07-12 21:00:00+02:00,12.050052404403687
dd520fc1-e6de-4f55-b6d8-508373be5330,Kurpark - Eingang Kolonnaden,2025-07-12 22:00:00+02:00,3.442772388458252
dd520fc1-e6de-4f55-b6d8-508373be5330,Kurpark - Eingang Kolonnaden,2025-07-12 23:00:00+02:00,8.621020555496216
dd520fc1-e6de-4f55-b6d8-508373be5330,Kurpark - Eingang Kolonnaden,2025-07-13 00:00:00+02:00,14.608436902364096
dd520fc1-e6de-4f55-b6d8-508373be5330,Kurpark - Eingang Kolonnaden,2025-07-13 01:00:00+02:00,2.741640567779541
dd520fc1-e6de-4f55-b6d8-508373be5330,Kurpark - Eingang Kolonnaden,2025-07-13 02:00:00+02:00,4.569865703582764
dd520fc1-e6de-4f55-b6d8-508373be5330,Kurpark - Eingang Kolonnaden,2025-07-13 03:00:00+02:00,5.344798544178838
dd520fc1-e6de-4f55-b6d8-508373be5330,Kurpark - Eingang Kolonnaden,2025-07-13 04:00:00+02:00,5.596941687844017
dd520fc1-e6de-4f55-b6d8-508373be5330,Kurpark - Eingang Kolonnaden,2025-07-13 05:00:00+02:00,6.949229830787296
dd520fc1-e6de-4f55-b6d8-508373be5330,Kurpark - Eingang Kolonnaden,2025-07-13 06:00:00+02:00,7.772423171997071
dd520fc1-e6de-4f55-b6d8-508373be5330,Kurpark - Eingang Kolonnaden,2025-07-13 07:00:00+02:00,13.91160713998895
dd520fc1-e6de-4f55-b6d8-508373be5330,Kurpark - Eingang Kolonnaden,2025-07-13 08:00:00+02:00,15.320972230699327
dd520fc1-e6de-4f55-b6d8-508373be5330,Kurpark - Eingang Kolonnaden,2025-07-13 09:00:00+02:00,30.53217113719267
dd520fc1-e6de-4f55-b6d8-508373be5330,Kurpark - Eingang Kolonnaden,2025-07-13 10:00:00+02:00,31.868235111236572
dd520fc1-e6de-4f55-b6d8-508373be5330,Kurpark - Eingang Kolonnaden,2025-07-13 11:00:00+02:00,73.0184092203776
dd520fc1-e6de-4f55-b6d8-508373be5330,Kurpark - Eingang Kolonnaden,2025-07-13 12:00:00+02:00,55.35540444510324
dd520fc1-e6de-4f55-b6d8-508373be5330,Kurpark - Eingang Kolonnaden,2025-07-13 13:00:00+02:00,22.640889094426083
dd520fc1-e6de-4f55-b6d8-508373be5330,Kurpark - Eingang Kolonnaden,2025-07-13 14:00:00+02:00,74.13453674316405
dd520fc1-e6de-4f55-b6d8-508373be5330,Kurpark - Eingang Kolonnaden,2025-07-13 15:00:00+02:00,47.166528181596235
dd520fc1-e6de-4f55-b6d8-508373be5330,Kurpark - Eingang Kolonnaden,2025-07-13 16:00:00+02:00,18.31625747680664
dd520fc1-e6de-4f55-b6d8-508373be5330,Kurpark - Eingang Kolonnaden,2025-07-13 17:00:00+02:00,5.053693135579427
dd520fc1-e6de-4f55-b6d8-508373be5330,Kurpark - Eingang Kolonnaden,2025-07-13 18:00:00+02:00,9.841159343719482
dd520fc1-e6de-4f55-b6d8-508373be5330,Kurpark - Eingang Kolonnaden,2025-07-13 19:00:00+02:00,26.054629189627512
dd520fc1-e6de-4f55-b6d8-508373be5330,Kurpark - Eingang Kolonnaden,2025-07-13 20:00:00+02:00,12.244655927022299
dd520fc1-e6de-4f55-b6d8-508373be5330,Kurpark - Eingang Kolonnaden,2025-07-13 21:00:00+02:00,13.233706665039062
dd520fc1-e6de-4f55-b6d8-508373be5330,Kurpark - Eingang Kolonnaden,2025-07-13 22:00:00+02:00,5.263897895812988
dd520fc1-e6de-4f55-b6d8-508373be5330,Kurpark - Eingang Kolonnaden,2025-07-13 23:00:00+02:00,1.008160909016927
dd520fc1-e6de-4f55-b6d8-508373be5330,Kurpark - Eingang Kolonnaden,2025-07-14 00:00:00+02:00,1.0547256469726562
dd520fc1-e6de-4f55-b6d8-508373be5330,Kurpark - Eingang Kolonnaden,2025-07-14 01:00:00+02:00,1.1408767700195312
e43beee4-de88-43f8-9c31-c3f0d5dc1451,Kurstraße 13,2025-06-30 03:00:00+02:00,13.006107330322266
e43beee4-de88-43f8-9c31-c3f0d5dc1451,Kurstraße 13,2025-06-30 04:00:00+02:00,12.690996170043945
e43beee4-de88-43f8-9c31-c3f0d5dc1451,Kurstraße 13,2025-06-30 05:00:00+02:00,3.7874221801757812
e43beee4-de88-43f8-9c31-c3f0d5dc1451,Kurstraße 13,2025-06-30 06:00:00+02:00,5.887091159820557
e43beee4-de88-43f8-9c31-c3f0d5dc1451,Kurstraße 13,2025-06-30 07:00:00+02:00,16.603134536743163
e43beee4-de88-43f8-9c31-c3f0d5dc1451,Kurstraße 13,2025-06-30 08:00:00+02:00,13.883136113484701
e43beee4-de88-43f8-9c31-c3f0d5dc1451,Kurstraße 13,2025-06-30 09:00:00+02:00,12.657580239432198
e43beee4-de88-43f8-9c31-c3f0d5dc1451,Kurstraße 13,2025-06-30 10:00:00+02:00,13.008233070373535
e43beee4-de88-43f8-9c31-c3f0d5dc1451,Kurstraße 13,2025-06-30 11:00:00+02:00,14.055165608723959
e43beee4-de88-43f8-9c31-c3f0d5dc1451,Kurstraße 13,2025-06-30 12:00:00+02:00,6.905209350585937
e43beee4-de88-43f8-9c31-c3f0d5dc1451,Kurstraße 13,2025-06-30 13:00:00+02:00,8.417885867032139
e43beee4-de88-43f8-9c31-c3f0d5dc1451,Kurstraße 13,2025-06-30 14:00:00+02:00,9.203189531962076
e43beee4-de88-43f8-9c31-c3f0d5dc1451,Kurstraße 13,2025-06-30 15:00:00+02:00,19.219739767221306
e43beee4-de88-43f8-9c31-c3f0d5dc1451,Kurstraße 13,2025-06-30 16:00:00+02:00,24.616797583443777
e43beee4-de88-43f8-9c31-c3f0d5dc1451,Kurstraße 13,2025-06-30 17:00:00+02:00,7.647675577799479
e43beee4-de88-43f8-9c31-c3f0d5dc1451,Kurstraße 13,2025-06-30 18:00:00+02:00,9.937280416488647
e43beee4-de88-43f8-9c31-c3f0d5dc1451,Kurstraße 13,2025-06-30 19:00:00+02:00,12.616287231445312
e43beee4-de88-43f8-9c31-c3f0d5dc1451,Kurstraße 13,2025-06-30 20:00:00+02:00,4.802197668287489
e43beee4-de88-43f8-9c31-c3f0d5dc1451,Kurstraße 13,2025-06-30 21:00:00+02:00,4.781689794440019
e43beee4-de88-43f8-9c31-c3f0d5dc1451,Kurstraße 13,2025-06-30 22:00:00+02:00,2.4062623977661133
e43beee4-de88-43f8-9c31-c3f0d5dc1451,Kurstraße 13,2025-06-30 23:00:00+02:00,12.924320311773391
e43beee4-de88-43f8-9c31-c3f0d5dc1451,Kurstraße 13,2025-07-01 00:00:00+02:00,3.739082249728116
e43beee4-de88-43f8-9c31-c3f0d5dc1451,Kurstraße 13,2025-07-01 01:00:00+02:00,7.151883000912874
e43beee4-de88-43f8-9c31-c3f0d5dc1451,Kurstraße 13,2025-07-01 02:00:00+02:00,7.101135889689128
e43beee4-de88-43f8-9c31-c3f0d5dc1451,Kurstraße 13,2025-07-01 03:00:00+02:00,11.656482378641764
e43beee4-de88-43f8-9c31-c3f0d5dc1451,Kurstraße 13,2025-07-01 04:00:00+02:00,11.298622449239096
e43beee4-de88-43f8-9c31-c3f0d5dc1451,Kurstraße 13,2025-07-01 05:00:00+02:00,9.350024143854776
e43beee4-de88-43f8-9c31-c3f0d5dc1451,Kurstraße 13,2025-07-01 06:00:00+02:00,4.77534023920695
e43beee4-de88-43f8-9c31-c3f0d5dc1451,Kurstraße 13,2025-07-01 07:00:00+02:00,9.709704558054606
e43beee4-de88-43f8-9c31-c3f0d5dc1451,Kurstraße 13,2025-07-01 08:00:00+02:00,17.05662727355957
e43beee4-de88-43f8-9c31-c3f0d5dc1451,Kurstraße 13,2025-07-01 09:00:00+02:00,33.836305936177574
e43beee4-de88-43f8-9c31-c3f0d5dc1451,Kurstraße 13,2025-07-01 10:00:00+02:00,12.439042886098227
e43beee4-de88-43f8-9c31-c3f0d5dc1451,Kurstraße 13,2025-07-01 11:00:00+02:00,29.432432651519775
e43beee4-de88-43f8-9c31-c3f0d5dc1451,Kurstraße 13,2025-07-01 12:00:00+02:00,17.179534594217937
e43beee4-de88-43f8-9c31-c3f0d5dc1451,Kurstraße 13,2025-07-01 13:00:00+02:00,19.027948538462322
e43beee4-de88-43f8-9c31-c3f0d5dc1451,Kurstraße 13,2025-07-01 14:00:00+02:00,12.424317995707193
e43beee4-de88-43f8-9c31-c3f0d5dc1451,Kurstraße 13,2025-07-01 15:00:00+02:00,2.7969013849894204
e43beee4-de88-43f8-9c31-c3f0d5dc1451,Kurstraße 13,2025-07-01 16:00:00+02:00,23.505229632059734
e43beee4-de88-43f8-9c31-c3f0d5dc1451,Kurstraße 13,2025-07-01 17:00:00+02:00,29.80258782704671
e43beee4-de88-43f8-9c31-c3f0d5dc1451,Kurstraße 13,2025-07-01 18:00:00+02:00,23.319508870442707
e43beee4-de88-43f8-9c31-c3f0d5dc1451,Kurstraße 13,2025-07-01 19:00:00+02:00,6.842295567194621
e43beee4-de88-43f8-9c31-c3f0d5dc1451,Kurstraße 13,2025-07-01 20:00:00+02:00,2.932397445042928
e43beee4-de88-43f8-9c31-c3f0d5dc1451,Kurstraße 13,2025-07-01 21:00:00+02:00,4.530774195988973
e43beee4-de88-43f8-9c31-c3f0d5dc1451,Kurstraße 13,2025-07-01 22:00:00+02:00,6.608487526575725
e43beee4-de88-43f8-9c31-c3f0d5dc1451,Kurstraße 13,2025-07-01 23:00:00+02:00,10.806458711624146
e43beee4-de88-43f8-9c31-c3f0d5dc1451,Kurstraße 13,2025-07-02 00:00:00+02:00,1.0465606053670247
e43beee4-de88-43f8-9c31-c3f0d5dc1451,Kurstraße 13,2025-07-02 01:00:00+02:00,5.193162679672241
e43beee4-de88-43f8-9c31-c3f0d5dc1451,Kurstraße 13,2025-07-02 02:00:00+02:00,11.730449199676514
e43beee4-de88-43f8-9c31-c3f0d5dc1451,Kurstraße 13,2025-07-02 03:00:00+02:00,11.80844513575236
e43beee4-de88-43f8-9c31-c3f0d5dc1451,Kurstraße 13,2025-07-02 04:00:00+02:00,11.586053768793741
e43beee4-de88-43f8-9c31-c3f0d5dc1451,Kurstraße 13,2025-07-02 05:00:00+02:00,15.229387680689493
e43beee4-de88-43f8-9c31-c3f0d5dc1451,Kurstraße 13,2025-07-02 06:00:00+02:00,9.519357045491537
e43beee4-de88-43f8-9c31-c3f0d5dc1451,Kurstraße 13,2025-07-02 07:00:00+02:00,9.573824246724447
e43beee4-de88-43f8-9c31-c3f0d5dc1451,Kurstraße 13,2025-07-02 08:00:00+02:00,18.455116113026936
e43beee4-de88-43f8-9c31-c3f0d5dc1451,Kurstraße 13,2025-07-02 09:00:00+02:00,15.239514191945394
e43beee4-de88-43f8-9c31-c3f0d5dc1451,Kurstraße 13,2025-07-02 10:00:00+02:00,5.445291837056478
e43beee4-de88-43f8-9c31-c3f0d5dc1451,Kurstraße 13,2025-07-02 11:00:00+02:00,2.16547425587972
e43beee4-de88-43f8-9c31-c3f0d5dc1451,Kurstraße 13,2025-07-02 12:00:00+02:00,8.49031368891398
e43beee4-de88-43f8-9c31-c3f0d5dc1451,Kurstraße 13,2025-07-02 13:00:00+02:00,15.099243640899658
e43beee4-de88-43f8-9c31-c3f0d5dc1451,Kurstraße 13,2025-07-02 14:00:00+02:00,8.523157596588135
e43beee4-de88-43f8-9c31-c3f0d5dc1451,Kurstraße 13,2025-07-02 15:00:00+02:00,2.824735482533773
e43beee4-de88-43f8-9c31-c3f0d5dc1451,Kurstraße 13,2025-07-02 16:00:00+02:00,4.5694708824157715
e43beee4-de88-43f8-9c31-c3f0d5dc1451,Kurstraße 13,2025-07-02 17:00:00+02:00,2.70243247350057
e43beee4-de88-43f8-9c31-c3f0d5dc1451,Kurstraße 13,2025-07-02 18:00:00+02:00,2.938502629597982
e43beee4-de88-43f8-9c31-c3f0d5dc1451,Kurstraße 13,2025-07-02 19:00:00+02:00,8.005062739054361
e43beee4-de88-43f8-9c31-c3f0d5dc1451,Kurstraße 13,2025-07-02 20:00:00+02:00,9.341183423995972
e43beee4-de88-43f8-9c31-c3f0d5dc1451,Kurstraße 13,2025-07-02 21:00:00+02:00,2.3657066027323403
e43beee4-de88-43f8-9c31-c3f0d5dc1451,Kurstraße 13,2025-07-02 22:00:00+02:00,6.299286921819051
e43beee4-de88-43f8-9c31-c3f0d5dc1451,Kurstraße 13,2025-07-02 23:00:00+02:00,11.929098208745321
e43beee4-de88-43f8-9c31-c3f0d5dc1451,Kurstraße 13,2025-07-03 00:00:00+02:00,11.61419447263082
e43beee4-de88-43f8-9c31-c3f0d5dc1451,Kurstraße 13,2025-07-03 01:00:00+02:00,12.248135725657145
e43beee4-de88-43f8-9c31-c3f0d5dc1451,Kurstraße 13,2025-07-03 02:00:00+02:00,6.84758456548055
e43beee4-de88-43f8-9c31-c3f0d5dc1451,Kurstraße 13,2025-07-03 03:00:00+02:00,13.605587323506674
e43beee4-de88-43f8-9c31-c3f0d5dc1451,Kurstraße 13,2025-07-03 04:00:00+02:00,16.84001859029134
e43beee4-de88-43f8-9c31-c3f0d5dc1451,Kurstraße 13,2025-07-03 05:00:00+02:00,10.886096159617106
e43beee4-de88-43f8-9c31-c3f0d5dc1451,Kurstraße 13,2025-07-03 06:00:00+02:00,21.70390788714091
e43beee4-de88-43f8-9c31-c3f0d5dc1451,Kurstraße 13,2025-07-03 07:00:00+02:00,23.09953721364339
e43beee4-de88-43f8-9c31-c3f0d5dc1451,Kurstraße 13,2025-07-03 08:00:00+02:00,11.222428798675537
e43beee4-de88-43f8-9c31-c3f0d5dc1451,Kurstraße 13,2025-07-03 09:00:00+02:00,9.584047158559164
e43beee4-de88-43f8-9c31-c3f0d5dc1451,Kurstraße 13,2025-07-03 10:00:00+02:00,13.307367165883383
e43beee4-de88-43f8-9c31-c3f0d5dc1451,Kurstraße 13,2025-07-03 11:00:00+02:00,5.711589813232422
e43beee4-de88-43f8-9c31-c3f0d5dc1451,Kurstraße 13,2025-07-03 12:00:00+02:00,1.813820203145345
e43beee4-de88-43f8-9c31-c3f0d5dc1451,Kurstraße 13,2025-07-03 13:00:00+02:00,9.14443302154541
e43beee4-de88-43f8-9c31-c3f0d5dc1451,Kurstraße 13,2025-07-03 14:00:00+02:00,9.544374465942383
e43beee4-de88-43f8-9c31-c3f0d5dc1451,Kurstraße 13,2025-07-03 15:00:00+02:00,4.406869888305664
e43beee4-de88-43f8-9c31-c3f0d5dc1451,Kurstraße 13,2025-07-03 16:00:00+02:00,20.75539429982503
e43beee4-de88-43f8-9c31-c3f0d5dc1451,Kurstraße 13,2025-07-03 17:00:00+02:00,21.703311602274578
e43beee4-de88-43f8-9c31-c3f0d5dc1451,Kurstraße 13,2025-07-03 18:00:00+02:00,38.136432806650795
e43beee4-de88-43f8-9c31-c3f0d5dc1451,Kurstraße 13,2025-07-03 19:00:00+02:00,17.329973379770916
e43beee4-de88-43f8-9c31-c3f0d5dc1451,Kurstraße 13,2025-07-03 20:00:00+02:00,7.140850861867269
e43beee4-de88-43f8-9c31-c3f0d5dc1451,Kurstraße 13,2025-07-03 21:00:00+02:00,9.171172459920248
e43beee4-de88-43f8-9c31-c3f0d5dc1451,Kurstraße 13,2025-07-03 22:00:00+02:00,10.350395441055298
e43beee4-de88-43f8-9c31-c3f0d5dc1451,Kurstraße 13,2025-07-03 23:00:00+02:00,13.268406867980957
e43beee4-de88-43f8-9c31-c3f0d5dc1451,Kurstraße 13,2025-07-04 00:00:00+02:00,7.559377988179524
e43beee4-de88-43f8-9c31-c3f0d5dc1451,Kurstraße 13,2025-07-04 01:00:00+02:00,10.038873354593912
e43beee4-de88-43f8-9c31-c3f0d5dc1451,Kurstraße 13,2025-07-04 02:00:00+02:00,12.476686477661133
e43beee4-de88-43f8-9c31-c3f0d5dc1451,Kurstraße 13,2025-07-04 03:00:00+02:00,14.917159716288248
e43beee4-de88-43f8-9c31-c3f0d5dc1451,Kurstraße 13,2025-07-04 04:00:00+02:00,13.740159829457602
e43beee4-de88-43f8-9c31-c3f0d5dc1451,Kurstraße 13,2025-07-04 05:00:00+02:00,13.390218098958334
e43beee4-de88-43f8-9c31-c3f0d5dc1451,Kurstraße 13,2025-07-04 06:00:00+02:00,9.547111829121908
e43beee4-de88-43f8-9c31-c3f0d5dc1451,Kurstraße 13,2025-07-04 07:00:00+02:00,9.83631706237793
e43beee4-de88-43f8-9c31-c3f0d5dc1451,Kurstraße 13,2025-07-04 08:00:00+02:00,4.340055147806804
e43beee4-de88-43f8-9c31-c3f0d5dc1451,Kurstraße 13,2025-07-04 09:00:00+02:00,6.423145135243733
e43beee4-de88-43f8-9c31-c3f0d5dc1451,Kurstraße 13,2025-07-04 10:00:00+02:00,29.610329627990723
e43beee4-de88-43f8-9c31-c3f0d5dc1451,Kurstraße 13,2025-07-04 11:00:00+02:00,22.58425521850586
e43beee4-de88-43f8-9c31-c3f0d5dc1451,Kurstraße 13,2025-07-04 12:00:00+02:00,10.324076016743978
e43beee4-de88-43f8-9c31-c3f0d5dc1451,Kurstraße 13,2025-07-04 13:00:00+02:00,4.205106417338054
e43beee4-de88-43f8-9c31-c3f0d5dc1451,Kurstraße 13,2025-07-04 14:00:00+02:00,13.880626996358236
e43beee4-de88-43f8-9c31-c3f0d5dc1451,Kurstraße 13,2025-07-04 15:00:00+02:00,26.825957616170246
e43beee4-de88-43f8-9c31-c3f0d5dc1451,Kurstraße 13,2025-07-04 16:00:00+02:00,37.14529768625895
e43beee4-de88-43f8-9c31-c3f0d5dc1451,Kurstraße 13,2025-07-04 17:00:00+02:00,44.311452865600586
e43beee4-de88-43f8-9c31-c3f0d5dc1451,Kurstraße 13,2025-07-04 18:00:00+02:00,17.941704750061035
e43beee4-de88-43f8-9c31-c3f0d5dc1451,Kurstraße 13,2025-07-04 19:00:00+02:00,7.553212324778239
e43beee4-de88-43f8-9c31-c3f0d5dc1451,Kurstraße 13,2025-07-04 20:00:00+02:00,4.984948476155599
e43beee4-de88-43f8-9c31-c3f0d5dc1451,Kurstraße 13,2025-07-04 21:00:00+02:00,6.373812357584636
e43beee4-de88-43f8-9c31-c3f0d5dc1451,Kurstraße 13,2025-07-04 22:00:00+02:00,5.1492626667022705
e43beee4-de88-43f8-9c31-c3f0d5dc1451,Kurstraße 13,2025-07-04 23:00:00+02:00,14.701925913492838
e43beee4-de88-43f8-9c31-c3f0d5dc1451,Kurstraße 13,2025-07-05 00:00:00+02:00,12.11771821975708
e43beee4-de88-43f8-9c31-c3f0d5dc1451,Kurstraße 13,2025-07-05 01:00:00+02:00,9.487598896026611
e43beee4-de88-43f8-9c31-c3f0d5dc1451,Kurstraße 13,2025-07-05 02:00:00+02:00,10.640453974405924
e43beee4-de88-43f8-9c31-c3f0d5dc1451,Kurstraße 13,2025-07-05 03:00:00+02:00,11.467943032582602
e43beee4-de88-43f8-9c31-c3f0d5dc1451,Kurstraße 13,2025-07-05 04:00:00+02:00,11.982539494832357
e43beee4-de88-43f8-9c31-c3f0d5dc1451,Kurstraße 13,2025-07-05 05:00:00+02:00,7.474900245666504
e43beee4-de88-43f8-9c31-c3f0d5dc1451,Kurstraße 13,2025-07-05 06:00:00+02:00,7.372421582539876
e43beee4-de88-43f8-9c31-c3f0d5dc1451,Kurstraße 13,2025-07-05 07:00:00+02:00,9.244680643081665
e43beee4-de88-43f8-9c31-c3f0d5dc1451,Kurstraße 13,2025-07-05 08:00:00+02:00,18.953980207443237
e43beee4-de88-43f8-9c31-c3f0d5dc1451,Kurstraße 13,2025-07-05 09:00:00+02:00,11.757338841756185
e43beee4-de88-43f8-9c31-c3f0d5dc1451,Kurstraße 13,2025-07-05 10:00:00+02:00,61.44215774536133
e43beee4-de88-43f8-9c31-c3f0d5dc1451,Kurstraße 13,2025-07-05 11:00:00+02:00,32.687374114990234
e43beee4-de88-43f8-9c31-c3f0d5dc1451,Kurstraße 13,2025-07-05 12:00:00+02:00,6.586933135986328
e43beee4-de88-43f8-9c31-c3f0d5dc1451,Kurstraße 13,2025-07-05 13:00:00+02:00,7.457338968912761
e43beee4-de88-43f8-9c31-c3f0d5dc1451,Kurstraße 13,2025-07-05 14:00:00+02:00,15.108585675557455
e43beee4-de88-43f8-9c31-c3f0d5dc1451,Kurstraße 13,2025-07-05 15:00:00+02:00,8.878132820129395
e43beee4-de88-43f8-9c31-c3f0d5dc1451,Kurstraße 13,2025-07-05 16:00:00+02:00,6.156880060831706
e43beee4-de88-43f8-9c31-c3f0d5dc1451,Kurstraße 13,2025-07-05 17:00:00+02:00,6.046370983123779
e43beee4-de88-43f8-9c31-c3f0d5dc1451,Kurstraße 13,2025-07-05 18:00:00+02:00,6.888514041900635
e43beee4-de88-43f8-9c31-c3f0d5dc1451,Kurstraße 13,2025-07-05 19:00:00+02:00,5.587957859039307
e43beee4-de88-43f8-9c31-c3f0d5dc1451,Kurstraße 13,2025-07-05 20:00:00+02:00,5.338669379552205
e43beee4-de88-43f8-9c31-c3f0d5dc1451,Kurstraße 13,2025-07-05 21:00:00+02:00,5.71061356862386
e43beee4-de88-43f8-9c31-c3f0d5dc1451,Kurstraße 13,2025-07-05 22:00:00+02:00,9.212520360946655
e43beee4-de88-43f8-9c31-c3f0d5dc1451,Kurstraße 13,2025-07-05 23:00:00+02:00,13.787252505620321
e43beee4-de88-43f8-9c31-c3f0d5dc1451,Kurstraße 13,2025-07-06 00:00:00+02:00,8.958045800526937
e43beee4-de88-43f8-9c31-c3f0d5dc1451,Kurstraße 13,2025-07-06 01:00:00+02:00,8.698040882746378
e43beee4-de88-43f8-9c31-c3f0d5dc1451,Kurstraße 13,2025-07-06 02:00:00+02:00,8.536402702331543
e43beee4-de88-43f8-9c31-c3f0d5dc1451,Kurstraße 13,2025-07-06 03:00:00+02:00,7.007015148798625
e43beee4-de88-43f8-9c31-c3f0d5dc1451,Kurstraße 13,2025-07-06 04:00:00+02:00,9.406180540720621
e43beee4-de88-43f8-9c31-c3f0d5dc1451,Kurstraße 13,2025-07-06 05:00:00+02:00,9.416450500488281
e43beee4-de88-43f8-9c31-c3f0d5dc1451,Kurstraße 13,2025-07-06 06:00:00+02:00,10.363445202509562
e43beee4-de88-43f8-9c31-c3f0d5dc1451,Kurstraße 13,2025-07-06 07:00:00+02:00,14.004142125447592
e43beee4-de88-43f8-9c31-c3f0d5dc1451,Kurstraße 13,2025-07-06 08:00:00+02:00,5.734611590703328
e43beee4-de88-43f8-9c31-c3f0d5dc1451,Kurstraße 13,2025-07-06 09:00:00+02:00,9.760636806488037
e43beee4-de88-43f8-9c31-c3f0d5dc1451,Kurstraße 13,2025-07-06 10:00:00+02:00,14.153662840525309
e43beee4-de88-43f8-9c31-c3f0d5dc1451,Kurstraße 13,2025-07-06 11:00:00+02:00,8.222391446431478
e43beee4-de88-43f8-9c31-c3f0d5dc1451,Kurstraße 13,2025-07-06 12:00:00+02:00,28.925275166829426
e43beee4-de88-43f8-9c31-c3f0d5dc1451,Kurstraße 13,2025-07-06 13:00:00+02:00,12.01316006978353
e43beee4-de88-43f8-9c31-c3f0d5dc1451,Kurstraße 13,2025-07-06 14:00:00+02:00,14.900815963745117
e43beee4-de88-43f8-9c31-c3f0d5dc1451,Kurstraße 13,2025-07-06 15:00:00+02:00,17.04874102274577
e43beee4-de88-43f8-9c31-c3f0d5dc1451,Kurstraße 13,2025-07-06 16:00:00+02:00,5.310437838236491
e43beee4-de88-43f8-9c31-c3f0d5dc1451,Kurstraße 13,2025-07-06 17:00:00+02:00,8.838651816050211
e43beee4-de88-43f8-9c31-c3f0d5dc1451,Kurstraße 13,2025-07-06 18:00:00+02:00,3.672649304072062
e43beee4-de88-43f8-9c31-c3f0d5dc1451,Kurstraße 13,2025-07-06 19:00:00+02:00,12.550641218821207
e43beee4-de88-43f8-9c31-c3f0d5dc1451,Kurstraße 13,2025-07-06 20:00:00+02:00,3.8288106123606362
e43beee4-de88-43f8-9c31-c3f0d5dc1451,Kurstraße 13,2025-07-06 21:00:00+02:00,3.229748487472534
e43beee4-de88-43f8-9c31-c3f0d5dc1451,Kurstraße 13,2025-07-06 22:00:00+02:00,4.177925825119022
e43beee4-de88-43f8-9c31-c3f0d5dc1451,Kurstraße 13,2025-07-06 23:00:00+02:00,10.067245562871298
e43beee4-de88-43f8-9c31-c3f0d5dc1451,Kurstraße 13,2025-07-07 00:00:00+02:00,8.722361246744791
e43beee4-de88-43f8-9c31-c3f0d5dc1451,Kurstraße 13,2025-07-07 01:00:00+02:00,6.582350095113118
e43beee4-de88-43f8-9c31-c3f0d5dc1451,Kurstraße 13,2025-07-07 02:00:00+02:00,7.649807691574097
e43beee4-de88-43f8-9c31-c3f0d5dc1451,Kurstraße 13,2025-07-07 03:00:00+02:00,8.359730005264282
e43beee4-de88-43f8-9c31-c3f0d5dc1451,Kurstraße 13,2025-07-07 04:00:00+02:00,8.191200335820517
e43beee4-de88-43f8-9c31-c3f0d5dc1451,Kurstraße 13,2025-07-07 05:00:00+02:00,3.993769963582357
e43beee4-de88-43f8-9c31-c3f0d5dc1451,Kurstraße 13,2025-07-07 06:00:00+02:00,3.087308724721273
e43beee4-de88-43f8-9c31-c3f0d5dc1451,Kurstraße 13,2025-07-07 07:00:00+02:00,5.618455330530803
e43beee4-de88-43f8-9c31-c3f0d5dc1451,Kurstraße 13,2025-07-07 08:00:00+02:00,12.912065664927164
e43beee4-de88-43f8-9c31-c3f0d5dc1451,Kurstraße 13,2025-07-07 09:00:00+02:00,4.8310120900472
e43beee4-de88-43f8-9c31-c3f0d5dc1451,Kurstraße 13,2025-07-07 10:00:00+02:00,17.118767738342285
e43beee4-de88-43f8-9c31-c3f0d5dc1451,Kurstraße 13,2025-07-07 11:00:00+02:00,2.5013605753580728
e43beee4-de88-43f8-9c31-c3f0d5dc1451,Kurstraße 13,2025-07-07 12:00:00+02:00,5.4218363761901855
e43beee4-de88-43f8-9c31-c3f0d5dc1451,Kurstraße 13,2025-07-07 13:00:00+02:00,6.361034711201985
e43beee4-de88-43f8-9c31-c3f0d5dc1451,Kurstraße 13,2025-07-07 14:00:00+02:00,7.295036633809407
e43beee4-de88-43f8-9c31-c3f0d5dc1451,Kurstraße 13,2025-07-07 15:00:00+02:00,2.8699089686075845
e43beee4-de88-43f8-9c31-c3f0d5dc1451,Kurstraße 13,2025-07-07 16:00:00+02:00,13.528227965037027
e43beee4-de88-43f8-9c31-c3f0d5dc1451,Kurstraße 13,2025-07-07 17:00:00+02:00,23.380150477091473
e43beee4-de88-43f8-9c31-c3f0d5dc1451,Kurstraße 13,2025-07-07 18:00:00+02:00,22.821368932724
e43beee4-de88-43f8-9c31-c3f0d5dc1451,Kurstraße 13,2025-07-07 19:00:00+02:00,4.522929509480794
e43beee4-de88-43f8-9c31-c3f0d5dc1451,Kurstraße 13,2025-07-07 20:00:00+02:00,7.401068528493245
e43beee4-de88-43f8-9c31-c3f0d5dc1451,Kurstraße 13,2025-07-07 21:00:00+02:00,6.7144521077473955
e43beee4-de88-43f8-9c31-c3f0d5dc1451,Kurstraße 13,2025-07-07 22:00:00+02:00,8.877747138341272
e43beee4-de88-43f8-9c31-c3f0d5dc1451,Kurstraße 13,2025-07-07 23:00:00+02:00,12.951459169387817
e43beee4-de88-43f8-9c31-c3f0d5dc1451,Kurstraße 13,2025-07-08 00:00:00+02:00,8.639071941375732
e43beee4-de88-43f8-9c31-c3f0d5dc1451,Kurstraße 13,2025-07-08 01:00:00+02:00,9.199026902516684
e43beee4-de88-43f8-9c31-c3f0d5dc1451,Kurstraße 13,2025-07-08 02:00:00+02:00,10.003732363382975
e43beee4-de88-43f8-9c31-c3f0d5dc1451,Kurstraße 13,2025-07-08 03:00:00+02:00,10.379863341649374
e43beee4-de88-43f8-9c31-c3f0d5dc1451,Kurstraße 13,2025-07-08 04:00:00+02:00,14.802119175593058
e43beee4-de88-43f8-9c31-c3f0d5dc1451,Kurstraße 13,2025-07-08 05:00:00+02:00,8.62388507525126
e43beee4-de88-43f8-9c31-c3f0d5dc1451,Kurstraße 13,2025-07-08 06:00:00+02:00,3.9815789063771567
e43beee4-de88-43f8-9c31-c3f0d5dc1451,Kurstraße 13,2025-07-08 07:00:00+02:00,4.994989554087321
e43beee4-de88-43f8-9c31-c3f0d5dc1451,Kurstraße 13,2025-07-08 08:00:00+02:00,6.387171109517415
e43beee4-de88-43f8-9c31-c3f0d5dc1451,Kurstraße 13,2025-07-08 09:00:00+02:00,17.74140993754069
e43beee4-de88-43f8-9c31-c3f0d5dc1451,Kurstraße 13,2025-07-08 10:00:00+02:00,12.88418706258138
e43beee4-de88-43f8-9c31-c3f0d5dc1451,Kurstraße 13,2025-07-08 11:00:00+02:00,14.477487405141195
e43beee4-de88-43f8-9c31-c3f0d5dc1451,Kurstraße 13,2025-07-08 12:00:00+02:00,17.91632843017578
e43beee4-de88-43f8-9c31-c3f0d5dc1451,Kurstraße 13,2025-07-08 13:00:00+02:00,5.586496671040853
e43beee4-de88-43f8-9c31-c3f0d5dc1451,Kurstraße 13,2025-07-08 14:00:00+02:00,26.9044992129008
e43beee4-de88-43f8-9c31-c3f0d5dc1451,Kurstraße 13,2025-07-08 15:00:00+02:00,43.59429121017456
e43beee4-de88-43f8-9c31-c3f0d5dc1451,Kurstraße 13,2025-07-08 16:00:00+02:00,22.865722179412842
e43beee4-de88-43f8-9c31-c3f0d5dc1451,Kurstraße 13,2025-07-08 17:00:00+02:00,29.046560923258465
e43beee4-de88-43f8-9c31-c3f0d5dc1451,Kurstraße 13,2025-07-08 18:00:00+02:00,22.391709327697754
e43beee4-de88-43f8-9c31-c3f0d5dc1451,Kurstraße 13,2025-07-08 19:00:00+02:00,5.841839790344238
e43beee4-de88-43f8-9c31-c3f0d5dc1451,Kurstraße 13,2025-07-08 20:00:00+02:00,2.6571412086486816
e43beee4-de88-43f8-9c31-c3f0d5dc1451,Kurstraße 13,2025-07-08 21:00:00+02:00,5.015606005986531
e43beee4-de88-43f8-9c31-c3f0d5dc1451,Kurstraße 13,2025-07-08 22:00:00+02:00,6.878814140955607
e43beee4-de88-43f8-9c31-c3f0d5dc1451,Kurstraße 13,2025-07-08 23:00:00+02:00,10.945582707722982
e43beee4-de88-43f8-9c31-c3f0d5dc1451,Kurstraße 13,2025-07-09 00:00:00+02:00,1.0197962919871013
e43beee4-de88-43f8-9c31-c3f0d5dc1451,Kurstraße 13,2025-07-09 01:00:00+02:00,5.085805416107178
e43beee4-de88-43f8-9c31-c3f0d5dc1451,Kurstraße 13,2025-07-09 02:00:00+02:00,11.434239149093628
e43beee4-de88-43f8-9c31-c3f0d5dc1451,Kurstraße 13,2025-07-09 03:00:00+02:00,11.319500605265299
e43beee4-de88-43f8-9c31-c3f0d5dc1451,Kurstraße 13,2025-07-09 04:00:00+02:00,10.946331103642782
e43beee4-de88-43f8-9c31-c3f0d5dc1451,Kurstraße 13,2025-07-09 05:00:00+02:00,14.473350365956625
e43beee4-de88-43f8-9c31-c3f0d5dc1451,Kurstraße 13,2025-07-09 06:00:00+02:00,8.772919257481893
e43beee4-de88-43f8-9c31-c3f0d5dc1451,Kurstraße 13,2025-07-09 07:00:00+02:00,10.148171265920004
e43beee4-de88-43f8-9c31-c3f0d5dc1451,Kurstraße 13,2025-07-09 08:00:00+02:00,18.733231862386067
e43beee4-de88-43f8-9c31-c3f0d5dc1451,Kurstraße 13,2025-07-09 09:00:00+02:00,11.13858938217163
e43beee4-de88-43f8-9c31-c3f0d5dc1451,Kurstraße 13,2025-07-09 10:00:00+02:00,19.98369820912679
e43beee4-de88-43f8-9c31-c3f0d5dc1451,Kurstraße 13,2025-07-09 11:00:00+02:00,6.078558444976807
e43beee4-de88-43f8-9c31-c3f0d5dc1451,Kurstraße 13,2025-07-09 12:00:00+02:00,1.5523346265157063
e43beee4-de88-43f8-9c31-c3f0d5dc1451,Kurstraße 13,2025-07-09 13:00:00+02:00,3.962506135304769
e43beee4-de88-43f8-9c31-c3f0d5dc1451,Kurstraße 13,2025-07-09 14:00:00+02:00,3.112253506978353
e43beee4-de88-43f8-9c31-c3f0d5dc1451,Kurstraße 13,2025-07-09 15:00:00+02:00,3.7290916442871094
e43beee4-de88-43f8-9c31-c3f0d5dc1451,Kurstraße 13,2025-07-09 16:00:00+02:00,16.42379347483317
e43beee4-de88-43f8-9c31-c3f0d5dc1451,Kurstraße 13,2025-07-09 17:00:00+02:00,34.644599278767906
e43beee4-de88-43f8-9c31-c3f0d5dc1451,Kurstraße 13,2025-07-09 18:00:00+02:00,14.478974342346191
e43beee4-de88-43f8-9c31-c3f0d5dc1451,Kurstraße 13,2025-07-09 19:00:00+02:00,3.624920050303141
e43beee4-de88-43f8-9c31-c3f0d5dc1451,Kurstraße 13,2025-07-09 20:00:00+02:00,3.4751755396525064
e43beee4-de88-43f8-9c31-c3f0d5dc1451,Kurstraße 13,2025-07-09 21:00:00+02:00,2.6934868494669595
e43beee4-de88-43f8-9c31-c3f0d5dc1451,Kurstraße 13,2025-07-09 22:00:00+02:00,3.732228914896647
e43beee4-de88-43f8-9c31-c3f0d5dc1451,Kurstraße 13,2025-07-09 23:00:00+02:00,12.21114444732666
e43beee4-de88-43f8-9c31-c3f0d5dc1451,Kurstraße 13,2025-07-10 00:00:00+02:00,11.747114817301432
e43beee4-de88-43f8-9c31-c3f0d5dc1451,Kurstraße 13,2025-07-10 01:00:00+02:00,12.203455924987793
e43beee4-de88-43f8-9c31-c3f0d5dc1451,Kurstraße 13,2025-07-10 02:00:00+02:00,6.5577051639556885
e43beee4-de88-43f8-9c31-c3f0d5dc1451,Kurstraße 13,2025-07-10 03:00:00+02:00,12.975424607594809
e43beee4-de88-43f8-9c31-c3f0d5dc1451,Kurstraße 13,2025-07-10 04:00:00+02:00,15.762969811757406
e43beee4-de88-43f8-9c31-c3f0d5dc1451,Kurstraße 13,2025-07-10 05:00:00+02:00,9.223714590072632
e43beee4-de88-43f8-9c31-c3f0d5dc1451,Kurstraße 13,2025-07-10 06:00:00+02:00,19.510432481765747
e43beee4-de88-43f8-9c31-c3f0d5dc1451,Kurstraße 13,2025-07-10 07:00:00+02:00,25.612457513809204
e43beee4-de88-43f8-9c31-c3f0d5dc1451,Kurstraße 13,2025-07-10 08:00:00+02:00,13.796065171559652
e43beee4-de88-43f8-9c31-c3f0d5dc1451,Kurstraße 13,2025-07-10 09:00:00+02:00,11.885348955790201
e43beee4-de88-43f8-9c31-c3f0d5dc1451,Kurstraße 13,2025-07-10 10:00:00+02:00,6.047391255696614
e43beee4-de88-43f8-9c31-c3f0d5dc1451,Kurstraße 13,2025-07-10 11:00:00+02:00,7.258485158284505
e43beee4-de88-43f8-9c31-c3f0d5dc1451,Kurstraße 13,2025-07-10 12:00:00+02:00,3.17572291692098
e43beee4-de88-43f8-9c31-c3f0d5dc1451,Kurstraße 13,2025-07-10 13:00:00+02:00,7.0435434977213545
e43beee4-de88-43f8-9c31-c3f0d5dc1451,Kurstraße 13,2025-07-10 14:00:00+02:00,2.987813949584961
e43beee4-de88-43f8-9c31-c3f0d5dc1451,Kurstraße 13,2025-07-10 15:00:00+02:00,4.558141549428304
e43beee4-de88-43f8-9c31-c3f0d5dc1451,Kurstraße 13,2025-07-10 16:00:00+02:00,14.126599470774332
e43beee4-de88-43f8-9c31-c3f0d5dc1451,Kurstraße 13,2025-07-10 17:00:00+02:00,38.209595362345375
e43beee4-de88-43f8-9c31-c3f0d5dc1451,Kurstraße 13,2025-07-10 18:00:00+02:00,38.47536961237589
e43beee4-de88-43f8-9c31-c3f0d5dc1451,Kurstraße 13,2025-07-10 19:00:00+02:00,29.36564604441325
e43beee4-de88-43f8-9c31-c3f0d5dc1451,Kurstraße 13,2025-07-10 20:00:00+02:00,6.220699787139893
e43beee4-de88-43f8-9c31-c3f0d5dc1451,Kurstraße 13,2025-07-10 21:00:00+02:00,10.323801199595133
e43beee4-de88-43f8-9c31-c3f0d5dc1451,Kurstraße 13,2025-07-10 22:00:00+02:00,1.980531374613444
e43beee4-de88-43f8-9c31-c3f0d5dc1451,Kurstraße 13,2025-07-10 23:00:00+02:00,14.106895764668783
e43beee4-de88-43f8-9c31-c3f0d5dc1451,Kurstraße 13,2025-07-11 00:00:00+02:00,7.861502011617024
e43beee4-de88-43f8-9c31-c3f0d5dc1451,Kurstraße 13,2025-07-11 01:00:00+02:00,6.981545607248942
e43beee4-de88-43f8-9c31-c3f0d5dc1451,Kurstraße 13,2025-07-11 02:00:00+02:00,12.184376239776611
e43beee4-de88-43f8-9c31-c3f0d5dc1451,Kurstraße 13,2025-07-11 03:00:00+02:00,14.343593517939249
e43beee4-de88-43f8-9c31-c3f0d5dc1451,Kurstraße 13,2025-07-11 04:00:00+02:00,9.751631816228235
e43beee4-de88-43f8-9c31-c3f0d5dc1451,Kurstraße 13,2025-07-11 05:00:00+02:00,13.932957251866663
e43beee4-de88-43f8-9c31-c3f0d5dc1451,Kurstraße 13,2025-07-11 06:00:00+02:00,11.479108095169067
e43beee4-de88-43f8-9c31-c3f0d5dc1451,Kurstraße 13,2025-07-11 07:00:00+02:00,1.9072621663411458
e43beee4-de88-43f8-9c31-c3f0d5dc1451,Kurstraße 13,2025-07-11 08:00:00+02:00,17.25353749593099
e43beee4-de88-43f8-9c31-c3f0d5dc1451,Kurstraße 13,2025-07-11 09:00:00+02:00,8.569099426269531
e43beee4-de88-43f8-9c31-c3f0d5dc1451,Kurstraße 13,2025-07-11 10:00:00+02:00,30.499761899312336
e43beee4-de88-43f8-9c31-c3f0d5dc1451,Kurstraße 13,2025-07-11 11:00:00+02:00,22.188522656758625
e43beee4-de88-43f8-9c31-c3f0d5dc1451,Kurstraße 13,2025-07-11 12:00:00+02:00,9.391865730285645
e43beee4-de88-43f8-9c31-c3f0d5dc1451,Kurstraße 13,2025-07-11 13:00:00+02:00,4.233242988586426
e43beee4-de88-43f8-9c31-c3f0d5dc1451,Kurstraße 13,2025-07-11 14:00:00+02:00,14.54030990600586
e43beee4-de88-43f8-9c31-c3f0d5dc1451,Kurstraße 13,2025-07-11 15:00:00+02:00,27.27776575088501
e43beee4-de88-43f8-9c31-c3f0d5dc1451,Kurstraße 13,2025-07-11 16:00:00+02:00,37.56047058105469
e43beee4-de88-43f8-9c31-c3f0d5dc1451,Kurstraße 13,2025-07-11 17:00:00+02:00,43.82819223403931
e43beee4-de88-43f8-9c31-c3f0d5dc1451,Kurstraße 13,2025-07-11 18:00:00+02:00,17.38111956914266
e43beee4-de88-43f8-9c31-c3f0d5dc1451,Kurstraße 13,2025-07-11 19:00:00+02:00,5.692888259887695
e43beee4-de88-43f8-9c31-c3f0d5dc1451,Kurstraße 13,2025-07-11 20:00:00+02:00,5.547231992085774
e43beee4-de88-43f8-9c31-c3f0d5dc1451,Kurstraße 13,2025-07-11 21:00:00+02:00,5.5920835336049395
e43beee4-de88-43f8-9c31-c3f0d5dc1451,Kurstraße 13,2025-07-11 22:00:00+02:00,5.206731239954631
e43beee4-de88-43f8-9c31-c3f0d5dc1451,Kurstraße 13,2025-07-11 23:00:00+02:00,15.085045417149862
e43beee4-de88-43f8-9c31-c3f0d5dc1451,Kurstraße 13,2025-07-12 00:00:00+02:00,12.447968403498331
e43beee4-de88-43f8-9c31-c3f0d5dc1451,Kurstraße 13,2025-07-12 01:00:00+02:00,7.741339286168421
e43beee4-de88-43f8-9c31-c3f0d5dc1451,Kurstraße 13,2025-07-12 02:00:00+02:00,10.795626958211264
e43beee4-de88-43f8-9c31-c3f0d5dc1451,Kurstraße 13,2025-07-12 03:00:00+02:00,11.510225931803385
e43beee4-de88-43f8-9c31-c3f0d5dc1451,Kurstraße 13,2025-07-12 04:00:00+02:00,11.90092126528422
e43beee4-de88-43f8-9c31-c3f0d5dc1451,Kurstraße 13,2025-07-12 05:00:00+02:00,7.219939549763997
e43beee4-de88-43f8-9c31-c3f0d5dc1451,Kurstraße 13,2025-07-12 06:00:00+02:00,6.841957489649455
e43beee4-de88-43f8-9c31-c3f0d5dc1451,Kurstraße 13,2025-07-12 07:00:00+02:00,8.304207722345987
e43beee4-de88-43f8-9c31-c3f0d5dc1451,Kurstraße 13,2025-07-12 08:00:00+02:00,9.488053878148397
e43beee4-de88-43f8-9c31-c3f0d5dc1451,Kurstraße 13,2025-07-12 09:00:00+02:00,14.19083340962728
e43beee4-de88-43f8-9c31-c3f0d5dc1451,Kurstraße 13,2025-07-12 10:00:00+02:00,57.85549052556356
e43beee4-de88-43f8-9c31-c3f0d5dc1451,Kurstraße 13,2025-07-12 11:00:00+02:00,28.56440544128418
e43beee4-de88-43f8-9c31-c3f0d5dc1451,Kurstraße 13,2025-07-12 12:00:00+02:00,11.088180224100748
e43beee4-de88-43f8-9c31-c3f0d5dc1451,Kurstraße 13,2025-07-12 13:00:00+02:00,19.535240809122723
e43beee4-de88-43f8-9c31-c3f0d5dc1451,Kurstraße 13,2025-07-12 14:00:00+02:00,35.93180592854818
e43beee4-de88-43f8-9c31-c3f0d5dc1451,Kurstraße 13,2025-07-12 15:00:00+02:00,8.075504302978516
e43beee4-de88-43f8-9c31-c3f0d5dc1451,Kurstraße 13,2025-07-12 16:00:00+02:00,5.59737491607666
e43beee4-de88-43f8-9c31-c3f0d5dc1451,Kurstraße 13,2025-07-12 17:00:00+02:00,5.323989391326904
e43beee4-de88-43f8-9c31-c3f0d5dc1451,Kurstraße 13,2025-07-12 18:00:00+02:00,12.05147933959961
e43beee4-de88-43f8-9c31-c3f0d5dc1451,Kurstraße 13,2025-07-12 19:00:00+02:00,7.58918563524882
e43beee4-de88-43f8-9c31-c3f0d5dc1451,Kurstraße 13,2025-07-12 20:00:00+02:00,5.476005792617798
e43beee4-de88-43f8-9c31-c3f0d5dc1451,Kurstraße 13,2025-07-12 21:00:00+02:00,5.2060896555582685
e43beee4-de88-43f8-9c31-c3f0d5dc1451,Kurstraße 13,2025-07-12 22:00:00+02:00,7.539928674697876
e43beee4-de88-43f8-9c31-c3f0d5dc1451,Kurstraße 13,2025-07-12 23:00:00+02:00,9.945119063059488
e43beee4-de88-43f8-9c31-c3f0d5dc1451,Kurstraße 13,2025-07-13 00:00:00+02:00,8.861710468928019
e43beee4-de88-43f8-9c31-c3f0d5dc1451,Kurstraße 13,2025-07-13 01:00:00+02:00,8.760079860687256
e43beee4-de88-43f8-9c31-c3f0d5dc1451,Kurstraße 13,2025-07-13 02:00:00+02:00,8.584822495778402
e43beee4-de88-43f8-9c31-c3f0d5dc1451,Kurstraße 13,2025-07-13 03:00:00+02:00,7.5322708461595616
e43beee4-de88-43f8-9c31-c3f0d5dc1451,Kurstraße 13,2025-07-13 04:00:00+02:00,9.204254410483621
e43beee4-de88-43f8-9c31-c3f0d5dc1451,Kurstraße 13,2025-07-13 05:00:00+02:00,11.308159601120721
e43beee4-de88-43f8-9c31-c3f0d5dc1451,Kurstraße 13,2025-07-13 06:00:00+02:00,10.38120231628418
e43beee4-de88-43f8-9c31-c3f0d5dc1451,Kurstraße 13,2025-07-13 07:00:00+02:00,14.205639487818667
e43beee4-de88-43f8-9c31-c3f0d5dc1451,Kurstraße 13,2025-07-13 08:00:00+02:00,5.7449649175008135
e43beee4-de88-43f8-9c31-c3f0d5dc1451,Kurstraße 13,2025-07-13 09:00:00+02:00,10.065811830408434
e43beee4-de88-43f8-9c31-c3f0d5dc1451,Kurstraße 13,2025-07-13 10:00:00+02:00,14.891354084014893
e43beee4-de88-43f8-9c31-c3f0d5dc1451,Kurstraße 13,2025-07-13 11:00:00+02:00,9.044003295898438
e43beee4-de88-43f8-9c31-c3f0d5dc1451,Kurstraße 13,2025-07-13 12:00:00+02:00,31.4154908316476
e43beee4-de88-43f8-9c31-c3f0d5dc1451,Kurstraße 13,2025-07-13 13:00:00+02:00,15.047692518967848
e43beee4-de88-43f8-9c31-c3f0d5dc1451,Kurstraße 13,2025-07-13 14:00:00+02:00,11.134650548299154
e43beee4-de88-43f8-9c31-c3f0d5dc1451,Kurstraße 13,2025-07-13 15:00:00+02:00,14.713309548117898
e43beee4-de88-43f8-9c31-c3f0d5dc1451,Kurstraße 13,2025-07-13 16:00:00+02:00,5.199261856079102
e43beee4-de88-43f8-9c31-c3f0d5dc1451,Kurstraße 13,2025-07-13 17:00:00+02:00,9.093318515353733
e43beee4-de88-43f8-9c31-c3f0d5dc1451,Kurstraße 13,2025-07-13 18:00:00+02:00,2.865119218826294
e43beee4-de88-43f8-9c31-c3f0d5dc1451,Kurstraße 13,2025-07-13 19:00:00+02:00,15.527269908360072
e43beee4-de88-43f8-9c31-c3f0d5dc1451,Kurstraße 13,2025-07-13 20:00:00+02:00,4.451933224995931
e43beee4-de88-43f8-9c31-c3f0d5dc1451,Kurstraße 13,2025-07-13 21:00:00+02:00,3.407276153564453
e43beee4-de88-43f8-9c31-c3f0d5dc1451,Kurstraße 13,2025-07-13 22:00:00+02:00,1.957476139068607
e43beee4-de88-43f8-9c31-c3f0d5dc1451,Kurstraße 13,2025-07-13 23:00:00+02:00,7.796342849731445
e43beee4-de88-43f8-9c31-c3f0d5dc1451,Kurstraße 13,2025-07-14 00:00:00+02:00,8.079323768615723
e43beee4-de88-43f8-9c31-c3f0d5dc1451,Kurstraße 13,2025-07-14 01:00:00+02:00,6.269077301025391
ee12f4cf-9fbe-4c2a-b3fb-7783a3d78355,Kurstraße 7,2025-06-30 03:00:00+02:00,21.129596710205078
ee12f4cf-9fbe-4c2a-b3fb-7783a3d78355,Kurstraße 7,2025-06-30 04:00:00+02:00,21.407020568847656
ee12f4cf-9fbe-4c2a-b3fb-7783a3d78355,Kurstraße 7,2025-06-30 05:00:00+02:00,14.696356455485025
ee12f4cf-9fbe-4c2a-b3fb-7783a3d78355,Kurstraße 7,2025-06-30 06:00:00+02:00,7.167901039123535
ee12f4cf-9fbe-4c2a-b3fb-7783a3d78355,Kurstraße 7,2025-06-30 07:00:00+02:00,20.874562072753907
ee12f4cf-9fbe-4c2a-b3fb-7783a3d78355,Kurstraße 7,2025-06-30 08:00:00+02:00,14.48208999633789
ee12f4cf-9fbe-4c2a-b3fb-7783a3d78355,Kurstraße 7,2025-06-30 09:00:00+02:00,18.322587149483816
ee12f4cf-9fbe-4c2a-b3fb-7783a3d78355,Kurstraße 7,2025-06-30 10:00:00+02:00,13.436530113220215
ee12f4cf-9fbe-4c2a-b3fb-7783a3d78355,Kurstraße 7,2025-06-30 11:00:00+02:00,23.076982286241318
ee12f4cf-9fbe-4c2a-b3fb-7783a3d78355,Kurstraße 7,2025-06-30 12:00:00+02:00,14.476107025146485
ee12f4cf-9fbe-4c2a-b3fb-7783a3d78355,Kurstraße 7,2025-06-30 13:00:00+02:00,26.33742800625888
ee12f4cf-9fbe-4c2a-b3fb-7783a3d78355,Kurstraße 7,2025-06-30 14:00:00+02:00,25.76087824503581
ee12f4cf-9fbe-4c2a-b3fb-7783a3d78355,Kurstraße 7,2025-06-30 15:00:00+02:00,16.03846858097957
ee12f4cf-9fbe-4c2a-b3fb-7783a3d78355,Kurstraße 7,2025-06-30 16:00:00+02:00,19.837714059012278
ee12f4cf-9fbe-4c2a-b3fb-7783a3d78355,Kurstraße 7,2025-06-30 17:00:00+02:00,37.99874521891276
ee12f4cf-9fbe-4c2a-b3fb-7783a3d78355,Kurstraße 7,2025-06-30 18:00:00+02:00,17.573699474334717
ee12f4cf-9fbe-4c2a-b3fb-7783a3d78355,Kurstraße 7,2025-06-30 19:00:00+02:00,34.968547596650964
ee12f4cf-9fbe-4c2a-b3fb-7783a3d78355,Kurstraße 7,2025-06-30 20:00:00+02:00,14.136331770155165
ee12f4cf-9fbe-4c2a-b3fb-7783a3d78355,Kurstraße 7,2025-06-30 21:00:00+02:00,6.750929581491571
ee12f4cf-9fbe-4c2a-b3fb-7783a3d78355,Kurstraße 7,2025-06-30 22:00:00+02:00,5.248254203796387
ee12f4cf-9fbe-4c2a-b3fb-7783a3d78355,Kurstraße 7,2025-06-30 23:00:00+02:00,20.891022636776878
ee12f4cf-9fbe-4c2a-b3fb-7783a3d78355,Kurstraße 7,2025-07-01 00:00:00+02:00,4.272296385331587
ee12f4cf-9fbe-4c2a-b3fb-7783a3d78355,Kurstraße 7,2025-07-01 01:00:00+02:00,17.073317320450492
ee12f4cf-9fbe-4c2a-b3fb-7783a3d78355,Kurstraße 7,2025-07-01 02:00:00+02:00,19.134283542633057
ee12f4cf-9fbe-4c2a-b3fb-7783a3d78355,Kurstraße 7,2025-07-01 03:00:00+02:00,22.345494588216145
ee12f4cf-9fbe-4c2a-b3fb-7783a3d78355,Kurstraße 7,2025-07-01 04:00:00+02:00,20.958863417307537
ee12f4cf-9fbe-4c2a-b3fb-7783a3d78355,Kurstraße 7,2025-07-01 05:00:00+02:00,22.714595953623455
ee12f4cf-9fbe-4c2a-b3fb-7783a3d78355,Kurstraße 7,2025-07-01 06:00:00+02:00,11.96379534403483
ee12f4cf-9fbe-4c2a-b3fb-7783a3d78355,Kurstraße 7,2025-07-01 07:00:00+02:00,12.394562403361002
ee12f4cf-9fbe-4c2a-b3fb-7783a3d78355,Kurstraße 7,2025-07-01 08:00:00+02:00,11.8015718460083
ee12f4cf-9fbe-4c2a-b3fb-7783a3d78355,Kurstraße 7,2025-07-01 09:00:00+02:00,30.270531336466473
ee12f4cf-9fbe-4c2a-b3fb-7783a3d78355,Kurstraße 7,2025-07-01 10:00:00+02:00,17.708268801371258
ee12f4cf-9fbe-4c2a-b3fb-7783a3d78355,Kurstraße 7,2025-07-01 11:00:00+02:00,38.85825443267822
ee12f4cf-9fbe-4c2a-b3fb-7783a3d78355,Kurstraße 7,2025-07-01 12:00:00+02:00,51.35583368937174
ee12f4cf-9fbe-4c2a-b3fb-7783a3d78355,Kurstraße 7,2025-07-01 13:00:00+02:00,19.791598002115887
ee12f4cf-9fbe-4c2a-b3fb-7783a3d78355,Kurstraße 7,2025-07-01 14:00:00+02:00,3.6506102879842124
ee12f4cf-9fbe-4c2a-b3fb-7783a3d78355,Kurstraße 7,2025-07-01 15:00:00+02:00,6.692324002583821
ee12f4cf-9fbe-4c2a-b3fb-7783a3d78355,Kurstraße 7,2025-07-01 16:00:00+02:00,47.69277413686117
ee12f4cf-9fbe-4c2a-b3fb-7783a3d78355,Kurstraße 7,2025-07-01 17:00:00+02:00,35.53990109761556
ee12f4cf-9fbe-4c2a-b3fb-7783a3d78355,Kurstraße 7,2025-07-01 18:00:00+02:00,20.903875668843586
ee12f4cf-9fbe-4c2a-b3fb-7783a3d78355,Kurstraße 7,2025-07-01 19:00:00+02:00,4.74924103418986
ee12f4cf-9fbe-4c2a-b3fb-7783a3d78355,Kurstraße 7,2025-07-01 20:00:00+02:00,14.58741283416748
ee12f4cf-9fbe-4c2a-b3fb-7783a3d78355,Kurstraße 7,2025-07-01 21:00:00+02:00,5.022457122802734
ee12f4cf-9fbe-4c2a-b3fb-7783a3d78355,Kurstraße 7,2025-07-01 22:00:00+02:00,11.530022144317627
ee12f4cf-9fbe-4c2a-b3fb-7783a3d78355,Kurstraße 7,2025-07-01 23:00:00+02:00,16.799432436625164
ee12f4cf-9fbe-4c2a-b3fb-7783a3d78355,Kurstraße 7,2025-07-02 00:00:00+02:00,6.375314394632976
ee12f4cf-9fbe-4c2a-b3fb-7783a3d78355,Kurstraße 7,2025-07-02 01:00:00+02:00,12.778886953989664
ee12f4cf-9fbe-4c2a-b3fb-7783a3d78355,Kurstraße 7,2025-07-02 02:00:00+02:00,21.027244408925373
ee12f4cf-9fbe-4c2a-b3fb-7783a3d78355,Kurstraße 7,2025-07-02 03:00:00+02:00,21.613366921742756
ee12f4cf-9fbe-4c2a-b3fb-7783a3d78355,Kurstraße 7,2025-07-02 04:00:00+02:00,28.997154871622723
ee12f4cf-9fbe-4c2a-b3fb-7783a3d78355,Kurstraße 7,2025-07-02 05:00:00+02:00,27.56501563390096
ee12f4cf-9fbe-4c2a-b3fb-7783a3d78355,Kurstraße 7,2025-07-02 06:00:00+02:00,17.918915112813313
ee12f4cf-9fbe-4c2a-b3fb-7783a3d78355,Kurstraße 7,2025-07-02 07:00:00+02:00,24.110397974650066
ee12f4cf-9fbe-4c2a-b3fb-7783a3d78355,Kurstraße 7,2025-07-02 08:00:00+02:00,12.478185017903646
ee12f4cf-9fbe-4c2a-b3fb-7783a3d78355,Kurstraße 7,2025-07-02 09:00:00+02:00,32.14630254109701
ee12f4cf-9fbe-4c2a-b3fb-7783a3d78355,Kurstraße 7,2025-07-02 10:00:00+02:00,9.198551813761393
ee12f4cf-9fbe-4c2a-b3fb-7783a3d78355,Kurstraße 7,2025-07-02 11:00:00+02:00,28.204273223876953
ee12f4cf-9fbe-4c2a-b3fb-7783a3d78355,Kurstraße 7,2025-07-02 12:00:00+02:00,3.78349240620931
ee12f4cf-9fbe-4c2a-b3fb-7783a3d78355,Kurstraße 7,2025-07-02 13:00:00+02:00,34.284239768981934
ee12f4cf-9fbe-4c2a-b3fb-7783a3d78355,Kurstraße 7,2025-07-02 14:00:00+02:00,26.769614537556965
ee12f4cf-9fbe-4c2a-b3fb-7783a3d78355,Kurstraße 7,2025-07-02 15:00:00+02:00,9.10534954071045
ee12f4cf-9fbe-4c2a-b3fb-7783a3d78355,Kurstraße 7,2025-07-02 16:00:00+02:00,4.632437070210774
ee12f4cf-9fbe-4c2a-b3fb-7783a3d78355,Kurstraße 7,2025-07-02 17:00:00+02:00,14.446447372436523
ee12f4cf-9fbe-4c2a-b3fb-7783a3d78355,Kurstraße 7,2025-07-02 18:00:00+02:00,16.626511255900066
ee12f4cf-9fbe-4c2a-b3fb-7783a3d78355,Kurstraße 7,2025-07-02 19:00:00+02:00,8.247544606526693
ee12f4cf-9fbe-4c2a-b3fb-7783a3d78355,Kurstraße 7,2025-07-02 20:00:00+02:00,9.650334676106771
ee12f4cf-9fbe-4c2a-b3fb-7783a3d78355,Kurstraße 7,2025-07-02 21:00:00+02:00,8.406795342763266
ee12f4cf-9fbe-4c2a-b3fb-7783a3d78355,Kurstraße 7,2025-07-02 22:00:00+02:00,16.729746500651043
ee12f4cf-9fbe-4c2a-b3fb-7783a3d78355,Kurstraße 7,2025-07-02 23:00:00+02:00,24.478629112243652
ee12f4cf-9fbe-4c2a-b3fb-7783a3d78355,Kurstraße 7,2025-07-03 00:00:00+02:00,19.780551274617512
ee12f4cf-9fbe-4c2a-b3fb-7783a3d78355,Kurstraße 7,2025-07-03 01:00:00+02:00,17.151515007019043
ee12f4cf-9fbe-4c2a-b3fb-7783a3d78355,Kurstraße 7,2025-07-03 02:00:00+02:00,19.509580612182617
ee12f4cf-9fbe-4c2a-b3fb-7783a3d78355,Kurstraße 7,2025-07-03 03:00:00+02:00,25.18444538116455
ee12f4cf-9fbe-4c2a-b3fb-7783a3d78355,Kurstraße 7,2025-07-03 04:00:00+02:00,28.904188950856526
ee12f4cf-9fbe-4c2a-b3fb-7783a3d78355,Kurstraße 7,2025-07-03 05:00:00+02:00,27.442249298095703
ee12f4cf-9fbe-4c2a-b3fb-7783a3d78355,Kurstraße 7,2025-07-03 06:00:00+02:00,24.968031724294026
ee12f4cf-9fbe-4c2a-b3fb-7783a3d78355,Kurstraße 7,2025-07-03 07:00:00+02:00,10.141323725382486
ee12f4cf-9fbe-4c2a-b3fb-7783a3d78355,Kurstraße 7,2025-07-03 08:00:00+02:00,10.684260686238607
ee12f4cf-9fbe-4c2a-b3fb-7783a3d78355,Kurstraße 7,2025-07-03 09:00:00+02:00,8.570929845174154
ee12f4cf-9fbe-4c2a-b3fb-7783a3d78355,Kurstraße 7,2025-07-03 10:00:00+02:00,5.086750666300456
ee12f4cf-9fbe-4c2a-b3fb-7783a3d78355,Kurstraße 7,2025-07-03 11:00:00+02:00,21.896931330362957
ee12f4cf-9fbe-4c2a-b3fb-7783a3d78355,Kurstraße 7,2025-07-03 12:00:00+02:00,4.3481496175130205
ee12f4cf-9fbe-4c2a-b3fb-7783a3d78355,Kurstraße 7,2025-07-03 13:00:00+02:00,19.58886210123698
ee12f4cf-9fbe-4c2a-b3fb-7783a3d78355,Kurstraße 7,2025-07-03 14:00:00+02:00,9.30174446105957
ee12f4cf-9fbe-4c2a-b3fb-7783a3d78355,Kurstraße 7,2025-07-03 15:00:00+02:00,41.019500732421875
ee12f4cf-9fbe-4c2a-b3fb-7783a3d78355,Kurstraße 7,2025-07-03 16:00:00+02:00,47.81691932678223
ee12f4cf-9fbe-4c2a-b3fb-7783a3d78355,Kurstraße 7,2025-07-03 17:00:00+02:00,43.805508613586426
ee12f4cf-9fbe-4c2a-b3fb-7783a3d78355,Kurstraße 7,2025-07-03 18:00:00+02:00,59.62973562876383
ee12f4cf-9fbe-4c2a-b3fb-7783a3d78355,Kurstraße 7,2025-07-03 19:00:00+02:00,7.916394551595052
ee12f4cf-9fbe-4c2a-b3fb-7783a3d78355,Kurstraße 7,2025-07-03 20:00:00+02:00,7.602151552836101
ee12f4cf-9fbe-4c2a-b3fb-7783a3d78355,Kurstraße 7,2025-07-03 21:00:00+02:00,6.438407103220622
ee12f4cf-9fbe-4c2a-b3fb-7783a3d78355,Kurstraße 7,2025-07-03 22:00:00+02:00,12.623271465301514
ee12f4cf-9fbe-4c2a-b3fb-7783a3d78355,Kurstraße 7,2025-07-03 23:00:00+02:00,23.17761754989624
ee12f4cf-9fbe-4c2a-b3fb-7783a3d78355,Kurstraße 7,2025-07-04 00:00:00+02:00,22.150904814402264
ee12f4cf-9fbe-4c2a-b3fb-7783a3d78355,Kurstraße 7,2025-07-04 01:00:00+02:00,12.90979290008545
ee12f4cf-9fbe-4c2a-b3fb-7783a3d78355,Kurstraße 7,2025-07-04 02:00:00+02:00,21.919015884399414
ee12f4cf-9fbe-4c2a-b3fb-7783a3d78355,Kurstraße 7,2025-07-04 03:00:00+02:00,25.026517868041992
ee12f4cf-9fbe-4c2a-b3fb-7783a3d78355,Kurstraße 7,2025-07-04 04:00:00+02:00,22.864704767862957
ee12f4cf-9fbe-4c2a-b3fb-7783a3d78355,Kurstraße 7,2025-07-04 05:00:00+02:00,22.44024960199992
ee12f4cf-9fbe-4c2a-b3fb-7783a3d78355,Kurstraße 7,2025-07-04 06:00:00+02:00,17.882579167683918
ee12f4cf-9fbe-4c2a-b3fb-7783a3d78355,Kurstraße 7,2025-07-04 07:00:00+02:00,12.122170289357504
ee12f4cf-9fbe-4c2a-b3fb-7783a3d78355,Kurstraße 7,2025-07-04 08:00:00+02:00,11.984544118245443
ee12f4cf-9fbe-4c2a-b3fb-7783a3d78355,Kurstraße 7,2025-07-04 09:00:00+02:00,12.69888432820638
ee12f4cf-9fbe-4c2a-b3fb-7783a3d78355,Kurstraße 7,2025-07-04 10:00:00+02:00,40.91874758402506
ee12f4cf-9fbe-4c2a-b3fb-7783a3d78355,Kurstraße 7,2025-07-04 11:00:00+02:00,13.352075576782227
ee12f4cf-9fbe-4c2a-b3fb-7783a3d78355,Kurstraße 7,2025-07-04 12:00:00+02:00,25.402681986490887
ee12f4cf-9fbe-4c2a-b3fb-7783a3d78355,Kurstraße 7,2025-07-04 13:00:00+02:00,33.773660024007164
ee12f4cf-9fbe-4c2a-b3fb-7783a3d78355,Kurstraße 7,2025-07-04 14:00:00+02:00,33.71785545349121
ee12f4cf-9fbe-4c2a-b3fb-7783a3d78355,Kurstraße 7,2025-07-04 15:00:00+02:00,26.00828234354655
ee12f4cf-9fbe-4c2a-b3fb-7783a3d78355,Kurstraße 7,2025-07-04 16:00:00+02:00,76.47210216522217
ee12f4cf-9fbe-4c2a-b3fb-7783a3d78355,Kurstraße 7,2025-07-04 17:00:00+02:00,49.631965001424156
ee12f4cf-9fbe-4c2a-b3fb-7783a3d78355,Kurstraße 7,2025-07-04 18:00:00+02:00,79.21094544728597
ee12f4cf-9fbe-4c2a-b3fb-7783a3d78355,Kurstraße 7,2025-07-04 19:00:00+02:00,30.407122294108074
ee12f4cf-9fbe-4c2a-b3fb-7783a3d78355,Kurstraße 7,2025-07-04 20:00:00+02:00,13.665179570515951
ee12f4cf-9fbe-4c2a-b3fb-7783a3d78355,Kurstraße 7,2025-07-04 21:00:00+02:00,18.557498613993328
ee12f4cf-9fbe-4c2a-b3fb-7783a3d78355,Kurstraße 7,2025-07-04 22:00:00+02:00,7.817180474599202
ee12f4cf-9fbe-4c2a-b3fb-7783a3d78355,Kurstraße 7,2025-07-04 23:00:00+02:00,32.488791624704994
ee12f4cf-9fbe-4c2a-b3fb-7783a3d78355,Kurstraße 7,2025-07-05 00:00:00+02:00,6.439649264017741
ee12f4cf-9fbe-4c2a-b3fb-7783a3d78355,Kurstraße 7,2025-07-05 01:00:00+02:00,13.840447743733725
ee12f4cf-9fbe-4c2a-b3fb-7783a3d78355,Kurstraße 7,2025-07-05 02:00:00+02:00,21.298359235127766
ee12f4cf-9fbe-4c2a-b3fb-7783a3d78355,Kurstraße 7,2025-07-05 03:00:00+02:00,18.25780502955119
ee12f4cf-9fbe-4c2a-b3fb-7783a3d78355,Kurstraße 7,2025-07-05 04:00:00+02:00,24.68186330795288
ee12f4cf-9fbe-4c2a-b3fb-7783a3d78355,Kurstraße 7,2025-07-05 05:00:00+02:00,20.96248213450114
ee12f4cf-9fbe-4c2a-b3fb-7783a3d78355,Kurstraße 7,2025-07-05 06:00:00+02:00,11.173458735148111
ee12f4cf-9fbe-4c2a-b3fb-7783a3d78355,Kurstraße 7,2025-07-05 07:00:00+02:00,14.333580334981283
ee12f4cf-9fbe-4c2a-b3fb-7783a3d78355,Kurstraße 7,2025-07-05 08:00:00+02:00,7.751367886861165
ee12f4cf-9fbe-4c2a-b3fb-7783a3d78355,Kurstraße 7,2025-07-05 09:00:00+02:00,16.2587890625
ee12f4cf-9fbe-4c2a-b3fb-7783a3d78355,Kurstraße 7,2025-07-05 10:00:00+02:00,117.98465538024902
ee12f4cf-9fbe-4c2a-b3fb-7783a3d78355,Kurstraße 7,2025-07-05 11:00:00+02:00,43.552063624064125
ee12f4cf-9fbe-4c2a-b3fb-7783a3d78355,Kurstraße 7,2025-07-05 12:00:00+02:00,40.27706336975098
ee12f4cf-9fbe-4c2a-b3fb-7783a3d78355,Kurstraße 7,2025-07-05 13:00:00+02:00,12.051377614339193
ee12f4cf-9fbe-4c2a-b3fb-7783a3d78355,Kurstraße 7,2025-07-05 14:00:00+02:00,54.295536041259766
ee12f4cf-9fbe-4c2a-b3fb-7783a3d78355,Kurstraße 7,2025-07-05 15:00:00+02:00,29.044396082560223
ee12f4cf-9fbe-4c2a-b3fb-7783a3d78355,Kurstraße 7,2025-07-05 16:00:00+02:00,44.04087702433268
ee12f4cf-9fbe-4c2a-b3fb-7783a3d78355,Kurstraße 7,2025-07-05 17:00:00+02:00,14.999448776245117
ee12f4cf-9fbe-4c2a-b3fb-7783a3d78355,Kurstraße 7,2025-07-05 18:00:00+02:00,15.891623814900717
ee12f4cf-9fbe-4c2a-b3fb-7783a3d78355,Kurstraße 7,2025-07-05 19:00:00+02:00,21.102074940999348
ee12f4cf-9fbe-4c2a-b3fb-7783a3d78355,Kurstraße 7,2025-07-05 20:00:00+02:00,23.3159818649292
ee12f4cf-9fbe-4c2a-b3fb-7783a3d78355,Kurstraße 7,2025-07-05 21:00:00+02:00,11.940694650014242
ee12f4cf-9fbe-4c2a-b3fb-7783a3d78355,Kurstraße 7,2025-07-05 22:00:00+02:00,5.887893835703532
ee12f4cf-9fbe-4c2a-b3fb-7783a3d78355,Kurstraße 7,2025-07-05 23:00:00+02:00,28.2912761370341
ee12f4cf-9fbe-4c2a-b3fb-7783a3d78355,Kurstraße 7,2025-07-06 00:00:00+02:00,5.744066079457601
ee12f4cf-9fbe-4c2a-b3fb-7783a3d78355,Kurstraße 7,2025-07-06 01:00:00+02:00,15.5467848777771
ee12f4cf-9fbe-4c2a-b3fb-7783a3d78355,Kurstraße 7,2025-07-06 02:00:00+02:00,18.773193677266438
ee12f4cf-9fbe-4c2a-b3fb-7783a3d78355,Kurstraße 7,2025-07-06 03:00:00+02:00,17.783562501271565
ee12f4cf-9fbe-4c2a-b3fb-7783a3d78355,Kurstraße 7,2025-07-06 04:00:00+02:00,16.183959484100342
ee12f4cf-9fbe-4c2a-b3fb-7783a3d78355,Kurstraße 7,2025-07-06 05:00:00+02:00,17.024239857991535
ee12f4cf-9fbe-4c2a-b3fb-7783a3d78355,Kurstraße 7,2025-07-06 06:00:00+02:00,21.76953125
ee12f4cf-9fbe-4c2a-b3fb-7783a3d78355,Kurstraße 7,2025-07-06 07:00:00+02:00,28.319915453592937
ee12f4cf-9fbe-4c2a-b3fb-7783a3d78355,Kurstraße 7,2025-07-06 08:00:00+02:00,26.48863999048869
ee12f4cf-9fbe-4c2a-b3fb-7783a3d78355,Kurstraße 7,2025-07-06 09:00:00+02:00,33.682111740112305
ee12f4cf-9fbe-4c2a-b3fb-7783a3d78355,Kurstraße 7,2025-07-06 10:00:00+02:00,14.088987986246744
ee12f4cf-9fbe-4c2a-b3fb-7783a3d78355,Kurstraße 7,2025-07-06 11:00:00+02:00,14.229864756266275
ee12f4cf-9fbe-4c2a-b3fb-7783a3d78355,Kurstraße 7,2025-07-06 12:00:00+02:00,20.474875768025715
ee12f4cf-9fbe-4c2a-b3fb-7783a3d78355,Kurstraße 7,2025-07-06 13:00:00+02:00,52.9907283782959
ee12f4cf-9fbe-4c2a-b3fb-7783a3d78355,Kurstraße 7,2025-07-06 14:00:00+02:00,38.35650316874186
ee12f4cf-9fbe-4c2a-b3fb-7783a3d78355,Kurstraße 7,2025-07-06 15:00:00+02:00,76.0861136118571
ee12f4cf-9fbe-4c2a-b3fb-7783a3d78355,Kurstraße 7,2025-07-06 16:00:00+02:00,13.488413174947103
ee12f4cf-9fbe-4c2a-b3fb-7783a3d78355,Kurstraße 7,2025-07-06 17:00:00+02:00,17.688812255859375
ee12f4cf-9fbe-4c2a-b3fb-7783a3d78355,Kurstraße 7,2025-07-06 18:00:00+02:00,11.487025260925293
ee12f4cf-9fbe-4c2a-b3fb-7783a3d78355,Kurstraße 7,2025-07-06 19:00:00+02:00,12.09546184539795
ee12f4cf-9fbe-4c2a-b3fb-7783a3d78355,Kurstraße 7,2025-07-06 20:00:00+02:00,14.497248967488607
ee12f4cf-9fbe-4c2a-b3fb-7783a3d78355,Kurstraße 7,2025-07-06 21:00:00+02:00,11.903904914855957
ee12f4cf-9fbe-4c2a-b3fb-7783a3d78355,Kurstraße 7,2025-07-06 22:00:00+02:00,13.887035210927328
ee12f4cf-9fbe-4c2a-b3fb-7783a3d78355,Kurstraße 7,2025-07-06 23:00:00+02:00,16.45134623845418
ee12f4cf-9fbe-4c2a-b3fb-7783a3d78355,Kurstraße 7,2025-07-07 00:00:00+02:00,16.792415618896484
ee12f4cf-9fbe-4c2a-b3fb-7783a3d78355,Kurstraße 7,2025-07-07 01:00:00+02:00,14.55488888422648
ee12f4cf-9fbe-4c2a-b3fb-7783a3d78355,Kurstraße 7,2025-07-07 02:00:00+02:00,16.272964636484783
ee12f4cf-9fbe-4c2a-b3fb-7783a3d78355,Kurstraße 7,2025-07-07 03:00:00+02:00,17.947839101155598
ee12f4cf-9fbe-4c2a-b3fb-7783a3d78355,Kurstraße 7,2025-07-07 04:00:00+02:00,19.003254413604736
ee12f4cf-9fbe-4c2a-b3fb-7783a3d78355,Kurstraße 7,2025-07-07 05:00:00+02:00,22.54509671529134
ee12f4cf-9fbe-4c2a-b3fb-7783a3d78355,Kurstraße 7,2025-07-07 06:00:00+02:00,4.402909755706787
ee12f4cf-9fbe-4c2a-b3fb-7783a3d78355,Kurstraße 7,2025-07-07 07:00:00+02:00,16.285540739695232
ee12f4cf-9fbe-4c2a-b3fb-7783a3d78355,Kurstraße 7,2025-07-07 08:00:00+02:00,17.096490542093914
ee12f4cf-9fbe-4c2a-b3fb-7783a3d78355,Kurstraße 7,2025-07-07 09:00:00+02:00,8.717942873636881
ee12f4cf-9fbe-4c2a-b3fb-7783a3d78355,Kurstraße 7,2025-07-07 10:00:00+02:00,22.10684331258138
ee12f4cf-9fbe-4c2a-b3fb-7783a3d78355,Kurstraße 7,2025-07-07 11:00:00+02:00,21.34283669789632
ee12f4cf-9fbe-4c2a-b3fb-7783a3d78355,Kurstraße 7,2025-07-07 12:00:00+02:00,13.389617602030436
ee12f4cf-9fbe-4c2a-b3fb-7783a3d78355,Kurstraße 7,2025-07-07 13:00:00+02:00,29.13806978861491
ee12f4cf-9fbe-4c2a-b3fb-7783a3d78355,Kurstraße 7,2025-07-07 14:00:00+02:00,14.471999804178873
ee12f4cf-9fbe-4c2a-b3fb-7783a3d78355,Kurstraße 7,2025-07-07 15:00:00+02:00,21.719421704610188
ee12f4cf-9fbe-4c2a-b3fb-7783a3d78355,Kurstraße 7,2025-07-07 16:00:00+02:00,25.998445828755695
ee12f4cf-9fbe-4c2a-b3fb-7783a3d78355,Kurstraße 7,2025-07-07 17:00:00+02:00,56.270249684651695
ee12f4cf-9fbe-4c2a-b3fb-7783a3d78355,Kurstraße 7,2025-07-07 18:00:00+02:00,29.92943588892619
ee12f4cf-9fbe-4c2a-b3fb-7783a3d78355,Kurstraße 7,2025-07-07 19:00:00+02:00,8.431091785430908
ee12f4cf-9fbe-4c2a-b3fb-7783a3d78355,Kurstraße 7,2025-07-07 20:00:00+02:00,17.266825993855793
ee12f4cf-9fbe-4c2a-b3fb-7783a3d78355,Kurstraße 7,2025-07-07 21:00:00+02:00,27.18111801147461
ee12f4cf-9fbe-4c2a-b3fb-7783a3d78355,Kurstraße 7,2025-07-07 22:00:00+02:00,21.76847283045451
ee12f4cf-9fbe-4c2a-b3fb-7783a3d78355,Kurstraße 7,2025-07-07 23:00:00+02:00,25.997599919637043
ee12f4cf-9fbe-4c2a-b3fb-7783a3d78355,Kurstraße 7,2025-07-08 00:00:00+02:00,6.245109875996907
ee12f4cf-9fbe-4c2a-b3fb-7783a3d78355,Kurstraße 7,2025-07-08 01:00:00+02:00,16.243844827016193
ee12f4cf-9fbe-4c2a-b3fb-7783a3d78355,Kurstraße 7,2025-07-08 02:00:00+02:00,19.01724147796631
ee12f4cf-9fbe-4c2a-b3fb-7783a3d78355,Kurstraße 7,2025-07-08 03:00:00+02:00,20.899388949076336
ee12f4cf-9fbe-4c2a-b3fb-7783a3d78355,Kurstraße 7,2025-07-08 04:00:00+02:00,23.07466220855713
ee12f4cf-9fbe-4c2a-b3fb-7783a3d78355,Kurstraße 7,2025-07-08 05:00:00+02:00,21.36448605855306
ee12f4cf-9fbe-4c2a-b3fb-7783a3d78355,Kurstraße 7,2025-07-08 06:00:00+02:00,10.056520462036133
ee12f4cf-9fbe-4c2a-b3fb-7783a3d78355,Kurstraße 7,2025-07-08 07:00:00+02:00,7.85033639272054
ee12f4cf-9fbe-4c2a-b3fb-7783a3d78355,Kurstraße 7,2025-07-08 08:00:00+02:00,22.56815179189046
ee12f4cf-9fbe-4c2a-b3fb-7783a3d78355,Kurstraße 7,2025-07-08 09:00:00+02:00,4.901854832967122
ee12f4cf-9fbe-4c2a-b3fb-7783a3d78355,Kurstraße 7,2025-07-08 10:00:00+02:00,18.65300178527832
ee12f4cf-9fbe-4c2a-b3fb-7783a3d78355,Kurstraße 7,2025-07-08 11:00:00+02:00,20.96295166015625
ee12f4cf-9fbe-4c2a-b3fb-7783a3d78355,Kurstraße 7,2025-07-08 12:00:00+02:00,18.834211667378742
ee12f4cf-9fbe-4c2a-b3fb-7783a3d78355,Kurstraße 7,2025-07-08 13:00:00+02:00,13.870218594868978
ee12f4cf-9fbe-4c2a-b3fb-7783a3d78355,Kurstraße 7,2025-07-08 14:00:00+02:00,63.72871653238932
ee12f4cf-9fbe-4c2a-b3fb-7783a3d78355,Kurstraße 7,2025-07-08 15:00:00+02:00,82.4854367574056
ee12f4cf-9fbe-4c2a-b3fb-7783a3d78355,Kurstraße 7,2025-07-08 16:00:00+02:00,46.34332084655762
ee12f4cf-9fbe-4c2a-b3fb-7783a3d78355,Kurstraße 7,2025-07-08 17:00:00+02:00,33.96058432261149
ee12f4cf-9fbe-4c2a-b3fb-7783a3d78355,Kurstraße 7,2025-07-08 18:00:00+02:00,18.96353562672933
ee12f4cf-9fbe-4c2a-b3fb-7783a3d78355,Kurstraße 7,2025-07-08 19:00:00+02:00,5.442200342814128
ee12f4cf-9fbe-4c2a-b3fb-7783a3d78355,Kurstraße 7,2025-07-08 20:00:00+02:00,12.543296178181967
ee12f4cf-9fbe-4c2a-b3fb-7783a3d78355,Kurstraße 7,2025-07-08 21:00:00+02:00,4.995177745819092
ee12f4cf-9fbe-4c2a-b3fb-7783a3d78355,Kurstraße 7,2025-07-08 22:00:00+02:00,12.458601315816244
ee12f4cf-9fbe-4c2a-b3fb-7783a3d78355,Kurstraße 7,2025-07-08 23:00:00+02:00,17.327197710673016
ee12f4cf-9fbe-4c2a-b3fb-7783a3d78355,Kurstraße 7,2025-07-09 00:00:00+02:00,6.632885615030925
ee12f4cf-9fbe-4c2a-b3fb-7783a3d78355,Kurstraße 7,2025-07-09 01:00:00+02:00,12.647640864054361
ee12f4cf-9fbe-4c2a-b3fb-7783a3d78355,Kurstraße 7,2025-07-09 02:00:00+02:00,20.40225617090861
ee12f4cf-9fbe-4c2a-b3fb-7783a3d78355,Kurstraße 7,2025-07-09 03:00:00+02:00,20.412983735402424
ee12f4cf-9fbe-4c2a-b3fb-7783a3d78355,Kurstraße 7,2025-07-09 04:00:00+02:00,27.22778336207072
ee12f4cf-9fbe-4c2a-b3fb-7783a3d78355,Kurstraße 7,2025-07-09 05:00:00+02:00,25.32531197865804
ee12f4cf-9fbe-4c2a-b3fb-7783a3d78355,Kurstraße 7,2025-07-09 06:00:00+02:00,15.521677652994791
ee12f4cf-9fbe-4c2a-b3fb-7783a3d78355,Kurstraße 7,2025-07-09 07:00:00+02:00,22.009936650594074
ee12f4cf-9fbe-4c2a-b3fb-7783a3d78355,Kurstraße 7,2025-07-09 08:00:00+02:00,13.588251749674479
ee12f4cf-9fbe-4c2a-b3fb-7783a3d78355,Kurstraße 7,2025-07-09 09:00:00+02:00,15.539048194885254
ee12f4cf-9fbe-4c2a-b3fb-7783a3d78355,Kurstraße 7,2025-07-09 10:00:00+02:00,32.382338205973305
ee12f4cf-9fbe-4c2a-b3fb-7783a3d78355,Kurstraße 7,2025-07-09 11:00:00+02:00,3.178402900695801
ee12f4cf-9fbe-4c2a-b3fb-7783a3d78355,Kurstraße 7,2025-07-09 12:00:00+02:00,2.619567553202311
ee12f4cf-9fbe-4c2a-b3fb-7783a3d78355,Kurstraße 7,2025-07-09 13:00:00+02:00,13.911559104919434
ee12f4cf-9fbe-4c2a-b3fb-7783a3d78355,Kurstraße 7,2025-07-09 14:00:00+02:00,39.37265968322754
ee12f4cf-9fbe-4c2a-b3fb-7783a3d78355,Kurstraße 7,2025-07-09 15:00:00+02:00,11.913930257161459
ee12f4cf-9fbe-4c2a-b3fb-7783a3d78355,Kurstraße 7,2025-07-09 16:00:00+02:00,52.36934566497803
ee12f4cf-9fbe-4c2a-b3fb-7783a3d78355,Kurstraße 7,2025-07-09 17:00:00+02:00,64.4316504796346
ee12f4cf-9fbe-4c2a-b3fb-7783a3d78355,Kurstraße 7,2025-07-09 18:00:00+02:00,25.55270799001058
ee12f4cf-9fbe-4c2a-b3fb-7783a3d78355,Kurstraße 7,2025-07-09 19:00:00+02:00,11.818574905395508
ee12f4cf-9fbe-4c2a-b3fb-7783a3d78355,Kurstraße 7,2025-07-09 20:00:00+02:00,11.028959274291992
ee12f4cf-9fbe-4c2a-b3fb-7783a3d78355,Kurstraße 7,2025-07-09 21:00:00+02:00,6.562371889750163
ee12f4cf-9fbe-4c2a-b3fb-7783a3d78355,Kurstraße 7,2025-07-09 22:00:00+02:00,9.448541005452475
ee12f4cf-9fbe-4c2a-b3fb-7783a3d78355,Kurstraße 7,2025-07-09 23:00:00+02:00,24.76546573638916
ee12f4cf-9fbe-4c2a-b3fb-7783a3d78355,Kurstraße 7,2025-07-10 00:00:00+02:00,19.774186929066975
ee12f4cf-9fbe-4c2a-b3fb-7783a3d78355,Kurstraße 7,2025-07-10 01:00:00+02:00,16.918725808461506
ee12f4cf-9fbe-4c2a-b3fb-7783a3d78355,Kurstraße 7,2025-07-10 02:00:00+02:00,19.060987154642742
ee12f4cf-9fbe-4c2a-b3fb-7783a3d78355,Kurstraße 7,2025-07-10 03:00:00+02:00,24.412824153900146
ee12f4cf-9fbe-4c2a-b3fb-7783a3d78355,Kurstraße 7,2025-07-10 04:00:00+02:00,27.64339558283488
ee12f4cf-9fbe-4c2a-b3fb-7783a3d78355,Kurstraße 7,2025-07-10 05:00:00+02:00,25.528321743011475
ee12f4cf-9fbe-4c2a-b3fb-7783a3d78355,Kurstraße 7,2025-07-10 06:00:00+02:00,22.600284417470295
ee12f4cf-9fbe-4c2a-b3fb-7783a3d78355,Kurstraße 7,2025-07-10 07:00:00+02:00,8.71151844660441
ee12f4cf-9fbe-4c2a-b3fb-7783a3d78355,Kurstraße 7,2025-07-10 08:00:00+02:00,10.845479011535645
ee12f4cf-9fbe-4c2a-b3fb-7783a3d78355,Kurstraße 7,2025-07-10 09:00:00+02:00,17.00476582845052
ee12f4cf-9fbe-4c2a-b3fb-7783a3d78355,Kurstraße 7,2025-07-10 10:00:00+02:00,4.226022402445476
ee12f4cf-9fbe-4c2a-b3fb-7783a3d78355,Kurstraße 7,2025-07-10 11:00:00+02:00,9.194881439208984
ee12f4cf-9fbe-4c2a-b3fb-7783a3d78355,Kurstraße 7,2025-07-10 12:00:00+02:00,6.717122395833333
ee12f4cf-9fbe-4c2a-b3fb-7783a3d78355,Kurstraße 7,2025-07-10 13:00:00+02:00,27.694541295369465
ee12f4cf-9fbe-4c2a-b3fb-7783a3d78355,Kurstraße 7,2025-07-10 14:00:00+02:00,30.63874689737956
ee12f4cf-9fbe-4c2a-b3fb-7783a3d78355,Kurstraße 7,2025-07-10 15:00:00+02:00,39.43233744303385
ee12f4cf-9fbe-4c2a-b3fb-7783a3d78355,Kurstraße 7,2025-07-10 16:00:00+02:00,30.107730865478516
ee12f4cf-9fbe-4c2a-b3fb-7783a3d78355,Kurstraße 7,2025-07-10 17:00:00+02:00,49.75925890604655
ee12f4cf-9fbe-4c2a-b3fb-7783a3d78355,Kurstraße 7,2025-07-10 18:00:00+02:00,25.06678040822347
ee12f4cf-9fbe-4c2a-b3fb-7783a3d78355,Kurstraße 7,2025-07-10 19:00:00+02:00,21.015812238057453
ee12f4cf-9fbe-4c2a-b3fb-7783a3d78355,Kurstraße 7,2025-07-10 20:00:00+02:00,7.702240626017253
ee12f4cf-9fbe-4c2a-b3fb-7783a3d78355,Kurstraße 7,2025-07-10 21:00:00+02:00,25.020610809326172
ee12f4cf-9fbe-4c2a-b3fb-7783a3d78355,Kurstraße 7,2025-07-10 22:00:00+02:00,4.0485944747924805
ee12f4cf-9fbe-4c2a-b3fb-7783a3d78355,Kurstraße 7,2025-07-10 23:00:00+02:00,29.971272945404053
ee12f4cf-9fbe-4c2a-b3fb-7783a3d78355,Kurstraße 7,2025-07-11 00:00:00+02:00,22.644896984100342
ee12f4cf-9fbe-4c2a-b3fb-7783a3d78355,Kurstraße 7,2025-07-11 01:00:00+02:00,13.095841566721598
ee12f4cf-9fbe-4c2a-b3fb-7783a3d78355,Kurstraße 7,2025-07-11 02:00:00+02:00,20.827942212422688
ee12f4cf-9fbe-4c2a-b3fb-7783a3d78355,Kurstraße 7,2025-07-11 03:00:00+02:00,23.606255690256756
ee12f4cf-9fbe-4c2a-b3fb-7783a3d78355,Kurstraße 7,2025-07-11 04:00:00+02:00,19.983376026153564
ee12f4cf-9fbe-4c2a-b3fb-7783a3d78355,Kurstraße 7,2025-07-11 05:00:00+02:00,27.938453038533527
ee12f4cf-9fbe-4c2a-b3fb-7783a3d78355,Kurstraße 7,2025-07-11 06:00:00+02:00,19.516746679941814
ee12f4cf-9fbe-4c2a-b3fb-7783a3d78355,Kurstraße 7,2025-07-11 07:00:00+02:00,19.60184669494629
ee12f4cf-9fbe-4c2a-b3fb-7783a3d78355,Kurstraße 7,2025-07-11 08:00:00+02:00,15.601491292317709
ee12f4cf-9fbe-4c2a-b3fb-7783a3d78355,Kurstraße 7,2025-07-11 09:00:00+02:00,15.317715644836426
ee12f4cf-9fbe-4c2a-b3fb-7783a3d78355,Kurstraße 7,2025-07-11 10:00:00+02:00,44.79771296183268
ee12f4cf-9fbe-4c2a-b3fb-7783a3d78355,Kurstraße 7,2025-07-11 11:00:00+02:00,12.531028111775717
ee12f4cf-9fbe-4c2a-b3fb-7783a3d78355,Kurstraße 7,2025-07-11 12:00:00+02:00,24.121556599934895
ee12f4cf-9fbe-4c2a-b3fb-7783a3d78355,Kurstraße 7,2025-07-11 13:00:00+02:00,31.769389470418293
ee12f4cf-9fbe-4c2a-b3fb-7783a3d78355,Kurstraße 7,2025-07-11 14:00:00+02:00,31.966515858968098
ee12f4cf-9fbe-4c2a-b3fb-7783a3d78355,Kurstraße 7,2025-07-11 15:00:00+02:00,27.20730463663737
ee12f4cf-9fbe-4c2a-b3fb-7783a3d78355,Kurstraße 7,2025-07-11 16:00:00+02:00,77.59158643086751
ee12f4cf-9fbe-4c2a-b3fb-7783a3d78355,Kurstraße 7,2025-07-11 17:00:00+02:00,48.14519723256429
ee12f4cf-9fbe-4c2a-b3fb-7783a3d78355,Kurstraße 7,2025-07-11 18:00:00+02:00,76.87627506256104
ee12f4cf-9fbe-4c2a-b3fb-7783a3d78355,Kurstraße 7,2025-07-11 19:00:00+02:00,46.31881554921468
ee12f4cf-9fbe-4c2a-b3fb-7783a3d78355,Kurstraße 7,2025-07-11 20:00:00+02:00,16.82481066385905
ee12f4cf-9fbe-4c2a-b3fb-7783a3d78355,Kurstraße 7,2025-07-11 21:00:00+02:00,36.559842586517334
ee12f4cf-9fbe-4c2a-b3fb-7783a3d78355,Kurstraße 7,2025-07-11 22:00:00+02:00,39.438546339670815
ee12f4cf-9fbe-4c2a-b3fb-7783a3d78355,Kurstraße 7,2025-07-11 23:00:00+02:00,30.757057348887127
ee12f4cf-9fbe-4c2a-b3fb-7783a3d78355,Kurstraße 7,2025-07-12 00:00:00+02:00,5.843267917633057
ee12f4cf-9fbe-4c2a-b3fb-7783a3d78355,Kurstraße 7,2025-07-12 01:00:00+02:00,14.20354159673055
ee12f4cf-9fbe-4c2a-b3fb-7783a3d78355,Kurstraße 7,2025-07-12 02:00:00+02:00,21.41698932647705
ee12f4cf-9fbe-4c2a-b3fb-7783a3d78355,Kurstraße 7,2025-07-12 03:00:00+02:00,18.258519172668457
ee12f4cf-9fbe-4c2a-b3fb-7783a3d78355,Kurstraße 7,2025-07-12 04:00:00+02:00,24.60672918955485
ee12f4cf-9fbe-4c2a-b3fb-7783a3d78355,Kurstraße 7,2025-07-12 05:00:00+02:00,20.76949914296468
ee12f4cf-9fbe-4c2a-b3fb-7783a3d78355,Kurstraße 7,2025-07-12 06:00:00+02:00,10.766265710194906
ee12f4cf-9fbe-4c2a-b3fb-7783a3d78355,Kurstraße 7,2025-07-12 07:00:00+02:00,13.691284815470377
ee12f4cf-9fbe-4c2a-b3fb-7783a3d78355,Kurstraße 7,2025-07-12 08:00:00+02:00,11.40348513921102
ee12f4cf-9fbe-4c2a-b3fb-7783a3d78355,Kurstraße 7,2025-07-12 09:00:00+02:00,18.469470977783203
ee12f4cf-9fbe-4c2a-b3fb-7783a3d78355,Kurstraße 7,2025-07-12 10:00:00+02:00,115.30038197835286
ee12f4cf-9fbe-4c2a-b3fb-7783a3d78355,Kurstraße 7,2025-07-12 11:00:00+02:00,39.15117327372233
ee12f4cf-9fbe-4c2a-b3fb-7783a3d78355,Kurstraße 7,2025-07-12 12:00:00+02:00,13.489829381306967
ee12f4cf-9fbe-4c2a-b3fb-7783a3d78355,Kurstraße 7,2025-07-12 13:00:00+02:00,17.318283081054688
ee12f4cf-9fbe-4c2a-b3fb-7783a3d78355,Kurstraße 7,2025-07-12 14:00:00+02:00,42.39038276672363
ee12f4cf-9fbe-4c2a-b3fb-7783a3d78355,Kurstraße 7,2025-07-12 15:00:00+02:00,14.075391133626303
ee12f4cf-9fbe-4c2a-b3fb-7783a3d78355,Kurstraße 7,2025-07-12 16:00:00+02:00,46.407510121663414
ee12f4cf-9fbe-4c2a-b3fb-7783a3d78355,Kurstraße 7,2025-07-12 17:00:00+02:00,16.88948631286621
ee12f4cf-9fbe-4c2a-b3fb-7783a3d78355,Kurstraße 7,2025-07-12 18:00:00+02:00,21.781575520833332
ee12f4cf-9fbe-4c2a-b3fb-7783a3d78355,Kurstraße 7,2025-07-12 19:00:00+02:00,27.96670436859131
ee12f4cf-9fbe-4c2a-b3fb-7783a3d78355,Kurstraße 7,2025-07-12 20:00:00+02:00,11.718883514404297
ee12f4cf-9fbe-4c2a-b3fb-7783a3d78355,Kurstraße 7,2025-07-12 21:00:00+02:00,11.873008092244467
ee12f4cf-9fbe-4c2a-b3fb-7783a3d78355,Kurstraße 7,2025-07-12 22:00:00+02:00,12.71108897527059
ee12f4cf-9fbe-4c2a-b3fb-7783a3d78355,Kurstraße 7,2025-07-12 23:00:00+02:00,21.285330931345623
ee12f4cf-9fbe-4c2a-b3fb-7783a3d78355,Kurstraße 7,2025-07-13 00:00:00+02:00,5.708357652028401
ee12f4cf-9fbe-4c2a-b3fb-7783a3d78355,Kurstraße 7,2025-07-13 01:00:00+02:00,16.46920680999756
ee12f4cf-9fbe-4c2a-b3fb-7783a3d78355,Kurstraße 7,2025-07-13 02:00:00+02:00,16.680540879567463
ee12f4cf-9fbe-4c2a-b3fb-7783a3d78355,Kurstraße 7,2025-07-13 03:00:00+02:00,16.42689497574516
ee12f4cf-9fbe-4c2a-b3fb-7783a3d78355,Kurstraße 7,2025-07-13 04:00:00+02:00,16.07889764959162
ee12f4cf-9fbe-4c2a-b3fb-7783a3d78355,Kurstraße 7,2025-07-13 05:00:00+02:00,19.443311418805802
ee12f4cf-9fbe-4c2a-b3fb-7783a3d78355,Kurstraße 7,2025-07-13 06:00:00+02:00,22.76997814178467
ee12f4cf-9fbe-4c2a-b3fb-7783a3d78355,Kurstraße 7,2025-07-13 07:00:00+02:00,29.481141140586452
ee12f4cf-9fbe-4c2a-b3fb-7783a3d78355,Kurstraße 7,2025-07-13 08:00:00+02:00,26.70720714992947
ee12f4cf-9fbe-4c2a-b3fb-7783a3d78355,Kurstraße 7,2025-07-13 09:00:00+02:00,31.99815548167509
ee12f4cf-9fbe-4c2a-b3fb-7783a3d78355,Kurstraße 7,2025-07-13 10:00:00+02:00,10.840132713317871
ee12f4cf-9fbe-4c2a-b3fb-7783a3d78355,Kurstraße 7,2025-07-13 11:00:00+02:00,11.361140950520833
ee12f4cf-9fbe-4c2a-b3fb-7783a3d78355,Kurstraße 7,2025-07-13 12:00:00+02:00,18.508753095354354
ee12f4cf-9fbe-4c2a-b3fb-7783a3d78355,Kurstraße 7,2025-07-13 13:00:00+02:00,57.070751483623795
ee12f4cf-9fbe-4c2a-b3fb-7783a3d78355,Kurstraße 7,2025-07-13 14:00:00+02:00,27.135536193847656
ee12f4cf-9fbe-4c2a-b3fb-7783a3d78355,Kurstraße 7,2025-07-13 15:00:00+02:00,64.2158133766868
ee12f4cf-9fbe-4c2a-b3fb-7783a3d78355,Kurstraße 7,2025-07-13 16:00:00+02:00,9.140525817871094
ee12f4cf-9fbe-4c2a-b3fb-7783a3d78355,Kurstraße 7,2025-07-13 17:00:00+02:00,15.430953131781685
ee12f4cf-9fbe-4c2a-b3fb-7783a3d78355,Kurstraße 7,2025-07-13 18:00:00+02:00,6.16994571685791
ee12f4cf-9fbe-4c2a-b3fb-7783a3d78355,Kurstraße 7,2025-07-13 19:00:00+02:00,12.50725337437221
ee12f4cf-9fbe-4c2a-b3fb-7783a3d78355,Kurstraße 7,2025-07-13 20:00:00+02:00,6.2671559651692705
ee12f4cf-9fbe-4c2a-b3fb-7783a3d78355,Kurstraße 7,2025-07-13 21:00:00+02:00,4.045174407958984
ee12f4cf-9fbe-4c2a-b3fb-7783a3d78355,Kurstraße 7,2025-07-13 22:00:00+02:00,8.623907089233398
ee12f4cf-9fbe-4c2a-b3fb-7783a3d78355,Kurstraße 7,2025-07-13 23:00:00+02:00,14.554491678873697
ee12f4cf-9fbe-4c2a-b3fb-7783a3d78355,Kurstraße 7,2025-07-14 00:00:00+02:00,15.567665100097656
ee12f4cf-9fbe-4c2a-b3fb-7783a3d78355,Kurstraße 7,2025-07-14 01:00:00+02:00,14.274158477783203
ee395b0b-5be7-4e62-b331-4207ba179629,Parkstraße 4,2025-06-30 03:00:00+02:00,10.098531723022461
ee395b0b-5be7-4e62-b331-4207ba179629,Parkstraße 4,2025-06-30 04:00:00+02:00,9.034910202026367
ee395b0b-5be7-4e62-b331-4207ba179629,Parkstraße 4,2025-06-30 05:00:00+02:00,6.454871495564778
ee395b0b-5be7-4e62-b331-4207ba179629,Parkstraße 4,2025-06-30 06:00:00+02:00,15.144295454025269
ee395b0b-5be7-4e62-b331-4207ba179629,Parkstraße 4,2025-06-30 07:00:00+02:00,6.590932083129883
ee395b0b-5be7-4e62-b331-4207ba179629,Parkstraße 4,2025-06-30 08:00:00+02:00,2.901977856953939
ee395b0b-5be7-4e62-b331-4207ba179629,Parkstraße 4,2025-06-30 09:00:00+02:00,13.449696132114955
ee395b0b-5be7-4e62-b331-4207ba179629,Parkstraße 4,2025-06-30 10:00:00+02:00,8.988734722137451
ee395b0b-5be7-4e62-b331-4207ba179629,Parkstraße 4,2025-06-30 11:00:00+02:00,16.66671625773112
ee395b0b-5be7-4e62-b331-4207ba179629,Parkstraße 4,2025-06-30 12:00:00+02:00,31.496989440917968
ee395b0b-5be7-4e62-b331-4207ba179629,Parkstraße 4,2025-06-30 13:00:00+02:00,4.663014151833274
ee395b0b-5be7-4e62-b331-4207ba179629,Parkstraße 4,2025-06-30 14:00:00+02:00,39.42024485270182
ee395b0b-5be7-4e62-b331-4207ba179629,Parkstraße 4,2025-06-30 15:00:00+02:00,33.64908834604117
ee395b0b-5be7-4e62-b331-4207ba179629,Parkstraße 4,2025-06-30 16:00:00+02:00,27.25821386064802
ee395b0b-5be7-4e62-b331-4207ba179629,Parkstraße 4,2025-06-30 17:00:00+02:00,15.077032725016275
ee395b0b-5be7-4e62-b331-4207ba179629,Parkstraße 4,2025-06-30 18:00:00+02:00,15.197474837303162
ee395b0b-5be7-4e62-b331-4207ba179629,Parkstraße 4,2025-06-30 19:00:00+02:00,6.879613876342773
ee395b0b-5be7-4e62-b331-4207ba179629,Parkstraße 4,2025-06-30 20:00:00+02:00,5.369623184204102
ee395b0b-5be7-4e62-b331-4207ba179629,Parkstraße 4,2025-06-30 21:00:00+02:00,5.218137339541786
ee395b0b-5be7-4e62-b331-4207ba179629,Parkstraße 4,2025-06-30 22:00:00+02:00,13.128968048095704
ee395b0b-5be7-4e62-b331-4207ba179629,Parkstraße 4,2025-06-30 23:00:00+02:00,9.92986333937872
ee395b0b-5be7-4e62-b331-4207ba179629,Parkstraße 4,2025-07-01 00:00:00+02:00,17.015755653381348
ee395b0b-5be7-4e62-b331-4207ba179629,Parkstraße 4,2025-07-01 01:00:00+02:00,17.193983492643937
ee395b0b-5be7-4e62-b331-4207ba179629,Parkstraße 4,2025-07-01 02:00:00+02:00,13.85134998957316
ee395b0b-5be7-4e62-b331-4207ba179629,Parkstraße 4,2025-07-01 03:00:00+02:00,10.269131104151407
ee395b0b-5be7-4e62-b331-4207ba179629,Parkstraße 4,2025-07-01 04:00:00+02:00,5.922389268875122
ee395b0b-5be7-4e62-b331-4207ba179629,Parkstraße 4,2025-07-01 05:00:00+02:00,3.561949094136556
ee395b0b-5be7-4e62-b331-4207ba179629,Parkstraße 4,2025-07-01 06:00:00+02:00,5.751241366068522
ee395b0b-5be7-4e62-b331-4207ba179629,Parkstraße 4,2025-07-01 07:00:00+02:00,12.399948358535767
ee395b0b-5be7-4e62-b331-4207ba179629,Parkstraße 4,2025-07-01 08:00:00+02:00,4.146412372589111
ee395b0b-5be7-4e62-b331-4207ba179629,Parkstraße 4,2025-07-01 09:00:00+02:00,20.36505126953125
ee395b0b-5be7-4e62-b331-4207ba179629,Parkstraße 4,2025-07-01 10:00:00+02:00,24.382609208424885
ee395b0b-5be7-4e62-b331-4207ba179629,Parkstraße 4,2025-07-01 11:00:00+02:00,16.50708548227946
ee395b0b-5be7-4e62-b331-4207ba179629,Parkstraße 4,2025-07-01 12:00:00+02:00,13.51844342549642
ee395b0b-5be7-4e62-b331-4207ba179629,Parkstraße 4,2025-07-01 13:00:00+02:00,23.11923344930013
ee395b0b-5be7-4e62-b331-4207ba179629,Parkstraße 4,2025-07-01 14:00:00+02:00,37.90517520904541
ee395b0b-5be7-4e62-b331-4207ba179629,Parkstraße 4,2025-07-01 15:00:00+02:00,34.005959033966064
ee395b0b-5be7-4e62-b331-4207ba179629,Parkstraße 4,2025-07-01 16:00:00+02:00,31.175899982452393
ee395b0b-5be7-4e62-b331-4207ba179629,Parkstraße 4,2025-07-01 17:00:00+02:00,21.048147519429524
ee395b0b-5be7-4e62-b331-4207ba179629,Parkstraße 4,2025-07-01 18:00:00+02:00,17.371143221855164
ee395b0b-5be7-4e62-b331-4207ba179629,Parkstraße 4,2025-07-01 19:00:00+02:00,10.585721373558044
ee395b0b-5be7-4e62-b331-4207ba179629,Parkstraße 4,2025-07-01 20:00:00+02:00,2.718940337498983
ee395b0b-5be7-4e62-b331-4207ba179629,Parkstraße 4,2025-07-01 21:00:00+02:00,6.32158883412679
ee395b0b-5be7-4e62-b331-4207ba179629,Parkstraße 4,2025-07-01 22:00:00+02:00,13.74405304590861
ee395b0b-5be7-4e62-b331-4207ba179629,Parkstraße 4,2025-07-01 23:00:00+02:00,17.893105506896973
ee395b0b-5be7-4e62-b331-4207ba179629,Parkstraße 4,2025-07-02 00:00:00+02:00,20.796863238016766
ee395b0b-5be7-4e62-b331-4207ba179629,Parkstraße 4,2025-07-02 01:00:00+02:00,15.191007932027182
ee395b0b-5be7-4e62-b331-4207ba179629,Parkstraße 4,2025-07-02 02:00:00+02:00,12.632474819819132
ee395b0b-5be7-4e62-b331-4207ba179629,Parkstraße 4,2025-07-02 03:00:00+02:00,10.796664794286093
ee395b0b-5be7-4e62-b331-4207ba179629,Parkstraße 4,2025-07-02 04:00:00+02:00,3.3724563916524253
ee395b0b-5be7-4e62-b331-4207ba179629,Parkstraße 4,2025-07-02 05:00:00+02:00,4.615553339322408
ee395b0b-5be7-4e62-b331-4207ba179629,Parkstraße 4,2025-07-02 06:00:00+02:00,6.625256379445394
ee395b0b-5be7-4e62-b331-4207ba179629,Parkstraße 4,2025-07-02 07:00:00+02:00,5.511154095331828
ee395b0b-5be7-4e62-b331-4207ba179629,Parkstraße 4,2025-07-02 08:00:00+02:00,7.977431853612264
ee395b0b-5be7-4e62-b331-4207ba179629,Parkstraße 4,2025-07-02 09:00:00+02:00,31.232254028320312
ee395b0b-5be7-4e62-b331-4207ba179629,Parkstraße 4,2025-07-02 10:00:00+02:00,43.61977116266886
ee395b0b-5be7-4e62-b331-4207ba179629,Parkstraße 4,2025-07-02 11:00:00+02:00,69.56050634384155
ee395b0b-5be7-4e62-b331-4207ba179629,Parkstraße 4,2025-07-02 12:00:00+02:00,40.08432070414225
ee395b0b-5be7-4e62-b331-4207ba179629,Parkstraße 4,2025-07-02 13:00:00+02:00,2.140248457590739
ee395b0b-5be7-4e62-b331-4207ba179629,Parkstraße 4,2025-07-02 14:00:00+02:00,36.50614054997762
ee395b0b-5be7-4e62-b331-4207ba179629,Parkstraße 4,2025-07-02 15:00:00+02:00,35.93405532836914
ee395b0b-5be7-4e62-b331-4207ba179629,Parkstraße 4,2025-07-02 16:00:00+02:00,33.4913121064504
ee395b0b-5be7-4e62-b331-4207ba179629,Parkstraße 4,2025-07-02 17:00:00+02:00,25.488629420598347
ee395b0b-5be7-4e62-b331-4207ba179629,Parkstraße 4,2025-07-02 18:00:00+02:00,18.294525782267254
ee395b0b-5be7-4e62-b331-4207ba179629,Parkstraße 4,2025-07-02 19:00:00+02:00,11.274582465489706
ee395b0b-5be7-4e62-b331-4207ba179629,Parkstraße 4,2025-07-02 20:00:00+02:00,3.0715853373209634
ee395b0b-5be7-4e62-b331-4207ba179629,Parkstraße 4,2025-07-02 21:00:00+02:00,8.938612143198648
ee395b0b-5be7-4e62-b331-4207ba179629,Parkstraße 4,2025-07-02 22:00:00+02:00,22.15798266728719
ee395b0b-5be7-4e62-b331-4207ba179629,Parkstraße 4,2025-07-02 23:00:00+02:00,9.62466279665629
ee395b0b-5be7-4e62-b331-4207ba179629,Parkstraße 4,2025-07-03 00:00:00+02:00,12.738696336746216
ee395b0b-5be7-4e62-b331-4207ba179629,Parkstraße 4,2025-07-03 01:00:00+02:00,15.698025067647299
ee395b0b-5be7-4e62-b331-4207ba179629,Parkstraße 4,2025-07-03 02:00:00+02:00,12.276907444000244
ee395b0b-5be7-4e62-b331-4207ba179629,Parkstraße 4,2025-07-03 03:00:00+02:00,8.018832445144653
ee395b0b-5be7-4e62-b331-4207ba179629,Parkstraße 4,2025-07-03 04:00:00+02:00,4.3716661135355634
ee395b0b-5be7-4e62-b331-4207ba179629,Parkstraße 4,2025-07-03 05:00:00+02:00,4.441759427388509
ee395b0b-5be7-4e62-b331-4207ba179629,Parkstraße 4,2025-07-03 06:00:00+02:00,6.255064169565837
ee395b0b-5be7-4e62-b331-4207ba179629,Parkstraße 4,2025-07-03 07:00:00+02:00,8.115728457768759
ee395b0b-5be7-4e62-b331-4207ba179629,Parkstraße 4,2025-07-03 08:00:00+02:00,19.582585016886394
ee395b0b-5be7-4e62-b331-4207ba179629,Parkstraße 4,2025-07-03 09:00:00+02:00,15.44123379389445
ee395b0b-5be7-4e62-b331-4207ba179629,Parkstraße 4,2025-07-03 10:00:00+02:00,19.699736913045246
ee395b0b-5be7-4e62-b331-4207ba179629,Parkstraße 4,2025-07-03 11:00:00+02:00,31.62665303548177
ee395b0b-5be7-4e62-b331-4207ba179629,Parkstraße 4,2025-07-03 12:00:00+02:00,14.97549549738566
ee395b0b-5be7-4e62-b331-4207ba179629,Parkstraße 4,2025-07-03 13:00:00+02:00,12.455907185872396
ee395b0b-5be7-4e62-b331-4207ba179629,Parkstraße 4,2025-07-03 14:00:00+02:00,56.91807842254639
ee395b0b-5be7-4e62-b331-4207ba179629,Parkstraße 4,2025-07-03 15:00:00+02:00,45.28273471196493
ee395b0b-5be7-4e62-b331-4207ba179629,Parkstraße 4,2025-07-03 16:00:00+02:00,45.84338347117106
ee395b0b-5be7-4e62-b331-4207ba179629,Parkstraße 4,2025-07-03 17:00:00+02:00,35.52975567181905
ee395b0b-5be7-4e62-b331-4207ba179629,Parkstraße 4,2025-07-03 18:00:00+02:00,21.072249968846638
ee395b0b-5be7-4e62-b331-4207ba179629,Parkstraße 4,2025-07-03 19:00:00+02:00,16.564614415168762
ee395b0b-5be7-4e62-b331-4207ba179629,Parkstraße 4,2025-07-03 20:00:00+02:00,4.402673363685608
ee395b0b-5be7-4e62-b331-4207ba179629,Parkstraße 4,2025-07-03 21:00:00+02:00,3.4928845961888633
ee395b0b-5be7-4e62-b331-4207ba179629,Parkstraße 4,2025-07-03 22:00:00+02:00,16.309534629185993
ee395b0b-5be7-4e62-b331-4207ba179629,Parkstraße 4,2025-07-03 23:00:00+02:00,12.185907125473022
ee395b0b-5be7-4e62-b331-4207ba179629,Parkstraße 4,2025-07-04 00:00:00+02:00,11.362477620442709
ee395b0b-5be7-4e62-b331-4207ba179629,Parkstraße 4,2025-07-04 01:00:00+02:00,18.23422845204671
ee395b0b-5be7-4e62-b331-4207ba179629,Parkstraße 4,2025-07-04 02:00:00+02:00,10.846421798070272
ee395b0b-5be7-4e62-b331-4207ba179629,Parkstraße 4,2025-07-04 03:00:00+02:00,6.784977674484253
ee395b0b-5be7-4e62-b331-4207ba179629,Parkstraße 4,2025-07-04 04:00:00+02:00,4.869346380233765
ee395b0b-5be7-4e62-b331-4207ba179629,Parkstraße 4,2025-07-04 05:00:00+02:00,6.207624991734822
ee395b0b-5be7-4e62-b331-4207ba179629,Parkstraße 4,2025-07-04 06:00:00+02:00,7.8300648132960005
ee395b0b-5be7-4e62-b331-4207ba179629,Parkstraße 4,2025-07-04 07:00:00+02:00,10.275023380915323
ee395b0b-5be7-4e62-b331-4207ba179629,Parkstraße 4,2025-07-04 08:00:00+02:00,8.525943597157797
ee395b0b-5be7-4e62-b331-4207ba179629,Parkstraße 4,2025-07-04 09:00:00+02:00,6.277612368265788
ee395b0b-5be7-4e62-b331-4207ba179629,Parkstraße 4,2025-07-04 10:00:00+02:00,6.463544845581055
ee395b0b-5be7-4e62-b331-4207ba179629,Parkstraße 4,2025-07-04 11:00:00+02:00,33.06991449991862
ee395b0b-5be7-4e62-b331-4207ba179629,Parkstraße 4,2025-07-04 12:00:00+02:00,23.58546320597331
ee395b0b-5be7-4e62-b331-4207ba179629,Parkstraße 4,2025-07-04 13:00:00+02:00,14.377647082010904
ee395b0b-5be7-4e62-b331-4207ba179629,Parkstraße 4,2025-07-04 14:00:00+02:00,52.68887456258138
ee395b0b-5be7-4e62-b331-4207ba179629,Parkstraße 4,2025-07-04 15:00:00+02:00,53.65871254603068
ee395b0b-5be7-4e62-b331-4207ba179629,Parkstraße 4,2025-07-04 16:00:00+02:00,54.14151620864868
ee395b0b-5be7-4e62-b331-4207ba179629,Parkstraße 4,2025-07-04 17:00:00+02:00,34.6139882405599
ee395b0b-5be7-4e62-b331-4207ba179629,Parkstraße 4,2025-07-04 18:00:00+02:00,31.428913195927937
ee395b0b-5be7-4e62-b331-4207ba179629,Parkstraße 4,2025-07-04 19:00:00+02:00,17.968726714452107
ee395b0b-5be7-4e62-b331-4207ba179629,Parkstraße 4,2025-07-04 20:00:00+02:00,5.880403200785319
ee395b0b-5be7-4e62-b331-4207ba179629,Parkstraße 4,2025-07-04 21:00:00+02:00,3.7720667918523154
ee395b0b-5be7-4e62-b331-4207ba179629,Parkstraße 4,2025-07-04 22:00:00+02:00,44.717347502708435
ee395b0b-5be7-4e62-b331-4207ba179629,Parkstraße 4,2025-07-04 23:00:00+02:00,13.437778949737549
ee395b0b-5be7-4e62-b331-4207ba179629,Parkstraße 4,2025-07-05 00:00:00+02:00,13.80903140703837
ee395b0b-5be7-4e62-b331-4207ba179629,Parkstraße 4,2025-07-05 01:00:00+02:00,14.031617959340414
ee395b0b-5be7-4e62-b331-4207ba179629,Parkstraße 4,2025-07-05 02:00:00+02:00,12.316476901372274
ee395b0b-5be7-4e62-b331-4207ba179629,Parkstraße 4,2025-07-05 03:00:00+02:00,9.734328190485636
ee395b0b-5be7-4e62-b331-4207ba179629,Parkstraße 4,2025-07-05 04:00:00+02:00,6.907487710316976
ee395b0b-5be7-4e62-b331-4207ba179629,Parkstraße 4,2025-07-05 05:00:00+02:00,10.13377579053243
ee395b0b-5be7-4e62-b331-4207ba179629,Parkstraße 4,2025-07-05 06:00:00+02:00,4.752212087313334
ee395b0b-5be7-4e62-b331-4207ba179629,Parkstraße 4,2025-07-05 07:00:00+02:00,3.4409825007120762
ee395b0b-5be7-4e62-b331-4207ba179629,Parkstraße 4,2025-07-05 08:00:00+02:00,30.982740084330242
ee395b0b-5be7-4e62-b331-4207ba179629,Parkstraße 4,2025-07-05 09:00:00+02:00,9.314836025238037
ee395b0b-5be7-4e62-b331-4207ba179629,Parkstraße 4,2025-07-05 10:00:00+02:00,86.12547079722087
ee395b0b-5be7-4e62-b331-4207ba179629,Parkstraße 4,2025-07-05 11:00:00+02:00,5.958348274230957
ee395b0b-5be7-4e62-b331-4207ba179629,Parkstraße 4,2025-07-05 12:00:00+02:00,107.3373457590739
ee395b0b-5be7-4e62-b331-4207ba179629,Parkstraße 4,2025-07-05 13:00:00+02:00,43.45915985107422
ee395b0b-5be7-4e62-b331-4207ba179629,Parkstraße 4,2025-07-05 14:00:00+02:00,87.19488557179768
ee395b0b-5be7-4e62-b331-4207ba179629,Parkstraße 4,2025-07-05 15:00:00+02:00,64.62241268157959
ee395b0b-5be7-4e62-b331-4207ba179629,Parkstraße 4,2025-07-05 16:00:00+02:00,53.961804707845054
ee395b0b-5be7-4e62-b331-4207ba179629,Parkstraße 4,2025-07-05 17:00:00+02:00,37.82025408744812
ee395b0b-5be7-4e62-b331-4207ba179629,Parkstraße 4,2025-07-05 18:00:00+02:00,20.12802763779958
ee395b0b-5be7-4e62-b331-4207ba179629,Parkstraße 4,2025-07-05 19:00:00+02:00,7.1968599160512285
ee395b0b-5be7-4e62-b331-4207ba179629,Parkstraße 4,2025-07-05 20:00:00+02:00,4.777950922648112
ee395b0b-5be7-4e62-b331-4207ba179629,Parkstraße 4,2025-07-05 21:00:00+02:00,10.94770061969757
ee395b0b-5be7-4e62-b331-4207ba179629,Parkstraße 4,2025-07-05 22:00:00+02:00,21.37333067258199
ee395b0b-5be7-4e62-b331-4207ba179629,Parkstraße 4,2025-07-05 23:00:00+02:00,10.577324867248535
ee395b0b-5be7-4e62-b331-4207ba179629,Parkstraße 4,2025-07-06 00:00:00+02:00,21.414440234502155
ee395b0b-5be7-4e62-b331-4207ba179629,Parkstraße 4,2025-07-06 01:00:00+02:00,18.707934776941936
ee395b0b-5be7-4e62-b331-4207ba179629,Parkstraße 4,2025-07-06 02:00:00+02:00,16.377835432688396
ee395b0b-5be7-4e62-b331-4207ba179629,Parkstraße 4,2025-07-06 03:00:00+02:00,12.822918176651001
ee395b0b-5be7-4e62-b331-4207ba179629,Parkstraße 4,2025-07-06 04:00:00+02:00,9.77148723602295
ee395b0b-5be7-4e62-b331-4207ba179629,Parkstraße 4,2025-07-06 05:00:00+02:00,3.8578457832336426
ee395b0b-5be7-4e62-b331-4207ba179629,Parkstraße 4,2025-07-06 06:00:00+02:00,5.427013079325358
ee395b0b-5be7-4e62-b331-4207ba179629,Parkstraße 4,2025-07-06 07:00:00+02:00,19.697546402613323
ee395b0b-5be7-4e62-b331-4207ba179629,Parkstraße 4,2025-07-06 08:00:00+02:00,29.63205909729004
ee395b0b-5be7-4e62-b331-4207ba179629,Parkstraße 4,2025-07-06 09:00:00+02:00,41.06771755218506
ee395b0b-5be7-4e62-b331-4207ba179629,Parkstraße 4,2025-07-06 10:00:00+02:00,65.94933001200359
ee395b0b-5be7-4e62-b331-4207ba179629,Parkstraße 4,2025-07-06 11:00:00+02:00,201.48848342895508
ee395b0b-5be7-4e62-b331-4207ba179629,Parkstraße 4,2025-07-06 12:00:00+02:00,155.7925182978312
ee395b0b-5be7-4e62-b331-4207ba179629,Parkstraße 4,2025-07-06 13:00:00+02:00,33.60742155710856
ee395b0b-5be7-4e62-b331-4207ba179629,Parkstraße 4,2025-07-06 14:00:00+02:00,86.29528458913167
ee395b0b-5be7-4e62-b331-4207ba179629,Parkstraße 4,2025-07-06 15:00:00+02:00,54.51800489425659
ee395b0b-5be7-4e62-b331-4207ba179629,Parkstraße 4,2025-07-06 16:00:00+02:00,32.56449588139852
ee395b0b-5be7-4e62-b331-4207ba179629,Parkstraße 4,2025-07-06 17:00:00+02:00,17.17096734046936
ee395b0b-5be7-4e62-b331-4207ba179629,Parkstraße 4,2025-07-06 18:00:00+02:00,8.555717825889587
ee395b0b-5be7-4e62-b331-4207ba179629,Parkstraße 4,2025-07-06 19:00:00+02:00,8.352790435155233
ee395b0b-5be7-4e62-b331-4207ba179629,Parkstraße 4,2025-07-06 20:00:00+02:00,12.27010174592336
ee395b0b-5be7-4e62-b331-4207ba179629,Parkstraße 4,2025-07-06 21:00:00+02:00,16.010514974594116
ee395b0b-5be7-4e62-b331-4207ba179629,Parkstraße 4,2025-07-06 22:00:00+02:00,16.09162139892578
ee395b0b-5be7-4e62-b331-4207ba179629,Parkstraße 4,2025-07-06 23:00:00+02:00,16.426987806955974
ee395b0b-5be7-4e62-b331-4207ba179629,Parkstraße 4,2025-07-07 00:00:00+02:00,19.732698520024616
ee395b0b-5be7-4e62-b331-4207ba179629,Parkstraße 4,2025-07-07 01:00:00+02:00,16.176044782002766
ee395b0b-5be7-4e62-b331-4207ba179629,Parkstraße 4,2025-07-07 02:00:00+02:00,13.081633567810059
ee395b0b-5be7-4e62-b331-4207ba179629,Parkstraße 4,2025-07-07 03:00:00+02:00,15.549313942591349
ee395b0b-5be7-4e62-b331-4207ba179629,Parkstraße 4,2025-07-07 04:00:00+02:00,8.019616524378458
ee395b0b-5be7-4e62-b331-4207ba179629,Parkstraße 4,2025-07-07 05:00:00+02:00,5.455735445022583
ee395b0b-5be7-4e62-b331-4207ba179629,Parkstraße 4,2025-07-07 06:00:00+02:00,4.861360947291057
ee395b0b-5be7-4e62-b331-4207ba179629,Parkstraße 4,2025-07-07 07:00:00+02:00,5.020636399586995
ee395b0b-5be7-4e62-b331-4207ba179629,Parkstraße 4,2025-07-07 08:00:00+02:00,14.23909362157186
ee395b0b-5be7-4e62-b331-4207ba179629,Parkstraße 4,2025-07-07 09:00:00+02:00,33.93122879664103
ee395b0b-5be7-4e62-b331-4207ba179629,Parkstraße 4,2025-07-07 10:00:00+02:00,9.743219216664633
ee395b0b-5be7-4e62-b331-4207ba179629,Parkstraße 4,2025-07-07 11:00:00+02:00,2.5530244509379068
ee395b0b-5be7-4e62-b331-4207ba179629,Parkstraße 4,2025-07-07 12:00:00+02:00,3.465421994527181
ee395b0b-5be7-4e62-b331-4207ba179629,Parkstraße 4,2025-07-07 13:00:00+02:00,23.812924067179363
ee395b0b-5be7-4e62-b331-4207ba179629,Parkstraße 4,2025-07-07 14:00:00+02:00,33.378030141194664
ee395b0b-5be7-4e62-b331-4207ba179629,Parkstraße 4,2025-07-07 15:00:00+02:00,31.249245087305706
ee395b0b-5be7-4e62-b331-4207ba179629,Parkstraße 4,2025-07-07 16:00:00+02:00,23.615443229675293
ee395b0b-5be7-4e62-b331-4207ba179629,Parkstraße 4,2025-07-07 17:00:00+02:00,17.169676343599956
ee395b0b-5be7-4e62-b331-4207ba179629,Parkstraße 4,2025-07-07 18:00:00+02:00,13.914567351341248
ee395b0b-5be7-4e62-b331-4207ba179629,Parkstraße 4,2025-07-07 19:00:00+02:00,6.043013413747151
ee395b0b-5be7-4e62-b331-4207ba179629,Parkstraße 4,2025-07-07 20:00:00+02:00,5.610569039980571
ee395b0b-5be7-4e62-b331-4207ba179629,Parkstraße 4,2025-07-07 21:00:00+02:00,10.686487714449564
ee395b0b-5be7-4e62-b331-4207ba179629,Parkstraße 4,2025-07-07 22:00:00+02:00,13.808339675267538
ee395b0b-5be7-4e62-b331-4207ba179629,Parkstraße 4,2025-07-07 23:00:00+02:00,9.200153668721518
ee395b0b-5be7-4e62-b331-4207ba179629,Parkstraße 4,2025-07-08 00:00:00+02:00,21.113828738530476
ee395b0b-5be7-4e62-b331-4207ba179629,Parkstraße 4,2025-07-08 01:00:00+02:00,16.257461229960125
ee395b0b-5be7-4e62-b331-4207ba179629,Parkstraße 4,2025-07-08 02:00:00+02:00,13.907997926076254
ee395b0b-5be7-4e62-b331-4207ba179629,Parkstraße 4,2025-07-08 03:00:00+02:00,10.301329533259073
ee395b0b-5be7-4e62-b331-4207ba179629,Parkstraße 4,2025-07-08 04:00:00+02:00,5.982975800832112
ee395b0b-5be7-4e62-b331-4207ba179629,Parkstraße 4,2025-07-08 05:00:00+02:00,3.7283677657445273
ee395b0b-5be7-4e62-b331-4207ba179629,Parkstraße 4,2025-07-08 06:00:00+02:00,5.852498809496562
ee395b0b-5be7-4e62-b331-4207ba179629,Parkstraße 4,2025-07-08 07:00:00+02:00,5.091377814610799
ee395b0b-5be7-4e62-b331-4207ba179629,Parkstraße 4,2025-07-08 08:00:00+02:00,6.4817845821380615
ee395b0b-5be7-4e62-b331-4207ba179629,Parkstraße 4,2025-07-08 09:00:00+02:00,9.525431950887045
ee395b0b-5be7-4e62-b331-4207ba179629,Parkstraße 4,2025-07-08 10:00:00+02:00,24.577794075012207
ee395b0b-5be7-4e62-b331-4207ba179629,Parkstraße 4,2025-07-08 11:00:00+02:00,3.7438923517862954
ee395b0b-5be7-4e62-b331-4207ba179629,Parkstraße 4,2025-07-08 12:00:00+02:00,5.698487599690755
ee395b0b-5be7-4e62-b331-4207ba179629,Parkstraße 4,2025-07-08 13:00:00+02:00,4.546860853830974
ee395b0b-5be7-4e62-b331-4207ba179629,Parkstraße 4,2025-07-08 14:00:00+02:00,40.08280499776205
ee395b0b-5be7-4e62-b331-4207ba179629,Parkstraße 4,2025-07-08 15:00:00+02:00,30.23866589864095
ee395b0b-5be7-4e62-b331-4207ba179629,Parkstraße 4,2025-07-08 16:00:00+02:00,31.483763694763184
ee395b0b-5be7-4e62-b331-4207ba179629,Parkstraße 4,2025-07-08 17:00:00+02:00,21.442888736724854
ee395b0b-5be7-4e62-b331-4207ba179629,Parkstraße 4,2025-07-08 18:00:00+02:00,17.84873088200887
ee395b0b-5be7-4e62-b331-4207ba179629,Parkstraße 4,2025-07-08 19:00:00+02:00,11.118378599484762
ee395b0b-5be7-4e62-b331-4207ba179629,Parkstraße 4,2025-07-08 20:00:00+02:00,2.747838616371155
ee395b0b-5be7-4e62-b331-4207ba179629,Parkstraße 4,2025-07-08 21:00:00+02:00,5.916407426198323
ee395b0b-5be7-4e62-b331-4207ba179629,Parkstraße 4,2025-07-08 22:00:00+02:00,13.325320402781168
ee395b0b-5be7-4e62-b331-4207ba179629,Parkstraße 4,2025-07-08 23:00:00+02:00,17.5599684715271
ee395b0b-5be7-4e62-b331-4207ba179629,Parkstraße 4,2025-07-09 00:00:00+02:00,20.566033204396565
ee395b0b-5be7-4e62-b331-4207ba179629,Parkstraße 4,2025-07-09 01:00:00+02:00,15.127379417419434
ee395b0b-5be7-4e62-b331-4207ba179629,Parkstraße 4,2025-07-09 02:00:00+02:00,12.796759605407715
ee395b0b-5be7-4e62-b331-4207ba179629,Parkstraße 4,2025-07-09 03:00:00+02:00,11.261887868245443
ee395b0b-5be7-4e62-b331-4207ba179629,Parkstraße 4,2025-07-09 04:00:00+02:00,3.675144592920939
ee395b0b-5be7-4e62-b331-4207ba179629,Parkstraße 4,2025-07-09 05:00:00+02:00,5.039310256640117
ee395b0b-5be7-4e62-b331-4207ba179629,Parkstraße 4,2025-07-09 06:00:00+02:00,7.501774191856384
ee395b0b-5be7-4e62-b331-4207ba179629,Parkstraße 4,2025-07-09 07:00:00+02:00,6.476848045984904
ee395b0b-5be7-4e62-b331-4207ba179629,Parkstraße 4,2025-07-09 08:00:00+02:00,9.506800810496012
ee395b0b-5be7-4e62-b331-4207ba179629,Parkstraße 4,2025-07-09 09:00:00+02:00,4.114238103230794
ee395b0b-5be7-4e62-b331-4207ba179629,Parkstraße 4,2025-07-09 10:00:00+02:00,24.36779801050822
ee395b0b-5be7-4e62-b331-4207ba179629,Parkstraße 4,2025-07-09 11:00:00+02:00,35.87986183166504
ee395b0b-5be7-4e62-b331-4207ba179629,Parkstraße 4,2025-07-09 12:00:00+02:00,56.10417906443278
ee395b0b-5be7-4e62-b331-4207ba179629,Parkstraße 4,2025-07-09 13:00:00+02:00,2.279099464416504
ee395b0b-5be7-4e62-b331-4207ba179629,Parkstraße 4,2025-07-09 14:00:00+02:00,35.59857225418091
ee395b0b-5be7-4e62-b331-4207ba179629,Parkstraße 4,2025-07-09 15:00:00+02:00,36.08115736643473
ee395b0b-5be7-4e62-b331-4207ba179629,Parkstraße 4,2025-07-09 16:00:00+02:00,28.81691114107768
ee395b0b-5be7-4e62-b331-4207ba179629,Parkstraße 4,2025-07-09 17:00:00+02:00,21.13600206375122
ee395b0b-5be7-4e62-b331-4207ba179629,Parkstraße 4,2025-07-09 18:00:00+02:00,16.36359469095866
ee395b0b-5be7-4e62-b331-4207ba179629,Parkstraße 4,2025-07-09 19:00:00+02:00,10.58086105187734
ee395b0b-5be7-4e62-b331-4207ba179629,Parkstraße 4,2025-07-09 20:00:00+02:00,3.9140159686406455
ee395b0b-5be7-4e62-b331-4207ba179629,Parkstraße 4,2025-07-09 21:00:00+02:00,7.30338700612386
ee395b0b-5be7-4e62-b331-4207ba179629,Parkstraße 4,2025-07-09 22:00:00+02:00,21.758433024088543
ee395b0b-5be7-4e62-b331-4207ba179629,Parkstraße 4,2025-07-09 23:00:00+02:00,9.389835516611734
ee395b0b-5be7-4e62-b331-4207ba179629,Parkstraße 4,2025-07-10 00:00:00+02:00,12.623677968978882
ee395b0b-5be7-4e62-b331-4207ba179629,Parkstraße 4,2025-07-10 01:00:00+02:00,15.709537347157797
ee395b0b-5be7-4e62-b331-4207ba179629,Parkstraße 4,2025-07-10 02:00:00+02:00,12.449878215789795
ee395b0b-5be7-4e62-b331-4207ba179629,Parkstraße 4,2025-07-10 03:00:00+02:00,8.394243081410727
ee395b0b-5be7-4e62-b331-4207ba179629,Parkstraße 4,2025-07-10 04:00:00+02:00,4.580247084299724
ee395b0b-5be7-4e62-b331-4207ba179629,Parkstraße 4,2025-07-10 05:00:00+02:00,4.231239835421245
ee395b0b-5be7-4e62-b331-4207ba179629,Parkstraße 4,2025-07-10 06:00:00+02:00,6.331720431645711
ee395b0b-5be7-4e62-b331-4207ba179629,Parkstraße 4,2025-07-10 07:00:00+02:00,8.695671717325846
ee395b0b-5be7-4e62-b331-4207ba179629,Parkstraße 4,2025-07-10 08:00:00+02:00,20.395488500595093
ee395b0b-5be7-4e62-b331-4207ba179629,Parkstraße 4,2025-07-10 09:00:00+02:00,12.238013108571371
ee395b0b-5be7-4e62-b331-4207ba179629,Parkstraße 4,2025-07-10 10:00:00+02:00,14.37440856297811
ee395b0b-5be7-4e62-b331-4207ba179629,Parkstraße 4,2025-07-10 11:00:00+02:00,27.08321936925252
ee395b0b-5be7-4e62-b331-4207ba179629,Parkstraße 4,2025-07-10 12:00:00+02:00,49.243739446004234
ee395b0b-5be7-4e62-b331-4207ba179629,Parkstraße 4,2025-07-10 13:00:00+02:00,34.34344434738159
ee395b0b-5be7-4e62-b331-4207ba179629,Parkstraße 4,2025-07-10 14:00:00+02:00,54.79566605885824
ee395b0b-5be7-4e62-b331-4207ba179629,Parkstraße 4,2025-07-10 15:00:00+02:00,52.25891510645548
ee395b0b-5be7-4e62-b331-4207ba179629,Parkstraße 4,2025-07-10 16:00:00+02:00,43.97983566919962
ee395b0b-5be7-4e62-b331-4207ba179629,Parkstraße 4,2025-07-10 17:00:00+02:00,35.89153734842936
ee395b0b-5be7-4e62-b331-4207ba179629,Parkstraße 4,2025-07-10 18:00:00+02:00,27.662223656972248
ee395b0b-5be7-4e62-b331-4207ba179629,Parkstraße 4,2025-07-10 19:00:00+02:00,15.239820798238119
ee395b0b-5be7-4e62-b331-4207ba179629,Parkstraße 4,2025-07-10 20:00:00+02:00,4.878005305926005
ee395b0b-5be7-4e62-b331-4207ba179629,Parkstraße 4,2025-07-10 21:00:00+02:00,13.89725144704183
ee395b0b-5be7-4e62-b331-4207ba179629,Parkstraße 4,2025-07-10 22:00:00+02:00,28.991022268931072
ee395b0b-5be7-4e62-b331-4207ba179629,Parkstraße 4,2025-07-10 23:00:00+02:00,11.995266517003378
ee395b0b-5be7-4e62-b331-4207ba179629,Parkstraße 4,2025-07-11 00:00:00+02:00,11.275234937667847
ee395b0b-5be7-4e62-b331-4207ba179629,Parkstraße 4,2025-07-11 01:00:00+02:00,15.221164147059122
ee395b0b-5be7-4e62-b331-4207ba179629,Parkstraße 4,2025-07-11 02:00:00+02:00,10.904557943344116
ee395b0b-5be7-4e62-b331-4207ba179629,Parkstraße 4,2025-07-11 03:00:00+02:00,6.028591235478719
ee395b0b-5be7-4e62-b331-4207ba179629,Parkstraße 4,2025-07-11 04:00:00+02:00,5.41597843170166
ee395b0b-5be7-4e62-b331-4207ba179629,Parkstraße 4,2025-07-11 05:00:00+02:00,6.169087211290996
ee395b0b-5be7-4e62-b331-4207ba179629,Parkstraße 4,2025-07-11 06:00:00+02:00,8.814774751663208
ee395b0b-5be7-4e62-b331-4207ba179629,Parkstraße 4,2025-07-11 07:00:00+02:00,17.789854685465496
ee395b0b-5be7-4e62-b331-4207ba179629,Parkstraße 4,2025-07-11 08:00:00+02:00,10.387394428253174
ee395b0b-5be7-4e62-b331-4207ba179629,Parkstraße 4,2025-07-11 09:00:00+02:00,6.117501576741536
ee395b0b-5be7-4e62-b331-4207ba179629,Parkstraße 4,2025-07-11 10:00:00+02:00,6.625274658203125
ee395b0b-5be7-4e62-b331-4207ba179629,Parkstraße 4,2025-07-11 11:00:00+02:00,32.874222119649254
ee395b0b-5be7-4e62-b331-4207ba179629,Parkstraße 4,2025-07-11 12:00:00+02:00,23.24832820892334
ee395b0b-5be7-4e62-b331-4207ba179629,Parkstraße 4,2025-07-11 13:00:00+02:00,14.025656700134277
ee395b0b-5be7-4e62-b331-4207ba179629,Parkstraße 4,2025-07-11 14:00:00+02:00,53.022242863972984
ee395b0b-5be7-4e62-b331-4207ba179629,Parkstraße 4,2025-07-11 15:00:00+02:00,54.06247901916504
ee395b0b-5be7-4e62-b331-4207ba179629,Parkstraße 4,2025-07-11 16:00:00+02:00,54.692229429880776
ee395b0b-5be7-4e62-b331-4207ba179629,Parkstraße 4,2025-07-11 17:00:00+02:00,35.37386178970337
ee395b0b-5be7-4e62-b331-4207ba179629,Parkstraße 4,2025-07-11 18:00:00+02:00,32.45555607477824
ee395b0b-5be7-4e62-b331-4207ba179629,Parkstraße 4,2025-07-11 19:00:00+02:00,21.131983041763306
ee395b0b-5be7-4e62-b331-4207ba179629,Parkstraße 4,2025-07-11 20:00:00+02:00,6.881461064020793
ee395b0b-5be7-4e62-b331-4207ba179629,Parkstraße 4,2025-07-11 21:00:00+02:00,4.064462860425313
ee395b0b-5be7-4e62-b331-4207ba179629,Parkstraße 4,2025-07-11 22:00:00+02:00,35.05265200138092
ee395b0b-5be7-4e62-b331-4207ba179629,Parkstraße 4,2025-07-11 23:00:00+02:00,7.397815227508545
ee395b0b-5be7-4e62-b331-4207ba179629,Parkstraße 4,2025-07-12 00:00:00+02:00,13.292394876480103
ee395b0b-5be7-4e62-b331-4207ba179629,Parkstraße 4,2025-07-12 01:00:00+02:00,14.634657065073648
ee395b0b-5be7-4e62-b331-4207ba179629,Parkstraße 4,2025-07-12 02:00:00+02:00,12.100939750671387
ee395b0b-5be7-4e62-b331-4207ba179629,Parkstraße 4,2025-07-12 03:00:00+02:00,9.715657631556192
ee395b0b-5be7-4e62-b331-4207ba179629,Parkstraße 4,2025-07-12 04:00:00+02:00,7.1799726486206055
ee395b0b-5be7-4e62-b331-4207ba179629,Parkstraße 4,2025-07-12 05:00:00+02:00,10.882920662562052
ee395b0b-5be7-4e62-b331-4207ba179629,Parkstraße 4,2025-07-12 06:00:00+02:00,6.20130721728007
ee395b0b-5be7-4e62-b331-4207ba179629,Parkstraße 4,2025-07-12 07:00:00+02:00,3.6504995425542197
ee395b0b-5be7-4e62-b331-4207ba179629,Parkstraße 4,2025-07-12 08:00:00+02:00,12.011964718500773
ee395b0b-5be7-4e62-b331-4207ba179629,Parkstraße 4,2025-07-12 09:00:00+02:00,14.302776654561361
ee395b0b-5be7-4e62-b331-4207ba179629,Parkstraße 4,2025-07-12 10:00:00+02:00,78.23910999298096
ee395b0b-5be7-4e62-b331-4207ba179629,Parkstraße 4,2025-07-12 11:00:00+02:00,7.072530110677083
ee395b0b-5be7-4e62-b331-4207ba179629,Parkstraße 4,2025-07-12 12:00:00+02:00,40.5413392384847
ee395b0b-5be7-4e62-b331-4207ba179629,Parkstraße 4,2025-07-12 13:00:00+02:00,12.652051289876303
ee395b0b-5be7-4e62-b331-4207ba179629,Parkstraße 4,2025-07-12 14:00:00+02:00,87.26627031962077
ee395b0b-5be7-4e62-b331-4207ba179629,Parkstraße 4,2025-07-12 15:00:00+02:00,67.1968895594279
ee395b0b-5be7-4e62-b331-4207ba179629,Parkstraße 4,2025-07-12 16:00:00+02:00,55.0815806388855
ee395b0b-5be7-4e62-b331-4207ba179629,Parkstraße 4,2025-07-12 17:00:00+02:00,34.8466796875
ee395b0b-5be7-4e62-b331-4207ba179629,Parkstraße 4,2025-07-12 18:00:00+02:00,27.086119890213013
ee395b0b-5be7-4e62-b331-4207ba179629,Parkstraße 4,2025-07-12 19:00:00+02:00,13.583768725395203
ee395b0b-5be7-4e62-b331-4207ba179629,Parkstraße 4,2025-07-12 20:00:00+02:00,5.822741627693176
ee395b0b-5be7-4e62-b331-4207ba179629,Parkstraße 4,2025-07-12 21:00:00+02:00,10.09196130434672
ee395b0b-5be7-4e62-b331-4207ba179629,Parkstraße 4,2025-07-12 22:00:00+02:00,15.974417765935263
ee395b0b-5be7-4e62-b331-4207ba179629,Parkstraße 4,2025-07-12 23:00:00+02:00,16.383549213409424
ee395b0b-5be7-4e62-b331-4207ba179629,Parkstraße 4,2025-07-13 00:00:00+02:00,21.341111103693645
ee395b0b-5be7-4e62-b331-4207ba179629,Parkstraße 4,2025-07-13 01:00:00+02:00,19.686293999354046
ee395b0b-5be7-4e62-b331-4207ba179629,Parkstraße 4,2025-07-13 02:00:00+02:00,16.364085117975872
ee395b0b-5be7-4e62-b331-4207ba179629,Parkstraße 4,2025-07-13 03:00:00+02:00,13.130906561146611
ee395b0b-5be7-4e62-b331-4207ba179629,Parkstraße 4,2025-07-13 04:00:00+02:00,10.005977543917568
ee395b0b-5be7-4e62-b331-4207ba179629,Parkstraße 4,2025-07-13 05:00:00+02:00,3.3848028637114025
ee395b0b-5be7-4e62-b331-4207ba179629,Parkstraße 4,2025-07-13 06:00:00+02:00,5.740717077255249
ee395b0b-5be7-4e62-b331-4207ba179629,Parkstraße 4,2025-07-13 07:00:00+02:00,19.66781947487279
ee395b0b-5be7-4e62-b331-4207ba179629,Parkstraße 4,2025-07-13 08:00:00+02:00,29.972333272298176
ee395b0b-5be7-4e62-b331-4207ba179629,Parkstraße 4,2025-07-13 09:00:00+02:00,43.43745871151195
ee395b0b-5be7-4e62-b331-4207ba179629,Parkstraße 4,2025-07-13 10:00:00+02:00,60.38101863861084
ee395b0b-5be7-4e62-b331-4207ba179629,Parkstraße 4,2025-07-13 11:00:00+02:00,193.76388397216797
ee395b0b-5be7-4e62-b331-4207ba179629,Parkstraße 4,2025-07-13 12:00:00+02:00,146.61172430855888
ee395b0b-5be7-4e62-b331-4207ba179629,Parkstraße 4,2025-07-13 13:00:00+02:00,23.895791860727165
ee395b0b-5be7-4e62-b331-4207ba179629,Parkstraße 4,2025-07-13 14:00:00+02:00,94.29719161987305
ee395b0b-5be7-4e62-b331-4207ba179629,Parkstraße 4,2025-07-13 15:00:00+02:00,58.38524488969283
ee395b0b-5be7-4e62-b331-4207ba179629,Parkstraße 4,2025-07-13 16:00:00+02:00,31.268546295166015
ee395b0b-5be7-4e62-b331-4207ba179629,Parkstraße 4,2025-07-13 17:00:00+02:00,11.920584890577528
ee395b0b-5be7-4e62-b331-4207ba179629,Parkstraße 4,2025-07-13 18:00:00+02:00,2.3594298362731934
ee395b0b-5be7-4e62-b331-4207ba179629,Parkstraße 4,2025-07-13 19:00:00+02:00,11.039863313947405
ee395b0b-5be7-4e62-b331-4207ba179629,Parkstraße 4,2025-07-13 20:00:00+02:00,16.46353530883789
ee395b0b-5be7-4e62-b331-4207ba179629,Parkstraße 4,2025-07-13 21:00:00+02:00,19.165639114379882
ee395b0b-5be7-4e62-b331-4207ba179629,Parkstraße 4,2025-07-13 22:00:00+02:00,17.92029857635498
ee395b0b-5be7-4e62-b331-4207ba179629,Parkstraße 4,2025-07-13 23:00:00+02:00,13.51655387878418
ee395b0b-5be7-4e62-b331-4207ba179629,Parkstraße 4,2025-07-14 00:00:00+02:00,20.46898078918457
ee395b0b-5be7-4e62-b331-4207ba179629,Parkstraße 4,2025-07-14 01:00:00+02:00,17.454973220825195
f00542a3-5edf-4ea5-bc4b-81e4d4936262,Kurpark - Großer Teich - Toilette,2025-06-30 03:00:00+02:00,2.2061357498168945
f00542a3-5edf-4ea5-bc4b-81e4d4936262,Kurpark - Großer Teich - Toilette,2025-06-30 04:00:00+02:00,2.209395408630371
f00542a3-5edf-4ea5-bc4b-81e4d4936262,Kurpark - Großer Teich - Toilette,2025-06-30 05:00:00+02:00,1.7484636306762695
f00542a3-5edf-4ea5-bc4b-81e4d4936262,Kurpark - Großer Teich - Toilette,2025-06-30 06:00:00+02:00,4.773291110992432
f00542a3-5edf-4ea5-bc4b-81e4d4936262,Kurpark - Großer Teich - Toilette,2025-06-30 07:00:00+02:00,3.4469961166381835
f00542a3-5edf-4ea5-bc4b-81e4d4936262,Kurpark - Großer Teich - Toilette,2025-06-30 08:00:00+02:00,16.240570068359375
f00542a3-5edf-4ea5-bc4b-81e4d4936262,Kurpark - Großer Teich - Toilette,2025-06-30 09:00:00+02:00,8.965824399675641
f00542a3-5edf-4ea5-bc4b-81e4d4936262,Kurpark - Großer Teich - Toilette,2025-06-30 10:00:00+02:00,9.346302032470703
f00542a3-5edf-4ea5-bc4b-81e4d4936262,Kurpark - Großer Teich - Toilette,2025-06-30 11:00:00+02:00,16.242058012220596
f00542a3-5edf-4ea5-bc4b-81e4d4936262,Kurpark - Großer Teich - Toilette,2025-06-30 12:00:00+02:00,12.804067230224609
f00542a3-5edf-4ea5-bc4b-81e4d4936262,Kurpark - Großer Teich - Toilette,2025-06-30 13:00:00+02:00,12.320025357333096
f00542a3-5edf-4ea5-bc4b-81e4d4936262,Kurpark - Großer Teich - Toilette,2025-06-30 14:00:00+02:00,6.119696935017903
f00542a3-5edf-4ea5-bc4b-81e4d4936262,Kurpark - Großer Teich - Toilette,2025-06-30 15:00:00+02:00,7.506305547860952
f00542a3-5edf-4ea5-bc4b-81e4d4936262,Kurpark - Großer Teich - Toilette,2025-06-30 16:00:00+02:00,6.636954852512905
f00542a3-5edf-4ea5-bc4b-81e4d4936262,Kurpark - Großer Teich - Toilette,2025-06-30 17:00:00+02:00,2.4854228337605795
f00542a3-5edf-4ea5-bc4b-81e4d4936262,Kurpark - Großer Teich - Toilette,2025-06-30 18:00:00+02:00,1.9687145948410034
f00542a3-5edf-4ea5-bc4b-81e4d4936262,Kurpark - Großer Teich - Toilette,2025-06-30 19:00:00+02:00,16.731212054981906
f00542a3-5edf-4ea5-bc4b-81e4d4936262,Kurpark - Großer Teich - Toilette,2025-06-30 20:00:00+02:00,7.6051737202538385
f00542a3-5edf-4ea5-bc4b-81e4d4936262,Kurpark - Großer Teich - Toilette,2025-06-30 21:00:00+02:00,7.179613966690867
f00542a3-5edf-4ea5-bc4b-81e4d4936262,Kurpark - Großer Teich - Toilette,2025-06-30 22:00:00+02:00,4.05410749912262
f00542a3-5edf-4ea5-bc4b-81e4d4936262,Kurpark - Großer Teich - Toilette,2025-06-30 23:00:00+02:00,1.7362228575206937
f00542a3-5edf-4ea5-bc4b-81e4d4936262,Kurpark - Großer Teich - Toilette,2025-07-01 00:00:00+02:00,1.2945415756919167
f00542a3-5edf-4ea5-bc4b-81e4d4936262,Kurpark - Großer Teich - Toilette,2025-07-01 01:00:00+02:00,2.701000338015349
f00542a3-5edf-4ea5-bc4b-81e4d4936262,Kurpark - Großer Teich - Toilette,2025-07-01 02:00:00+02:00,0.8886783917744955
f00542a3-5edf-4ea5-bc4b-81e4d4936262,Kurpark - Großer Teich - Toilette,2025-07-01 03:00:00+02:00,0.8435400327046713
f00542a3-5edf-4ea5-bc4b-81e4d4936262,Kurpark - Großer Teich - Toilette,2025-07-01 04:00:00+02:00,2.2920889457066855
f00542a3-5edf-4ea5-bc4b-81e4d4936262,Kurpark - Großer Teich - Toilette,2025-07-01 05:00:00+02:00,1.200853447119395
f00542a3-5edf-4ea5-bc4b-81e4d4936262,Kurpark - Großer Teich - Toilette,2025-07-01 06:00:00+02:00,6.046799997488658
f00542a3-5edf-4ea5-bc4b-81e4d4936262,Kurpark - Großer Teich - Toilette,2025-07-01 07:00:00+02:00,8.558627247810364
f00542a3-5edf-4ea5-bc4b-81e4d4936262,Kurpark - Großer Teich - Toilette,2025-07-01 08:00:00+02:00,15.132481535275778
f00542a3-5edf-4ea5-bc4b-81e4d4936262,Kurpark - Großer Teich - Toilette,2025-07-01 09:00:00+02:00,2.4105851650238037
f00542a3-5edf-4ea5-bc4b-81e4d4936262,Kurpark - Großer Teich - Toilette,2025-07-01 10:00:00+02:00,15.229786316553751
f00542a3-5edf-4ea5-bc4b-81e4d4936262,Kurpark - Großer Teich - Toilette,2025-07-01 11:00:00+02:00,13.024116436640421
f00542a3-5edf-4ea5-bc4b-81e4d4936262,Kurpark - Großer Teich - Toilette,2025-07-01 12:00:00+02:00,14.887003819147745
f00542a3-5edf-4ea5-bc4b-81e4d4936262,Kurpark - Großer Teich - Toilette,2025-07-01 13:00:00+02:00,15.115277369817099
f00542a3-5edf-4ea5-bc4b-81e4d4936262,Kurpark - Großer Teich - Toilette,2025-07-01 14:00:00+02:00,11.974576950073242
f00542a3-5edf-4ea5-bc4b-81e4d4936262,Kurpark - Großer Teich - Toilette,2025-07-01 15:00:00+02:00,11.628503402074179
f00542a3-5edf-4ea5-bc4b-81e4d4936262,Kurpark - Großer Teich - Toilette,2025-07-01 16:00:00+02:00,11.014400561650595
f00542a3-5edf-4ea5-bc4b-81e4d4936262,Kurpark - Großer Teich - Toilette,2025-07-01 17:00:00+02:00,6.987224817276001
f00542a3-5edf-4ea5-bc4b-81e4d4936262,Kurpark - Großer Teich - Toilette,2025-07-01 18:00:00+02:00,3.5893585681915283
f00542a3-5edf-4ea5-bc4b-81e4d4936262,Kurpark - Großer Teich - Toilette,2025-07-01 19:00:00+02:00,1.7189216613769531
f00542a3-5edf-4ea5-bc4b-81e4d4936262,Kurpark - Großer Teich - Toilette,2025-07-01 20:00:00+02:00,11.924555798371633
f00542a3-5edf-4ea5-bc4b-81e4d4936262,Kurpark - Großer Teich - Toilette,2025-07-01 21:00:00+02:00,2.693811813990275
f00542a3-5edf-4ea5-bc4b-81e4d4936262,Kurpark - Großer Teich - Toilette,2025-07-01 22:00:00+02:00,0.9166822830835978
f00542a3-5edf-4ea5-bc4b-81e4d4936262,Kurpark - Großer Teich - Toilette,2025-07-01 23:00:00+02:00,0.4310572147369385
f00542a3-5edf-4ea5-bc4b-81e4d4936262,Kurpark - Großer Teich - Toilette,2025-07-02 00:00:00+02:00,0.351272185643514
f00542a3-5edf-4ea5-bc4b-81e4d4936262,Kurpark - Großer Teich - Toilette,2025-07-02 01:00:00+02:00,0.6340974569320679
f00542a3-5edf-4ea5-bc4b-81e4d4936262,Kurpark - Großer Teich - Toilette,2025-07-02 02:00:00+02:00,0.7797315120697021
f00542a3-5edf-4ea5-bc4b-81e4d4936262,Kurpark - Großer Teich - Toilette,2025-07-02 03:00:00+02:00,1.681040088335673
f00542a3-5edf-4ea5-bc4b-81e4d4936262,Kurpark - Großer Teich - Toilette,2025-07-02 04:00:00+02:00,2.4954440196355185
f00542a3-5edf-4ea5-bc4b-81e4d4936262,Kurpark - Großer Teich - Toilette,2025-07-02 05:00:00+02:00,0.9988349874814352
f00542a3-5edf-4ea5-bc4b-81e4d4936262,Kurpark - Großer Teich - Toilette,2025-07-02 06:00:00+02:00,1.6991068124771118
f00542a3-5edf-4ea5-bc4b-81e4d4936262,Kurpark - Großer Teich - Toilette,2025-07-02 07:00:00+02:00,2.1972704331080117
f00542a3-5edf-4ea5-bc4b-81e4d4936262,Kurpark - Großer Teich - Toilette,2025-07-02 08:00:00+02:00,4.573490023612976
f00542a3-5edf-4ea5-bc4b-81e4d4936262,Kurpark - Großer Teich - Toilette,2025-07-02 09:00:00+02:00,2.6655950943628945
f00542a3-5edf-4ea5-bc4b-81e4d4936262,Kurpark - Großer Teich - Toilette,2025-07-02 10:00:00+02:00,8.598818302154541
f00542a3-5edf-4ea5-bc4b-81e4d4936262,Kurpark - Großer Teich - Toilette,2025-07-02 11:00:00+02:00,14.167458454767862
f00542a3-5edf-4ea5-bc4b-81e4d4936262,Kurpark - Großer Teich - Toilette,2025-07-02 12:00:00+02:00,14.995224316914877
f00542a3-5edf-4ea5-bc4b-81e4d4936262,Kurpark - Großer Teich - Toilette,2025-07-02 13:00:00+02:00,12.42719300587972
f00542a3-5edf-4ea5-bc4b-81e4d4936262,Kurpark - Großer Teich - Toilette,2025-07-02 14:00:00+02:00,10.719121853510538
f00542a3-5edf-4ea5-bc4b-81e4d4936262,Kurpark - Großer Teich - Toilette,2025-07-02 15:00:00+02:00,13.949969291687012
f00542a3-5edf-4ea5-bc4b-81e4d4936262,Kurpark - Großer Teich - Toilette,2025-07-02 16:00:00+02:00,16.01036238670349
f00542a3-5edf-4ea5-bc4b-81e4d4936262,Kurpark - Großer Teich - Toilette,2025-07-02 17:00:00+02:00,11.678893009821573
f00542a3-5edf-4ea5-bc4b-81e4d4936262,Kurpark - Großer Teich - Toilette,2025-07-02 18:00:00+02:00,2.7285788456598916
f00542a3-5edf-4ea5-bc4b-81e4d4936262,Kurpark - Großer Teich - Toilette,2025-07-02 19:00:00+02:00,6.0290383497873945
f00542a3-5edf-4ea5-bc4b-81e4d4936262,Kurpark - Großer Teich - Toilette,2025-07-02 20:00:00+02:00,1.6421197255452473
f00542a3-5edf-4ea5-bc4b-81e4d4936262,Kurpark - Großer Teich - Toilette,2025-07-02 21:00:00+02:00,5.020090123017629
f00542a3-5edf-4ea5-bc4b-81e4d4936262,Kurpark - Großer Teich - Toilette,2025-07-02 22:00:00+02:00,2.3290961583455405
f00542a3-5edf-4ea5-bc4b-81e4d4936262,Kurpark - Großer Teich - Toilette,2025-07-02 23:00:00+02:00,2.266281485557556
f00542a3-5edf-4ea5-bc4b-81e4d4936262,Kurpark - Großer Teich - Toilette,2025-07-03 00:00:00+02:00,1.3456157048543294
f00542a3-5edf-4ea5-bc4b-81e4d4936262,Kurpark - Großer Teich - Toilette,2025-07-03 01:00:00+02:00,1.1144922176996868
f00542a3-5edf-4ea5-bc4b-81e4d4936262,Kurpark - Großer Teich - Toilette,2025-07-03 02:00:00+02:00,1.3389957745869954
f00542a3-5edf-4ea5-bc4b-81e4d4936262,Kurpark - Großer Teich - Toilette,2025-07-03 03:00:00+02:00,1.3035808006922405
f00542a3-5edf-4ea5-bc4b-81e4d4936262,Kurpark - Großer Teich - Toilette,2025-07-03 04:00:00+02:00,2.561289151509603
f00542a3-5edf-4ea5-bc4b-81e4d4936262,Kurpark - Großer Teich - Toilette,2025-07-03 05:00:00+02:00,2.6259756088256836
f00542a3-5edf-4ea5-bc4b-81e4d4936262,Kurpark - Großer Teich - Toilette,2025-07-03 06:00:00+02:00,3.9665302832921348
f00542a3-5edf-4ea5-bc4b-81e4d4936262,Kurpark - Großer Teich - Toilette,2025-07-03 07:00:00+02:00,2.864674667517344
f00542a3-5edf-4ea5-bc4b-81e4d4936262,Kurpark - Großer Teich - Toilette,2025-07-03 08:00:00+02:00,3.7819984356562295
f00542a3-5edf-4ea5-bc4b-81e4d4936262,Kurpark - Großer Teich - Toilette,2025-07-03 09:00:00+02:00,7.546562552452087
f00542a3-5edf-4ea5-bc4b-81e4d4936262,Kurpark - Großer Teich - Toilette,2025-07-03 10:00:00+02:00,1.9713003635406494
f00542a3-5edf-4ea5-bc4b-81e4d4936262,Kurpark - Großer Teich - Toilette,2025-07-03 11:00:00+02:00,13.741007407506308
f00542a3-5edf-4ea5-bc4b-81e4d4936262,Kurpark - Großer Teich - Toilette,2025-07-03 12:00:00+02:00,17.923102219899494
f00542a3-5edf-4ea5-bc4b-81e4d4936262,Kurpark - Großer Teich - Toilette,2025-07-03 13:00:00+02:00,15.743943134943644
f00542a3-5edf-4ea5-bc4b-81e4d4936262,Kurpark - Großer Teich - Toilette,2025-07-03 14:00:00+02:00,5.575804630915324
f00542a3-5edf-4ea5-bc4b-81e4d4936262,Kurpark - Großer Teich - Toilette,2025-07-03 15:00:00+02:00,9.101845343907675
f00542a3-5edf-4ea5-bc4b-81e4d4936262,Kurpark - Großer Teich - Toilette,2025-07-03 16:00:00+02:00,2.8694748083750405
f00542a3-5edf-4ea5-bc4b-81e4d4936262,Kurpark - Großer Teich - Toilette,2025-07-03 17:00:00+02:00,1.3992887338002522
f00542a3-5edf-4ea5-bc4b-81e4d4936262,Kurpark - Großer Teich - Toilette,2025-07-03 18:00:00+02:00,9.177133242289225
f00542a3-5edf-4ea5-bc4b-81e4d4936262,Kurpark - Großer Teich - Toilette,2025-07-03 19:00:00+02:00,20.899090846379597
f00542a3-5edf-4ea5-bc4b-81e4d4936262,Kurpark - Großer Teich - Toilette,2025-07-03 20:00:00+02:00,7.650737524032593
f00542a3-5edf-4ea5-bc4b-81e4d4936262,Kurpark - Großer Teich - Toilette,2025-07-03 21:00:00+02:00,12.23344604174296
f00542a3-5edf-4ea5-bc4b-81e4d4936262,Kurpark - Großer Teich - Toilette,2025-07-03 22:00:00+02:00,3.284439484278361
f00542a3-5edf-4ea5-bc4b-81e4d4936262,Kurpark - Großer Teich - Toilette,2025-07-03 23:00:00+02:00,2.858111580212911
f00542a3-5edf-4ea5-bc4b-81e4d4936262,Kurpark - Großer Teich - Toilette,2025-07-04 00:00:00+02:00,1.8122798999150593
f00542a3-5edf-4ea5-bc4b-81e4d4936262,Kurpark - Großer Teich - Toilette,2025-07-04 01:00:00+02:00,6.588077425956726
f00542a3-5edf-4ea5-bc4b-81e4d4936262,Kurpark - Großer Teich - Toilette,2025-07-04 02:00:00+02:00,2.869873841603597
f00542a3-5edf-4ea5-bc4b-81e4d4936262,Kurpark - Großer Teich - Toilette,2025-07-04 03:00:00+02:00,1.921584924062093
f00542a3-5edf-4ea5-bc4b-81e4d4936262,Kurpark - Großer Teich - Toilette,2025-07-04 04:00:00+02:00,2.449477036794027
f00542a3-5edf-4ea5-bc4b-81e4d4936262,Kurpark - Großer Teich - Toilette,2025-07-04 05:00:00+02:00,2.2262297868728638
f00542a3-5edf-4ea5-bc4b-81e4d4936262,Kurpark - Großer Teich - Toilette,2025-07-04 06:00:00+02:00,3.2463786005973816
f00542a3-5edf-4ea5-bc4b-81e4d4936262,Kurpark - Großer Teich - Toilette,2025-07-04 07:00:00+02:00,2.643277029196421
f00542a3-5edf-4ea5-bc4b-81e4d4936262,Kurpark - Großer Teich - Toilette,2025-07-04 08:00:00+02:00,3.2602349519729614
f00542a3-5edf-4ea5-bc4b-81e4d4936262,Kurpark - Großer Teich - Toilette,2025-07-04 09:00:00+02:00,3.747856537501017
f00542a3-5edf-4ea5-bc4b-81e4d4936262,Kurpark - Großer Teich - Toilette,2025-07-04 10:00:00+02:00,12.560108264287313
f00542a3-5edf-4ea5-bc4b-81e4d4936262,Kurpark - Großer Teich - Toilette,2025-07-04 11:00:00+02:00,20.93886931737264
f00542a3-5edf-4ea5-bc4b-81e4d4936262,Kurpark - Großer Teich - Toilette,2025-07-04 12:00:00+02:00,26.57575861612956
f00542a3-5edf-4ea5-bc4b-81e4d4936262,Kurpark - Großer Teich - Toilette,2025-07-04 13:00:00+02:00,1.5971132914225261
f00542a3-5edf-4ea5-bc4b-81e4d4936262,Kurpark - Großer Teich - Toilette,2025-07-04 14:00:00+02:00,14.517674525578817
f00542a3-5edf-4ea5-bc4b-81e4d4936262,Kurpark - Großer Teich - Toilette,2025-07-04 15:00:00+02:00,15.089017550150553
f00542a3-5edf-4ea5-bc4b-81e4d4936262,Kurpark - Großer Teich - Toilette,2025-07-04 16:00:00+02:00,21.2884840965271
f00542a3-5edf-4ea5-bc4b-81e4d4936262,Kurpark - Großer Teich - Toilette,2025-07-04 17:00:00+02:00,17.280221859614056
f00542a3-5edf-4ea5-bc4b-81e4d4936262,Kurpark - Großer Teich - Toilette,2025-07-04 18:00:00+02:00,17.2247478167216
f00542a3-5edf-4ea5-bc4b-81e4d4936262,Kurpark - Großer Teich - Toilette,2025-07-04 19:00:00+02:00,23.11900194485982
f00542a3-5edf-4ea5-bc4b-81e4d4936262,Kurpark - Großer Teich - Toilette,2025-07-04 20:00:00+02:00,13.46622602144877
f00542a3-5edf-4ea5-bc4b-81e4d4936262,Kurpark - Großer Teich - Toilette,2025-07-04 21:00:00+02:00,5.663858532905579
f00542a3-5edf-4ea5-bc4b-81e4d4936262,Kurpark - Großer Teich - Toilette,2025-07-04 22:00:00+02:00,3.1100582679112754
f00542a3-5edf-4ea5-bc4b-81e4d4936262,Kurpark - Großer Teich - Toilette,2025-07-04 23:00:00+02:00,2.4485432704289756
f00542a3-5edf-4ea5-bc4b-81e4d4936262,Kurpark - Großer Teich - Toilette,2025-07-05 00:00:00+02:00,2.688614626725515
f00542a3-5edf-4ea5-bc4b-81e4d4936262,Kurpark - Großer Teich - Toilette,2025-07-05 01:00:00+02:00,2.4865615367889404
f00542a3-5edf-4ea5-bc4b-81e4d4936262,Kurpark - Großer Teich - Toilette,2025-07-05 02:00:00+02:00,1.717693070570628
f00542a3-5edf-4ea5-bc4b-81e4d4936262,Kurpark - Großer Teich - Toilette,2025-07-05 03:00:00+02:00,1.5490635236104329
f00542a3-5edf-4ea5-bc4b-81e4d4936262,Kurpark - Großer Teich - Toilette,2025-07-05 04:00:00+02:00,1.783131996790568
f00542a3-5edf-4ea5-bc4b-81e4d4936262,Kurpark - Großer Teich - Toilette,2025-07-05 05:00:00+02:00,2.038157860438029
f00542a3-5edf-4ea5-bc4b-81e4d4936262,Kurpark - Großer Teich - Toilette,2025-07-05 06:00:00+02:00,1.9103646278381348
f00542a3-5edf-4ea5-bc4b-81e4d4936262,Kurpark - Großer Teich - Toilette,2025-07-05 07:00:00+02:00,2.249480982621511
f00542a3-5edf-4ea5-bc4b-81e4d4936262,Kurpark - Großer Teich - Toilette,2025-07-05 08:00:00+02:00,5.222851912180583
f00542a3-5edf-4ea5-bc4b-81e4d4936262,Kurpark - Großer Teich - Toilette,2025-07-05 09:00:00+02:00,6.453397274017334
f00542a3-5edf-4ea5-bc4b-81e4d4936262,Kurpark - Großer Teich - Toilette,2025-07-05 10:00:00+02:00,18.916364908218384
f00542a3-5edf-4ea5-bc4b-81e4d4936262,Kurpark - Großer Teich - Toilette,2025-07-05 11:00:00+02:00,3.905834754308065
f00542a3-5edf-4ea5-bc4b-81e4d4936262,Kurpark - Großer Teich - Toilette,2025-07-05 12:00:00+02:00,14.854650338490805
f00542a3-5edf-4ea5-bc4b-81e4d4936262,Kurpark - Großer Teich - Toilette,2025-07-05 13:00:00+02:00,32.58916346232096
f00542a3-5edf-4ea5-bc4b-81e4d4936262,Kurpark - Großer Teich - Toilette,2025-07-05 14:00:00+02:00,4.547985871632894
f00542a3-5edf-4ea5-bc4b-81e4d4936262,Kurpark - Großer Teich - Toilette,2025-07-05 15:00:00+02:00,8.925428708394369
f00542a3-5edf-4ea5-bc4b-81e4d4936262,Kurpark - Großer Teich - Toilette,2025-07-05 16:00:00+02:00,31.454667886098225
f00542a3-5edf-4ea5-bc4b-81e4d4936262,Kurpark - Großer Teich - Toilette,2025-07-05 17:00:00+02:00,4.312429745992024
f00542a3-5edf-4ea5-bc4b-81e4d4936262,Kurpark - Großer Teich - Toilette,2025-07-05 18:00:00+02:00,31.61301851272583
f00542a3-5edf-4ea5-bc4b-81e4d4936262,Kurpark - Großer Teich - Toilette,2025-07-05 19:00:00+02:00,25.77577594916026
f00542a3-5edf-4ea5-bc4b-81e4d4936262,Kurpark - Großer Teich - Toilette,2025-07-05 20:00:00+02:00,23.4396044810613
f00542a3-5edf-4ea5-bc4b-81e4d4936262,Kurpark - Großer Teich - Toilette,2025-07-05 21:00:00+02:00,4.290457824865977
f00542a3-5edf-4ea5-bc4b-81e4d4936262,Kurpark - Großer Teich - Toilette,2025-07-05 22:00:00+02:00,1.3665718634923298
f00542a3-5edf-4ea5-bc4b-81e4d4936262,Kurpark - Großer Teich - Toilette,2025-07-05 23:00:00+02:00,1.7895132700602214
f00542a3-5edf-4ea5-bc4b-81e4d4936262,Kurpark - Großer Teich - Toilette,2025-07-06 00:00:00+02:00,3.230424702167511
f00542a3-5edf-4ea5-bc4b-81e4d4936262,Kurpark - Großer Teich - Toilette,2025-07-06 01:00:00+02:00,3.711947441101074
f00542a3-5edf-4ea5-bc4b-81e4d4936262,Kurpark - Großer Teich - Toilette,2025-07-06 02:00:00+02:00,1.3671208222707112
f00542a3-5edf-4ea5-bc4b-81e4d4936262,Kurpark - Großer Teich - Toilette,2025-07-06 03:00:00+02:00,1.5446542898813884
f00542a3-5edf-4ea5-bc4b-81e4d4936262,Kurpark - Großer Teich - Toilette,2025-07-06 04:00:00+02:00,2.0652124881744385
f00542a3-5edf-4ea5-bc4b-81e4d4936262,Kurpark - Großer Teich - Toilette,2025-07-06 05:00:00+02:00,1.6654998858769734
f00542a3-5edf-4ea5-bc4b-81e4d4936262,Kurpark - Großer Teich - Toilette,2025-07-06 06:00:00+02:00,1.7296692927678425
f00542a3-5edf-4ea5-bc4b-81e4d4936262,Kurpark - Großer Teich - Toilette,2025-07-06 07:00:00+02:00,2.0418975551923118
f00542a3-5edf-4ea5-bc4b-81e4d4936262,Kurpark - Großer Teich - Toilette,2025-07-06 08:00:00+02:00,6.4102224707603455
f00542a3-5edf-4ea5-bc4b-81e4d4936262,Kurpark - Großer Teich - Toilette,2025-07-06 09:00:00+02:00,6.082481145858765
f00542a3-5edf-4ea5-bc4b-81e4d4936262,Kurpark - Großer Teich - Toilette,2025-07-06 10:00:00+02:00,5.3742194175720215
f00542a3-5edf-4ea5-bc4b-81e4d4936262,Kurpark - Großer Teich - Toilette,2025-07-06 11:00:00+02:00,31.501827716827393
f00542a3-5edf-4ea5-bc4b-81e4d4936262,Kurpark - Großer Teich - Toilette,2025-07-06 12:00:00+02:00,13.611199855804443
f00542a3-5edf-4ea5-bc4b-81e4d4936262,Kurpark - Großer Teich - Toilette,2025-07-06 13:00:00+02:00,21.56183449427287
f00542a3-5edf-4ea5-bc4b-81e4d4936262,Kurpark - Großer Teich - Toilette,2025-07-06 14:00:00+02:00,23.77394390106201
f00542a3-5edf-4ea5-bc4b-81e4d4936262,Kurpark - Großer Teich - Toilette,2025-07-06 15:00:00+02:00,32.211756229400635
f00542a3-5edf-4ea5-bc4b-81e4d4936262,Kurpark - Großer Teich - Toilette,2025-07-06 16:00:00+02:00,15.224472284317017
f00542a3-5edf-4ea5-bc4b-81e4d4936262,Kurpark - Großer Teich - Toilette,2025-07-06 17:00:00+02:00,2.7486716906229653
f00542a3-5edf-4ea5-bc4b-81e4d4936262,Kurpark - Großer Teich - Toilette,2025-07-06 18:00:00+02:00,4.791545669237773
f00542a3-5edf-4ea5-bc4b-81e4d4936262,Kurpark - Großer Teich - Toilette,2025-07-06 19:00:00+02:00,9.081037620703379
f00542a3-5edf-4ea5-bc4b-81e4d4936262,Kurpark - Großer Teich - Toilette,2025-07-06 20:00:00+02:00,5.968876838684082
f00542a3-5edf-4ea5-bc4b-81e4d4936262,Kurpark - Großer Teich - Toilette,2025-07-06 21:00:00+02:00,3.0551254749298096
f00542a3-5edf-4ea5-bc4b-81e4d4936262,Kurpark - Großer Teich - Toilette,2025-07-06 22:00:00+02:00,1.907215158144633
f00542a3-5edf-4ea5-bc4b-81e4d4936262,Kurpark - Großer Teich - Toilette,2025-07-06 23:00:00+02:00,0.76151442527771
f00542a3-5edf-4ea5-bc4b-81e4d4936262,Kurpark - Großer Teich - Toilette,2025-07-07 00:00:00+02:00,1.4237069686253865
f00542a3-5edf-4ea5-bc4b-81e4d4936262,Kurpark - Großer Teich - Toilette,2025-07-07 01:00:00+02:00,2.2568418979644775
f00542a3-5edf-4ea5-bc4b-81e4d4936262,Kurpark - Großer Teich - Toilette,2025-07-07 02:00:00+02:00,1.306481957435608
f00542a3-5edf-4ea5-bc4b-81e4d4936262,Kurpark - Großer Teich - Toilette,2025-07-07 03:00:00+02:00,0.9257882833480835
f00542a3-5edf-4ea5-bc4b-81e4d4936262,Kurpark - Großer Teich - Toilette,2025-07-07 04:00:00+02:00,0.9987164338429769
f00542a3-5edf-4ea5-bc4b-81e4d4936262,Kurpark - Großer Teich - Toilette,2025-07-07 05:00:00+02:00,1.1120683352152507
f00542a3-5edf-4ea5-bc4b-81e4d4936262,Kurpark - Großer Teich - Toilette,2025-07-07 06:00:00+02:00,3.995422065258026
f00542a3-5edf-4ea5-bc4b-81e4d4936262,Kurpark - Großer Teich - Toilette,2025-07-07 07:00:00+02:00,2.6643841663996377
f00542a3-5edf-4ea5-bc4b-81e4d4936262,Kurpark - Großer Teich - Toilette,2025-07-07 08:00:00+02:00,3.7721349000930786
f00542a3-5edf-4ea5-bc4b-81e4d4936262,Kurpark - Großer Teich - Toilette,2025-07-07 09:00:00+02:00,9.374825835227966
f00542a3-5edf-4ea5-bc4b-81e4d4936262,Kurpark - Großer Teich - Toilette,2025-07-07 10:00:00+02:00,9.096388657887777
f00542a3-5edf-4ea5-bc4b-81e4d4936262,Kurpark - Großer Teich - Toilette,2025-07-07 11:00:00+02:00,14.168395439783732
f00542a3-5edf-4ea5-bc4b-81e4d4936262,Kurpark - Großer Teich - Toilette,2025-07-07 12:00:00+02:00,18.786703666051228
f00542a3-5edf-4ea5-bc4b-81e4d4936262,Kurpark - Großer Teich - Toilette,2025-07-07 13:00:00+02:00,20.203330993652344
f00542a3-5edf-4ea5-bc4b-81e4d4936262,Kurpark - Großer Teich - Toilette,2025-07-07 14:00:00+02:00,13.776804606119791
f00542a3-5edf-4ea5-bc4b-81e4d4936262,Kurpark - Großer Teich - Toilette,2025-07-07 15:00:00+02:00,5.923266728719075
f00542a3-5edf-4ea5-bc4b-81e4d4936262,Kurpark - Großer Teich - Toilette,2025-07-07 16:00:00+02:00,2.8380268812179565
f00542a3-5edf-4ea5-bc4b-81e4d4936262,Kurpark - Großer Teich - Toilette,2025-07-07 17:00:00+02:00,4.521708130836487
f00542a3-5edf-4ea5-bc4b-81e4d4936262,Kurpark - Großer Teich - Toilette,2025-07-07 18:00:00+02:00,5.8722779750823975
f00542a3-5edf-4ea5-bc4b-81e4d4936262,Kurpark - Großer Teich - Toilette,2025-07-07 19:00:00+02:00,6.984912892182668
f00542a3-5edf-4ea5-bc4b-81e4d4936262,Kurpark - Großer Teich - Toilette,2025-07-07 20:00:00+02:00,2.7056347131729126
f00542a3-5edf-4ea5-bc4b-81e4d4936262,Kurpark - Großer Teich - Toilette,2025-07-07 21:00:00+02:00,1.9356571435928345
f00542a3-5edf-4ea5-bc4b-81e4d4936262,Kurpark - Großer Teich - Toilette,2025-07-07 22:00:00+02:00,4.502676705519359
f00542a3-5edf-4ea5-bc4b-81e4d4936262,Kurpark - Großer Teich - Toilette,2025-07-07 23:00:00+02:00,1.5190780957539876
f00542a3-5edf-4ea5-bc4b-81e4d4936262,Kurpark - Großer Teich - Toilette,2025-07-08 00:00:00+02:00,2.3567339976628623
f00542a3-5edf-4ea5-bc4b-81e4d4936262,Kurpark - Großer Teich - Toilette,2025-07-08 01:00:00+02:00,2.8327448765436807
f00542a3-5edf-4ea5-bc4b-81e4d4936262,Kurpark - Großer Teich - Toilette,2025-07-08 02:00:00+02:00,0.9814955790837606
f00542a3-5edf-4ea5-bc4b-81e4d4936262,Kurpark - Großer Teich - Toilette,2025-07-08 03:00:00+02:00,0.8373146851857504
f00542a3-5edf-4ea5-bc4b-81e4d4936262,Kurpark - Großer Teich - Toilette,2025-07-08 04:00:00+02:00,2.1875800689061484
f00542a3-5edf-4ea5-bc4b-81e4d4936262,Kurpark - Großer Teich - Toilette,2025-07-08 05:00:00+02:00,1.282787263393402
f00542a3-5edf-4ea5-bc4b-81e4d4936262,Kurpark - Großer Teich - Toilette,2025-07-08 06:00:00+02:00,2.0913986961046853
f00542a3-5edf-4ea5-bc4b-81e4d4936262,Kurpark - Großer Teich - Toilette,2025-07-08 07:00:00+02:00,5.100358605384827
f00542a3-5edf-4ea5-bc4b-81e4d4936262,Kurpark - Großer Teich - Toilette,2025-07-08 08:00:00+02:00,8.405860384305319
f00542a3-5edf-4ea5-bc4b-81e4d4936262,Kurpark - Großer Teich - Toilette,2025-07-08 09:00:00+02:00,7.909235874811809
f00542a3-5edf-4ea5-bc4b-81e4d4936262,Kurpark - Großer Teich - Toilette,2025-07-08 10:00:00+02:00,15.154968976974487
f00542a3-5edf-4ea5-bc4b-81e4d4936262,Kurpark - Großer Teich - Toilette,2025-07-08 11:00:00+02:00,7.145881414413452
f00542a3-5edf-4ea5-bc4b-81e4d4936262,Kurpark - Großer Teich - Toilette,2025-07-08 12:00:00+02:00,7.163188060124715
f00542a3-5edf-4ea5-bc4b-81e4d4936262,Kurpark - Großer Teich - Toilette,2025-07-08 13:00:00+02:00,3.510833501815796
f00542a3-5edf-4ea5-bc4b-81e4d4936262,Kurpark - Großer Teich - Toilette,2025-07-08 14:00:00+02:00,0.9785005251566569
f00542a3-5edf-4ea5-bc4b-81e4d4936262,Kurpark - Großer Teich - Toilette,2025-07-08 15:00:00+02:00,11.898073434829712
f00542a3-5edf-4ea5-bc4b-81e4d4936262,Kurpark - Großer Teich - Toilette,2025-07-08 16:00:00+02:00,11.514192899068197
f00542a3-5edf-4ea5-bc4b-81e4d4936262,Kurpark - Großer Teich - Toilette,2025-07-08 17:00:00+02:00,7.5533394018809
f00542a3-5edf-4ea5-bc4b-81e4d4936262,Kurpark - Großer Teich - Toilette,2025-07-08 18:00:00+02:00,2.914520581563314
f00542a3-5edf-4ea5-bc4b-81e4d4936262,Kurpark - Großer Teich - Toilette,2025-07-08 19:00:00+02:00,1.2483679056167603
f00542a3-5edf-4ea5-bc4b-81e4d4936262,Kurpark - Großer Teich - Toilette,2025-07-08 20:00:00+02:00,11.274290998776754
f00542a3-5edf-4ea5-bc4b-81e4d4936262,Kurpark - Großer Teich - Toilette,2025-07-08 21:00:00+02:00,2.292793095111847
f00542a3-5edf-4ea5-bc4b-81e4d4936262,Kurpark - Großer Teich - Toilette,2025-07-08 22:00:00+02:00,0.835442841053009
f00542a3-5edf-4ea5-bc4b-81e4d4936262,Kurpark - Großer Teich - Toilette,2025-07-08 23:00:00+02:00,0.45393327871958417
f00542a3-5edf-4ea5-bc4b-81e4d4936262,Kurpark - Großer Teich - Toilette,2025-07-09 00:00:00+02:00,0.4315885305404663
f00542a3-5edf-4ea5-bc4b-81e4d4936262,Kurpark - Großer Teich - Toilette,2025-07-09 01:00:00+02:00,0.6932429472605387
f00542a3-5edf-4ea5-bc4b-81e4d4936262,Kurpark - Großer Teich - Toilette,2025-07-09 02:00:00+02:00,0.8350427945454916
f00542a3-5edf-4ea5-bc4b-81e4d4936262,Kurpark - Großer Teich - Toilette,2025-07-09 03:00:00+02:00,1.2837107181549072
f00542a3-5edf-4ea5-bc4b-81e4d4936262,Kurpark - Großer Teich - Toilette,2025-07-09 04:00:00+02:00,1.656535545984904
f00542a3-5edf-4ea5-bc4b-81e4d4936262,Kurpark - Großer Teich - Toilette,2025-07-09 05:00:00+02:00,1.9040495157241821
f00542a3-5edf-4ea5-bc4b-81e4d4936262,Kurpark - Großer Teich - Toilette,2025-07-09 06:00:00+02:00,2.4733972549438477
f00542a3-5edf-4ea5-bc4b-81e4d4936262,Kurpark - Großer Teich - Toilette,2025-07-09 07:00:00+02:00,2.848541736602783
f00542a3-5edf-4ea5-bc4b-81e4d4936262,Kurpark - Großer Teich - Toilette,2025-07-09 08:00:00+02:00,5.1690003871917725
f00542a3-5edf-4ea5-bc4b-81e4d4936262,Kurpark - Großer Teich - Toilette,2025-07-09 09:00:00+02:00,3.0480028788248696
f00542a3-5edf-4ea5-bc4b-81e4d4936262,Kurpark - Großer Teich - Toilette,2025-07-09 10:00:00+02:00,2.5867205460866294
f00542a3-5edf-4ea5-bc4b-81e4d4936262,Kurpark - Großer Teich - Toilette,2025-07-09 11:00:00+02:00,2.6715741952260337
f00542a3-5edf-4ea5-bc4b-81e4d4936262,Kurpark - Großer Teich - Toilette,2025-07-09 12:00:00+02:00,24.080477952957153
f00542a3-5edf-4ea5-bc4b-81e4d4936262,Kurpark - Großer Teich - Toilette,2025-07-09 13:00:00+02:00,14.479406436284384
f00542a3-5edf-4ea5-bc4b-81e4d4936262,Kurpark - Großer Teich - Toilette,2025-07-09 14:00:00+02:00,12.749042272567749
f00542a3-5edf-4ea5-bc4b-81e4d4936262,Kurpark - Großer Teich - Toilette,2025-07-09 15:00:00+02:00,27.03533395131429
f00542a3-5edf-4ea5-bc4b-81e4d4936262,Kurpark - Großer Teich - Toilette,2025-07-09 16:00:00+02:00,13.929490248362223
f00542a3-5edf-4ea5-bc4b-81e4d4936262,Kurpark - Großer Teich - Toilette,2025-07-09 17:00:00+02:00,40.14667503039042
f00542a3-5edf-4ea5-bc4b-81e4d4936262,Kurpark - Großer Teich - Toilette,2025-07-09 18:00:00+02:00,21.018207391103108
f00542a3-5edf-4ea5-bc4b-81e4d4936262,Kurpark - Großer Teich - Toilette,2025-07-09 19:00:00+02:00,0.8957812388737997
f00542a3-5edf-4ea5-bc4b-81e4d4936262,Kurpark - Großer Teich - Toilette,2025-07-09 20:00:00+02:00,6.438826998074849
f00542a3-5edf-4ea5-bc4b-81e4d4936262,Kurpark - Großer Teich - Toilette,2025-07-09 21:00:00+02:00,13.06024706363678
f00542a3-5edf-4ea5-bc4b-81e4d4936262,Kurpark - Großer Teich - Toilette,2025-07-09 22:00:00+02:00,1.9087206323941548
f00542a3-5edf-4ea5-bc4b-81e4d4936262,Kurpark - Großer Teich - Toilette,2025-07-09 23:00:00+02:00,2.318328102429708
f00542a3-5edf-4ea5-bc4b-81e4d4936262,Kurpark - Großer Teich - Toilette,2025-07-10 00:00:00+02:00,1.201755166053772
f00542a3-5edf-4ea5-bc4b-81e4d4936262,Kurpark - Großer Teich - Toilette,2025-07-10 01:00:00+02:00,0.8771665493647257
f00542a3-5edf-4ea5-bc4b-81e4d4936262,Kurpark - Großer Teich - Toilette,2025-07-10 02:00:00+02:00,0.9866526126861572
f00542a3-5edf-4ea5-bc4b-81e4d4936262,Kurpark - Großer Teich - Toilette,2025-07-10 03:00:00+02:00,0.9044059912363688
f00542a3-5edf-4ea5-bc4b-81e4d4936262,Kurpark - Großer Teich - Toilette,2025-07-10 04:00:00+02:00,1.9284391403198242
f00542a3-5edf-4ea5-bc4b-81e4d4936262,Kurpark - Großer Teich - Toilette,2025-07-10 05:00:00+02:00,1.710290511449178
f00542a3-5edf-4ea5-bc4b-81e4d4936262,Kurpark - Großer Teich - Toilette,2025-07-10 06:00:00+02:00,4.543584704399109
f00542a3-5edf-4ea5-bc4b-81e4d4936262,Kurpark - Großer Teich - Toilette,2025-07-10 07:00:00+02:00,1.5870007475217183
f00542a3-5edf-4ea5-bc4b-81e4d4936262,Kurpark - Großer Teich - Toilette,2025-07-10 08:00:00+02:00,3.279858112335205
f00542a3-5edf-4ea5-bc4b-81e4d4936262,Kurpark - Großer Teich - Toilette,2025-07-10 09:00:00+02:00,4.49753753344218
f00542a3-5edf-4ea5-bc4b-81e4d4936262,Kurpark - Großer Teich - Toilette,2025-07-10 10:00:00+02:00,1.973403771718343
f00542a3-5edf-4ea5-bc4b-81e4d4936262,Kurpark - Großer Teich - Toilette,2025-07-10 11:00:00+02:00,5.435128768285115
f00542a3-5edf-4ea5-bc4b-81e4d4936262,Kurpark - Großer Teich - Toilette,2025-07-10 12:00:00+02:00,3.552728255589803
f00542a3-5edf-4ea5-bc4b-81e4d4936262,Kurpark - Großer Teich - Toilette,2025-07-10 13:00:00+02:00,14.082426230112711
f00542a3-5edf-4ea5-bc4b-81e4d4936262,Kurpark - Großer Teich - Toilette,2025-07-10 14:00:00+02:00,0.8295451005299886
f00542a3-5edf-4ea5-bc4b-81e4d4936262,Kurpark - Großer Teich - Toilette,2025-07-10 15:00:00+02:00,15.544156233469645
f00542a3-5edf-4ea5-bc4b-81e4d4936262,Kurpark - Großer Teich - Toilette,2025-07-10 16:00:00+02:00,16.707921346028645
f00542a3-5edf-4ea5-bc4b-81e4d4936262,Kurpark - Großer Teich - Toilette,2025-07-10 17:00:00+02:00,1.2458538214365642
f00542a3-5edf-4ea5-bc4b-81e4d4936262,Kurpark - Großer Teich - Toilette,2025-07-10 18:00:00+02:00,5.132486979166667
f00542a3-5edf-4ea5-bc4b-81e4d4936262,Kurpark - Großer Teich - Toilette,2025-07-10 19:00:00+02:00,11.123864014943441
f00542a3-5edf-4ea5-bc4b-81e4d4936262,Kurpark - Großer Teich - Toilette,2025-07-10 20:00:00+02:00,10.074318011601767
f00542a3-5edf-4ea5-bc4b-81e4d4936262,Kurpark - Großer Teich - Toilette,2025-07-10 21:00:00+02:00,1.6997779210408528
f00542a3-5edf-4ea5-bc4b-81e4d4936262,Kurpark - Großer Teich - Toilette,2025-07-10 22:00:00+02:00,5.9673681656519575
f00542a3-5edf-4ea5-bc4b-81e4d4936262,Kurpark - Großer Teich - Toilette,2025-07-10 23:00:00+02:00,2.7204546332359314
f00542a3-5edf-4ea5-bc4b-81e4d4936262,Kurpark - Großer Teich - Toilette,2025-07-11 00:00:00+02:00,1.8780066569646199
f00542a3-5edf-4ea5-bc4b-81e4d4936262,Kurpark - Großer Teich - Toilette,2025-07-11 01:00:00+02:00,1.4185090859731038
f00542a3-5edf-4ea5-bc4b-81e4d4936262,Kurpark - Großer Teich - Toilette,2025-07-11 02:00:00+02:00,2.891186793645223
f00542a3-5edf-4ea5-bc4b-81e4d4936262,Kurpark - Großer Teich - Toilette,2025-07-11 03:00:00+02:00,1.8877028624216716
f00542a3-5edf-4ea5-bc4b-81e4d4936262,Kurpark - Großer Teich - Toilette,2025-07-11 04:00:00+02:00,1.4986926317214966
f00542a3-5edf-4ea5-bc4b-81e4d4936262,Kurpark - Großer Teich - Toilette,2025-07-11 05:00:00+02:00,1.8135250608126323
f00542a3-5edf-4ea5-bc4b-81e4d4936262,Kurpark - Großer Teich - Toilette,2025-07-11 06:00:00+02:00,3.1896504163742065
f00542a3-5edf-4ea5-bc4b-81e4d4936262,Kurpark - Großer Teich - Toilette,2025-07-11 07:00:00+02:00,2.607081413269043
f00542a3-5edf-4ea5-bc4b-81e4d4936262,Kurpark - Großer Teich - Toilette,2025-07-11 08:00:00+02:00,5.7301474412282305
f00542a3-5edf-4ea5-bc4b-81e4d4936262,Kurpark - Großer Teich - Toilette,2025-07-11 09:00:00+02:00,3.6155704657236734
f00542a3-5edf-4ea5-bc4b-81e4d4936262,Kurpark - Großer Teich - Toilette,2025-07-11 10:00:00+02:00,12.358299811681112
f00542a3-5edf-4ea5-bc4b-81e4d4936262,Kurpark - Großer Teich - Toilette,2025-07-11 11:00:00+02:00,20.84030278523763
f00542a3-5edf-4ea5-bc4b-81e4d4936262,Kurpark - Großer Teich - Toilette,2025-07-11 12:00:00+02:00,26.549458106358845
f00542a3-5edf-4ea5-bc4b-81e4d4936262,Kurpark - Großer Teich - Toilette,2025-07-11 13:00:00+02:00,1.6208546956380208
f00542a3-5edf-4ea5-bc4b-81e4d4936262,Kurpark - Großer Teich - Toilette,2025-07-11 14:00:00+02:00,14.546136379241943
f00542a3-5edf-4ea5-bc4b-81e4d4936262,Kurpark - Großer Teich - Toilette,2025-07-11 15:00:00+02:00,15.117364724477133
f00542a3-5edf-4ea5-bc4b-81e4d4936262,Kurpark - Großer Teich - Toilette,2025-07-11 16:00:00+02:00,21.32045563062032
f00542a3-5edf-4ea5-bc4b-81e4d4936262,Kurpark - Großer Teich - Toilette,2025-07-11 17:00:00+02:00,17.21806327501933
f00542a3-5edf-4ea5-bc4b-81e4d4936262,Kurpark - Großer Teich - Toilette,2025-07-11 18:00:00+02:00,17.128553867340088
f00542a3-5edf-4ea5-bc4b-81e4d4936262,Kurpark - Großer Teich - Toilette,2025-07-11 19:00:00+02:00,11.975988626480103
f00542a3-5edf-4ea5-bc4b-81e4d4936262,Kurpark - Großer Teich - Toilette,2025-07-11 20:00:00+02:00,13.2648104429245
f00542a3-5edf-4ea5-bc4b-81e4d4936262,Kurpark - Großer Teich - Toilette,2025-07-11 21:00:00+02:00,6.4647531906763716
f00542a3-5edf-4ea5-bc4b-81e4d4936262,Kurpark - Großer Teich - Toilette,2025-07-11 22:00:00+02:00,3.1850480834643045
f00542a3-5edf-4ea5-bc4b-81e4d4936262,Kurpark - Großer Teich - Toilette,2025-07-11 23:00:00+02:00,2.498246113459269
f00542a3-5edf-4ea5-bc4b-81e4d4936262,Kurpark - Großer Teich - Toilette,2025-07-12 00:00:00+02:00,0.9869445363680521
f00542a3-5edf-4ea5-bc4b-81e4d4936262,Kurpark - Großer Teich - Toilette,2025-07-12 01:00:00+02:00,2.4500896334648132
f00542a3-5edf-4ea5-bc4b-81e4d4936262,Kurpark - Großer Teich - Toilette,2025-07-12 02:00:00+02:00,1.667371114095052
f00542a3-5edf-4ea5-bc4b-81e4d4936262,Kurpark - Großer Teich - Toilette,2025-07-12 03:00:00+02:00,1.5517696539560955
f00542a3-5edf-4ea5-bc4b-81e4d4936262,Kurpark - Großer Teich - Toilette,2025-07-12 04:00:00+02:00,1.7866160869598389
f00542a3-5edf-4ea5-bc4b-81e4d4936262,Kurpark - Großer Teich - Toilette,2025-07-12 05:00:00+02:00,2.004802187283834
f00542a3-5edf-4ea5-bc4b-81e4d4936262,Kurpark - Großer Teich - Toilette,2025-07-12 06:00:00+02:00,1.8359049558639526
f00542a3-5edf-4ea5-bc4b-81e4d4936262,Kurpark - Großer Teich - Toilette,2025-07-12 07:00:00+02:00,2.072215418020884
f00542a3-5edf-4ea5-bc4b-81e4d4936262,Kurpark - Großer Teich - Toilette,2025-07-12 08:00:00+02:00,1.2856230934460957
f00542a3-5edf-4ea5-bc4b-81e4d4936262,Kurpark - Großer Teich - Toilette,2025-07-12 09:00:00+02:00,6.086914420127869
f00542a3-5edf-4ea5-bc4b-81e4d4936262,Kurpark - Großer Teich - Toilette,2025-07-12 10:00:00+02:00,19.480929056803387
f00542a3-5edf-4ea5-bc4b-81e4d4936262,Kurpark - Großer Teich - Toilette,2025-07-12 11:00:00+02:00,3.8804917335510254
f00542a3-5edf-4ea5-bc4b-81e4d4936262,Kurpark - Großer Teich - Toilette,2025-07-12 12:00:00+02:00,10.12833309173584
f00542a3-5edf-4ea5-bc4b-81e4d4936262,Kurpark - Großer Teich - Toilette,2025-07-12 13:00:00+02:00,6.394950866699219
f00542a3-5edf-4ea5-bc4b-81e4d4936262,Kurpark - Großer Teich - Toilette,2025-07-12 14:00:00+02:00,10.3994353612264
f00542a3-5edf-4ea5-bc4b-81e4d4936262,Kurpark - Großer Teich - Toilette,2025-07-12 15:00:00+02:00,14.080323775609335
f00542a3-5edf-4ea5-bc4b-81e4d4936262,Kurpark - Großer Teich - Toilette,2025-07-12 16:00:00+02:00,32.85933542251587
f00542a3-5edf-4ea5-bc4b-81e4d4936262,Kurpark - Großer Teich - Toilette,2025-07-12 17:00:00+02:00,3.8304429848988852
f00542a3-5edf-4ea5-bc4b-81e4d4936262,Kurpark - Großer Teich - Toilette,2025-07-12 18:00:00+02:00,20.77134386698405
f00542a3-5edf-4ea5-bc4b-81e4d4936262,Kurpark - Großer Teich - Toilette,2025-07-12 19:00:00+02:00,13.798291802406311
f00542a3-5edf-4ea5-bc4b-81e4d4936262,Kurpark - Großer Teich - Toilette,2025-07-12 20:00:00+02:00,14.3163623213768
f00542a3-5edf-4ea5-bc4b-81e4d4936262,Kurpark - Großer Teich - Toilette,2025-07-12 21:00:00+02:00,3.733701527118683
f00542a3-5edf-4ea5-bc4b-81e4d4936262,Kurpark - Großer Teich - Toilette,2025-07-12 22:00:00+02:00,2.105483969052633
f00542a3-5edf-4ea5-bc4b-81e4d4936262,Kurpark - Großer Teich - Toilette,2025-07-12 23:00:00+02:00,0.8541102806727091
f00542a3-5edf-4ea5-bc4b-81e4d4936262,Kurpark - Großer Teich - Toilette,2025-07-13 00:00:00+02:00,3.2546907663345337
f00542a3-5edf-4ea5-bc4b-81e4d4936262,Kurpark - Großer Teich - Toilette,2025-07-13 01:00:00+02:00,0.9614754517873129
f00542a3-5edf-4ea5-bc4b-81e4d4936262,Kurpark - Großer Teich - Toilette,2025-07-13 02:00:00+02:00,1.3895070950190227
f00542a3-5edf-4ea5-bc4b-81e4d4936262,Kurpark - Großer Teich - Toilette,2025-07-13 03:00:00+02:00,1.4869747991147249
f00542a3-5edf-4ea5-bc4b-81e4d4936262,Kurpark - Großer Teich - Toilette,2025-07-13 04:00:00+02:00,2.0464252558621494
f00542a3-5edf-4ea5-bc4b-81e4d4936262,Kurpark - Großer Teich - Toilette,2025-07-13 05:00:00+02:00,5.376277015322731
f00542a3-5edf-4ea5-bc4b-81e4d4936262,Kurpark - Großer Teich - Toilette,2025-07-13 06:00:00+02:00,1.8998884677886962
f00542a3-5edf-4ea5-bc4b-81e4d4936262,Kurpark - Großer Teich - Toilette,2025-07-13 07:00:00+02:00,1.5254475693953664
f00542a3-5edf-4ea5-bc4b-81e4d4936262,Kurpark - Großer Teich - Toilette,2025-07-13 08:00:00+02:00,5.81402047475179
f00542a3-5edf-4ea5-bc4b-81e4d4936262,Kurpark - Großer Teich - Toilette,2025-07-13 09:00:00+02:00,5.491860838497386
f00542a3-5edf-4ea5-bc4b-81e4d4936262,Kurpark - Großer Teich - Toilette,2025-07-13 10:00:00+02:00,6.078420042991638
f00542a3-5edf-4ea5-bc4b-81e4d4936262,Kurpark - Großer Teich - Toilette,2025-07-13 11:00:00+02:00,30.253797149658205
f00542a3-5edf-4ea5-bc4b-81e4d4936262,Kurpark - Großer Teich - Toilette,2025-07-13 12:00:00+02:00,14.8109986441476
f00542a3-5edf-4ea5-bc4b-81e4d4936262,Kurpark - Großer Teich - Toilette,2025-07-13 13:00:00+02:00,23.846239236684944
f00542a3-5edf-4ea5-bc4b-81e4d4936262,Kurpark - Großer Teich - Toilette,2025-07-13 14:00:00+02:00,20.728301366170246
f00542a3-5edf-4ea5-bc4b-81e4d4936262,Kurpark - Großer Teich - Toilette,2025-07-13 15:00:00+02:00,29.02073808149858
f00542a3-5edf-4ea5-bc4b-81e4d4936262,Kurpark - Großer Teich - Toilette,2025-07-13 16:00:00+02:00,12.65013313293457
f00542a3-5edf-4ea5-bc4b-81e4d4936262,Kurpark - Großer Teich - Toilette,2025-07-13 17:00:00+02:00,2.20880126953125
f00542a3-5edf-4ea5-bc4b-81e4d4936262,Kurpark - Großer Teich - Toilette,2025-07-13 18:00:00+02:00,4.7685627937316895
f00542a3-5edf-4ea5-bc4b-81e4d4936262,Kurpark - Großer Teich - Toilette,2025-07-13 19:00:00+02:00,10.217625345502581
f00542a3-5edf-4ea5-bc4b-81e4d4936262,Kurpark - Großer Teich - Toilette,2025-07-13 20:00:00+02:00,7.641534487406413
f00542a3-5edf-4ea5-bc4b-81e4d4936262,Kurpark - Großer Teich - Toilette,2025-07-13 21:00:00+02:00,8.928984451293946
f00542a3-5edf-4ea5-bc4b-81e4d4936262,Kurpark - Großer Teich - Toilette,2025-07-13 22:00:00+02:00,2.1477620601654053
f00542a3-5edf-4ea5-bc4b-81e4d4936262,Kurpark - Großer Teich - Toilette,2025-07-13 23:00:00+02:00,0.35987281799316406
f00542a3-5edf-4ea5-bc4b-81e4d4936262,Kurpark - Großer Teich - Toilette,2025-07-14 00:00:00+02:00,1.1704697608947754
f00542a3-5edf-4ea5-bc4b-81e4d4936262,Kurpark - Großer Teich - Toilette,2025-07-14 01:00:00+02:00,2.0572261810302734
fdf97c35-96ee-44ef-8d7f-f8c48f9b4eb8,Parkstraße 24,2025-06-30 03:00:00+02:00,3.5083847045898438
fdf97c35-96ee-44ef-8d7f-f8c48f9b4eb8,Parkstraße 24,2025-06-30 04:00:00+02:00,3.8997058868408203
fdf97c35-96ee-44ef-8d7f-f8c48f9b4eb8,Parkstraße 24,2025-06-30 05:00:00+02:00,7.1908384958903
fdf97c35-96ee-44ef-8d7f-f8c48f9b4eb8,Parkstraße 24,2025-06-30 06:00:00+02:00,3.7061638832092285
fdf97c35-96ee-44ef-8d7f-f8c48f9b4eb8,Parkstraße 24,2025-06-30 07:00:00+02:00,19.5887020111084
fdf97c35-96ee-44ef-8d7f-f8c48f9b4eb8,Parkstraße 24,2025-06-30 08:00:00+02:00,13.643495559692383
fdf97c35-96ee-44ef-8d7f-f8c48f9b4eb8,Parkstraße 24,2025-06-30 09:00:00+02:00,8.114829472133092
fdf97c35-96ee-44ef-8d7f-f8c48f9b4eb8,Parkstraße 24,2025-06-30 10:00:00+02:00,57.55211162567139
fdf97c35-96ee-44ef-8d7f-f8c48f9b4eb8,Parkstraße 24,2025-06-30 11:00:00+02:00,19.74474589029948
fdf97c35-96ee-44ef-8d7f-f8c48f9b4eb8,Parkstraße 24,2025-06-30 12:00:00+02:00,26.44808883666992
fdf97c35-96ee-44ef-8d7f-f8c48f9b4eb8,Parkstraße 24,2025-06-30 13:00:00+02:00,12.660342129794033
fdf97c35-96ee-44ef-8d7f-f8c48f9b4eb8,Parkstraße 24,2025-06-30 14:00:00+02:00,18.36197789510091
fdf97c35-96ee-44ef-8d7f-f8c48f9b4eb8,Parkstraße 24,2025-06-30 15:00:00+02:00,23.992871504563553
fdf97c35-96ee-44ef-8d7f-f8c48f9b4eb8,Parkstraße 24,2025-06-30 16:00:00+02:00,28.085139683314733
fdf97c35-96ee-44ef-8d7f-f8c48f9b4eb8,Parkstraße 24,2025-06-30 17:00:00+02:00,21.53981501261393
fdf97c35-96ee-44ef-8d7f-f8c48f9b4eb8,Parkstraße 24,2025-06-30 18:00:00+02:00,14.553595542907715
fdf97c35-96ee-44ef-8d7f-f8c48f9b4eb8,Parkstraße 24,2025-06-30 19:00:00+02:00,11.259321156670065
fdf97c35-96ee-44ef-8d7f-f8c48f9b4eb8,Parkstraße 24,2025-06-30 20:00:00+02:00,10.25996865166558
fdf97c35-96ee-44ef-8d7f-f8c48f9b4eb8,Parkstraße 24,2025-06-30 21:00:00+02:00,7.704746246337891
fdf97c35-96ee-44ef-8d7f-f8c48f9b4eb8,Parkstraße 24,2025-06-30 22:00:00+02:00,11.252916049957275
fdf97c35-96ee-44ef-8d7f-f8c48f9b4eb8,Parkstraße 24,2025-06-30 23:00:00+02:00,2.694533121018183
fdf97c35-96ee-44ef-8d7f-f8c48f9b4eb8,Parkstraße 24,2025-07-01 00:00:00+02:00,21.82689666748047
fdf97c35-96ee-44ef-8d7f-f8c48f9b4eb8,Parkstraße 24,2025-07-01 01:00:00+02:00,7.490199379298998
fdf97c35-96ee-44ef-8d7f-f8c48f9b4eb8,Parkstraße 24,2025-07-01 02:00:00+02:00,3.719925880432129
fdf97c35-96ee-44ef-8d7f-f8c48f9b4eb8,Parkstraße 24,2025-07-01 03:00:00+02:00,1.2910112539927165
fdf97c35-96ee-44ef-8d7f-f8c48f9b4eb8,Parkstraße 24,2025-07-01 04:00:00+02:00,3.4263203938802085
fdf97c35-96ee-44ef-8d7f-f8c48f9b4eb8,Parkstraße 24,2025-07-01 05:00:00+02:00,13.461267709732056
fdf97c35-96ee-44ef-8d7f-f8c48f9b4eb8,Parkstraße 24,2025-07-01 06:00:00+02:00,3.2154670556386313
fdf97c35-96ee-44ef-8d7f-f8c48f9b4eb8,Parkstraße 24,2025-07-01 07:00:00+02:00,9.454667568206787
fdf97c35-96ee-44ef-8d7f-f8c48f9b4eb8,Parkstraße 24,2025-07-01 08:00:00+02:00,27.238325754801433
fdf97c35-96ee-44ef-8d7f-f8c48f9b4eb8,Parkstraße 24,2025-07-01 09:00:00+02:00,14.937005837758383
fdf97c35-96ee-44ef-8d7f-f8c48f9b4eb8,Parkstraße 24,2025-07-01 10:00:00+02:00,18.55964167912801
fdf97c35-96ee-44ef-8d7f-f8c48f9b4eb8,Parkstraße 24,2025-07-01 11:00:00+02:00,42.4637877146403
fdf97c35-96ee-44ef-8d7f-f8c48f9b4eb8,Parkstraße 24,2025-07-01 12:00:00+02:00,57.95854123433431
fdf97c35-96ee-44ef-8d7f-f8c48f9b4eb8,Parkstraße 24,2025-07-01 13:00:00+02:00,12.376720269521078
fdf97c35-96ee-44ef-8d7f-f8c48f9b4eb8,Parkstraße 24,2025-07-01 14:00:00+02:00,5.418163935343425
fdf97c35-96ee-44ef-8d7f-f8c48f9b4eb8,Parkstraße 24,2025-07-01 15:00:00+02:00,32.399035135904946
fdf97c35-96ee-44ef-8d7f-f8c48f9b4eb8,Parkstraße 24,2025-07-01 16:00:00+02:00,32.15563567479452
fdf97c35-96ee-44ef-8d7f-f8c48f9b4eb8,Parkstraße 24,2025-07-01 17:00:00+02:00,25.727656841278076
fdf97c35-96ee-44ef-8d7f-f8c48f9b4eb8,Parkstraße 24,2025-07-01 18:00:00+02:00,20.000660975774128
fdf97c35-96ee-44ef-8d7f-f8c48f9b4eb8,Parkstraße 24,2025-07-01 19:00:00+02:00,16.709964156150818
fdf97c35-96ee-44ef-8d7f-f8c48f9b4eb8,Parkstraße 24,2025-07-01 20:00:00+02:00,11.295196652412415
fdf97c35-96ee-44ef-8d7f-f8c48f9b4eb8,Parkstraße 24,2025-07-01 21:00:00+02:00,5.472095251083374
fdf97c35-96ee-44ef-8d7f-f8c48f9b4eb8,Parkstraße 24,2025-07-01 22:00:00+02:00,6.008380651473999
fdf97c35-96ee-44ef-8d7f-f8c48f9b4eb8,Parkstraße 24,2025-07-01 23:00:00+02:00,13.445857604344686
fdf97c35-96ee-44ef-8d7f-f8c48f9b4eb8,Parkstraße 24,2025-07-02 00:00:00+02:00,19.962392727533977
fdf97c35-96ee-44ef-8d7f-f8c48f9b4eb8,Parkstraße 24,2025-07-02 01:00:00+02:00,3.230777104695638
fdf97c35-96ee-44ef-8d7f-f8c48f9b4eb8,Parkstraße 24,2025-07-02 02:00:00+02:00,1.731070836385091
fdf97c35-96ee-44ef-8d7f-f8c48f9b4eb8,Parkstraße 24,2025-07-02 03:00:00+02:00,1.9749065240224202
fdf97c35-96ee-44ef-8d7f-f8c48f9b4eb8,Parkstraße 24,2025-07-02 04:00:00+02:00,2.209657390912374
fdf97c35-96ee-44ef-8d7f-f8c48f9b4eb8,Parkstraße 24,2025-07-02 05:00:00+02:00,3.289240558942159
fdf97c35-96ee-44ef-8d7f-f8c48f9b4eb8,Parkstraße 24,2025-07-02 06:00:00+02:00,10.547377268473307
fdf97c35-96ee-44ef-8d7f-f8c48f9b4eb8,Parkstraße 24,2025-07-02 07:00:00+02:00,4.607329924901326
fdf97c35-96ee-44ef-8d7f-f8c48f9b4eb8,Parkstraße 24,2025-07-02 08:00:00+02:00,29.452977180480957
fdf97c35-96ee-44ef-8d7f-f8c48f9b4eb8,Parkstraße 24,2025-07-02 09:00:00+02:00,20.953490257263184
fdf97c35-96ee-44ef-8d7f-f8c48f9b4eb8,Parkstraße 24,2025-07-02 10:00:00+02:00,38.97783104578654
fdf97c35-96ee-44ef-8d7f-f8c48f9b4eb8,Parkstraße 24,2025-07-02 11:00:00+02:00,35.0211763381958
fdf97c35-96ee-44ef-8d7f-f8c48f9b4eb8,Parkstraße 24,2025-07-02 12:00:00+02:00,31.263419946034748
fdf97c35-96ee-44ef-8d7f-f8c48f9b4eb8,Parkstraße 24,2025-07-02 13:00:00+02:00,12.977650960286459
fdf97c35-96ee-44ef-8d7f-f8c48f9b4eb8,Parkstraße 24,2025-07-02 14:00:00+02:00,9.223402976989746
fdf97c35-96ee-44ef-8d7f-f8c48f9b4eb8,Parkstraße 24,2025-07-02 15:00:00+02:00,38.1754584312439
fdf97c35-96ee-44ef-8d7f-f8c48f9b4eb8,Parkstraße 24,2025-07-02 16:00:00+02:00,32.384942054748535
fdf97c35-96ee-44ef-8d7f-f8c48f9b4eb8,Parkstraße 24,2025-07-02 17:00:00+02:00,25.27994505564371
fdf97c35-96ee-44ef-8d7f-f8c48f9b4eb8,Parkstraße 24,2025-07-02 18:00:00+02:00,22.35058816274007
fdf97c35-96ee-44ef-8d7f-f8c48f9b4eb8,Parkstraße 24,2025-07-02 19:00:00+02:00,11.96964836120605
fdf97c35-96ee-44ef-8d7f-f8c48f9b4eb8,Parkstraße 24,2025-07-02 20:00:00+02:00,9.922015269597372
fdf97c35-96ee-44ef-8d7f-f8c48f9b4eb8,Parkstraße 24,2025-07-02 21:00:00+02:00,7.403390725453694
fdf97c35-96ee-44ef-8d7f-f8c48f9b4eb8,Parkstraße 24,2025-07-02 22:00:00+02:00,15.907418727874756
fdf97c35-96ee-44ef-8d7f-f8c48f9b4eb8,Parkstraße 24,2025-07-02 23:00:00+02:00,0.9345974127451578
fdf97c35-96ee-44ef-8d7f-f8c48f9b4eb8,Parkstraße 24,2025-07-03 00:00:00+02:00,3.0182822545369468
fdf97c35-96ee-44ef-8d7f-f8c48f9b4eb8,Parkstraße 24,2025-07-03 01:00:00+02:00,5.00547194480896
fdf97c35-96ee-44ef-8d7f-f8c48f9b4eb8,Parkstraße 24,2025-07-03 02:00:00+02:00,2.0678792794545493
fdf97c35-96ee-44ef-8d7f-f8c48f9b4eb8,Parkstraße 24,2025-07-03 03:00:00+02:00,2.7775986194610596
fdf97c35-96ee-44ef-8d7f-f8c48f9b4eb8,Parkstraße 24,2025-07-03 04:00:00+02:00,5.982743144035339
fdf97c35-96ee-44ef-8d7f-f8c48f9b4eb8,Parkstraße 24,2025-07-03 05:00:00+02:00,4.822743972142537
fdf97c35-96ee-44ef-8d7f-f8c48f9b4eb8,Parkstraße 24,2025-07-03 06:00:00+02:00,5.837286869684855
fdf97c35-96ee-44ef-8d7f-f8c48f9b4eb8,Parkstraße 24,2025-07-03 07:00:00+02:00,9.330180724461874
fdf97c35-96ee-44ef-8d7f-f8c48f9b4eb8,Parkstraße 24,2025-07-03 08:00:00+02:00,3.3274459838867188
fdf97c35-96ee-44ef-8d7f-f8c48f9b4eb8,Parkstraße 24,2025-07-03 09:00:00+02:00,6.431386788686116
fdf97c35-96ee-44ef-8d7f-f8c48f9b4eb8,Parkstraße 24,2025-07-03 10:00:00+02:00,22.707955996195476
fdf97c35-96ee-44ef-8d7f-f8c48f9b4eb8,Parkstraße 24,2025-07-03 11:00:00+02:00,27.973270416259766
fdf97c35-96ee-44ef-8d7f-f8c48f9b4eb8,Parkstraße 24,2025-07-03 12:00:00+02:00,9.18739684422811
fdf97c35-96ee-44ef-8d7f-f8c48f9b4eb8,Parkstraße 24,2025-07-03 13:00:00+02:00,19.28275728225708
fdf97c35-96ee-44ef-8d7f-f8c48f9b4eb8,Parkstraße 24,2025-07-03 14:00:00+02:00,7.526241620381673
fdf97c35-96ee-44ef-8d7f-f8c48f9b4eb8,Parkstraße 24,2025-07-03 15:00:00+02:00,45.568220138549805
fdf97c35-96ee-44ef-8d7f-f8c48f9b4eb8,Parkstraße 24,2025-07-03 16:00:00+02:00,41.12702210744222
fdf97c35-96ee-44ef-8d7f-f8c48f9b4eb8,Parkstraße 24,2025-07-03 17:00:00+02:00,39.42227919896444
fdf97c35-96ee-44ef-8d7f-f8c48f9b4eb8,Parkstraße 24,2025-07-03 18:00:00+02:00,22.100245475769043
fdf97c35-96ee-44ef-8d7f-f8c48f9b4eb8,Parkstraße 24,2025-07-03 19:00:00+02:00,17.68402059872945
fdf97c35-96ee-44ef-8d7f-f8c48f9b4eb8,Parkstraße 24,2025-07-03 20:00:00+02:00,8.819157520929972
fdf97c35-96ee-44ef-8d7f-f8c48f9b4eb8,Parkstraße 24,2025-07-03 21:00:00+02:00,6.548504710197449
fdf97c35-96ee-44ef-8d7f-f8c48f9b4eb8,Parkstraße 24,2025-07-03 22:00:00+02:00,18.631190538406372
fdf97c35-96ee-44ef-8d7f-f8c48f9b4eb8,Parkstraße 24,2025-07-03 23:00:00+02:00,1.412748654683431
fdf97c35-96ee-44ef-8d7f-f8c48f9b4eb8,Parkstraße 24,2025-07-04 00:00:00+02:00,7.011011362075806
fdf97c35-96ee-44ef-8d7f-f8c48f9b4eb8,Parkstraße 24,2025-07-04 01:00:00+02:00,13.87802251180013
fdf97c35-96ee-44ef-8d7f-f8c48f9b4eb8,Parkstraße 24,2025-07-04 02:00:00+02:00,4.390132109324138
fdf97c35-96ee-44ef-8d7f-f8c48f9b4eb8,Parkstraße 24,2025-07-04 03:00:00+02:00,4.275738557179769
fdf97c35-96ee-44ef-8d7f-f8c48f9b4eb8,Parkstraße 24,2025-07-04 04:00:00+02:00,6.51238489151001
fdf97c35-96ee-44ef-8d7f-f8c48f9b4eb8,Parkstraße 24,2025-07-04 05:00:00+02:00,4.626120845476787
fdf97c35-96ee-44ef-8d7f-f8c48f9b4eb8,Parkstraße 24,2025-07-04 06:00:00+02:00,10.687610308329264
fdf97c35-96ee-44ef-8d7f-f8c48f9b4eb8,Parkstraße 24,2025-07-04 07:00:00+02:00,7.128821134567261
fdf97c35-96ee-44ef-8d7f-f8c48f9b4eb8,Parkstraße 24,2025-07-04 08:00:00+02:00,22.12889862060547
fdf97c35-96ee-44ef-8d7f-f8c48f9b4eb8,Parkstraße 24,2025-07-04 09:00:00+02:00,9.622387568155924
fdf97c35-96ee-44ef-8d7f-f8c48f9b4eb8,Parkstraße 24,2025-07-04 10:00:00+02:00,29.005740801493328
fdf97c35-96ee-44ef-8d7f-f8c48f9b4eb8,Parkstraße 24,2025-07-04 11:00:00+02:00,38.92232131958008
fdf97c35-96ee-44ef-8d7f-f8c48f9b4eb8,Parkstraße 24,2025-07-04 12:00:00+02:00,21.478946367899578
fdf97c35-96ee-44ef-8d7f-f8c48f9b4eb8,Parkstraße 24,2025-07-04 13:00:00+02:00,16.966283162434895
fdf97c35-96ee-44ef-8d7f-f8c48f9b4eb8,Parkstraße 24,2025-07-04 14:00:00+02:00,32.699127515157066
fdf97c35-96ee-44ef-8d7f-f8c48f9b4eb8,Parkstraße 24,2025-07-04 15:00:00+02:00,55.321201960245766
fdf97c35-96ee-44ef-8d7f-f8c48f9b4eb8,Parkstraße 24,2025-07-04 16:00:00+02:00,52.91426054636637
fdf97c35-96ee-44ef-8d7f-f8c48f9b4eb8,Parkstraße 24,2025-07-04 17:00:00+02:00,29.837517738342285
fdf97c35-96ee-44ef-8d7f-f8c48f9b4eb8,Parkstraße 24,2025-07-04 18:00:00+02:00,23.747783819834392
fdf97c35-96ee-44ef-8d7f-f8c48f9b4eb8,Parkstraße 24,2025-07-04 19:00:00+02:00,10.957870403925577
fdf97c35-96ee-44ef-8d7f-f8c48f9b4eb8,Parkstraße 24,2025-07-04 20:00:00+02:00,9.957780679066977
fdf97c35-96ee-44ef-8d7f-f8c48f9b4eb8,Parkstraße 24,2025-07-04 21:00:00+02:00,5.148515939712524
fdf97c35-96ee-44ef-8d7f-f8c48f9b4eb8,Parkstraße 24,2025-07-04 22:00:00+02:00,29.469420274098713
fdf97c35-96ee-44ef-8d7f-f8c48f9b4eb8,Parkstraße 24,2025-07-04 23:00:00+02:00,3.8121306896209717
fdf97c35-96ee-44ef-8d7f-f8c48f9b4eb8,Parkstraße 24,2025-07-05 00:00:00+02:00,25.86604090531667
fdf97c35-96ee-44ef-8d7f-f8c48f9b4eb8,Parkstraße 24,2025-07-05 01:00:00+02:00,1.795987606048584
fdf97c35-96ee-44ef-8d7f-f8c48f9b4eb8,Parkstraße 24,2025-07-05 02:00:00+02:00,2.5386740366617837
fdf97c35-96ee-44ef-8d7f-f8c48f9b4eb8,Parkstraße 24,2025-07-05 03:00:00+02:00,2.7175920009613037
fdf97c35-96ee-44ef-8d7f-f8c48f9b4eb8,Parkstraße 24,2025-07-05 04:00:00+02:00,3.0292065938313804
fdf97c35-96ee-44ef-8d7f-f8c48f9b4eb8,Parkstraße 24,2025-07-05 05:00:00+02:00,3.130528211593628
fdf97c35-96ee-44ef-8d7f-f8c48f9b4eb8,Parkstraße 24,2025-07-05 06:00:00+02:00,3.9821709791819253
fdf97c35-96ee-44ef-8d7f-f8c48f9b4eb8,Parkstraße 24,2025-07-05 07:00:00+02:00,4.123395045598348
fdf97c35-96ee-44ef-8d7f-f8c48f9b4eb8,Parkstraße 24,2025-07-05 08:00:00+02:00,4.193650881449382
fdf97c35-96ee-44ef-8d7f-f8c48f9b4eb8,Parkstraße 24,2025-07-05 09:00:00+02:00,7.870356718699138
fdf97c35-96ee-44ef-8d7f-f8c48f9b4eb8,Parkstraße 24,2025-07-05 10:00:00+02:00,68.70436509450276
fdf97c35-96ee-44ef-8d7f-f8c48f9b4eb8,Parkstraße 24,2025-07-05 11:00:00+02:00,33.52339871724447
fdf97c35-96ee-44ef-8d7f-f8c48f9b4eb8,Parkstraße 24,2025-07-05 12:00:00+02:00,33.76544316609701
fdf97c35-96ee-44ef-8d7f-f8c48f9b4eb8,Parkstraße 24,2025-07-05 13:00:00+02:00,5.715424219767253
fdf97c35-96ee-44ef-8d7f-f8c48f9b4eb8,Parkstraße 24,2025-07-05 14:00:00+02:00,11.040139516194662
fdf97c35-96ee-44ef-8d7f-f8c48f9b4eb8,Parkstraße 24,2025-07-05 15:00:00+02:00,66.46488173802693
fdf97c35-96ee-44ef-8d7f-f8c48f9b4eb8,Parkstraße 24,2025-07-05 16:00:00+02:00,56.11652755737305
fdf97c35-96ee-44ef-8d7f-f8c48f9b4eb8,Parkstraße 24,2025-07-05 17:00:00+02:00,36.78926992416382
fdf97c35-96ee-44ef-8d7f-f8c48f9b4eb8,Parkstraße 24,2025-07-05 18:00:00+02:00,33.27741972605387
fdf97c35-96ee-44ef-8d7f-f8c48f9b4eb8,Parkstraße 24,2025-07-05 19:00:00+02:00,11.837863008181253
fdf97c35-96ee-44ef-8d7f-f8c48f9b4eb8,Parkstraße 24,2025-07-05 20:00:00+02:00,5.932336648305257
fdf97c35-96ee-44ef-8d7f-f8c48f9b4eb8,Parkstraße 24,2025-07-05 21:00:00+02:00,4.476225852966309
fdf97c35-96ee-44ef-8d7f-f8c48f9b4eb8,Parkstraße 24,2025-07-05 22:00:00+02:00,10.579217751820883
fdf97c35-96ee-44ef-8d7f-f8c48f9b4eb8,Parkstraße 24,2025-07-05 23:00:00+02:00,4.000991106033325
fdf97c35-96ee-44ef-8d7f-f8c48f9b4eb8,Parkstraße 24,2025-07-06 00:00:00+02:00,26.964060068130493
fdf97c35-96ee-44ef-8d7f-f8c48f9b4eb8,Parkstraße 24,2025-07-06 01:00:00+02:00,15.40309206644694
fdf97c35-96ee-44ef-8d7f-f8c48f9b4eb8,Parkstraße 24,2025-07-06 02:00:00+02:00,5.6208211580912275
fdf97c35-96ee-44ef-8d7f-f8c48f9b4eb8,Parkstraße 24,2025-07-06 03:00:00+02:00,4.659288644790649
fdf97c35-96ee-44ef-8d7f-f8c48f9b4eb8,Parkstraße 24,2025-07-06 04:00:00+02:00,5.9144511222839355
fdf97c35-96ee-44ef-8d7f-f8c48f9b4eb8,Parkstraße 24,2025-07-06 05:00:00+02:00,4.837576866149902
fdf97c35-96ee-44ef-8d7f-f8c48f9b4eb8,Parkstraße 24,2025-07-06 06:00:00+02:00,4.535183231035869
fdf97c35-96ee-44ef-8d7f-f8c48f9b4eb8,Parkstraße 24,2025-07-06 07:00:00+02:00,9.617669026056925
fdf97c35-96ee-44ef-8d7f-f8c48f9b4eb8,Parkstraße 24,2025-07-06 08:00:00+02:00,6.529489040374756
fdf97c35-96ee-44ef-8d7f-f8c48f9b4eb8,Parkstraße 24,2025-07-06 09:00:00+02:00,8.522986570994059
fdf97c35-96ee-44ef-8d7f-f8c48f9b4eb8,Parkstraße 24,2025-07-06 10:00:00+02:00,20.20696210861206
fdf97c35-96ee-44ef-8d7f-f8c48f9b4eb8,Parkstraße 24,2025-07-06 11:00:00+02:00,15.636483828226725
fdf97c35-96ee-44ef-8d7f-f8c48f9b4eb8,Parkstraße 24,2025-07-06 12:00:00+02:00,15.371654510498047
fdf97c35-96ee-44ef-8d7f-f8c48f9b4eb8,Parkstraße 24,2025-07-06 13:00:00+02:00,10.658911069234213
fdf97c35-96ee-44ef-8d7f-f8c48f9b4eb8,Parkstraße 24,2025-07-06 14:00:00+02:00,58.86104043324789
fdf97c35-96ee-44ef-8d7f-f8c48f9b4eb8,Parkstraße 24,2025-07-06 15:00:00+02:00,49.16649834314982
fdf97c35-96ee-44ef-8d7f-f8c48f9b4eb8,Parkstraße 24,2025-07-06 16:00:00+02:00,35.35136493047079
fdf97c35-96ee-44ef-8d7f-f8c48f9b4eb8,Parkstraße 24,2025-07-06 17:00:00+02:00,22.09694766998291
fdf97c35-96ee-44ef-8d7f-f8c48f9b4eb8,Parkstraße 24,2025-07-06 18:00:00+02:00,13.086076776186625
fdf97c35-96ee-44ef-8d7f-f8c48f9b4eb8,Parkstraße 24,2025-07-06 19:00:00+02:00,7.4024161497751875
fdf97c35-96ee-44ef-8d7f-f8c48f9b4eb8,Parkstraße 24,2025-07-06 20:00:00+02:00,3.5875478982925415
fdf97c35-96ee-44ef-8d7f-f8c48f9b4eb8,Parkstraße 24,2025-07-06 21:00:00+02:00,9.240407466888428
fdf97c35-96ee-44ef-8d7f-f8c48f9b4eb8,Parkstraße 24,2025-07-06 22:00:00+02:00,20.159017483393352
fdf97c35-96ee-44ef-8d7f-f8c48f9b4eb8,Parkstraße 24,2025-07-06 23:00:00+02:00,5.195415655771892
fdf97c35-96ee-44ef-8d7f-f8c48f9b4eb8,Parkstraße 24,2025-07-07 00:00:00+02:00,4.062488317489624
fdf97c35-96ee-44ef-8d7f-f8c48f9b4eb8,Parkstraße 24,2025-07-07 01:00:00+02:00,6.928448756535848
fdf97c35-96ee-44ef-8d7f-f8c48f9b4eb8,Parkstraße 24,2025-07-07 02:00:00+02:00,4.606626192728679
fdf97c35-96ee-44ef-8d7f-f8c48f9b4eb8,Parkstraße 24,2025-07-07 03:00:00+02:00,2.6327975591023765
fdf97c35-96ee-44ef-8d7f-f8c48f9b4eb8,Parkstraße 24,2025-07-07 04:00:00+02:00,5.514123042424523
fdf97c35-96ee-44ef-8d7f-f8c48f9b4eb8,Parkstraße 24,2025-07-07 05:00:00+02:00,2.720104535420736
fdf97c35-96ee-44ef-8d7f-f8c48f9b4eb8,Parkstraße 24,2025-07-07 06:00:00+02:00,5.333349148432414
fdf97c35-96ee-44ef-8d7f-f8c48f9b4eb8,Parkstraße 24,2025-07-07 07:00:00+02:00,18.66133936246236
fdf97c35-96ee-44ef-8d7f-f8c48f9b4eb8,Parkstraße 24,2025-07-07 08:00:00+02:00,7.228176514307658
fdf97c35-96ee-44ef-8d7f-f8c48f9b4eb8,Parkstraße 24,2025-07-07 09:00:00+02:00,15.558769385019938
fdf97c35-96ee-44ef-8d7f-f8c48f9b4eb8,Parkstraße 24,2025-07-07 10:00:00+02:00,58.80003054936727
fdf97c35-96ee-44ef-8d7f-f8c48f9b4eb8,Parkstraße 24,2025-07-07 11:00:00+02:00,28.448225339253742
fdf97c35-96ee-44ef-8d7f-f8c48f9b4eb8,Parkstraße 24,2025-07-07 12:00:00+02:00,31.89285882314046
fdf97c35-96ee-44ef-8d7f-f8c48f9b4eb8,Parkstraße 24,2025-07-07 13:00:00+02:00,13.2021435101827
fdf97c35-96ee-44ef-8d7f-f8c48f9b4eb8,Parkstraße 24,2025-07-07 14:00:00+02:00,4.311783313751221
fdf97c35-96ee-44ef-8d7f-f8c48f9b4eb8,Parkstraße 24,2025-07-07 15:00:00+02:00,30.04249159495036
fdf97c35-96ee-44ef-8d7f-f8c48f9b4eb8,Parkstraße 24,2025-07-07 16:00:00+02:00,25.08408784866333
fdf97c35-96ee-44ef-8d7f-f8c48f9b4eb8,Parkstraße 24,2025-07-07 17:00:00+02:00,12.469257593154907
fdf97c35-96ee-44ef-8d7f-f8c48f9b4eb8,Parkstraße 24,2025-07-07 18:00:00+02:00,17.30465356508891
fdf97c35-96ee-44ef-8d7f-f8c48f9b4eb8,Parkstraße 24,2025-07-07 19:00:00+02:00,10.107348084449768
fdf97c35-96ee-44ef-8d7f-f8c48f9b4eb8,Parkstraße 24,2025-07-07 20:00:00+02:00,9.473222454388937
fdf97c35-96ee-44ef-8d7f-f8c48f9b4eb8,Parkstraße 24,2025-07-07 21:00:00+02:00,5.059783220291138
fdf97c35-96ee-44ef-8d7f-f8c48f9b4eb8,Parkstraße 24,2025-07-07 22:00:00+02:00,11.168828010559082
fdf97c35-96ee-44ef-8d7f-f8c48f9b4eb8,Parkstraße 24,2025-07-07 23:00:00+02:00,2.971240202585856
fdf97c35-96ee-44ef-8d7f-f8c48f9b4eb8,Parkstraße 24,2025-07-08 00:00:00+02:00,23.563801685969036
fdf97c35-96ee-44ef-8d7f-f8c48f9b4eb8,Parkstraße 24,2025-07-08 01:00:00+02:00,2.430861314137777
fdf97c35-96ee-44ef-8d7f-f8c48f9b4eb8,Parkstraße 24,2025-07-08 02:00:00+02:00,2.9799644947052
fdf97c35-96ee-44ef-8d7f-f8c48f9b4eb8,Parkstraße 24,2025-07-08 03:00:00+02:00,1.1898024082183838
fdf97c35-96ee-44ef-8d7f-f8c48f9b4eb8,Parkstraße 24,2025-07-08 04:00:00+02:00,5.270142634709676
fdf97c35-96ee-44ef-8d7f-f8c48f9b4eb8,Parkstraße 24,2025-07-08 05:00:00+02:00,7.798268834749858
fdf97c35-96ee-44ef-8d7f-f8c48f9b4eb8,Parkstraße 24,2025-07-08 06:00:00+02:00,3.8562519550323486
fdf97c35-96ee-44ef-8d7f-f8c48f9b4eb8,Parkstraße 24,2025-07-08 07:00:00+02:00,5.588894764582316
fdf97c35-96ee-44ef-8d7f-f8c48f9b4eb8,Parkstraße 24,2025-07-08 08:00:00+02:00,6.282626152038574
fdf97c35-96ee-44ef-8d7f-f8c48f9b4eb8,Parkstraße 24,2025-07-08 09:00:00+02:00,15.748929977416992
fdf97c35-96ee-44ef-8d7f-f8c48f9b4eb8,Parkstraße 24,2025-07-08 10:00:00+02:00,18.7526060740153
fdf97c35-96ee-44ef-8d7f-f8c48f9b4eb8,Parkstraße 24,2025-07-08 11:00:00+02:00,36.199957847595215
fdf97c35-96ee-44ef-8d7f-f8c48f9b4eb8,Parkstraße 24,2025-07-08 12:00:00+02:00,33.40691105524699
fdf97c35-96ee-44ef-8d7f-f8c48f9b4eb8,Parkstraße 24,2025-07-08 13:00:00+02:00,51.70009692509969
fdf97c35-96ee-44ef-8d7f-f8c48f9b4eb8,Parkstraße 24,2025-07-08 14:00:00+02:00,40.535768349965416
fdf97c35-96ee-44ef-8d7f-f8c48f9b4eb8,Parkstraße 24,2025-07-08 15:00:00+02:00,28.108442306518555
fdf97c35-96ee-44ef-8d7f-f8c48f9b4eb8,Parkstraße 24,2025-07-08 16:00:00+02:00,32.9601674079895
fdf97c35-96ee-44ef-8d7f-f8c48f9b4eb8,Parkstraße 24,2025-07-08 17:00:00+02:00,26.689794699350994
fdf97c35-96ee-44ef-8d7f-f8c48f9b4eb8,Parkstraße 24,2025-07-08 18:00:00+02:00,21.114434639612835
fdf97c35-96ee-44ef-8d7f-f8c48f9b4eb8,Parkstraße 24,2025-07-08 19:00:00+02:00,17.736014366149902
fdf97c35-96ee-44ef-8d7f-f8c48f9b4eb8,Parkstraße 24,2025-07-08 20:00:00+02:00,11.95990526676178
fdf97c35-96ee-44ef-8d7f-f8c48f9b4eb8,Parkstraße 24,2025-07-08 21:00:00+02:00,5.8432367245356245
fdf97c35-96ee-44ef-8d7f-f8c48f9b4eb8,Parkstraße 24,2025-07-08 22:00:00+02:00,5.799392620722453
fdf97c35-96ee-44ef-8d7f-f8c48f9b4eb8,Parkstraße 24,2025-07-08 23:00:00+02:00,13.33076580365499
fdf97c35-96ee-44ef-8d7f-f8c48f9b4eb8,Parkstraße 24,2025-07-09 00:00:00+02:00,19.933652877807617
fdf97c35-96ee-44ef-8d7f-f8c48f9b4eb8,Parkstraße 24,2025-07-09 01:00:00+02:00,3.3235923449198403
fdf97c35-96ee-44ef-8d7f-f8c48f9b4eb8,Parkstraße 24,2025-07-09 02:00:00+02:00,1.5601880550384521
fdf97c35-96ee-44ef-8d7f-f8c48f9b4eb8,Parkstraße 24,2025-07-09 03:00:00+02:00,2.1485256354014077
fdf97c35-96ee-44ef-8d7f-f8c48f9b4eb8,Parkstraße 24,2025-07-09 04:00:00+02:00,1.9007938305536907
fdf97c35-96ee-44ef-8d7f-f8c48f9b4eb8,Parkstraße 24,2025-07-09 05:00:00+02:00,2.7567978302637735
fdf97c35-96ee-44ef-8d7f-f8c48f9b4eb8,Parkstraße 24,2025-07-09 06:00:00+02:00,10.234209616978964
fdf97c35-96ee-44ef-8d7f-f8c48f9b4eb8,Parkstraße 24,2025-07-09 07:00:00+02:00,4.318918625513713
fdf97c35-96ee-44ef-8d7f-f8c48f9b4eb8,Parkstraße 24,2025-07-09 08:00:00+02:00,29.357404549916584
fdf97c35-96ee-44ef-8d7f-f8c48f9b4eb8,Parkstraße 24,2025-07-09 09:00:00+02:00,30.778871059417725
fdf97c35-96ee-44ef-8d7f-f8c48f9b4eb8,Parkstraße 24,2025-07-09 10:00:00+02:00,36.782254695892334
fdf97c35-96ee-44ef-8d7f-f8c48f9b4eb8,Parkstraße 24,2025-07-09 11:00:00+02:00,40.81503677368164
fdf97c35-96ee-44ef-8d7f-f8c48f9b4eb8,Parkstraße 24,2025-07-09 12:00:00+02:00,25.066426912943523
fdf97c35-96ee-44ef-8d7f-f8c48f9b4eb8,Parkstraße 24,2025-07-09 13:00:00+02:00,12.77950636545817
fdf97c35-96ee-44ef-8d7f-f8c48f9b4eb8,Parkstraße 24,2025-07-09 14:00:00+02:00,9.436561425526937
fdf97c35-96ee-44ef-8d7f-f8c48f9b4eb8,Parkstraße 24,2025-07-09 15:00:00+02:00,27.39011303583781
fdf97c35-96ee-44ef-8d7f-f8c48f9b4eb8,Parkstraße 24,2025-07-09 16:00:00+02:00,24.55999501546224
fdf97c35-96ee-44ef-8d7f-f8c48f9b4eb8,Parkstraße 24,2025-07-09 17:00:00+02:00,26.365079561869305
fdf97c35-96ee-44ef-8d7f-f8c48f9b4eb8,Parkstraße 24,2025-07-09 18:00:00+02:00,21.310986518859863
fdf97c35-96ee-44ef-8d7f-f8c48f9b4eb8,Parkstraße 24,2025-07-09 19:00:00+02:00,11.801469167073563
fdf97c35-96ee-44ef-8d7f-f8c48f9b4eb8,Parkstraße 24,2025-07-09 20:00:00+02:00,7.666262706120809
fdf97c35-96ee-44ef-8d7f-f8c48f9b4eb8,Parkstraße 24,2025-07-09 21:00:00+02:00,3.097137173016866
fdf97c35-96ee-44ef-8d7f-f8c48f9b4eb8,Parkstraße 24,2025-07-09 22:00:00+02:00,12.173813978830973
fdf97c35-96ee-44ef-8d7f-f8c48f9b4eb8,Parkstraße 24,2025-07-09 23:00:00+02:00,0.9476670424143473
fdf97c35-96ee-44ef-8d7f-f8c48f9b4eb8,Parkstraße 24,2025-07-10 00:00:00+02:00,3.162639538447062
fdf97c35-96ee-44ef-8d7f-f8c48f9b4eb8,Parkstraße 24,2025-07-10 01:00:00+02:00,5.109392801920573
fdf97c35-96ee-44ef-8d7f-f8c48f9b4eb8,Parkstraße 24,2025-07-10 02:00:00+02:00,2.0264668464660645
fdf97c35-96ee-44ef-8d7f-f8c48f9b4eb8,Parkstraße 24,2025-07-10 03:00:00+02:00,2.6324764092763266
fdf97c35-96ee-44ef-8d7f-f8c48f9b4eb8,Parkstraße 24,2025-07-10 04:00:00+02:00,6.262538353602092
fdf97c35-96ee-44ef-8d7f-f8c48f9b4eb8,Parkstraße 24,2025-07-10 05:00:00+02:00,4.895245432853699
fdf97c35-96ee-44ef-8d7f-f8c48f9b4eb8,Parkstraße 24,2025-07-10 06:00:00+02:00,6.360118309656779
fdf97c35-96ee-44ef-8d7f-f8c48f9b4eb8,Parkstraße 24,2025-07-10 07:00:00+02:00,7.986979325612386
fdf97c35-96ee-44ef-8d7f-f8c48f9b4eb8,Parkstraße 24,2025-07-10 08:00:00+02:00,2.999445597330729
fdf97c35-96ee-44ef-8d7f-f8c48f9b4eb8,Parkstraße 24,2025-07-10 09:00:00+02:00,21.34558868408203
fdf97c35-96ee-44ef-8d7f-f8c48f9b4eb8,Parkstraße 24,2025-07-10 10:00:00+02:00,23.74463939666748
fdf97c35-96ee-44ef-8d7f-f8c48f9b4eb8,Parkstraße 24,2025-07-10 11:00:00+02:00,25.46381378173828
fdf97c35-96ee-44ef-8d7f-f8c48f9b4eb8,Parkstraße 24,2025-07-10 12:00:00+02:00,59.143189112345375
fdf97c35-96ee-44ef-8d7f-f8c48f9b4eb8,Parkstraße 24,2025-07-10 13:00:00+02:00,64.52204608917235
fdf97c35-96ee-44ef-8d7f-f8c48f9b4eb8,Parkstraße 24,2025-07-10 14:00:00+02:00,3.5671741167704263
fdf97c35-96ee-44ef-8d7f-f8c48f9b4eb8,Parkstraße 24,2025-07-10 15:00:00+02:00,45.13212521870931
fdf97c35-96ee-44ef-8d7f-f8c48f9b4eb8,Parkstraße 24,2025-07-10 16:00:00+02:00,45.64030838012695
fdf97c35-96ee-44ef-8d7f-f8c48f9b4eb8,Parkstraße 24,2025-07-10 17:00:00+02:00,41.83905792236328
fdf97c35-96ee-44ef-8d7f-f8c48f9b4eb8,Parkstraße 24,2025-07-10 18:00:00+02:00,28.296902179718018
fdf97c35-96ee-44ef-8d7f-f8c48f9b4eb8,Parkstraße 24,2025-07-10 19:00:00+02:00,12.706955353418985
fdf97c35-96ee-44ef-8d7f-f8c48f9b4eb8,Parkstraße 24,2025-07-10 20:00:00+02:00,8.896379311879477
fdf97c35-96ee-44ef-8d7f-f8c48f9b4eb8,Parkstraße 24,2025-07-10 21:00:00+02:00,5.469426393508911
fdf97c35-96ee-44ef-8d7f-f8c48f9b4eb8,Parkstraße 24,2025-07-10 22:00:00+02:00,20.41906674702962
fdf97c35-96ee-44ef-8d7f-f8c48f9b4eb8,Parkstraße 24,2025-07-10 23:00:00+02:00,2.183414936065674
fdf97c35-96ee-44ef-8d7f-f8c48f9b4eb8,Parkstraße 24,2025-07-11 00:00:00+02:00,6.983333428700765
fdf97c35-96ee-44ef-8d7f-f8c48f9b4eb8,Parkstraße 24,2025-07-11 01:00:00+02:00,4.972880760828654
fdf97c35-96ee-44ef-8d7f-f8c48f9b4eb8,Parkstraße 24,2025-07-11 02:00:00+02:00,3.3110709190368652
fdf97c35-96ee-44ef-8d7f-f8c48f9b4eb8,Parkstraße 24,2025-07-11 03:00:00+02:00,3.3528459072113037
fdf97c35-96ee-44ef-8d7f-f8c48f9b4eb8,Parkstraße 24,2025-07-11 04:00:00+02:00,3.5568881829579673
fdf97c35-96ee-44ef-8d7f-f8c48f9b4eb8,Parkstraße 24,2025-07-11 05:00:00+02:00,5.262861967086792
fdf97c35-96ee-44ef-8d7f-f8c48f9b4eb8,Parkstraße 24,2025-07-11 06:00:00+02:00,7.417412916819255
fdf97c35-96ee-44ef-8d7f-f8c48f9b4eb8,Parkstraße 24,2025-07-11 07:00:00+02:00,8.611199140548706
fdf97c35-96ee-44ef-8d7f-f8c48f9b4eb8,Parkstraße 24,2025-07-11 08:00:00+02:00,9.269334316253662
fdf97c35-96ee-44ef-8d7f-f8c48f9b4eb8,Parkstraße 24,2025-07-11 09:00:00+02:00,11.268792311350504
fdf97c35-96ee-44ef-8d7f-f8c48f9b4eb8,Parkstraße 24,2025-07-11 10:00:00+02:00,29.29444154103597
fdf97c35-96ee-44ef-8d7f-f8c48f9b4eb8,Parkstraße 24,2025-07-11 11:00:00+02:00,38.28909810384115
fdf97c35-96ee-44ef-8d7f-f8c48f9b4eb8,Parkstraße 24,2025-07-11 12:00:00+02:00,20.614150683085125
fdf97c35-96ee-44ef-8d7f-f8c48f9b4eb8,Parkstraße 24,2025-07-11 13:00:00+02:00,16.31325674057007
fdf97c35-96ee-44ef-8d7f-f8c48f9b4eb8,Parkstraße 24,2025-07-11 14:00:00+02:00,32.269680182139076
fdf97c35-96ee-44ef-8d7f-f8c48f9b4eb8,Parkstraße 24,2025-07-11 15:00:00+02:00,55.69138638178507
fdf97c35-96ee-44ef-8d7f-f8c48f9b4eb8,Parkstraße 24,2025-07-11 16:00:00+02:00,53.396981716156006
fdf97c35-96ee-44ef-8d7f-f8c48f9b4eb8,Parkstraße 24,2025-07-11 17:00:00+02:00,30.60292673110962
fdf97c35-96ee-44ef-8d7f-f8c48f9b4eb8,Parkstraße 24,2025-07-11 18:00:00+02:00,24.9280268351237
fdf97c35-96ee-44ef-8d7f-f8c48f9b4eb8,Parkstraße 24,2025-07-11 19:00:00+02:00,20.282909234364826
fdf97c35-96ee-44ef-8d7f-f8c48f9b4eb8,Parkstraße 24,2025-07-11 20:00:00+02:00,10.941204905509949
fdf97c35-96ee-44ef-8d7f-f8c48f9b4eb8,Parkstraße 24,2025-07-11 21:00:00+02:00,5.737330198287964
fdf97c35-96ee-44ef-8d7f-f8c48f9b4eb8,Parkstraße 24,2025-07-11 22:00:00+02:00,42.990015506744385
fdf97c35-96ee-44ef-8d7f-f8c48f9b4eb8,Parkstraße 24,2025-07-11 23:00:00+02:00,3.1542036930720037
fdf97c35-96ee-44ef-8d7f-f8c48f9b4eb8,Parkstraße 24,2025-07-12 00:00:00+02:00,25.497543334960938
fdf97c35-96ee-44ef-8d7f-f8c48f9b4eb8,Parkstraße 24,2025-07-12 01:00:00+02:00,3.4284472465515137
fdf97c35-96ee-44ef-8d7f-f8c48f9b4eb8,Parkstraße 24,2025-07-12 02:00:00+02:00,2.434650262196859
fdf97c35-96ee-44ef-8d7f-f8c48f9b4eb8,Parkstraße 24,2025-07-12 03:00:00+02:00,2.66780956586202
fdf97c35-96ee-44ef-8d7f-f8c48f9b4eb8,Parkstraße 24,2025-07-12 04:00:00+02:00,3.062316099802653
fdf97c35-96ee-44ef-8d7f-f8c48f9b4eb8,Parkstraße 24,2025-07-12 05:00:00+02:00,3.2923752466837564
fdf97c35-96ee-44ef-8d7f-f8c48f9b4eb8,Parkstraße 24,2025-07-12 06:00:00+02:00,4.546745300292969
fdf97c35-96ee-44ef-8d7f-f8c48f9b4eb8,Parkstraße 24,2025-07-12 07:00:00+02:00,5.148769497871399
fdf97c35-96ee-44ef-8d7f-f8c48f9b4eb8,Parkstraße 24,2025-07-12 08:00:00+02:00,4.409838517506917
fdf97c35-96ee-44ef-8d7f-f8c48f9b4eb8,Parkstraße 24,2025-07-12 09:00:00+02:00,6.798078616460164
fdf97c35-96ee-44ef-8d7f-f8c48f9b4eb8,Parkstraße 24,2025-07-12 10:00:00+02:00,65.2494428952535
fdf97c35-96ee-44ef-8d7f-f8c48f9b4eb8,Parkstraße 24,2025-07-12 11:00:00+02:00,30.019011815388996
fdf97c35-96ee-44ef-8d7f-f8c48f9b4eb8,Parkstraße 24,2025-07-12 12:00:00+02:00,38.32834498087565
fdf97c35-96ee-44ef-8d7f-f8c48f9b4eb8,Parkstraße 24,2025-07-12 13:00:00+02:00,6.881014188130696
fdf97c35-96ee-44ef-8d7f-f8c48f9b4eb8,Parkstraße 24,2025-07-12 14:00:00+02:00,6.703722635904948
fdf97c35-96ee-44ef-8d7f-f8c48f9b4eb8,Parkstraße 24,2025-07-12 15:00:00+02:00,65.35719553629558
fdf97c35-96ee-44ef-8d7f-f8c48f9b4eb8,Parkstraße 24,2025-07-12 16:00:00+02:00,56.94075791041056
fdf97c35-96ee-44ef-8d7f-f8c48f9b4eb8,Parkstraße 24,2025-07-12 17:00:00+02:00,37.67924849192301
fdf97c35-96ee-44ef-8d7f-f8c48f9b4eb8,Parkstraße 24,2025-07-12 18:00:00+02:00,27.44902269045512
fdf97c35-96ee-44ef-8d7f-f8c48f9b4eb8,Parkstraße 24,2025-07-12 19:00:00+02:00,14.24876610438029
fdf97c35-96ee-44ef-8d7f-f8c48f9b4eb8,Parkstraße 24,2025-07-12 20:00:00+02:00,5.905599196751912
fdf97c35-96ee-44ef-8d7f-f8c48f9b4eb8,Parkstraße 24,2025-07-12 21:00:00+02:00,4.356230735778809
fdf97c35-96ee-44ef-8d7f-f8c48f9b4eb8,Parkstraße 24,2025-07-12 22:00:00+02:00,3.5602993170420354
fdf97c35-96ee-44ef-8d7f-f8c48f9b4eb8,Parkstraße 24,2025-07-12 23:00:00+02:00,2.791009028752645
fdf97c35-96ee-44ef-8d7f-f8c48f9b4eb8,Parkstraße 24,2025-07-13 00:00:00+02:00,26.91923650105794
fdf97c35-96ee-44ef-8d7f-f8c48f9b4eb8,Parkstraße 24,2025-07-13 01:00:00+02:00,7.394787152608239
fdf97c35-96ee-44ef-8d7f-f8c48f9b4eb8,Parkstraße 24,2025-07-13 02:00:00+02:00,5.629745960235596
fdf97c35-96ee-44ef-8d7f-f8c48f9b4eb8,Parkstraße 24,2025-07-13 03:00:00+02:00,4.374702287756878
fdf97c35-96ee-44ef-8d7f-f8c48f9b4eb8,Parkstraße 24,2025-07-13 04:00:00+02:00,5.9712965705178
fdf97c35-96ee-44ef-8d7f-f8c48f9b4eb8,Parkstraße 24,2025-07-13 05:00:00+02:00,4.475135439918155
fdf97c35-96ee-44ef-8d7f-f8c48f9b4eb8,Parkstraße 24,2025-07-13 06:00:00+02:00,4.259228706359863
fdf97c35-96ee-44ef-8d7f-f8c48f9b4eb8,Parkstraße 24,2025-07-13 07:00:00+02:00,10.89541947214227
fdf97c35-96ee-44ef-8d7f-f8c48f9b4eb8,Parkstraße 24,2025-07-13 08:00:00+02:00,5.649243354797363
fdf97c35-96ee-44ef-8d7f-f8c48f9b4eb8,Parkstraße 24,2025-07-13 09:00:00+02:00,7.1024697247673485
fdf97c35-96ee-44ef-8d7f-f8c48f9b4eb8,Parkstraße 24,2025-07-13 10:00:00+02:00,23.675753593444824
fdf97c35-96ee-44ef-8d7f-f8c48f9b4eb8,Parkstraße 24,2025-07-13 11:00:00+02:00,11.376230875651041
fdf97c35-96ee-44ef-8d7f-f8c48f9b4eb8,Parkstraße 24,2025-07-13 12:00:00+02:00,19.35007095336914
fdf97c35-96ee-44ef-8d7f-f8c48f9b4eb8,Parkstraße 24,2025-07-13 13:00:00+02:00,5.839184100811298
fdf97c35-96ee-44ef-8d7f-f8c48f9b4eb8,Parkstraße 24,2025-07-13 14:00:00+02:00,53.75783030192057
fdf97c35-96ee-44ef-8d7f-f8c48f9b4eb8,Parkstraße 24,2025-07-13 15:00:00+02:00,52.039555289528586
fdf97c35-96ee-44ef-8d7f-f8c48f9b4eb8,Parkstraße 24,2025-07-13 16:00:00+02:00,35.19989433288574
fdf97c35-96ee-44ef-8d7f-f8c48f9b4eb8,Parkstraße 24,2025-07-13 17:00:00+02:00,19.998635609944657
fdf97c35-96ee-44ef-8d7f-f8c48f9b4eb8,Parkstraße 24,2025-07-13 18:00:00+02:00,10.229747772216797
fdf97c35-96ee-44ef-8d7f-f8c48f9b4eb8,Parkstraße 24,2025-07-13 19:00:00+02:00,3.7569242204938615
fdf97c35-96ee-44ef-8d7f-f8c48f9b4eb8,Parkstraße 24,2025-07-13 20:00:00+02:00,1.894444465637207
fdf97c35-96ee-44ef-8d7f-f8c48f9b4eb8,Parkstraße 24,2025-07-13 21:00:00+02:00,11.469213104248047
fdf97c35-96ee-44ef-8d7f-f8c48f9b4eb8,Parkstraße 24,2025-07-13 22:00:00+02:00,22.157519817352295
fdf97c35-96ee-44ef-8d7f-f8c48f9b4eb8,Parkstraße 24,2025-07-13 23:00:00+02:00,1.975140889485677
fdf97c35-96ee-44ef-8d7f-f8c48f9b4eb8,Parkstraße 24,2025-07-14 00:00:00+02:00,4.654951095581055
fdf97c35-96ee-44ef-8d7f-f8c48f9b4eb8,Parkstraße 24,2025-07-14 01:00:00+02:00,7.631805419921875
